age_group,expband,q_t,q_t1,same_code,enters_mgr,n,year
22-25,0-2,0,1,0,0,,2019
22-25,0-2,0,2,0,0,,2019
22-25,0-2,0,3,0,0,,2019
22-25,0-2,1,1,0,0,513.0,2019
22-25,0-2,1,1,1,0,5096.0,2019
22-25,0-2,1,2,0,0,1266.0,2019
22-25,0-2,1,2,0,1,8.0,2019
22-25,0-2,1,3,0,0,401.0,2019
22-25,0-2,1,3,0,1,11.0,2019
22-25,0-2,1,4,0,0,453.0,2019
22-25,0-2,1,4,0,1,,2019
22-25,0-2,2,1,0,0,799.0,2019
22-25,0-2,2,2,0,0,2281.0,2019
22-25,0-2,2,2,0,1,,2019
22-25,0-2,2,2,1,0,16997.0,2019
22-25,0-2,2,3,0,0,1340.0,2019
22-25,0-2,2,3,0,1,38.0,2019
22-25,0-2,2,4,0,0,1548.0,2019
22-25,0-2,2,4,0,1,8.0,2019
22-25,0-2,3,1,0,0,118.0,2019
22-25,0-2,3,2,0,0,615.0,2019
22-25,0-2,3,2,0,1,6.0,2019
22-25,0-2,3,3,0,0,730.0,2019
22-25,0-2,3,3,0,1,23.0,2019
22-25,0-2,3,3,1,0,7592.0,2019
22-25,0-2,3,4,0,0,1134.0,2019
22-25,0-2,3,4,0,1,12.0,2019
22-25,0-2,4,1,0,0,96.0,2019
22-25,0-2,4,2,0,0,505.0,2019
22-25,0-2,4,2,0,1,,2019
22-25,0-2,4,3,0,0,795.0,2019
22-25,0-2,4,3,0,1,37.0,2019
22-25,0-2,4,4,0,0,2189.0,2019
22-25,0-2,4,4,0,1,40.0,2019
22-25,0-2,4,4,1,0,12200.0,2019
22-25,11-20,1,1,0,0,,2019
22-25,11-20,1,1,1,0,12.0,2019
22-25,11-20,2,2,0,0,5.0,2019
22-25,11-20,2,2,1,0,10.0,2019
22-25,11-20,2,3,0,0,,2019
22-25,3-5,0,0,1,0,,2019
22-25,3-5,0,1,0,0,,2019
22-25,3-5,0,2,0,0,,2019
22-25,3-5,0,4,0,0,,2019
22-25,3-5,1,1,0,0,1707.0,2019
22-25,3-5,1,1,1,0,17557.0,2019
22-25,3-5,1,2,0,0,1680.0,2019
22-25,3-5,1,2,0,1,44.0,2019
22-25,3-5,1,3,0,0,283.0,2019
22-25,3-5,1,3,0,1,19.0,2019
22-25,3-5,1,4,0,0,256.0,2019
22-25,3-5,1,4,0,1,,2019
22-25,3-5,2,0,0,0,,2019
22-25,3-5,2,1,0,0,1389.0,2019
22-25,3-5,2,2,0,0,3027.0,2019
22-25,3-5,2,2,0,1,14.0,2019
22-25,3-5,2,2,1,0,29526.0,2019
22-25,3-5,2,3,0,0,727.0,2019
22-25,3-5,2,3,0,1,28.0,2019
22-25,3-5,2,4,0,0,674.0,2019
22-25,3-5,2,4,0,1,19.0,2019
22-25,3-5,3,1,0,0,229.0,2019
22-25,3-5,3,2,0,0,788.0,2019
22-25,3-5,3,2,0,1,,2019
22-25,3-5,3,3,0,0,350.0,2019
22-25,3-5,3,3,0,1,28.0,2019
22-25,3-5,3,3,1,0,4611.0,2019
22-25,3-5,3,4,0,0,484.0,2019
22-25,3-5,3,4,0,1,13.0,2019
22-25,3-5,4,1,0,0,116.0,2019
22-25,3-5,4,2,0,0,382.0,2019
22-25,3-5,4,2,0,1,,2019
22-25,3-5,4,3,0,0,435.0,2019
22-25,3-5,4,3,0,1,26.0,2019
22-25,3-5,4,4,0,0,590.0,2019
22-25,3-5,4,4,0,1,15.0,2019
22-25,3-5,4,4,1,0,4879.0,2019
22-25,6-10,0,1,0,0,,2019
22-25,6-10,1,1,0,0,718.0,2019
22-25,6-10,1,1,1,0,7212.0,2019
22-25,6-10,1,2,0,0,566.0,2019
22-25,6-10,1,2,0,1,10.0,2019
22-25,6-10,1,3,0,0,102.0,2019
22-25,6-10,1,3,0,1,,2019
22-25,6-10,1,4,0,0,93.0,2019
22-25,6-10,2,0,0,0,,2019
22-25,6-10,2,1,0,0,508.0,2019
22-25,6-10,2,2,0,0,1079.0,2019
22-25,6-10,2,2,0,1,16.0,2019
22-25,6-10,2,2,1,0,11280.0,2019
22-25,6-10,2,3,0,0,235.0,2019
22-25,6-10,2,3,0,1,10.0,2019
22-25,6-10,2,4,0,0,201.0,2019
22-25,6-10,2,4,0,1,,2019
22-25,6-10,3,1,0,0,72.0,2019
22-25,6-10,3,2,0,0,235.0,2019
22-25,6-10,3,2,0,1,,2019
22-25,6-10,3,3,0,0,124.0,2019
22-25,6-10,3,3,0,1,7.0,2019
22-25,6-10,3,3,1,0,1685.0,2019
22-25,6-10,3,4,0,0,149.0,2019
22-25,6-10,3,4,0,1,6.0,2019
22-25,6-10,4,1,0,0,46.0,2019
22-25,6-10,4,2,0,0,119.0,2019
22-25,6-10,4,3,0,0,128.0,2019
22-25,6-10,4,3,0,1,10.0,2019
22-25,6-10,4,4,0,0,203.0,2019
22-25,6-10,4,4,0,1,6.0,2019
22-25,6-10,4,4,1,0,1703.0,2019
22-25,na,0,1,0,0,,2019
22-25,na,1,1,0,0,378.0,2019
22-25,na,1,1,1,0,3178.0,2019
22-25,na,1,2,0,0,432.0,2019
22-25,na,1,2,0,1,5.0,2019
22-25,na,1,3,0,0,43.0,2019
22-25,na,1,3,0,1,,2019
22-25,na,1,4,0,0,19.0,2019
22-25,na,2,1,0,0,336.0,2019
22-25,na,2,2,0,0,784.0,2019
22-25,na,2,2,0,1,,2019
22-25,na,2,2,1,0,5261.0,2019
22-25,na,2,3,0,0,74.0,2019
22-25,na,2,3,0,1,,2019
22-25,na,2,4,0,0,30.0,2019
22-25,na,2,4,0,1,,2019
22-25,na,3,1,0,0,30.0,2019
22-25,na,3,2,0,0,93.0,2019
22-25,na,3,3,0,0,35.0,2019
22-25,na,3,3,0,1,,2019
22-25,na,3,3,1,0,341.0,2019
22-25,na,3,4,0,0,38.0,2019
22-25,na,4,1,0,0,11.0,2019
22-25,na,4,2,0,0,44.0,2019
22-25,na,4,2,0,1,,2019
22-25,na,4,3,0,0,42.0,2019
22-25,na,4,3,0,1,,2019
22-25,na,4,4,0,0,92.0,2019
22-25,na,4,4,0,1,,2019
22-25,na,4,4,1,0,711.0,2019
26-30,0-2,0,3,0,0,,2019
26-30,0-2,0,4,0,0,,2019
26-30,0-2,1,1,0,0,254.0,2019
26-30,0-2,1,1,0,1,,2019
26-30,0-2,1,1,1,0,3566.0,2019
26-30,0-2,1,2,0,0,755.0,2019
26-30,0-2,1,2,0,1,7.0,2019
26-30,0-2,1,3,0,0,304.0,2019
26-30,0-2,1,3,0,1,7.0,2019
26-30,0-2,1,4,0,0,338.0,2019
26-30,0-2,1,4,0,1,,2019
26-30,0-2,2,1,0,0,385.0,2019
26-30,0-2,2,1,0,1,,2019
26-30,0-2,2,2,0,0,1668.0,2019
26-30,0-2,2,2,0,1,10.0,2019
26-30,0-2,2,2,1,0,16267.0,2019
26-30,0-2,2,3,0,0,1256.0,2019
26-30,0-2,2,3,0,1,112.0,2019
26-30,0-2,2,4,0,0,1240.0,2019
26-30,0-2,2,4,0,1,18.0,2019
26-30,0-2,3,1,0,0,86.0,2019
26-30,0-2,3,1,0,1,,2019
26-30,0-2,3,2,0,0,609.0,2019
26-30,0-2,3,2,0,1,5.0,2019
26-30,0-2,3,3,0,0,1904.0,2019
26-30,0-2,3,3,0,1,53.0,2019
26-30,0-2,3,3,1,0,14251.0,2019
26-30,0-2,3,4,0,0,1526.0,2019
26-30,0-2,3,4,0,1,28.0,2019
26-30,0-2,4,1,0,0,80.0,2019
26-30,0-2,4,1,0,1,,2019
26-30,0-2,4,2,0,0,496.0,2019
26-30,0-2,4,2,0,1,6.0,2019
26-30,0-2,4,3,0,0,1197.0,2019
26-30,0-2,4,3,0,1,97.0,2019
26-30,0-2,4,4,0,0,3495.0,2019
26-30,0-2,4,4,0,1,88.0,2019
26-30,0-2,4,4,1,0,25018.0,2019
26-30,11-20,0,0,1,0,,2019
26-30,11-20,0,1,0,0,,2019
26-30,11-20,0,2,0,0,,2019
26-30,11-20,1,1,0,0,629.0,2019
26-30,11-20,1,1,1,0,7821.0,2019
26-30,11-20,1,2,0,0,466.0,2019
26-30,11-20,1,2,0,1,9.0,2019
26-30,11-20,1,3,0,0,115.0,2019
26-30,11-20,1,3,0,1,12.0,2019
26-30,11-20,1,4,0,0,58.0,2019
26-30,11-20,1,4,0,1,,2019
26-30,11-20,2,1,0,0,411.0,2019
26-30,11-20,2,2,0,0,822.0,2019
26-30,11-20,2,2,0,1,13.0,2019
26-30,11-20,2,2,1,0,10830.0,2019
26-30,11-20,2,3,0,0,236.0,2019
26-30,11-20,2,3,0,1,34.0,2019
26-30,11-20,2,4,0,0,174.0,2019
26-30,11-20,2,4,0,1,11.0,2019
26-30,11-20,3,1,0,0,67.0,2019
26-30,11-20,3,2,0,0,183.0,2019
26-30,11-20,3,2,0,1,5.0,2019
26-30,11-20,3,3,0,0,114.0,2019
26-30,11-20,3,3,0,1,19.0,2019
26-30,11-20,3,3,1,0,2097.0,2019
26-30,11-20,3,4,0,0,152.0,2019
26-30,11-20,3,4,0,1,13.0,2019
26-30,11-20,4,1,0,0,35.0,2019
26-30,11-20,4,2,0,0,93.0,2019
26-30,11-20,4,2,0,1,,2019
26-30,11-20,4,3,0,0,134.0,2019
26-30,11-20,4,3,0,1,27.0,2019
26-30,11-20,4,4,0,0,236.0,2019
26-30,11-20,4,4,0,1,15.0,2019
26-30,11-20,4,4,1,0,2172.0,2019
26-30,3-5,0,0,1,0,,2019
26-30,3-5,1,1,0,0,240.0,2019
26-30,3-5,1,1,1,0,3504.0,2019
26-30,3-5,1,2,0,0,296.0,2019
26-30,3-5,1,2,0,1,,2019
26-30,3-5,1,3,0,0,91.0,2019
26-30,3-5,1,3,0,1,,2019
26-30,3-5,1,4,0,0,92.0,2019
26-30,3-5,1,4,0,1,,2019
26-30,3-5,2,1,0,0,246.0,2019
26-30,3-5,2,1,0,1,,2019
26-30,3-5,2,2,0,0,1147.0,2019
26-30,3-5,2,2,0,1,17.0,2019
26-30,3-5,2,2,1,0,13205.0,2019
26-30,3-5,2,3,0,0,431.0,2019
26-30,3-5,2,3,0,1,100.0,2019
26-30,3-5,2,4,0,0,422.0,2019
26-30,3-5,2,4,0,1,10.0,2019
26-30,3-5,3,1,0,0,70.0,2019
26-30,3-5,3,2,0,0,427.0,2019
26-30,3-5,3,2,0,1,7.0,2019
26-30,3-5,3,3,0,0,781.0,2019
26-30,3-5,3,3,0,1,85.0,2019
26-30,3-5,3,3,1,0,14465.0,2019
26-30,3-5,3,4,0,0,1047.0,2019
26-30,3-5,3,4,0,1,45.0,2019
26-30,3-5,4,1,0,0,39.0,2019
26-30,3-5,4,2,0,0,265.0,2019
26-30,3-5,4,2,0,1,17.0,2019
26-30,3-5,4,3,0,0,826.0,2019
26-30,3-5,4,3,0,1,115.0,2019
26-30,3-5,4,4,0,0,2882.0,2019
26-30,3-5,4,4,0,1,178.0,2019
26-30,3-5,4,4,1,0,24262.0,2019
26-30,6-10,0,0,1,0,9.0,2019
26-30,6-10,0,2,0,0,,2019
26-30,6-10,0,3,0,0,,2019
26-30,6-10,0,4,0,0,,2019
26-30,6-10,1,1,0,0,2309.0,2019
26-30,6-10,1,1,1,0,30101.0,2019
26-30,6-10,1,2,0,0,1881.0,2019
26-30,6-10,1,2,0,1,55.0,2019
26-30,6-10,1,3,0,0,433.0,2019
26-30,6-10,1,3,0,1,38.0,2019
26-30,6-10,1,4,0,0,352.0,2019
26-30,6-10,1,4,0,1,15.0,2019
26-30,6-10,2,1,0,0,1714.0,2019
26-30,6-10,2,1,0,1,,2019
26-30,6-10,2,2,0,0,3520.0,2019
26-30,6-10,2,2,0,1,48.0,2019
26-30,6-10,2,2,1,0,46610.0,2019
26-30,6-10,2,3,0,0,956.0,2019
26-30,6-10,2,3,0,1,175.0,2019
26-30,6-10,2,4,0,0,893.0,2019
26-30,6-10,2,4,0,1,55.0,2019
26-30,6-10,3,1,0,0,299.0,2019
26-30,6-10,3,2,0,0,920.0,2019
26-30,6-10,3,2,0,1,16.0,2019
26-30,6-10,3,3,0,0,773.0,2019
26-30,6-10,3,3,0,1,105.0,2019
26-30,6-10,3,3,1,0,11929.0,2019
26-30,6-10,3,4,0,0,851.0,2019
26-30,6-10,3,4,0,1,40.0,2019
26-30,6-10,4,1,0,0,171.0,2019
26-30,6-10,4,2,0,0,462.0,2019
26-30,6-10,4,2,0,1,12.0,2019
26-30,6-10,4,3,0,0,838.0,2019
26-30,6-10,4,3,0,1,121.0,2019
26-30,6-10,4,4,0,0,1620.0,2019
26-30,6-10,4,4,0,1,80.0,2019
26-30,6-10,4,4,1,0,14557.0,2019
26-30,na,0,1,0,0,,2019
26-30,na,0,2,0,0,,2019
26-30,na,1,1,0,0,685.0,2019
26-30,na,1,1,1,0,7452.0,2019
26-30,na,1,2,0,0,648.0,2019
26-30,na,1,2,0,1,14.0,2019
26-30,na,1,3,0,0,85.0,2019
26-30,na,1,3,0,1,,2019
26-30,na,1,4,0,0,43.0,2019
26-30,na,1,4,0,1,,2019
26-30,na,2,1,0,0,585.0,2019
26-30,na,2,2,0,0,1092.0,2019
26-30,na,2,2,0,1,6.0,2019
26-30,na,2,2,1,0,11082.0,2019
26-30,na,2,3,0,0,152.0,2019
26-30,na,2,3,0,1,18.0,2019
26-30,na,2,4,0,0,108.0,2019
26-30,na,2,4,0,1,,2019
26-30,na,3,1,0,0,45.0,2019
26-30,na,3,2,0,0,183.0,2019
26-30,na,3,2,0,1,,2019
26-30,na,3,3,0,0,186.0,2019
26-30,na,3,3,0,1,8.0,2019
26-30,na,3,3,1,0,1693.0,2019
26-30,na,3,4,0,0,135.0,2019
26-30,na,3,4,0,1,,2019
26-30,na,4,1,0,0,33.0,2019
26-30,na,4,2,0,0,104.0,2019
26-30,na,4,2,0,1,,2019
26-30,na,4,3,0,0,159.0,2019
26-30,na,4,3,0,1,7.0,2019
26-30,na,4,4,0,0,513.0,2019
26-30,na,4,4,0,1,21.0,2019
26-30,na,4,4,1,0,3894.0,2019
31-34,0-2,0,0,1,0,,2019
31-34,0-2,1,1,0,0,111.0,2019
31-34,0-2,1,1,1,0,1612.0,2019
31-34,0-2,1,2,0,0,268.0,2019
31-34,0-2,1,2,0,1,,2019
31-34,0-2,1,3,0,0,95.0,2019
31-34,0-2,1,3,0,1,6.0,2019
31-34,0-2,1,4,0,0,78.0,2019
31-34,0-2,1,4,0,1,,2019
31-34,0-2,2,1,0,0,138.0,2019
31-34,0-2,2,2,0,0,636.0,2019
31-34,0-2,2,2,0,1,,2019
31-34,0-2,2,2,1,0,6732.0,2019
31-34,0-2,2,3,0,0,406.0,2019
31-34,0-2,2,3,0,1,72.0,2019
31-34,0-2,2,4,0,0,308.0,2019
31-34,0-2,2,4,0,1,6.0,2019
31-34,0-2,3,1,0,0,31.0,2019
31-34,0-2,3,2,0,0,225.0,2019
31-34,0-2,3,3,0,0,518.0,2019
31-34,0-2,3,3,0,1,25.0,2019
31-34,0-2,3,3,1,0,5102.0,2019
31-34,0-2,3,4,0,0,431.0,2019
31-34,0-2,3,4,0,1,14.0,2019
31-34,0-2,4,1,0,0,22.0,2019
31-34,0-2,4,2,0,0,144.0,2019
31-34,0-2,4,2,0,1,,2019
31-34,0-2,4,3,0,0,374.0,2019
31-34,0-2,4,3,0,1,34.0,2019
31-34,0-2,4,4,0,0,1027.0,2019
31-34,0-2,4,4,0,1,24.0,2019
31-34,0-2,4,4,1,0,7825.0,2019
31-34,11-20,0,0,1,0,6.0,2019
31-34,11-20,0,1,0,0,,2019
31-34,11-20,0,2,0,0,,2019
31-34,11-20,0,3,0,0,,2019
31-34,11-20,1,0,0,0,,2019
31-34,11-20,1,1,0,0,1665.0,2019
31-34,11-20,1,1,0,1,,2019
31-34,11-20,1,1,1,0,25236.0,2019
31-34,11-20,1,2,0,0,1260.0,2019
31-34,11-20,1,2,0,1,45.0,2019
31-34,11-20,1,3,0,0,308.0,2019
31-34,11-20,1,3,0,1,42.0,2019
31-34,11-20,1,4,0,0,235.0,2019
31-34,11-20,1,4,0,1,16.0,2019
31-34,11-20,2,1,0,0,1148.0,2019
31-34,11-20,2,1,0,1,,2019
31-34,11-20,2,2,0,0,2337.0,2019
31-34,11-20,2,2,0,1,52.0,2019
31-34,11-20,2,2,1,0,36174.0,2019
31-34,11-20,2,3,0,0,726.0,2019
31-34,11-20,2,3,0,1,162.0,2019
31-34,11-20,2,4,0,0,585.0,2019
31-34,11-20,2,4,0,1,50.0,2019
31-34,11-20,3,1,0,0,197.0,2019
31-34,11-20,3,2,0,0,594.0,2019
31-34,11-20,3,2,0,1,17.0,2019
31-34,11-20,3,3,0,0,552.0,2019
31-34,11-20,3,3,0,1,75.0,2019
31-34,11-20,3,3,1,0,9505.0,2019
31-34,11-20,3,4,0,0,573.0,2019
31-34,11-20,3,4,0,1,53.0,2019
31-34,11-20,4,0,0,1,,2019
31-34,11-20,4,1,0,0,93.0,2019
31-34,11-20,4,2,0,0,293.0,2019
31-34,11-20,4,2,0,1,12.0,2019
31-34,11-20,4,3,0,0,551.0,2019
31-34,11-20,4,3,0,1,102.0,2019
31-34,11-20,4,4,0,0,1183.0,2019
31-34,11-20,4,4,0,1,105.0,2019
31-34,11-20,4,4,1,0,10448.0,2019
31-34,21+,1,1,0,0,,2019
31-34,21+,1,1,1,0,27.0,2019
31-34,21+,1,2,0,0,,2019
31-34,21+,1,3,0,0,,2019
31-34,21+,2,2,0,0,,2019
31-34,21+,2,2,1,0,31.0,2019
31-34,21+,3,1,0,0,,2019
31-34,21+,3,3,1,0,,2019
31-34,21+,4,4,1,0,,2019
31-34,3-5,1,1,0,0,111.0,2019
31-34,3-5,1,1,1,0,1725.0,2019
31-34,3-5,1,2,0,0,127.0,2019
31-34,3-5,1,2,0,1,,2019
31-34,3-5,1,3,0,0,43.0,2019
31-34,3-5,1,3,0,1,,2019
31-34,3-5,1,4,0,0,40.0,2019
31-34,3-5,1,4,0,1,5.0,2019
31-34,3-5,2,1,0,0,108.0,2019
31-34,3-5,2,1,0,1,,2019
31-34,3-5,2,2,0,0,619.0,2019
31-34,3-5,2,2,0,1,,2019
31-34,3-5,2,2,1,0,7121.0,2019
31-34,3-5,2,3,0,0,209.0,2019
31-34,3-5,2,3,0,1,54.0,2019
31-34,3-5,2,4,0,0,198.0,2019
31-34,3-5,2,4,0,1,9.0,2019
31-34,3-5,3,1,0,0,22.0,2019
31-34,3-5,3,2,0,0,220.0,2019
31-34,3-5,3,2,0,1,7.0,2019
31-34,3-5,3,3,0,0,559.0,2019
31-34,3-5,3,3,0,1,71.0,2019
31-34,3-5,3,3,1,0,9192.0,2019
31-34,3-5,3,4,0,0,603.0,2019
31-34,3-5,3,4,0,1,31.0,2019
31-34,3-5,4,1,0,0,20.0,2019
31-34,3-5,4,2,0,0,147.0,2019
31-34,3-5,4,2,0,1,8.0,2019
31-34,3-5,4,3,0,0,520.0,2019
31-34,3-5,4,3,0,1,100.0,2019
31-34,3-5,4,4,0,0,1545.0,2019
31-34,3-5,4,4,0,1,106.0,2019
31-34,3-5,4,4,1,0,14796.0,2019
31-34,6-10,0,0,1,0,,2019
31-34,6-10,0,2,0,0,,2019
31-34,6-10,1,1,0,0,197.0,2019
31-34,6-10,1,1,0,1,,2019
31-34,6-10,1,1,1,0,3683.0,2019
31-34,6-10,1,2,0,0,267.0,2019
31-34,6-10,1,2,0,1,5.0,2019
31-34,6-10,1,3,0,0,80.0,2019
31-34,6-10,1,3,0,1,13.0,2019
31-34,6-10,1,4,0,0,63.0,2019
31-34,6-10,1,4,0,1,6.0,2019
31-34,6-10,2,0,0,0,,2019
31-34,6-10,2,1,0,0,212.0,2019
31-34,6-10,2,2,0,0,1022.0,2019
31-34,6-10,2,2,0,1,20.0,2019
31-34,6-10,2,2,1,0,12867.0,2019
31-34,6-10,2,3,0,0,382.0,2019
31-34,6-10,2,3,0,1,137.0,2019
31-34,6-10,2,4,0,0,391.0,2019
31-34,6-10,2,4,0,1,18.0,2019
31-34,6-10,3,1,0,0,61.0,2019
31-34,6-10,3,2,0,0,402.0,2019
31-34,6-10,3,2,0,1,9.0,2019
31-34,6-10,3,3,0,0,1011.0,2019
31-34,6-10,3,3,0,1,159.0,2019
31-34,6-10,3,3,1,0,17246.0,2019
31-34,6-10,3,4,0,0,1047.0,2019
31-34,6-10,3,4,0,1,67.0,2019
31-34,6-10,4,1,0,0,42.0,2019
31-34,6-10,4,1,0,1,,2019
31-34,6-10,4,2,0,0,246.0,2019
31-34,6-10,4,2,0,1,23.0,2019
31-34,6-10,4,3,0,0,875.0,2019
31-34,6-10,4,3,0,1,253.0,2019
31-34,6-10,4,4,0,0,2810.0,2019
31-34,6-10,4,4,0,1,255.0,2019
31-34,6-10,4,4,1,0,26864.0,2019
31-34,na,0,0,1,0,,2019
31-34,na,1,1,0,0,640.0,2019
31-34,na,1,1,1,0,8105.0,2019
31-34,na,1,2,0,0,486.0,2019
31-34,na,1,2,0,1,11.0,2019
31-34,na,1,3,0,0,77.0,2019
31-34,na,1,3,0,1,,2019
31-34,na,1,4,0,0,41.0,2019
31-34,na,1,4,0,1,,2019
31-34,na,2,1,0,0,488.0,2019
31-34,na,2,1,0,1,,2019
31-34,na,2,2,0,0,895.0,2019
31-34,na,2,2,0,1,10.0,2019
31-34,na,2,2,1,0,11571.0,2019
31-34,na,2,3,0,0,163.0,2019
31-34,na,2,3,0,1,13.0,2019
31-34,na,2,4,0,0,102.0,2019
31-34,na,2,4,0,1,8.0,2019
31-34,na,3,1,0,0,57.0,2019
31-34,na,3,2,0,0,160.0,2019
31-34,na,3,3,0,0,259.0,2019
31-34,na,3,3,0,1,12.0,2019
31-34,na,3,3,1,0,2428.0,2019
31-34,na,3,4,0,0,143.0,2019
31-34,na,3,4,0,1,5.0,2019
31-34,na,4,1,0,0,21.0,2019
31-34,na,4,1,0,1,,2019
31-34,na,4,2,0,0,92.0,2019
31-34,na,4,2,0,1,,2019
31-34,na,4,3,0,0,193.0,2019
31-34,na,4,3,0,1,19.0,2019
31-34,na,4,4,0,0,613.0,2019
31-34,na,4,4,0,1,42.0,2019
31-34,na,4,4,1,0,3631.0,2019
35-40,0-2,0,4,0,0,,2019
35-40,0-2,1,1,0,0,89.0,2019
35-40,0-2,1,1,1,0,1378.0,2019
35-40,0-2,1,2,0,0,214.0,2019
35-40,0-2,1,2,0,1,,2019
35-40,0-2,1,3,0,0,49.0,2019
35-40,0-2,1,3,0,1,,2019
35-40,0-2,1,4,0,0,43.0,2019
35-40,0-2,1,4,0,1,,2019
35-40,0-2,2,1,0,0,110.0,2019
35-40,0-2,2,2,0,0,536.0,2019
35-40,0-2,2,2,0,1,,2019
35-40,0-2,2,2,1,0,5850.0,2019
35-40,0-2,2,3,0,0,353.0,2019
35-40,0-2,2,3,0,1,50.0,2019
35-40,0-2,2,4,0,0,216.0,2019
35-40,0-2,2,4,0,1,,2019
35-40,0-2,3,1,0,0,16.0,2019
35-40,0-2,3,2,0,0,159.0,2019
35-40,0-2,3,2,0,1,,2019
35-40,0-2,3,3,0,0,342.0,2019
35-40,0-2,3,3,0,1,37.0,2019
35-40,0-2,3,3,1,0,4542.0,2019
35-40,0-2,3,4,0,0,357.0,2019
35-40,0-2,3,4,0,1,,2019
35-40,0-2,4,0,0,0,,2019
35-40,0-2,4,1,0,0,19.0,2019
35-40,0-2,4,2,0,0,117.0,2019
35-40,0-2,4,3,0,0,253.0,2019
35-40,0-2,4,3,0,1,42.0,2019
35-40,0-2,4,4,0,0,678.0,2019
35-40,0-2,4,4,0,1,29.0,2019
35-40,0-2,4,4,1,0,5886.0,2019
35-40,11-20,0,0,1,0,18.0,2019
35-40,11-20,0,1,0,0,,2019
35-40,11-20,0,2,0,0,,2019
35-40,11-20,1,1,0,0,1668.0,2019
35-40,11-20,1,1,0,1,,2019
35-40,11-20,1,1,1,0,31214.0,2019
35-40,11-20,1,2,0,0,1336.0,2019
35-40,11-20,1,2,0,1,36.0,2019
35-40,11-20,1,3,0,0,382.0,2019
35-40,11-20,1,3,0,1,72.0,2019
35-40,11-20,1,4,0,0,281.0,2019
35-40,11-20,1,4,0,1,19.0,2019
35-40,11-20,2,1,0,0,1287.0,2019
35-40,11-20,2,1,0,1,,2019
35-40,11-20,2,2,0,0,3059.0,2019
35-40,11-20,2,2,0,1,90.0,2019
35-40,11-20,2,2,1,0,52492.0,2019
35-40,11-20,2,3,0,0,1072.0,2019
35-40,11-20,2,3,0,1,311.0,2019
35-40,11-20,2,4,0,0,905.0,2019
35-40,11-20,2,4,0,1,93.0,2019
35-40,11-20,3,1,0,0,285.0,2019
35-40,11-20,3,2,0,0,1190.0,2019
35-40,11-20,3,2,0,1,43.0,2019
35-40,11-20,3,3,0,0,1780.0,2019
35-40,11-20,3,3,0,1,293.0,2019
35-40,11-20,3,3,1,0,33271.0,2019
35-40,11-20,3,4,0,0,2102.0,2019
35-40,11-20,3,4,0,1,194.0,2019
35-40,11-20,4,0,0,0,,2019
35-40,11-20,4,0,0,1,,2019
35-40,11-20,4,1,0,0,182.0,2019
35-40,11-20,4,1,0,1,,2019
35-40,11-20,4,2,0,0,584.0,2019
35-40,11-20,4,2,0,1,51.0,2019
35-40,11-20,4,3,0,0,1787.0,2019
35-40,11-20,4,3,0,1,613.0,2019
35-40,11-20,4,4,0,0,4677.0,2019
35-40,11-20,4,4,0,1,618.0,2019
35-40,11-20,4,4,1,0,51499.0,2019
35-40,21+,0,1,0,0,,2019
35-40,21+,1,1,0,0,426.0,2019
35-40,21+,1,1,1,0,7301.0,2019
35-40,21+,1,2,0,0,264.0,2019
35-40,21+,1,2,0,1,6.0,2019
35-40,21+,1,3,0,0,72.0,2019
35-40,21+,1,3,0,1,21.0,2019
35-40,21+,1,4,0,0,50.0,2019
35-40,21+,1,4,0,1,7.0,2019
35-40,21+,2,1,0,0,241.0,2019
35-40,21+,2,2,0,0,496.0,2019
35-40,21+,2,2,0,1,18.0,2019
35-40,21+,2,2,1,0,8871.0,2019
35-40,21+,2,3,0,0,160.0,2019
35-40,21+,2,3,0,1,46.0,2019
35-40,21+,2,4,0,0,116.0,2019
35-40,21+,2,4,0,1,13.0,2019
35-40,21+,3,1,0,0,62.0,2019
35-40,21+,3,2,0,0,164.0,2019
35-40,21+,3,2,0,1,8.0,2019
35-40,21+,3,3,0,0,138.0,2019
35-40,21+,3,3,0,1,21.0,2019
35-40,21+,3,3,1,0,2826.0,2019
35-40,21+,3,4,0,0,142.0,2019
35-40,21+,3,4,0,1,22.0,2019
35-40,21+,4,1,0,0,23.0,2019
35-40,21+,4,2,0,0,54.0,2019
35-40,21+,4,2,0,1,,2019
35-40,21+,4,3,0,0,130.0,2019
35-40,21+,4,3,0,1,29.0,2019
35-40,21+,4,4,0,0,314.0,2019
35-40,21+,4,4,0,1,45.0,2019
35-40,21+,4,4,1,0,3252.0,2019
35-40,3-5,0,0,1,0,,2019
35-40,3-5,1,1,0,0,92.0,2019
35-40,3-5,1,1,1,0,1501.0,2019
35-40,3-5,1,2,0,0,83.0,2019
35-40,3-5,1,3,0,0,38.0,2019
35-40,3-5,1,3,0,1,,2019
35-40,3-5,1,4,0,0,26.0,2019
35-40,3-5,1,4,0,1,,2019
35-40,3-5,2,1,0,0,74.0,2019
35-40,3-5,2,1,0,1,,2019
35-40,3-5,2,2,0,0,478.0,2019
35-40,3-5,2,2,0,1,,2019
35-40,3-5,2,2,1,0,5863.0,2019
35-40,3-5,2,3,0,0,134.0,2019
35-40,3-5,2,3,0,1,56.0,2019
35-40,3-5,2,4,0,0,146.0,2019
35-40,3-5,2,4,0,1,7.0,2019
35-40,3-5,3,0,0,0,,2019
35-40,3-5,3,1,0,0,21.0,2019
35-40,3-5,3,2,0,0,163.0,2019
35-40,3-5,3,2,0,1,5.0,2019
35-40,3-5,3,3,0,0,382.0,2019
35-40,3-5,3,3,0,1,55.0,2019
35-40,3-5,3,3,1,0,6484.0,2019
35-40,3-5,3,4,0,0,393.0,2019
35-40,3-5,3,4,0,1,16.0,2019
35-40,3-5,4,1,0,0,21.0,2019
35-40,3-5,4,2,0,0,104.0,2019
35-40,3-5,4,2,0,1,6.0,2019
35-40,3-5,4,3,0,0,346.0,2019
35-40,3-5,4,3,0,1,92.0,2019
35-40,3-5,4,4,0,0,947.0,2019
35-40,3-5,4,4,0,1,81.0,2019
35-40,3-5,4,4,1,0,9851.0,2019
35-40,6-10,0,0,1,0,5.0,2019
35-40,6-10,0,2,0,0,,2019
35-40,6-10,0,3,0,1,,2019
35-40,6-10,1,1,0,0,161.0,2019
35-40,6-10,1,1,1,0,3052.0,2019
35-40,6-10,1,2,0,0,187.0,2019
35-40,6-10,1,2,0,1,5.0,2019
35-40,6-10,1,3,0,0,85.0,2019
35-40,6-10,1,3,0,1,12.0,2019
35-40,6-10,1,4,0,0,61.0,2019
35-40,6-10,1,4,0,1,6.0,2019
35-40,6-10,2,1,0,0,174.0,2019
35-40,6-10,2,1,0,1,,2019
35-40,6-10,2,2,0,0,862.0,2019
35-40,6-10,2,2,0,1,9.0,2019
35-40,6-10,2,2,1,0,11607.0,2019
35-40,6-10,2,3,0,0,348.0,2019
35-40,6-10,2,3,0,1,146.0,2019
35-40,6-10,2,4,0,0,350.0,2019
35-40,6-10,2,4,0,1,32.0,2019
35-40,6-10,3,1,0,0,56.0,2019
35-40,6-10,3,1,0,1,,2019
35-40,6-10,3,2,0,0,361.0,2019
35-40,6-10,3,2,0,1,15.0,2019
35-40,6-10,3,3,0,0,1234.0,2019
35-40,6-10,3,3,0,1,163.0,2019
35-40,6-10,3,3,1,0,18268.0,2019
35-40,6-10,3,4,0,0,1064.0,2019
35-40,6-10,3,4,0,1,48.0,2019
35-40,6-10,4,1,0,0,38.0,2019
35-40,6-10,4,2,0,0,250.0,2019
35-40,6-10,4,2,0,1,19.0,2019
35-40,6-10,4,3,0,0,932.0,2019
35-40,6-10,4,3,0,1,255.0,2019
35-40,6-10,4,4,0,0,2550.0,2019
35-40,6-10,4,4,0,1,291.0,2019
35-40,6-10,4,4,1,0,28627.0,2019
35-40,na,1,1,0,0,790.0,2019
35-40,na,1,1,1,0,13431.0,2019
35-40,na,1,2,0,0,662.0,2019
35-40,na,1,2,0,1,5.0,2019
35-40,na,1,3,0,0,110.0,2019
35-40,na,1,3,0,1,9.0,2019
35-40,na,1,4,0,0,48.0,2019
35-40,na,1,4,0,1,,2019
35-40,na,2,1,0,0,660.0,2019
35-40,na,2,1,0,1,,2019
35-40,na,2,2,0,0,1134.0,2019
35-40,na,2,2,0,1,8.0,2019
35-40,na,2,2,1,0,18273.0,2019
35-40,na,2,3,0,0,211.0,2019
35-40,na,2,3,0,1,29.0,2019
35-40,na,2,4,0,0,150.0,2019
35-40,na,2,4,0,1,13.0,2019
35-40,na,3,1,0,0,93.0,2019
35-40,na,3,2,0,0,255.0,2019
35-40,na,3,2,0,1,,2019
35-40,na,3,3,0,0,364.0,2019
35-40,na,3,3,0,1,37.0,2019
35-40,na,3,3,1,0,5781.0,2019
35-40,na,3,4,0,0,186.0,2019
35-40,na,3,4,0,1,9.0,2019
35-40,na,4,1,0,0,32.0,2019
35-40,na,4,2,0,0,122.0,2019
35-40,na,4,2,0,1,,2019
35-40,na,4,3,0,0,187.0,2019
35-40,na,4,3,0,1,32.0,2019
35-40,na,4,4,0,0,654.0,2019
35-40,na,4,4,0,1,63.0,2019
35-40,na,4,4,1,0,4631.0,2019
41-49,0-2,1,1,0,0,64.0,2019
41-49,0-2,1,1,1,0,1342.0,2019
41-49,0-2,1,2,0,0,170.0,2019
41-49,0-2,1,3,0,0,34.0,2019
41-49,0-2,1,3,0,1,5.0,2019
41-49,0-2,1,4,0,0,33.0,2019
41-49,0-2,1,4,0,1,,2019
41-49,0-2,2,1,0,0,106.0,2019
41-49,0-2,2,2,0,0,489.0,2019
41-49,0-2,2,2,0,1,,2019
41-49,0-2,2,2,1,0,5063.0,2019
41-49,0-2,2,3,0,0,274.0,2019
41-49,0-2,2,3,0,1,54.0,2019
41-49,0-2,2,4,0,0,141.0,2019
41-49,0-2,2,4,0,1,,2019
41-49,0-2,3,1,0,0,19.0,2019
41-49,0-2,3,2,0,0,153.0,2019
41-49,0-2,3,3,0,0,275.0,2019
41-49,0-2,3,3,0,1,42.0,2019
41-49,0-2,3,3,1,0,4786.0,2019
41-49,0-2,3,4,0,0,267.0,2019
41-49,0-2,3,4,0,1,8.0,2019
41-49,0-2,4,1,0,0,10.0,2019
41-49,0-2,4,2,0,0,77.0,2019
41-49,0-2,4,2,0,1,5.0,2019
41-49,0-2,4,3,0,0,242.0,2019
41-49,0-2,4,3,0,1,56.0,2019
41-49,0-2,4,4,0,0,395.0,2019
41-49,0-2,4,4,0,1,21.0,2019
41-49,0-2,4,4,1,0,4994.0,2019
41-49,11-20,0,0,1,0,20.0,2019
41-49,11-20,0,3,0,0,,2019
41-49,11-20,0,4,0,0,,2019
41-49,11-20,1,1,0,0,311.0,2019
41-49,11-20,1,1,1,0,7725.0,2019
41-49,11-20,1,2,0,0,331.0,2019
41-49,11-20,1,2,0,1,5.0,2019
41-49,11-20,1,3,0,0,109.0,2019
41-49,11-20,1,3,0,1,21.0,2019
41-49,11-20,1,4,0,0,103.0,2019
41-49,11-20,1,4,0,1,6.0,2019
41-49,11-20,2,1,0,0,287.0,2019
41-49,11-20,2,1,0,1,,2019
41-49,11-20,2,2,0,0,1484.0,2019
41-49,11-20,2,2,0,1,27.0,2019
41-49,11-20,2,2,1,0,26415.0,2019
41-49,11-20,2,3,0,0,612.0,2019
41-49,11-20,2,3,0,1,220.0,2019
41-49,11-20,2,4,0,0,622.0,2019
41-49,11-20,2,4,0,1,45.0,2019
41-49,11-20,3,0,0,0,,2019
41-49,11-20,3,1,0,0,122.0,2019
41-49,11-20,3,1,0,1,,2019
41-49,11-20,3,2,0,0,782.0,2019
41-49,11-20,3,2,0,1,34.0,2019
41-49,11-20,3,3,0,0,2051.0,2019
41-49,11-20,3,3,0,1,361.0,2019
41-49,11-20,3,3,1,0,42545.0,2019
41-49,11-20,3,4,0,0,2480.0,2019
41-49,11-20,3,4,0,1,177.0,2019
41-49,11-20,4,1,0,0,84.0,2019
41-49,11-20,4,1,0,1,,2019
41-49,11-20,4,2,0,0,567.0,2019
41-49,11-20,4,2,0,1,59.0,2019
41-49,11-20,4,3,0,0,2013.0,2019
41-49,11-20,4,3,0,1,886.0,2019
41-49,11-20,4,4,0,0,6232.0,2019
41-49,11-20,4,4,0,1,1019.0,2019
41-49,11-20,4,4,1,0,76979.0,2019
41-49,21+,0,0,1,0,21.0,2019
41-49,21+,0,1,0,0,,2019
41-49,21+,0,2,0,0,,2019
41-49,21+,0,3,0,0,,2019
41-49,21+,0,3,0,1,,2019
41-49,21+,0,4,0,0,,2019
41-49,21+,1,0,0,0,,2019
41-49,21+,1,1,0,0,2663.0,2019
41-49,21+,1,1,0,1,,2019
41-49,21+,1,1,1,0,56254.0,2019
41-49,21+,1,2,0,0,1827.0,2019
41-49,21+,1,2,0,1,46.0,2019
41-49,21+,1,3,0,0,515.0,2019
41-49,21+,1,3,0,1,97.0,2019
41-49,21+,1,4,0,0,361.0,2019
41-49,21+,1,4,0,1,29.0,2019
41-49,21+,2,1,0,0,1846.0,2019
41-49,21+,2,1,0,1,6.0,2019
41-49,21+,2,2,0,0,3860.0,2019
41-49,21+,2,2,0,1,146.0,2019
41-49,21+,2,2,1,0,78541.0,2019
41-49,21+,2,3,0,0,1306.0,2019
41-49,21+,2,3,0,1,361.0,2019
41-49,21+,2,4,0,0,926.0,2019
41-49,21+,2,4,0,1,98.0,2019
41-49,21+,3,1,0,0,439.0,2019
41-49,21+,3,1,0,1,,2019
41-49,21+,3,2,0,0,1491.0,2019
41-49,21+,3,2,0,1,71.0,2019
41-49,21+,3,3,0,0,2028.0,2019
41-49,21+,3,3,0,1,367.0,2019
41-49,21+,3,3,1,0,46210.0,2019
41-49,21+,3,4,0,0,2355.0,2019
41-49,21+,3,4,0,1,270.0,2019
41-49,21+,4,1,0,0,264.0,2019
41-49,21+,4,2,0,0,688.0,2019
41-49,21+,4,2,0,1,63.0,2019
41-49,21+,4,3,0,0,1985.0,2019
41-49,21+,4,3,0,1,619.0,2019
41-49,21+,4,4,0,0,5274.0,2019
41-49,21+,4,4,0,1,637.0,2019
41-49,21+,4,4,1,0,63521.0,2019
41-49,3-5,1,1,0,0,73.0,2019
41-49,3-5,1,1,1,0,1446.0,2019
41-49,3-5,1,2,0,0,60.0,2019
41-49,3-5,1,2,0,1,,2019
41-49,3-5,1,3,0,0,28.0,2019
41-49,3-5,1,4,0,0,14.0,2019
41-49,3-5,1,4,0,1,,2019
41-49,3-5,2,1,0,0,65.0,2019
41-49,3-5,2,2,0,0,398.0,2019
41-49,3-5,2,2,0,1,,2019
41-49,3-5,2,2,1,0,5320.0,2019
41-49,3-5,2,3,0,0,96.0,2019
41-49,3-5,2,3,0,1,39.0,2019
41-49,3-5,2,4,0,0,76.0,2019
41-49,3-5,2,4,0,1,6.0,2019
41-49,3-5,3,0,0,0,,2019
41-49,3-5,3,1,0,0,15.0,2019
41-49,3-5,3,2,0,0,148.0,2019
41-49,3-5,3,3,0,0,314.0,2019
41-49,3-5,3,3,0,1,68.0,2019
41-49,3-5,3,3,1,0,6108.0,2019
41-49,3-5,3,4,0,0,293.0,2019
41-49,3-5,3,4,0,1,9.0,2019
41-49,3-5,4,1,0,0,17.0,2019
41-49,3-5,4,2,0,0,66.0,2019
41-49,3-5,4,2,0,1,,2019
41-49,3-5,4,3,0,0,230.0,2019
41-49,3-5,4,3,0,1,56.0,2019
41-49,3-5,4,4,0,0,486.0,2019
41-49,3-5,4,4,0,1,47.0,2019
41-49,3-5,4,4,1,0,7009.0,2019
41-49,6-10,0,0,1,0,,2019
41-49,6-10,1,1,0,0,110.0,2019
41-49,6-10,1,1,0,1,,2019
41-49,6-10,1,1,1,0,2505.0,2019
41-49,6-10,1,2,0,0,125.0,2019
41-49,6-10,1,2,0,1,,2019
41-49,6-10,1,3,0,0,30.0,2019
41-49,6-10,1,3,0,1,7.0,2019
41-49,6-10,1,4,0,0,34.0,2019
41-49,6-10,1,4,0,1,,2019
41-49,6-10,2,1,0,0,113.0,2019
41-49,6-10,2,1,0,1,,2019
41-49,6-10,2,2,0,0,700.0,2019
41-49,6-10,2,2,0,1,10.0,2019
41-49,6-10,2,2,1,0,9654.0,2019
41-49,6-10,2,3,0,0,181.0,2019
41-49,6-10,2,3,0,1,90.0,2019
41-49,6-10,2,4,0,0,193.0,2019
41-49,6-10,2,4,0,1,8.0,2019
41-49,6-10,3,0,0,0,,2019
41-49,6-10,3,1,0,0,39.0,2019
41-49,6-10,3,1,0,1,,2019
41-49,6-10,3,2,0,0,248.0,2019
41-49,6-10,3,2,0,1,5.0,2019
41-49,6-10,3,3,0,0,667.0,2019
41-49,6-10,3,3,0,1,126.0,2019
41-49,6-10,3,3,1,0,12112.0,2019
41-49,6-10,3,4,0,0,596.0,2019
41-49,6-10,3,4,0,1,31.0,2019
41-49,6-10,4,1,0,0,31.0,2019
41-49,6-10,4,2,0,0,136.0,2019
41-49,6-10,4,2,0,1,5.0,2019
41-49,6-10,4,3,0,0,523.0,2019
41-49,6-10,4,3,0,1,126.0,2019
41-49,6-10,4,4,0,0,1134.0,2019
41-49,6-10,4,4,0,1,123.0,2019
41-49,6-10,4,4,1,0,15689.0,2019
41-49,na,0,0,1,0,,2019
41-49,na,1,0,0,0,,2019
41-49,na,1,1,0,0,1285.0,2019
41-49,na,1,1,1,0,29500.0,2019
41-49,na,1,2,0,0,1015.0,2019
41-49,na,1,2,0,1,7.0,2019
41-49,na,1,3,0,0,165.0,2019
41-49,na,1,3,0,1,20.0,2019
41-49,na,1,4,0,0,92.0,2019
41-49,na,1,4,0,1,,2019
41-49,na,2,1,0,0,1030.0,2019
41-49,na,2,2,0,0,1961.0,2019
41-49,na,2,2,0,1,20.0,2019
41-49,na,2,2,1,0,38461.0,2019
41-49,na,2,3,0,0,376.0,2019
41-49,na,2,3,0,1,55.0,2019
41-49,na,2,4,0,0,221.0,2019
41-49,na,2,4,0,1,21.0,2019
41-49,na,3,1,0,0,163.0,2019
41-49,na,3,1,0,1,,2019
41-49,na,3,2,0,0,432.0,2019
41-49,na,3,2,0,1,6.0,2019
41-49,na,3,3,0,0,541.0,2019
41-49,na,3,3,0,1,107.0,2019
41-49,na,3,3,1,0,12382.0,2019
41-49,na,3,4,0,0,368.0,2019
41-49,na,3,4,0,1,26.0,2019
41-49,na,4,1,0,0,89.0,2019
41-49,na,4,2,0,0,199.0,2019
41-49,na,4,2,0,1,7.0,2019
41-49,na,4,3,0,0,364.0,2019
41-49,na,4,3,0,1,82.0,2019
41-49,na,4,4,0,0,900.0,2019
41-49,na,4,4,0,1,86.0,2019
41-49,na,4,4,1,0,9735.0,2019
50+,0-2,1,1,0,0,24.0,2019
50+,0-2,1,1,1,0,684.0,2019
50+,0-2,1,2,0,0,53.0,2019
50+,0-2,1,3,0,0,19.0,2019
50+,0-2,1,3,0,1,,2019
50+,0-2,1,4,0,0,,2019
50+,0-2,2,1,0,0,41.0,2019
50+,0-2,2,2,0,0,185.0,2019
50+,0-2,2,2,1,0,2534.0,2019
50+,0-2,2,3,0,0,86.0,2019
50+,0-2,2,3,0,1,16.0,2019
50+,0-2,2,4,0,0,51.0,2019
50+,0-2,2,4,0,1,,2019
50+,0-2,3,1,0,0,12.0,2019
50+,0-2,3,2,0,0,70.0,2019
50+,0-2,3,3,0,0,102.0,2019
50+,0-2,3,3,0,1,20.0,2019
50+,0-2,3,3,1,0,2515.0,2019
50+,0-2,3,4,0,0,123.0,2019
50+,0-2,3,4,0,1,,2019
50+,0-2,4,1,0,0,5.0,2019
50+,0-2,4,2,0,0,29.0,2019
50+,0-2,4,3,0,0,103.0,2019
50+,0-2,4,3,0,1,17.0,2019
50+,0-2,4,4,0,0,129.0,2019
50+,0-2,4,4,0,1,13.0,2019
50+,0-2,4,4,1,0,2556.0,2019
50+,11-20,0,0,1,0,11.0,2019
50+,11-20,0,3,0,1,,2019
50+,11-20,1,1,0,0,204.0,2019
50+,11-20,1,1,1,0,6090.0,2019
50+,11-20,1,2,0,0,201.0,2019
50+,11-20,1,2,0,1,,2019
50+,11-20,1,3,0,0,60.0,2019
50+,11-20,1,3,0,1,5.0,2019
50+,11-20,1,4,0,0,44.0,2019
50+,11-20,1,4,0,1,,2019
50+,11-20,2,1,0,0,205.0,2019
50+,11-20,2,1,0,1,,2019
50+,11-20,2,2,0,0,1172.0,2019
50+,11-20,2,2,0,1,12.0,2019
50+,11-20,2,2,1,0,22611.0,2019
50+,11-20,2,3,0,0,310.0,2019
50+,11-20,2,3,0,1,131.0,2019
50+,11-20,2,4,0,0,263.0,2019
50+,11-20,2,4,0,1,10.0,2019
50+,11-20,3,0,0,0,,2019
50+,11-20,3,1,0,0,70.0,2019
50+,11-20,3,2,0,0,506.0,2019
50+,11-20,3,2,0,1,,2019
50+,11-20,3,3,0,0,1023.0,2019
50+,11-20,3,3,0,1,138.0,2019
50+,11-20,3,3,1,0,25855.0,2019
50+,11-20,3,4,0,0,988.0,2019
50+,11-20,3,4,0,1,36.0,2019
50+,11-20,4,1,0,0,66.0,2019
50+,11-20,4,2,0,0,260.0,2019
50+,11-20,4,2,0,1,13.0,2019
50+,11-20,4,3,0,0,835.0,2019
50+,11-20,4,3,0,1,204.0,2019
50+,11-20,4,4,0,0,1771.0,2019
50+,11-20,4,4,0,1,254.0,2019
50+,11-20,4,4,1,0,33558.0,2019
50+,21+,0,0,1,0,76.0,2019
50+,21+,0,1,0,0,,2019
50+,21+,0,2,0,0,5.0,2019
50+,21+,0,3,0,0,,2019
50+,21+,0,3,0,1,,2019
50+,21+,0,4,0,0,,2019
50+,21+,1,1,0,0,3902.0,2019
50+,21+,1,1,0,1,11.0,2019
50+,21+,1,1,1,0,114775.0,2019
50+,21+,1,2,0,0,2559.0,2019
50+,21+,1,2,0,1,23.0,2019
50+,21+,1,3,0,0,606.0,2019
50+,21+,1,3,0,1,123.0,2019
50+,21+,1,4,0,0,441.0,2019
50+,21+,1,4,0,1,36.0,2019
50+,21+,2,0,0,0,,2019
50+,21+,2,1,0,0,2807.0,2019
50+,21+,2,1,0,1,7.0,2019
50+,21+,2,2,0,0,5889.0,2019
50+,21+,2,2,0,1,134.0,2019
50+,21+,2,2,1,0,164696.0,2019
50+,21+,2,3,0,0,1912.0,2019
50+,21+,2,3,0,1,433.0,2019
50+,21+,2,4,0,0,1323.0,2019
50+,21+,2,4,0,1,93.0,2019
50+,21+,3,0,0,0,,2019
50+,21+,3,1,0,0,808.0,2019
50+,21+,3,1,0,1,,2019
50+,21+,3,2,0,0,2855.0,2019
50+,21+,3,2,0,1,67.0,2019
50+,21+,3,3,0,0,4414.0,2019
50+,21+,3,3,0,1,513.0,2019
50+,21+,3,3,1,0,119218.0,2019
50+,21+,3,4,0,0,4513.0,2019
50+,21+,3,4,0,1,299.0,2019
50+,21+,4,1,0,0,515.0,2019
50+,21+,4,1,0,1,,2019
50+,21+,4,2,0,0,1454.0,2019
50+,21+,4,2,0,1,77.0,2019
50+,21+,4,3,0,0,3840.0,2019
50+,21+,4,3,0,1,923.0,2019
50+,21+,4,4,0,0,10047.0,2019
50+,21+,4,4,0,1,1043.0,2019
50+,21+,4,4,1,0,163357.0,2019
50+,3-5,0,0,1,0,,2019
50+,3-5,0,3,0,1,,2019
50+,3-5,1,1,0,0,33.0,2019
50+,3-5,1,1,1,0,982.0,2019
50+,3-5,1,2,0,0,36.0,2019
50+,3-5,1,3,0,0,12.0,2019
50+,3-5,1,4,0,0,10.0,2019
50+,3-5,1,4,0,1,,2019
50+,3-5,2,1,0,0,49.0,2019
50+,3-5,2,2,0,0,205.0,2019
50+,3-5,2,2,0,1,,2019
50+,3-5,2,2,1,0,3387.0,2019
50+,3-5,2,3,0,0,65.0,2019
50+,3-5,2,3,0,1,18.0,2019
50+,3-5,2,4,0,0,39.0,2019
50+,3-5,2,4,0,1,,2019
50+,3-5,3,1,0,0,13.0,2019
50+,3-5,3,2,0,0,72.0,2019
50+,3-5,3,2,0,1,,2019
50+,3-5,3,3,0,0,152.0,2019
50+,3-5,3,3,0,1,30.0,2019
50+,3-5,3,3,1,0,3964.0,2019
50+,3-5,3,4,0,0,153.0,2019
50+,3-5,3,4,0,1,,2019
50+,3-5,4,1,0,0,7.0,2019
50+,3-5,4,1,0,1,,2019
50+,3-5,4,2,0,0,36.0,2019
50+,3-5,4,3,0,0,125.0,2019
50+,3-5,4,3,0,1,28.0,2019
50+,3-5,4,4,0,0,195.0,2019
50+,3-5,4,4,0,1,24.0,2019
50+,3-5,4,4,1,0,3917.0,2019
50+,6-10,0,0,1,0,,2019
50+,6-10,1,1,0,0,64.0,2019
50+,6-10,1,1,1,0,2078.0,2019
50+,6-10,1,2,0,0,72.0,2019
50+,6-10,1,2,0,1,,2019
50+,6-10,1,3,0,0,18.0,2019
50+,6-10,1,3,0,1,,2019
50+,6-10,1,4,0,0,25.0,2019
50+,6-10,2,0,0,0,,2019
50+,6-10,2,1,0,0,90.0,2019
50+,6-10,2,2,0,0,512.0,2019
50+,6-10,2,2,0,1,,2019
50+,6-10,2,2,1,0,7757.0,2019
50+,6-10,2,3,0,0,117.0,2019
50+,6-10,2,3,0,1,50.0,2019
50+,6-10,2,4,0,0,104.0,2019
50+,6-10,2,4,0,1,7.0,2019
50+,6-10,3,1,0,0,26.0,2019
50+,6-10,3,2,0,0,172.0,2019
50+,6-10,3,2,0,1,,2019
50+,6-10,3,3,0,0,293.0,2019
50+,6-10,3,3,0,1,48.0,2019
50+,6-10,3,3,1,0,8577.0,2019
50+,6-10,3,4,0,0,281.0,2019
50+,6-10,3,4,0,1,6.0,2019
50+,6-10,4,1,0,0,19.0,2019
50+,6-10,4,2,0,0,90.0,2019
50+,6-10,4,2,0,1,,2019
50+,6-10,4,3,0,0,263.0,2019
50+,6-10,4,3,0,1,44.0,2019
50+,6-10,4,4,0,0,445.0,2019
50+,6-10,4,4,0,1,55.0,2019
50+,6-10,4,4,1,0,8629.0,2019
50+,na,0,0,1,0,12.0,2019
50+,na,0,1,0,0,,2019
50+,na,0,2,0,0,,2019
50+,na,1,1,0,0,2459.0,2019
50+,na,1,1,0,1,,2019
50+,na,1,1,1,0,78398.0,2019
50+,na,1,2,0,0,1521.0,2019
50+,na,1,2,0,1,13.0,2019
50+,na,1,3,0,0,271.0,2019
50+,na,1,3,0,1,35.0,2019
50+,na,1,4,0,0,207.0,2019
50+,na,1,4,0,1,13.0,2019
50+,na,2,1,0,0,1732.0,2019
50+,na,2,1,0,1,,2019
50+,na,2,2,0,0,3192.0,2019
50+,na,2,2,0,1,23.0,2019
50+,na,2,2,1,0,90828.0,2019
50+,na,2,3,0,0,664.0,2019
50+,na,2,3,0,1,105.0,2019
50+,na,2,4,0,0,379.0,2019
50+,na,2,4,0,1,24.0,2019
50+,na,3,1,0,0,303.0,2019
50+,na,3,2,0,0,797.0,2019
50+,na,3,2,0,1,11.0,2019
50+,na,3,3,0,0,888.0,2019
50+,na,3,3,0,1,114.0,2019
50+,na,3,3,1,0,27757.0,2019
50+,na,3,4,0,0,759.0,2019
50+,na,3,4,0,1,29.0,2019
50+,na,4,1,0,0,212.0,2019
50+,na,4,2,0,0,405.0,2019
50+,na,4,2,0,1,11.0,2019
50+,na,4,3,0,0,732.0,2019
50+,na,4,3,0,1,114.0,2019
50+,na,4,4,0,0,1581.0,2019
50+,na,4,4,0,1,142.0,2019
50+,na,4,4,1,0,27982.0,2019
22-25,0-2,0,0,1,0,,2020
22-25,0-2,0,1,0,0,,2020
22-25,0-2,1,1,0,0,548.0,2020
22-25,0-2,1,1,1,0,4401.0,2020
22-25,0-2,1,2,0,0,1267.0,2020
22-25,0-2,1,2,0,1,11.0,2020
22-25,0-2,1,3,0,0,365.0,2020
22-25,0-2,1,3,0,1,11.0,2020
22-25,0-2,1,4,0,0,496.0,2020
22-25,0-2,1,4,0,1,,2020
22-25,0-2,2,1,0,0,862.0,2020
22-25,0-2,2,2,0,0,2109.0,2020
22-25,0-2,2,2,0,1,10.0,2020
22-25,0-2,2,2,1,0,16082.0,2020
22-25,0-2,2,3,0,0,1461.0,2020
22-25,0-2,2,3,0,1,52.0,2020
22-25,0-2,2,4,0,0,1878.0,2020
22-25,0-2,2,4,0,1,,2020
22-25,0-2,3,1,0,0,113.0,2020
22-25,0-2,3,2,0,0,483.0,2020
22-25,0-2,3,2,0,1,6.0,2020
22-25,0-2,3,3,0,0,742.0,2020
22-25,0-2,3,3,0,1,29.0,2020
22-25,0-2,3,3,1,0,6481.0,2020
22-25,0-2,3,4,0,0,1176.0,2020
22-25,0-2,3,4,0,1,5.0,2020
22-25,0-2,4,1,0,0,110.0,2020
22-25,0-2,4,2,0,0,407.0,2020
22-25,0-2,4,2,0,1,,2020
22-25,0-2,4,3,0,0,677.0,2020
22-25,0-2,4,3,0,1,41.0,2020
22-25,0-2,4,4,0,0,2300.0,2020
22-25,0-2,4,4,0,1,40.0,2020
22-25,0-2,4,4,1,0,10027.0,2020
22-25,11-20,1,1,0,0,,2020
22-25,11-20,1,1,1,0,8.0,2020
22-25,11-20,1,2,0,0,,2020
22-25,11-20,2,1,0,0,,2020
22-25,11-20,2,2,0,0,,2020
22-25,11-20,2,2,1,0,7.0,2020
22-25,3-5,0,0,1,0,,2020
22-25,3-5,0,1,0,0,,2020
22-25,3-5,0,2,0,0,,2020
22-25,3-5,1,0,0,0,,2020
22-25,3-5,1,1,0,0,2179.0,2020
22-25,3-5,1,1,1,0,15392.0,2020
22-25,3-5,1,2,0,0,1513.0,2020
22-25,3-5,1,2,0,1,35.0,2020
22-25,3-5,1,3,0,0,280.0,2020
22-25,3-5,1,3,0,1,8.0,2020
22-25,3-5,1,4,0,0,284.0,2020
22-25,3-5,1,4,0,1,,2020
22-25,3-5,2,1,0,0,1475.0,2020
22-25,3-5,2,2,0,0,2793.0,2020
22-25,3-5,2,2,0,1,17.0,2020
22-25,3-5,2,2,1,0,27435.0,2020
22-25,3-5,2,3,0,0,743.0,2020
22-25,3-5,2,3,0,1,38.0,2020
22-25,3-5,2,4,0,0,613.0,2020
22-25,3-5,2,4,0,1,14.0,2020
22-25,3-5,3,1,0,0,214.0,2020
22-25,3-5,3,2,0,0,621.0,2020
22-25,3-5,3,2,0,1,5.0,2020
22-25,3-5,3,3,0,0,337.0,2020
22-25,3-5,3,3,0,1,11.0,2020
22-25,3-5,3,3,1,0,4267.0,2020
22-25,3-5,3,4,0,0,423.0,2020
22-25,3-5,3,4,0,1,9.0,2020
22-25,3-5,4,1,0,0,118.0,2020
22-25,3-5,4,2,0,0,338.0,2020
22-25,3-5,4,2,0,1,,2020
22-25,3-5,4,3,0,0,378.0,2020
22-25,3-5,4,3,0,1,19.0,2020
22-25,3-5,4,4,0,0,565.0,2020
22-25,3-5,4,4,0,1,7.0,2020
22-25,3-5,4,4,1,0,4508.0,2020
22-25,6-10,0,2,0,0,,2020
22-25,6-10,1,1,0,0,791.0,2020
22-25,6-10,1,1,1,0,6384.0,2020
22-25,6-10,1,2,0,0,562.0,2020
22-25,6-10,1,2,0,1,20.0,2020
22-25,6-10,1,3,0,0,101.0,2020
22-25,6-10,1,3,0,1,6.0,2020
22-25,6-10,1,4,0,0,87.0,2020
22-25,6-10,1,4,0,1,,2020
22-25,6-10,2,1,0,0,522.0,2020
22-25,6-10,2,2,0,0,891.0,2020
22-25,6-10,2,2,0,1,11.0,2020
22-25,6-10,2,2,1,0,10375.0,2020
22-25,6-10,2,3,0,0,232.0,2020
22-25,6-10,2,3,0,1,17.0,2020
22-25,6-10,2,4,0,0,226.0,2020
22-25,6-10,2,4,0,1,5.0,2020
22-25,6-10,3,1,0,0,69.0,2020
22-25,6-10,3,2,0,0,178.0,2020
22-25,6-10,3,2,0,1,,2020
22-25,6-10,3,3,0,0,122.0,2020
22-25,6-10,3,3,0,1,,2020
22-25,6-10,3,3,1,0,1567.0,2020
22-25,6-10,3,4,0,0,149.0,2020
22-25,6-10,3,4,0,1,,2020
22-25,6-10,4,1,0,0,34.0,2020
22-25,6-10,4,2,0,0,112.0,2020
22-25,6-10,4,2,0,1,,2020
22-25,6-10,4,3,0,0,126.0,2020
22-25,6-10,4,3,0,1,9.0,2020
22-25,6-10,4,4,0,0,169.0,2020
22-25,6-10,4,4,0,1,6.0,2020
22-25,6-10,4,4,1,0,1553.0,2020
22-25,na,1,1,0,0,456.0,2020
22-25,na,1,1,1,0,3009.0,2020
22-25,na,1,2,0,0,421.0,2020
22-25,na,1,2,0,1,10.0,2020
22-25,na,1,3,0,0,27.0,2020
22-25,na,1,3,0,1,,2020
22-25,na,1,4,0,0,24.0,2020
22-25,na,1,4,0,1,,2020
22-25,na,2,1,0,0,389.0,2020
22-25,na,2,2,0,0,970.0,2020
22-25,na,2,2,0,1,,2020
22-25,na,2,2,1,0,5726.0,2020
22-25,na,2,3,0,0,76.0,2020
22-25,na,2,3,0,1,,2020
22-25,na,2,4,0,0,45.0,2020
22-25,na,3,1,0,0,34.0,2020
22-25,na,3,2,0,0,73.0,2020
22-25,na,3,3,0,0,23.0,2020
22-25,na,3,3,1,0,329.0,2020
22-25,na,3,4,0,0,60.0,2020
22-25,na,3,4,0,1,,2020
22-25,na,4,1,0,0,14.0,2020
22-25,na,4,2,0,0,47.0,2020
22-25,na,4,3,0,0,18.0,2020
22-25,na,4,4,0,0,81.0,2020
22-25,na,4,4,0,1,,2020
22-25,na,4,4,1,0,526.0,2020
26-30,0-2,1,1,0,0,313.0,2020
26-30,0-2,1,1,1,0,3415.0,2020
26-30,0-2,1,2,0,0,753.0,2020
26-30,0-2,1,2,0,1,12.0,2020
26-30,0-2,1,3,0,0,314.0,2020
26-30,0-2,1,3,0,1,9.0,2020
26-30,0-2,1,4,0,0,408.0,2020
26-30,0-2,1,4,0,1,,2020
26-30,0-2,2,1,0,0,425.0,2020
26-30,0-2,2,1,0,1,,2020
26-30,0-2,2,2,0,0,1787.0,2020
26-30,0-2,2,2,0,1,15.0,2020
26-30,0-2,2,2,1,0,16164.0,2020
26-30,0-2,2,3,0,0,1418.0,2020
26-30,0-2,2,3,0,1,116.0,2020
26-30,0-2,2,4,0,0,1626.0,2020
26-30,0-2,2,4,0,1,23.0,2020
26-30,0-2,3,1,0,0,94.0,2020
26-30,0-2,3,1,0,1,,2020
26-30,0-2,3,2,0,0,521.0,2020
26-30,0-2,3,2,0,1,12.0,2020
26-30,0-2,3,3,0,0,2231.0,2020
26-30,0-2,3,3,0,1,57.0,2020
26-30,0-2,3,3,1,0,13740.0,2020
26-30,0-2,3,4,0,0,1853.0,2020
26-30,0-2,3,4,0,1,34.0,2020
26-30,0-2,4,0,0,0,,2020
26-30,0-2,4,1,0,0,85.0,2020
26-30,0-2,4,2,0,0,438.0,2020
26-30,0-2,4,2,0,1,11.0,2020
26-30,0-2,4,3,0,0,1176.0,2020
26-30,0-2,4,3,0,1,119.0,2020
26-30,0-2,4,4,0,0,4005.0,2020
26-30,0-2,4,4,0,1,107.0,2020
26-30,0-2,4,4,1,0,23526.0,2020
26-30,11-20,0,0,1,0,,2020
26-30,11-20,0,1,0,0,,2020
26-30,11-20,1,1,0,0,753.0,2020
26-30,11-20,1,1,1,0,7538.0,2020
26-30,11-20,1,2,0,0,460.0,2020
26-30,11-20,1,2,0,1,16.0,2020
26-30,11-20,1,3,0,0,120.0,2020
26-30,11-20,1,3,0,1,24.0,2020
26-30,11-20,1,4,0,0,88.0,2020
26-30,11-20,1,4,0,1,7.0,2020
26-30,11-20,2,1,0,0,423.0,2020
26-30,11-20,2,2,0,0,822.0,2020
26-30,11-20,2,2,0,1,13.0,2020
26-30,11-20,2,2,1,0,10928.0,2020
26-30,11-20,2,3,0,0,223.0,2020
26-30,11-20,2,3,0,1,48.0,2020
26-30,11-20,2,4,0,0,210.0,2020
26-30,11-20,2,4,0,1,16.0,2020
26-30,11-20,3,1,0,0,78.0,2020
26-30,11-20,3,2,0,0,183.0,2020
26-30,11-20,3,2,0,1,10.0,2020
26-30,11-20,3,3,0,0,134.0,2020
26-30,11-20,3,3,0,1,15.0,2020
26-30,11-20,3,3,1,0,2172.0,2020
26-30,11-20,3,4,0,0,148.0,2020
26-30,11-20,3,4,0,1,15.0,2020
26-30,11-20,4,1,0,0,42.0,2020
26-30,11-20,4,2,0,0,85.0,2020
26-30,11-20,4,2,0,1,5.0,2020
26-30,11-20,4,3,0,0,145.0,2020
26-30,11-20,4,3,0,1,32.0,2020
26-30,11-20,4,4,0,0,277.0,2020
26-30,11-20,4,4,0,1,16.0,2020
26-30,11-20,4,4,1,0,2206.0,2020
26-30,3-5,1,1,0,0,306.0,2020
26-30,3-5,1,1,1,0,3263.0,2020
26-30,3-5,1,2,0,0,298.0,2020
26-30,3-5,1,2,0,1,8.0,2020
26-30,3-5,1,3,0,0,113.0,2020
26-30,3-5,1,3,0,1,5.0,2020
26-30,3-5,1,4,0,0,88.0,2020
26-30,3-5,1,4,0,1,,2020
26-30,3-5,2,1,0,0,273.0,2020
26-30,3-5,2,1,0,1,,2020
26-30,3-5,2,2,0,0,1123.0,2020
26-30,3-5,2,2,0,1,20.0,2020
26-30,3-5,2,2,1,0,12993.0,2020
26-30,3-5,2,3,0,0,424.0,2020
26-30,3-5,2,3,0,1,107.0,2020
26-30,3-5,2,4,0,0,584.0,2020
26-30,3-5,2,4,0,1,11.0,2020
26-30,3-5,3,1,0,0,78.0,2020
26-30,3-5,3,2,0,0,344.0,2020
26-30,3-5,3,2,0,1,15.0,2020
26-30,3-5,3,3,0,0,925.0,2020
26-30,3-5,3,3,0,1,90.0,2020
26-30,3-5,3,3,1,0,13815.0,2020
26-30,3-5,3,4,0,0,1116.0,2020
26-30,3-5,3,4,0,1,51.0,2020
26-30,3-5,4,1,0,0,52.0,2020
26-30,3-5,4,1,0,1,,2020
26-30,3-5,4,2,0,0,287.0,2020
26-30,3-5,4,2,0,1,20.0,2020
26-30,3-5,4,3,0,0,821.0,2020
26-30,3-5,4,3,0,1,155.0,2020
26-30,3-5,4,4,0,0,3345.0,2020
26-30,3-5,4,4,0,1,171.0,2020
26-30,3-5,4,4,1,0,23267.0,2020
26-30,6-10,0,0,1,0,9.0,2020
26-30,6-10,0,1,0,0,,2020
26-30,6-10,0,2,0,0,,2020
26-30,6-10,0,3,0,0,,2020
26-30,6-10,1,0,0,0,,2020
26-30,6-10,1,1,0,0,3040.0,2020
26-30,6-10,1,1,0,1,,2020
26-30,6-10,1,1,1,0,28224.0,2020
26-30,6-10,1,2,0,0,1950.0,2020
26-30,6-10,1,2,0,1,49.0,2020
26-30,6-10,1,3,0,0,441.0,2020
26-30,6-10,1,3,0,1,52.0,2020
26-30,6-10,1,4,0,0,407.0,2020
26-30,6-10,1,4,0,1,6.0,2020
26-30,6-10,2,1,0,0,1784.0,2020
26-30,6-10,2,2,0,0,3362.0,2020
26-30,6-10,2,2,0,1,49.0,2020
26-30,6-10,2,2,1,0,44996.0,2020
26-30,6-10,2,3,0,0,1174.0,2020
26-30,6-10,2,3,0,1,173.0,2020
26-30,6-10,2,4,0,0,944.0,2020
26-30,6-10,2,4,0,1,42.0,2020
26-30,6-10,3,1,0,0,271.0,2020
26-30,6-10,3,2,0,0,769.0,2020
26-30,6-10,3,2,0,1,23.0,2020
26-30,6-10,3,3,0,0,835.0,2020
26-30,6-10,3,3,0,1,94.0,2020
26-30,6-10,3,3,1,0,11793.0,2020
26-30,6-10,3,4,0,0,959.0,2020
26-30,6-10,3,4,0,1,66.0,2020
26-30,6-10,4,1,0,0,176.0,2020
26-30,6-10,4,2,0,0,456.0,2020
26-30,6-10,4,2,0,1,15.0,2020
26-30,6-10,4,3,0,0,740.0,2020
26-30,6-10,4,3,0,1,136.0,2020
26-30,6-10,4,4,0,0,1776.0,2020
26-30,6-10,4,4,0,1,116.0,2020
26-30,6-10,4,4,1,0,14162.0,2020
26-30,na,1,1,0,0,835.0,2020
26-30,na,1,1,1,0,7065.0,2020
26-30,na,1,2,0,0,615.0,2020
26-30,na,1,2,0,1,12.0,2020
26-30,na,1,3,0,0,67.0,2020
26-30,na,1,3,0,1,7.0,2020
26-30,na,1,4,0,0,55.0,2020
26-30,na,2,1,0,0,575.0,2020
26-30,na,2,2,0,0,1137.0,2020
26-30,na,2,2,0,1,5.0,2020
26-30,na,2,2,1,0,11019.0,2020
26-30,na,2,3,0,0,148.0,2020
26-30,na,2,3,0,1,15.0,2020
26-30,na,2,4,0,0,114.0,2020
26-30,na,2,4,0,1,,2020
26-30,na,3,1,0,0,58.0,2020
26-30,na,3,2,0,0,154.0,2020
26-30,na,3,2,0,1,,2020
26-30,na,3,3,0,0,208.0,2020
26-30,na,3,3,0,1,7.0,2020
26-30,na,3,3,1,0,1642.0,2020
26-30,na,3,4,0,0,154.0,2020
26-30,na,3,4,0,1,6.0,2020
26-30,na,4,1,0,0,19.0,2020
26-30,na,4,2,0,0,88.0,2020
26-30,na,4,2,0,1,,2020
26-30,na,4,3,0,0,113.0,2020
26-30,na,4,3,0,1,15.0,2020
26-30,na,4,4,0,0,484.0,2020
26-30,na,4,4,0,1,28.0,2020
26-30,na,4,4,1,0,3519.0,2020
31-34,0-2,0,2,0,0,,2020
31-34,0-2,1,1,0,0,126.0,2020
31-34,0-2,1,1,1,0,1523.0,2020
31-34,0-2,1,2,0,0,333.0,2020
31-34,0-2,1,2,0,1,,2020
31-34,0-2,1,3,0,0,98.0,2020
31-34,0-2,1,3,0,1,6.0,2020
31-34,0-2,1,4,0,0,112.0,2020
31-34,0-2,1,4,0,1,,2020
31-34,0-2,2,1,0,0,165.0,2020
31-34,0-2,2,2,0,0,699.0,2020
31-34,0-2,2,2,0,1,,2020
31-34,0-2,2,2,1,0,7126.0,2020
31-34,0-2,2,3,0,0,498.0,2020
31-34,0-2,2,3,0,1,65.0,2020
31-34,0-2,2,4,0,0,401.0,2020
31-34,0-2,2,4,0,1,9.0,2020
31-34,0-2,3,0,0,0,,2020
31-34,0-2,3,1,0,0,25.0,2020
31-34,0-2,3,2,0,0,210.0,2020
31-34,0-2,3,2,0,1,,2020
31-34,0-2,3,3,0,0,579.0,2020
31-34,0-2,3,3,0,1,37.0,2020
31-34,0-2,3,3,1,0,5241.0,2020
31-34,0-2,3,4,0,0,574.0,2020
31-34,0-2,3,4,0,1,12.0,2020
31-34,0-2,4,1,0,0,29.0,2020
31-34,0-2,4,2,0,0,169.0,2020
31-34,0-2,4,2,0,1,,2020
31-34,0-2,4,3,0,0,407.0,2020
31-34,0-2,4,3,0,1,47.0,2020
31-34,0-2,4,4,0,0,1047.0,2020
31-34,0-2,4,4,0,1,30.0,2020
31-34,0-2,4,4,1,0,7928.0,2020
31-34,11-20,0,0,1,0,5.0,2020
31-34,11-20,0,1,0,0,,2020
31-34,11-20,1,1,0,0,2267.0,2020
31-34,11-20,1,1,1,0,24744.0,2020
31-34,11-20,1,2,0,0,1425.0,2020
31-34,11-20,1,2,0,1,48.0,2020
31-34,11-20,1,3,0,0,329.0,2020
31-34,11-20,1,3,0,1,52.0,2020
31-34,11-20,1,4,0,0,271.0,2020
31-34,11-20,1,4,0,1,9.0,2020
31-34,11-20,2,0,0,0,,2020
31-34,11-20,2,1,0,0,1279.0,2020
31-34,11-20,2,2,0,0,2294.0,2020
31-34,11-20,2,2,0,1,59.0,2020
31-34,11-20,2,2,1,0,36706.0,2020
31-34,11-20,2,3,0,0,752.0,2020
31-34,11-20,2,3,0,1,208.0,2020
31-34,11-20,2,4,0,0,658.0,2020
31-34,11-20,2,4,0,1,46.0,2020
31-34,11-20,3,1,0,0,207.0,2020
31-34,11-20,3,2,0,0,566.0,2020
31-34,11-20,3,2,0,1,32.0,2020
31-34,11-20,3,3,0,0,541.0,2020
31-34,11-20,3,3,0,1,57.0,2020
31-34,11-20,3,3,1,0,9682.0,2020
31-34,11-20,3,4,0,0,703.0,2020
31-34,11-20,3,4,0,1,51.0,2020
31-34,11-20,4,1,0,0,104.0,2020
31-34,11-20,4,2,0,0,289.0,2020
31-34,11-20,4,2,0,1,10.0,2020
31-34,11-20,4,3,0,0,511.0,2020
31-34,11-20,4,3,0,1,138.0,2020
31-34,11-20,4,4,0,0,1223.0,2020
31-34,11-20,4,4,0,1,90.0,2020
31-34,11-20,4,4,1,0,10445.0,2020
31-34,21+,1,1,0,0,5.0,2020
31-34,21+,1,1,1,0,21.0,2020
31-34,21+,1,2,0,0,,2020
31-34,21+,2,1,0,0,,2020
31-34,21+,2,2,0,0,,2020
31-34,21+,2,2,1,0,15.0,2020
31-34,21+,3,1,0,0,,2020
31-34,21+,3,2,0,0,,2020
31-34,21+,4,1,0,0,,2020
31-34,3-5,1,1,0,0,132.0,2020
31-34,3-5,1,1,0,1,,2020
31-34,3-5,1,1,1,0,1734.0,2020
31-34,3-5,1,2,0,0,98.0,2020
31-34,3-5,1,2,0,1,,2020
31-34,3-5,1,3,0,0,52.0,2020
31-34,3-5,1,3,0,1,,2020
31-34,3-5,1,4,0,0,54.0,2020
31-34,3-5,1,4,0,1,,2020
31-34,3-5,2,1,0,0,127.0,2020
31-34,3-5,2,1,0,1,,2020
31-34,3-5,2,2,0,0,592.0,2020
31-34,3-5,2,2,0,1,,2020
31-34,3-5,2,2,1,0,7252.0,2020
31-34,3-5,2,3,0,0,203.0,2020
31-34,3-5,2,3,0,1,56.0,2020
31-34,3-5,2,4,0,0,282.0,2020
31-34,3-5,2,4,0,1,12.0,2020
31-34,3-5,3,1,0,0,46.0,2020
31-34,3-5,3,1,0,1,,2020
31-34,3-5,3,2,0,0,184.0,2020
31-34,3-5,3,2,0,1,10.0,2020
31-34,3-5,3,3,0,0,617.0,2020
31-34,3-5,3,3,0,1,66.0,2020
31-34,3-5,3,3,1,0,8625.0,2020
31-34,3-5,3,4,0,0,671.0,2020
31-34,3-5,3,4,0,1,32.0,2020
31-34,3-5,4,0,0,1,,2020
31-34,3-5,4,1,0,0,25.0,2020
31-34,3-5,4,2,0,0,157.0,2020
31-34,3-5,4,2,0,1,10.0,2020
31-34,3-5,4,3,0,0,518.0,2020
31-34,3-5,4,3,0,1,110.0,2020
31-34,3-5,4,4,0,0,1816.0,2020
31-34,3-5,4,4,0,1,119.0,2020
31-34,3-5,4,4,1,0,14161.0,2020
31-34,6-10,0,0,1,0,,2020
31-34,6-10,1,1,0,0,337.0,2020
31-34,6-10,1,1,1,0,3869.0,2020
31-34,6-10,1,2,0,0,247.0,2020
31-34,6-10,1,2,0,1,11.0,2020
31-34,6-10,1,3,0,0,92.0,2020
31-34,6-10,1,3,0,1,9.0,2020
31-34,6-10,1,4,0,0,87.0,2020
31-34,6-10,1,4,0,1,5.0,2020
31-34,6-10,2,1,0,0,266.0,2020
31-34,6-10,2,1,0,1,,2020
31-34,6-10,2,2,0,0,996.0,2020
31-34,6-10,2,2,0,1,16.0,2020
31-34,6-10,2,2,1,0,13518.0,2020
31-34,6-10,2,3,0,0,459.0,2020
31-34,6-10,2,3,0,1,126.0,2020
31-34,6-10,2,4,0,0,477.0,2020
31-34,6-10,2,4,0,1,35.0,2020
31-34,6-10,3,1,0,0,75.0,2020
31-34,6-10,3,2,0,0,401.0,2020
31-34,6-10,3,2,0,1,19.0,2020
31-34,6-10,3,3,0,0,1142.0,2020
31-34,6-10,3,3,0,1,173.0,2020
31-34,6-10,3,3,1,0,17681.0,2020
31-34,6-10,3,4,0,0,1290.0,2020
31-34,6-10,3,4,0,1,78.0,2020
31-34,6-10,4,0,0,1,,2020
31-34,6-10,4,1,0,0,44.0,2020
31-34,6-10,4,1,0,1,,2020
31-34,6-10,4,2,0,0,259.0,2020
31-34,6-10,4,2,0,1,23.0,2020
31-34,6-10,4,3,0,0,945.0,2020
31-34,6-10,4,3,0,1,322.0,2020
31-34,6-10,4,4,0,0,3149.0,2020
31-34,6-10,4,4,0,1,292.0,2020
31-34,6-10,4,4,1,0,27780.0,2020
31-34,na,0,0,1,0,,2020
31-34,na,1,1,0,0,794.0,2020
31-34,na,1,1,1,0,7927.0,2020
31-34,na,1,2,0,0,553.0,2020
31-34,na,1,2,0,1,11.0,2020
31-34,na,1,3,0,0,53.0,2020
31-34,na,1,3,0,1,5.0,2020
31-34,na,1,4,0,0,61.0,2020
31-34,na,1,4,0,1,,2020
31-34,na,2,1,0,0,542.0,2020
31-34,na,2,1,0,1,,2020
31-34,na,2,2,0,0,937.0,2020
31-34,na,2,2,0,1,8.0,2020
31-34,na,2,2,1,0,11915.0,2020
31-34,na,2,3,0,0,166.0,2020
31-34,na,2,3,0,1,17.0,2020
31-34,na,2,4,0,0,132.0,2020
31-34,na,2,4,0,1,,2020
31-34,na,3,1,0,0,53.0,2020
31-34,na,3,2,0,0,165.0,2020
31-34,na,3,2,0,1,,2020
31-34,na,3,3,0,0,278.0,2020
31-34,na,3,3,0,1,9.0,2020
31-34,na,3,3,1,0,2541.0,2020
31-34,na,3,4,0,0,174.0,2020
31-34,na,3,4,0,1,6.0,2020
31-34,na,4,1,0,0,24.0,2020
31-34,na,4,2,0,0,111.0,2020
31-34,na,4,2,0,1,,2020
31-34,na,4,3,0,0,133.0,2020
31-34,na,4,3,0,1,28.0,2020
31-34,na,4,4,0,0,652.0,2020
31-34,na,4,4,0,1,40.0,2020
31-34,na,4,4,1,0,3670.0,2020
35-40,0-2,0,0,1,0,,2020
35-40,0-2,0,2,0,0,,2020
35-40,0-2,1,1,0,0,120.0,2020
35-40,0-2,1,1,1,0,1431.0,2020
35-40,0-2,1,2,0,0,226.0,2020
35-40,0-2,1,2,0,1,5.0,2020
35-40,0-2,1,3,0,0,70.0,2020
35-40,0-2,1,3,0,1,,2020
35-40,0-2,1,4,0,0,59.0,2020
35-40,0-2,2,1,0,0,125.0,2020
35-40,0-2,2,2,0,0,650.0,2020
35-40,0-2,2,2,0,1,,2020
35-40,0-2,2,2,1,0,6116.0,2020
35-40,0-2,2,3,0,0,388.0,2020
35-40,0-2,2,3,0,1,74.0,2020
35-40,0-2,2,4,0,0,281.0,2020
35-40,0-2,2,4,0,1,,2020
35-40,0-2,3,1,0,0,33.0,2020
35-40,0-2,3,2,0,0,183.0,2020
35-40,0-2,3,2,0,1,,2020
35-40,0-2,3,3,0,0,377.0,2020
35-40,0-2,3,3,0,1,36.0,2020
35-40,0-2,3,3,1,0,4696.0,2020
35-40,0-2,3,4,0,0,387.0,2020
35-40,0-2,3,4,0,1,5.0,2020
35-40,0-2,4,1,0,0,27.0,2020
35-40,0-2,4,1,0,1,,2020
35-40,0-2,4,2,0,0,110.0,2020
35-40,0-2,4,2,0,1,,2020
35-40,0-2,4,3,0,0,302.0,2020
35-40,0-2,4,3,0,1,56.0,2020
35-40,0-2,4,4,0,0,657.0,2020
35-40,0-2,4,4,0,1,32.0,2020
35-40,0-2,4,4,1,0,6001.0,2020
35-40,11-20,0,0,1,0,9.0,2020
35-40,11-20,0,4,0,0,,2020
35-40,11-20,1,1,0,0,2331.0,2020
35-40,11-20,1,1,0,1,,2020
35-40,11-20,1,1,1,0,30691.0,2020
35-40,11-20,1,2,0,0,1517.0,2020
35-40,11-20,1,2,0,1,48.0,2020
35-40,11-20,1,3,0,0,482.0,2020
35-40,11-20,1,3,0,1,87.0,2020
35-40,11-20,1,4,0,0,355.0,2020
35-40,11-20,1,4,0,1,27.0,2020
35-40,11-20,2,0,0,0,,2020
35-40,11-20,2,1,0,0,1318.0,2020
35-40,11-20,2,1,0,1,,2020
35-40,11-20,2,2,0,0,2951.0,2020
35-40,11-20,2,2,0,1,93.0,2020
35-40,11-20,2,2,1,0,52908.0,2020
35-40,11-20,2,3,0,0,1149.0,2020
35-40,11-20,2,3,0,1,381.0,2020
35-40,11-20,2,4,0,0,1112.0,2020
35-40,11-20,2,4,0,1,100.0,2020
35-40,11-20,3,1,0,0,342.0,2020
35-40,11-20,3,1,0,1,,2020
35-40,11-20,3,2,0,0,1001.0,2020
35-40,11-20,3,2,0,1,58.0,2020
35-40,11-20,3,3,0,0,1753.0,2020
35-40,11-20,3,3,0,1,331.0,2020
35-40,11-20,3,3,1,0,32955.0,2020
35-40,11-20,3,4,0,0,2291.0,2020
35-40,11-20,3,4,0,1,200.0,2020
35-40,11-20,4,1,0,0,143.0,2020
35-40,11-20,4,1,0,1,,2020
35-40,11-20,4,2,0,0,602.0,2020
35-40,11-20,4,2,0,1,58.0,2020
35-40,11-20,4,3,0,0,1751.0,2020
35-40,11-20,4,3,0,1,663.0,2020
35-40,11-20,4,4,0,0,5090.0,2020
35-40,11-20,4,4,0,1,586.0,2020
35-40,11-20,4,4,1,0,50065.0,2020
35-40,21+,0,0,1,0,,2020
35-40,21+,1,1,0,0,557.0,2020
35-40,21+,1,1,1,0,7102.0,2020
35-40,21+,1,2,0,0,294.0,2020
35-40,21+,1,2,0,1,9.0,2020
35-40,21+,1,3,0,0,81.0,2020
35-40,21+,1,3,0,1,19.0,2020
35-40,21+,1,4,0,0,81.0,2020
35-40,21+,1,4,0,1,5.0,2020
35-40,21+,2,1,0,0,246.0,2020
35-40,21+,2,2,0,0,480.0,2020
35-40,21+,2,2,0,1,12.0,2020
35-40,21+,2,2,1,0,8980.0,2020
35-40,21+,2,3,0,0,174.0,2020
35-40,21+,2,3,0,1,56.0,2020
35-40,21+,2,4,0,0,131.0,2020
35-40,21+,2,4,0,1,11.0,2020
35-40,21+,3,1,0,0,49.0,2020
35-40,21+,3,2,0,0,129.0,2020
35-40,21+,3,2,0,1,6.0,2020
35-40,21+,3,3,0,0,142.0,2020
35-40,21+,3,3,0,1,16.0,2020
35-40,21+,3,3,1,0,2700.0,2020
35-40,21+,3,4,0,0,177.0,2020
35-40,21+,3,4,0,1,23.0,2020
35-40,21+,4,1,0,0,22.0,2020
35-40,21+,4,2,0,0,69.0,2020
35-40,21+,4,2,0,1,5.0,2020
35-40,21+,4,3,0,0,113.0,2020
35-40,21+,4,3,0,1,41.0,2020
35-40,21+,4,4,0,0,326.0,2020
35-40,21+,4,4,0,1,29.0,2020
35-40,21+,4,4,1,0,2880.0,2020
35-40,3-5,0,0,1,0,,2020
35-40,3-5,1,1,0,0,92.0,2020
35-40,3-5,1,1,1,0,1485.0,2020
35-40,3-5,1,2,0,0,79.0,2020
35-40,3-5,1,3,0,0,34.0,2020
35-40,3-5,1,3,0,1,6.0,2020
35-40,3-5,1,4,0,0,30.0,2020
35-40,3-5,1,4,0,1,,2020
35-40,3-5,2,1,0,0,72.0,2020
35-40,3-5,2,2,0,0,479.0,2020
35-40,3-5,2,2,0,1,,2020
35-40,3-5,2,2,1,0,6098.0,2020
35-40,3-5,2,3,0,0,142.0,2020
35-40,3-5,2,3,0,1,64.0,2020
35-40,3-5,2,4,0,0,167.0,2020
35-40,3-5,2,4,0,1,9.0,2020
35-40,3-5,3,1,0,0,28.0,2020
35-40,3-5,3,1,0,1,,2020
35-40,3-5,3,2,0,0,139.0,2020
35-40,3-5,3,2,0,1,,2020
35-40,3-5,3,3,0,0,367.0,2020
35-40,3-5,3,3,0,1,48.0,2020
35-40,3-5,3,3,1,0,6232.0,2020
35-40,3-5,3,4,0,0,443.0,2020
35-40,3-5,3,4,0,1,21.0,2020
35-40,3-5,4,1,0,0,17.0,2020
35-40,3-5,4,2,0,0,113.0,2020
35-40,3-5,4,2,0,1,5.0,2020
35-40,3-5,4,3,0,0,347.0,2020
35-40,3-5,4,3,0,1,78.0,2020
35-40,3-5,4,4,0,0,1076.0,2020
35-40,3-5,4,4,0,1,61.0,2020
35-40,3-5,4,4,1,0,9348.0,2020
35-40,6-10,0,0,1,0,,2020
35-40,6-10,0,4,0,0,,2020
35-40,6-10,1,1,0,0,247.0,2020
35-40,6-10,1,1,0,1,,2020
35-40,6-10,1,1,1,0,3163.0,2020
35-40,6-10,1,2,0,0,174.0,2020
35-40,6-10,1,2,0,1,5.0,2020
35-40,6-10,1,3,0,0,87.0,2020
35-40,6-10,1,3,0,1,9.0,2020
35-40,6-10,1,4,0,0,75.0,2020
35-40,6-10,1,4,0,1,7.0,2020
35-40,6-10,2,1,0,0,168.0,2020
35-40,6-10,2,1,0,1,,2020
35-40,6-10,2,2,0,0,792.0,2020
35-40,6-10,2,2,0,1,13.0,2020
35-40,6-10,2,2,1,0,12149.0,2020
35-40,6-10,2,3,0,0,353.0,2020
35-40,6-10,2,3,0,1,133.0,2020
35-40,6-10,2,4,0,0,408.0,2020
35-40,6-10,2,4,0,1,20.0,2020
35-40,6-10,3,1,0,0,74.0,2020
35-40,6-10,3,1,0,1,,2020
35-40,6-10,3,2,0,0,378.0,2020
35-40,6-10,3,2,0,1,12.0,2020
35-40,6-10,3,3,0,0,1378.0,2020
35-40,6-10,3,3,0,1,177.0,2020
35-40,6-10,3,3,1,0,18428.0,2020
35-40,6-10,3,4,0,0,1264.0,2020
35-40,6-10,3,4,0,1,66.0,2020
35-40,6-10,4,0,0,1,,2020
35-40,6-10,4,1,0,0,56.0,2020
35-40,6-10,4,2,0,0,270.0,2020
35-40,6-10,4,2,0,1,25.0,2020
35-40,6-10,4,3,0,0,973.0,2020
35-40,6-10,4,3,0,1,303.0,2020
35-40,6-10,4,4,0,0,2858.0,2020
35-40,6-10,4,4,0,1,279.0,2020
35-40,6-10,4,4,1,0,29399.0,2020
35-40,na,1,1,0,0,1163.0,2020
35-40,na,1,1,1,0,13387.0,2020
35-40,na,1,2,0,0,703.0,2020
35-40,na,1,2,0,1,13.0,2020
35-40,na,1,3,0,0,107.0,2020
35-40,na,1,3,0,1,23.0,2020
35-40,na,1,4,0,0,81.0,2020
35-40,na,1,4,0,1,,2020
35-40,na,2,1,0,0,704.0,2020
35-40,na,2,1,0,1,,2020
35-40,na,2,2,0,0,1204.0,2020
35-40,na,2,2,0,1,7.0,2020
35-40,na,2,2,1,0,19099.0,2020
35-40,na,2,3,0,0,212.0,2020
35-40,na,2,3,0,1,32.0,2020
35-40,na,2,4,0,0,154.0,2020
35-40,na,2,4,0,1,13.0,2020
35-40,na,3,1,0,0,67.0,2020
35-40,na,3,2,0,0,218.0,2020
35-40,na,3,2,0,1,,2020
35-40,na,3,3,0,0,413.0,2020
35-40,na,3,3,0,1,46.0,2020
35-40,na,3,3,1,0,6019.0,2020
35-40,na,3,4,0,0,216.0,2020
35-40,na,3,4,0,1,15.0,2020
35-40,na,4,1,0,0,43.0,2020
35-40,na,4,2,0,0,117.0,2020
35-40,na,4,2,0,1,,2020
35-40,na,4,3,0,0,164.0,2020
35-40,na,4,3,0,1,29.0,2020
35-40,na,4,4,0,0,676.0,2020
35-40,na,4,4,0,1,66.0,2020
35-40,na,4,4,1,0,4717.0,2020
41-49,0-2,1,1,0,0,104.0,2020
41-49,0-2,1,1,1,0,1313.0,2020
41-49,0-2,1,2,0,0,196.0,2020
41-49,0-2,1,2,0,1,,2020
41-49,0-2,1,3,0,0,57.0,2020
41-49,0-2,1,3,0,1,11.0,2020
41-49,0-2,1,4,0,0,31.0,2020
41-49,0-2,2,1,0,0,101.0,2020
41-49,0-2,2,1,0,1,,2020
41-49,0-2,2,2,0,0,497.0,2020
41-49,0-2,2,2,0,1,,2020
41-49,0-2,2,2,1,0,5163.0,2020
41-49,0-2,2,3,0,0,298.0,2020
41-49,0-2,2,3,0,1,55.0,2020
41-49,0-2,2,4,0,0,162.0,2020
41-49,0-2,2,4,0,1,7.0,2020
41-49,0-2,3,1,0,0,32.0,2020
41-49,0-2,3,2,0,0,166.0,2020
41-49,0-2,3,2,0,1,,2020
41-49,0-2,3,3,0,0,316.0,2020
41-49,0-2,3,3,0,1,53.0,2020
41-49,0-2,3,3,1,0,5011.0,2020
41-49,0-2,3,4,0,0,316.0,2020
41-49,0-2,3,4,0,1,9.0,2020
41-49,0-2,4,1,0,0,14.0,2020
41-49,0-2,4,1,0,1,,2020
41-49,0-2,4,2,0,0,76.0,2020
41-49,0-2,4,2,0,1,,2020
41-49,0-2,4,3,0,0,248.0,2020
41-49,0-2,4,3,0,1,38.0,2020
41-49,0-2,4,4,0,0,401.0,2020
41-49,0-2,4,4,0,1,30.0,2020
41-49,0-2,4,4,1,0,5060.0,2020
41-49,11-20,0,0,1,0,15.0,2020
41-49,11-20,0,3,0,0,,2020
41-49,11-20,1,1,0,0,480.0,2020
41-49,11-20,1,1,0,1,,2020
41-49,11-20,1,1,1,0,7980.0,2020
41-49,11-20,1,2,0,0,380.0,2020
41-49,11-20,1,2,0,1,8.0,2020
41-49,11-20,1,3,0,0,125.0,2020
41-49,11-20,1,3,0,1,26.0,2020
41-49,11-20,1,4,0,0,115.0,2020
41-49,11-20,1,4,0,1,11.0,2020
41-49,11-20,2,1,0,0,330.0,2020
41-49,11-20,2,1,0,1,,2020
41-49,11-20,2,2,0,0,1423.0,2020
41-49,11-20,2,2,0,1,25.0,2020
41-49,11-20,2,2,1,0,27006.0,2020
41-49,11-20,2,3,0,0,718.0,2020
41-49,11-20,2,3,0,1,269.0,2020
41-49,11-20,2,4,0,0,746.0,2020
41-49,11-20,2,4,0,1,52.0,2020
41-49,11-20,3,0,0,0,,2020
41-49,11-20,3,1,0,0,133.0,2020
41-49,11-20,3,1,0,1,5.0,2020
41-49,11-20,3,2,0,0,738.0,2020
41-49,11-20,3,2,0,1,32.0,2020
41-49,11-20,3,3,0,0,2233.0,2020
41-49,11-20,3,3,0,1,381.0,2020
41-49,11-20,3,3,1,0,43232.0,2020
41-49,11-20,3,4,0,0,2843.0,2020
41-49,11-20,3,4,0,1,199.0,2020
41-49,11-20,4,1,0,0,91.0,2020
41-49,11-20,4,1,0,1,,2020
41-49,11-20,4,2,0,0,597.0,2020
41-49,11-20,4,2,0,1,67.0,2020
41-49,11-20,4,3,0,0,2209.0,2020
41-49,11-20,4,3,0,1,886.0,2020
41-49,11-20,4,4,0,0,6865.0,2020
41-49,11-20,4,4,0,1,920.0,2020
41-49,11-20,4,4,1,0,77791.0,2020
41-49,21+,0,0,1,0,13.0,2020
41-49,21+,0,2,0,0,,2020
41-49,21+,1,0,0,0,,2020
41-49,21+,1,1,0,0,3424.0,2020
41-49,21+,1,1,0,1,,2020
41-49,21+,1,1,1,0,54732.0,2020
41-49,21+,1,2,0,0,2110.0,2020
41-49,21+,1,2,0,1,53.0,2020
41-49,21+,1,3,0,0,518.0,2020
41-49,21+,1,3,0,1,113.0,2020
41-49,21+,1,4,0,0,405.0,2020
41-49,21+,1,4,0,1,40.0,2020
41-49,21+,2,1,0,0,1940.0,2020
41-49,21+,2,1,0,1,,2020
41-49,21+,2,2,0,0,3383.0,2020
41-49,21+,2,2,0,1,133.0,2020
41-49,21+,2,2,1,0,78465.0,2020
41-49,21+,2,3,0,0,1382.0,2020
41-49,21+,2,3,0,1,400.0,2020
41-49,21+,2,4,0,0,1149.0,2020
41-49,21+,2,4,0,1,109.0,2020
41-49,21+,3,0,0,0,,2020
41-49,21+,3,1,0,0,454.0,2020
41-49,21+,3,2,0,0,1256.0,2020
41-49,21+,3,2,0,1,79.0,2020
41-49,21+,3,3,0,0,1927.0,2020
41-49,21+,3,3,0,1,335.0,2020
41-49,21+,3,3,1,0,44921.0,2020
41-49,21+,3,4,0,0,2559.0,2020
41-49,21+,3,4,0,1,260.0,2020
41-49,21+,4,1,0,0,226.0,2020
41-49,21+,4,1,0,1,,2020
41-49,21+,4,2,0,0,808.0,2020
41-49,21+,4,2,0,1,86.0,2020
41-49,21+,4,3,0,0,2022.0,2020
41-49,21+,4,3,0,1,645.0,2020
41-49,21+,4,4,0,0,5689.0,2020
41-49,21+,4,4,0,1,678.0,2020
41-49,21+,4,4,1,0,62405.0,2020
41-49,3-5,1,1,0,0,105.0,2020
41-49,3-5,1,1,1,0,1434.0,2020
41-49,3-5,1,2,0,0,84.0,2020
41-49,3-5,1,2,0,1,,2020
41-49,3-5,1,3,0,0,22.0,2020
41-49,3-5,1,4,0,0,20.0,2020
41-49,3-5,1,4,0,1,,2020
41-49,3-5,2,1,0,0,73.0,2020
41-49,3-5,2,2,0,0,403.0,2020
41-49,3-5,2,2,0,1,,2020
41-49,3-5,2,2,1,0,5416.0,2020
41-49,3-5,2,3,0,0,127.0,2020
41-49,3-5,2,3,0,1,55.0,2020
41-49,3-5,2,4,0,0,96.0,2020
41-49,3-5,2,4,0,1,6.0,2020
41-49,3-5,3,1,0,0,21.0,2020
41-49,3-5,3,2,0,0,116.0,2020
41-49,3-5,3,2,0,1,,2020
41-49,3-5,3,3,0,0,281.0,2020
41-49,3-5,3,3,0,1,55.0,2020
41-49,3-5,3,3,1,0,5900.0,2020
41-49,3-5,3,4,0,0,286.0,2020
41-49,3-5,3,4,0,1,8.0,2020
41-49,3-5,4,1,0,0,10.0,2020
41-49,3-5,4,2,0,0,83.0,2020
41-49,3-5,4,2,0,1,,2020
41-49,3-5,4,3,0,0,256.0,2020
41-49,3-5,4,3,0,1,56.0,2020
41-49,3-5,4,4,0,0,553.0,2020
41-49,3-5,4,4,0,1,50.0,2020
41-49,3-5,4,4,1,0,6812.0,2020
41-49,6-10,0,0,1,0,,2020
41-49,6-10,1,1,0,0,139.0,2020
41-49,6-10,1,1,1,0,2582.0,2020
41-49,6-10,1,2,0,0,114.0,2020
41-49,6-10,1,2,0,1,,2020
41-49,6-10,1,3,0,0,52.0,2020
41-49,6-10,1,3,0,1,8.0,2020
41-49,6-10,1,4,0,0,30.0,2020
41-49,6-10,1,4,0,1,,2020
41-49,6-10,2,1,0,0,130.0,2020
41-49,6-10,2,1,0,1,,2020
41-49,6-10,2,2,0,0,605.0,2020
41-49,6-10,2,2,0,1,10.0,2020
41-49,6-10,2,2,1,0,9695.0,2020
41-49,6-10,2,3,0,0,224.0,2020
41-49,6-10,2,3,0,1,113.0,2020
41-49,6-10,2,4,0,0,210.0,2020
41-49,6-10,2,4,0,1,9.0,2020
41-49,6-10,3,1,0,0,43.0,2020
41-49,6-10,3,2,0,0,230.0,2020
41-49,6-10,3,2,0,1,,2020
41-49,6-10,3,3,0,0,601.0,2020
41-49,6-10,3,3,0,1,129.0,2020
41-49,6-10,3,3,1,0,12462.0,2020
41-49,6-10,3,4,0,0,665.0,2020
41-49,6-10,3,4,0,1,29.0,2020
41-49,6-10,4,1,0,0,27.0,2020
41-49,6-10,4,2,0,0,146.0,2020
41-49,6-10,4,2,0,1,10.0,2020
41-49,6-10,4,3,0,0,474.0,2020
41-49,6-10,4,3,0,1,151.0,2020
41-49,6-10,4,4,0,0,1237.0,2020
41-49,6-10,4,4,0,1,144.0,2020
41-49,6-10,4,4,1,0,16000.0,2020
41-49,na,0,0,1,0,,2020
41-49,na,1,1,0,0,1726.0,2020
41-49,na,1,1,1,0,27536.0,2020
41-49,na,1,2,0,0,1017.0,2020
41-49,na,1,2,0,1,9.0,2020
41-49,na,1,3,0,0,173.0,2020
41-49,na,1,3,0,1,29.0,2020
41-49,na,1,4,0,0,87.0,2020
41-49,na,1,4,0,1,8.0,2020
41-49,na,2,1,0,0,1005.0,2020
41-49,na,2,2,0,0,1756.0,2020
41-49,na,2,2,0,1,21.0,2020
41-49,na,2,2,1,0,36432.0,2020
41-49,na,2,3,0,0,373.0,2020
41-49,na,2,3,0,1,75.0,2020
41-49,na,2,4,0,0,252.0,2020
41-49,na,2,4,0,1,18.0,2020
41-49,na,3,1,0,0,138.0,2020
41-49,na,3,2,0,0,395.0,2020
41-49,na,3,2,0,1,15.0,2020
41-49,na,3,3,0,0,516.0,2020
41-49,na,3,3,0,1,98.0,2020
41-49,na,3,3,1,0,12061.0,2020
41-49,na,3,4,0,0,379.0,2020
41-49,na,3,4,0,1,34.0,2020
41-49,na,4,1,0,0,81.0,2020
41-49,na,4,2,0,0,159.0,2020
41-49,na,4,2,0,1,6.0,2020
41-49,na,4,3,0,0,305.0,2020
41-49,na,4,3,0,1,69.0,2020
41-49,na,4,4,0,0,839.0,2020
41-49,na,4,4,0,1,80.0,2020
41-49,na,4,4,1,0,8725.0,2020
50+,0-2,1,1,0,0,43.0,2020
50+,0-2,1,1,1,0,714.0,2020
50+,0-2,1,2,0,0,62.0,2020
50+,0-2,1,3,0,0,17.0,2020
50+,0-2,1,3,0,1,,2020
50+,0-2,1,4,0,0,8.0,2020
50+,0-2,2,1,0,0,42.0,2020
50+,0-2,2,2,0,0,180.0,2020
50+,0-2,2,2,1,0,2636.0,2020
50+,0-2,2,3,0,0,95.0,2020
50+,0-2,2,3,0,1,19.0,2020
50+,0-2,2,4,0,0,84.0,2020
50+,0-2,2,4,0,1,,2020
50+,0-2,3,1,0,0,10.0,2020
50+,0-2,3,2,0,0,81.0,2020
50+,0-2,3,2,0,1,,2020
50+,0-2,3,3,0,0,111.0,2020
50+,0-2,3,3,0,1,21.0,2020
50+,0-2,3,3,1,0,2737.0,2020
50+,0-2,3,4,0,0,168.0,2020
50+,0-2,3,4,0,1,,2020
50+,0-2,4,1,0,0,12.0,2020
50+,0-2,4,2,0,0,35.0,2020
50+,0-2,4,3,0,0,150.0,2020
50+,0-2,4,3,0,1,20.0,2020
50+,0-2,4,4,0,0,154.0,2020
50+,0-2,4,4,0,1,13.0,2020
50+,0-2,4,4,1,0,2805.0,2020
50+,11-20,0,0,1,0,,2020
50+,11-20,1,1,0,0,230.0,2020
50+,11-20,1,1,1,0,6180.0,2020
50+,11-20,1,2,0,0,217.0,2020
50+,11-20,1,2,0,1,,2020
50+,11-20,1,3,0,0,57.0,2020
50+,11-20,1,3,0,1,10.0,2020
50+,11-20,1,4,0,0,52.0,2020
50+,11-20,1,4,0,1,6.0,2020
50+,11-20,2,1,0,0,234.0,2020
50+,11-20,2,2,0,0,1186.0,2020
50+,11-20,2,2,0,1,8.0,2020
50+,11-20,2,2,1,0,23690.0,2020
50+,11-20,2,3,0,0,342.0,2020
50+,11-20,2,3,0,1,131.0,2020
50+,11-20,2,4,0,0,325.0,2020
50+,11-20,2,4,0,1,19.0,2020
50+,11-20,3,1,0,0,86.0,2020
50+,11-20,3,2,0,0,504.0,2020
50+,11-20,3,2,0,1,7.0,2020
50+,11-20,3,3,0,0,1001.0,2020
50+,11-20,3,3,0,1,138.0,2020
50+,11-20,3,3,1,0,26804.0,2020
50+,11-20,3,4,0,0,1123.0,2020
50+,11-20,3,4,0,1,40.0,2020
50+,11-20,4,1,0,0,62.0,2020
50+,11-20,4,2,0,0,307.0,2020
50+,11-20,4,2,0,1,8.0,2020
50+,11-20,4,3,0,0,894.0,2020
50+,11-20,4,3,0,1,184.0,2020
50+,11-20,4,4,0,0,2042.0,2020
50+,11-20,4,4,0,1,199.0,2020
50+,11-20,4,4,1,0,35125.0,2020
50+,21+,0,0,1,0,44.0,2020
50+,21+,0,2,0,0,,2020
50+,21+,0,3,0,0,,2020
50+,21+,0,4,0,0,,2020
50+,21+,1,1,0,0,5589.0,2020
50+,21+,1,1,0,1,5.0,2020
50+,21+,1,1,1,0,118307.0,2020
50+,21+,1,2,0,0,3019.0,2020
50+,21+,1,2,0,1,25.0,2020
50+,21+,1,3,0,0,670.0,2020
50+,21+,1,3,0,1,120.0,2020
50+,21+,1,4,0,0,485.0,2020
50+,21+,1,4,0,1,35.0,2020
50+,21+,2,1,0,0,2881.0,2020
50+,21+,2,1,0,1,,2020
50+,21+,2,2,0,0,5472.0,2020
50+,21+,2,2,0,1,105.0,2020
50+,21+,2,2,1,0,169256.0,2020
50+,21+,2,3,0,0,1961.0,2020
50+,21+,2,3,0,1,521.0,2020
50+,21+,2,4,0,0,1652.0,2020
50+,21+,2,4,0,1,117.0,2020
50+,21+,3,0,0,0,,2020
50+,21+,3,1,0,0,933.0,2020
50+,21+,3,1,0,1,,2020
50+,21+,3,2,0,0,2705.0,2020
50+,21+,3,2,0,1,82.0,2020
50+,21+,3,3,0,0,4124.0,2020
50+,21+,3,3,0,1,453.0,2020
50+,21+,3,3,1,0,119629.0,2020
50+,21+,3,4,0,0,5203.0,2020
50+,21+,3,4,0,1,371.0,2020
50+,21+,4,1,0,0,549.0,2020
50+,21+,4,1,0,1,5.0,2020
50+,21+,4,2,0,0,1600.0,2020
50+,21+,4,2,0,1,107.0,2020
50+,21+,4,3,0,0,3867.0,2020
50+,21+,4,3,0,1,988.0,2020
50+,21+,4,4,0,0,11242.0,2020
50+,21+,4,4,0,1,1003.0,2020
50+,21+,4,4,1,0,166638.0,2020
50+,3-5,1,1,0,0,58.0,2020
50+,3-5,1,1,1,0,980.0,2020
50+,3-5,1,2,0,0,43.0,2020
50+,3-5,1,3,0,0,,2020
50+,3-5,1,4,0,0,11.0,2020
50+,3-5,1,4,0,1,,2020
50+,3-5,2,1,0,0,31.0,2020
50+,3-5,2,2,0,0,223.0,2020
50+,3-5,2,2,0,1,,2020
50+,3-5,2,2,1,0,3460.0,2020
50+,3-5,2,3,0,0,70.0,2020
50+,3-5,2,3,0,1,14.0,2020
50+,3-5,2,4,0,0,43.0,2020
50+,3-5,2,4,0,1,,2020
50+,3-5,3,1,0,0,13.0,2020
50+,3-5,3,2,0,0,70.0,2020
50+,3-5,3,2,0,1,,2020
50+,3-5,3,3,0,0,151.0,2020
50+,3-5,3,3,0,1,24.0,2020
50+,3-5,3,3,1,0,3966.0,2020
50+,3-5,3,4,0,0,172.0,2020
50+,3-5,3,4,0,1,,2020
50+,3-5,4,1,0,0,10.0,2020
50+,3-5,4,2,0,0,42.0,2020
50+,3-5,4,2,0,1,,2020
50+,3-5,4,3,0,0,120.0,2020
50+,3-5,4,3,0,1,19.0,2020
50+,3-5,4,4,0,0,202.0,2020
50+,3-5,4,4,0,1,19.0,2020
50+,3-5,4,4,1,0,3971.0,2020
50+,6-10,0,0,1,0,,2020
50+,6-10,1,1,0,0,72.0,2020
50+,6-10,1,1,1,0,2224.0,2020
50+,6-10,1,2,0,0,98.0,2020
50+,6-10,1,2,0,1,,2020
50+,6-10,1,3,0,0,20.0,2020
50+,6-10,1,3,0,1,,2020
50+,6-10,1,4,0,0,16.0,2020
50+,6-10,2,1,0,0,82.0,2020
50+,6-10,2,2,0,0,446.0,2020
50+,6-10,2,2,0,1,,2020
50+,6-10,2,2,1,0,7850.0,2020
50+,6-10,2,3,0,0,116.0,2020
50+,6-10,2,3,0,1,42.0,2020
50+,6-10,2,4,0,0,93.0,2020
50+,6-10,2,4,0,1,7.0,2020
50+,6-10,3,1,0,0,21.0,2020
50+,6-10,3,2,0,0,169.0,2020
50+,6-10,3,2,0,1,,2020
50+,6-10,3,3,0,0,330.0,2020
50+,6-10,3,3,0,1,44.0,2020
50+,6-10,3,3,1,0,9001.0,2020
50+,6-10,3,4,0,0,320.0,2020
50+,6-10,3,4,0,1,8.0,2020
50+,6-10,4,1,0,0,17.0,2020
50+,6-10,4,2,0,0,89.0,2020
50+,6-10,4,3,0,0,276.0,2020
50+,6-10,4,3,0,1,55.0,2020
50+,6-10,4,4,0,0,472.0,2020
50+,6-10,4,4,0,1,48.0,2020
50+,6-10,4,4,1,0,8921.0,2020
50+,na,0,0,1,0,8.0,2020
50+,na,1,1,0,0,3377.0,2020
50+,na,1,1,0,1,,2020
50+,na,1,1,1,0,78166.0,2020
50+,na,1,2,0,0,1813.0,2020
50+,na,1,2,0,1,19.0,2020
50+,na,1,3,0,0,336.0,2020
50+,na,1,3,0,1,58.0,2020
50+,na,1,4,0,0,187.0,2020
50+,na,1,4,0,1,10.0,2020
50+,na,2,0,0,0,,2020
50+,na,2,1,0,0,1723.0,2020
50+,na,2,1,0,1,,2020
50+,na,2,2,0,0,2969.0,2020
50+,na,2,2,0,1,27.0,2020
50+,na,2,2,1,0,92519.0,2020
50+,na,2,3,0,0,640.0,2020
50+,na,2,3,0,1,86.0,2020
50+,na,2,4,0,0,406.0,2020
50+,na,2,4,0,1,25.0,2020
50+,na,3,1,0,0,353.0,2020
50+,na,3,2,0,0,784.0,2020
50+,na,3,2,0,1,18.0,2020
50+,na,3,3,0,0,900.0,2020
50+,na,3,3,0,1,115.0,2020
50+,na,3,3,1,0,26780.0,2020
50+,na,3,4,0,0,831.0,2020
50+,na,3,4,0,1,52.0,2020
50+,na,4,1,0,0,194.0,2020
50+,na,4,1,0,1,,2020
50+,na,4,2,0,0,413.0,2020
50+,na,4,2,0,1,11.0,2020
50+,na,4,3,0,0,669.0,2020
50+,na,4,3,0,1,124.0,2020
50+,na,4,4,0,0,1662.0,2020
50+,na,4,4,0,1,118.0,2020
50+,na,4,4,1,0,26730.0,2020
22-25,0-2,0,3,0,0,,2021
22-25,0-2,1,1,0,0,738.0,2021
22-25,0-2,1,1,1,0,5126.0,2021
22-25,0-2,1,2,0,0,1492.0,2021
22-25,0-2,1,2,0,1,19.0,2021
22-25,0-2,1,3,0,0,540.0,2021
22-25,0-2,1,3,0,1,24.0,2021
22-25,0-2,1,4,0,0,774.0,2021
22-25,0-2,1,4,0,1,9.0,2021
22-25,0-2,2,0,0,0,,2021
22-25,0-2,2,1,0,0,1065.0,2021
22-25,0-2,2,1,0,1,,2021
22-25,0-2,2,2,0,0,2711.0,2021
22-25,0-2,2,2,0,1,7.0,2021
22-25,0-2,2,2,1,0,16391.0,2021
22-25,0-2,2,3,0,0,1741.0,2021
22-25,0-2,2,3,0,1,64.0,2021
22-25,0-2,2,4,0,0,2250.0,2021
22-25,0-2,2,4,0,1,17.0,2021
22-25,0-2,3,1,0,0,152.0,2021
22-25,0-2,3,2,0,0,548.0,2021
22-25,0-2,3,2,0,1,10.0,2021
22-25,0-2,3,3,0,0,834.0,2021
22-25,0-2,3,3,0,1,32.0,2021
22-25,0-2,3,3,1,0,6522.0,2021
22-25,0-2,3,4,0,0,1501.0,2021
22-25,0-2,3,4,0,1,10.0,2021
22-25,0-2,4,1,0,0,126.0,2021
22-25,0-2,4,2,0,0,461.0,2021
22-25,0-2,4,2,0,1,,2021
22-25,0-2,4,3,0,0,802.0,2021
22-25,0-2,4,3,0,1,56.0,2021
22-25,0-2,4,4,0,0,2794.0,2021
22-25,0-2,4,4,0,1,44.0,2021
22-25,0-2,4,4,1,0,10887.0,2021
22-25,11-20,1,1,1,0,9.0,2021
22-25,11-20,1,2,0,0,,2021
22-25,11-20,1,2,0,1,,2021
22-25,11-20,2,1,0,0,,2021
22-25,11-20,2,2,0,0,,2021
22-25,11-20,2,2,1,0,11.0,2021
22-25,11-20,4,4,1,0,,2021
22-25,3-5,0,0,1,0,,2021
22-25,3-5,0,1,0,0,,2021
22-25,3-5,0,4,0,0,,2021
22-25,3-5,1,1,0,0,1988.0,2021
22-25,3-5,1,1,1,0,15266.0,2021
22-25,3-5,1,2,0,0,1588.0,2021
22-25,3-5,1,2,0,1,66.0,2021
22-25,3-5,1,3,0,0,347.0,2021
22-25,3-5,1,3,0,1,24.0,2021
22-25,3-5,1,4,0,0,323.0,2021
22-25,3-5,1,4,0,1,,2021
22-25,3-5,2,1,0,0,1780.0,2021
22-25,3-5,2,2,0,0,3128.0,2021
22-25,3-5,2,2,0,1,23.0,2021
22-25,3-5,2,2,1,0,25674.0,2021
22-25,3-5,2,3,0,0,941.0,2021
22-25,3-5,2,3,0,1,49.0,2021
22-25,3-5,2,4,0,0,858.0,2021
22-25,3-5,2,4,0,1,14.0,2021
22-25,3-5,3,1,0,0,245.0,2021
22-25,3-5,3,2,0,0,629.0,2021
22-25,3-5,3,2,0,1,16.0,2021
22-25,3-5,3,3,0,0,354.0,2021
22-25,3-5,3,3,0,1,29.0,2021
22-25,3-5,3,3,1,0,4100.0,2021
22-25,3-5,3,4,0,0,471.0,2021
22-25,3-5,3,4,0,1,18.0,2021
22-25,3-5,4,1,0,0,154.0,2021
22-25,3-5,4,2,0,0,377.0,2021
22-25,3-5,4,2,0,1,,2021
22-25,3-5,4,3,0,0,445.0,2021
22-25,3-5,4,3,0,1,20.0,2021
22-25,3-5,4,4,0,0,702.0,2021
22-25,3-5,4,4,0,1,10.0,2021
22-25,3-5,4,4,1,0,4053.0,2021
22-25,6-10,1,1,0,0,766.0,2021
22-25,6-10,1,1,1,0,5894.0,2021
22-25,6-10,1,2,0,0,615.0,2021
22-25,6-10,1,2,0,1,29.0,2021
22-25,6-10,1,3,0,0,149.0,2021
22-25,6-10,1,3,0,1,6.0,2021
22-25,6-10,1,4,0,0,116.0,2021
22-25,6-10,1,4,0,1,,2021
22-25,6-10,2,1,0,0,604.0,2021
22-25,6-10,2,2,0,0,1073.0,2021
22-25,6-10,2,2,0,1,9.0,2021
22-25,6-10,2,2,1,0,9251.0,2021
22-25,6-10,2,3,0,0,286.0,2021
22-25,6-10,2,3,0,1,22.0,2021
22-25,6-10,2,4,0,0,260.0,2021
22-25,6-10,2,4,0,1,,2021
22-25,6-10,3,0,0,0,,2021
22-25,6-10,3,1,0,0,83.0,2021
22-25,6-10,3,2,0,0,188.0,2021
22-25,6-10,3,2,0,1,,2021
22-25,6-10,3,3,0,0,129.0,2021
22-25,6-10,3,3,0,1,7.0,2021
22-25,6-10,3,3,1,0,1453.0,2021
22-25,6-10,3,4,0,0,150.0,2021
22-25,6-10,3,4,0,1,5.0,2021
22-25,6-10,4,1,0,0,46.0,2021
22-25,6-10,4,2,0,0,97.0,2021
22-25,6-10,4,2,0,1,,2021
22-25,6-10,4,3,0,0,116.0,2021
22-25,6-10,4,3,0,1,17.0,2021
22-25,6-10,4,4,0,0,221.0,2021
22-25,6-10,4,4,0,1,,2021
22-25,6-10,4,4,1,0,1353.0,2021
22-25,na,1,1,0,0,635.0,2021
22-25,na,1,1,1,0,3475.0,2021
22-25,na,1,2,0,0,653.0,2021
22-25,na,1,2,0,1,15.0,2021
22-25,na,1,3,0,0,43.0,2021
22-25,na,1,4,0,0,29.0,2021
22-25,na,2,1,0,0,635.0,2021
22-25,na,2,2,0,0,1595.0,2021
22-25,na,2,2,0,1,,2021
22-25,na,2,2,1,0,7463.0,2021
22-25,na,2,3,0,0,106.0,2021
22-25,na,2,3,0,1,,2021
22-25,na,2,4,0,0,61.0,2021
22-25,na,3,1,0,0,42.0,2021
22-25,na,3,2,0,0,123.0,2021
22-25,na,3,2,0,1,,2021
22-25,na,3,3,0,0,31.0,2021
22-25,na,3,3,0,1,,2021
22-25,na,3,3,1,0,281.0,2021
22-25,na,3,4,0,0,46.0,2021
22-25,na,3,4,0,1,,2021
22-25,na,4,1,0,0,11.0,2021
22-25,na,4,2,0,0,34.0,2021
22-25,na,4,3,0,0,30.0,2021
22-25,na,4,3,0,1,,2021
22-25,na,4,4,0,0,84.0,2021
22-25,na,4,4,1,0,610.0,2021
26-30,0-2,0,0,1,0,,2021
26-30,0-2,0,4,0,0,,2021
26-30,0-2,1,0,0,0,,2021
26-30,0-2,1,1,0,0,355.0,2021
26-30,0-2,1,1,1,0,3487.0,2021
26-30,0-2,1,2,0,0,783.0,2021
26-30,0-2,1,2,0,1,13.0,2021
26-30,0-2,1,3,0,0,451.0,2021
26-30,0-2,1,3,0,1,14.0,2021
26-30,0-2,1,4,0,0,636.0,2021
26-30,0-2,1,4,0,1,10.0,2021
26-30,0-2,2,1,0,0,446.0,2021
26-30,0-2,2,2,0,0,1857.0,2021
26-30,0-2,2,2,0,1,17.0,2021
26-30,0-2,2,2,1,0,15457.0,2021
26-30,0-2,2,3,0,0,1602.0,2021
26-30,0-2,2,3,0,1,135.0,2021
26-30,0-2,2,4,0,0,1980.0,2021
26-30,0-2,2,4,0,1,29.0,2021
26-30,0-2,3,1,0,0,112.0,2021
26-30,0-2,3,2,0,0,550.0,2021
26-30,0-2,3,2,0,1,19.0,2021
26-30,0-2,3,3,0,0,2363.0,2021
26-30,0-2,3,3,0,1,68.0,2021
26-30,0-2,3,3,1,0,13808.0,2021
26-30,0-2,3,4,0,0,2125.0,2021
26-30,0-2,3,4,0,1,27.0,2021
26-30,0-2,4,1,0,0,84.0,2021
26-30,0-2,4,1,0,1,,2021
26-30,0-2,4,2,0,0,448.0,2021
26-30,0-2,4,2,0,1,8.0,2021
26-30,0-2,4,3,0,0,1330.0,2021
26-30,0-2,4,3,0,1,148.0,2021
26-30,0-2,4,4,0,0,4718.0,2021
26-30,0-2,4,4,0,1,121.0,2021
26-30,0-2,4,4,1,0,24756.0,2021
26-30,11-20,0,0,1,0,,2021
26-30,11-20,0,1,0,0,,2021
26-30,11-20,0,2,0,0,,2021
26-30,11-20,1,1,0,0,712.0,2021
26-30,11-20,1,1,1,0,7520.0,2021
26-30,11-20,1,2,0,0,488.0,2021
26-30,11-20,1,2,0,1,14.0,2021
26-30,11-20,1,3,0,0,145.0,2021
26-30,11-20,1,3,0,1,18.0,2021
26-30,11-20,1,4,0,0,117.0,2021
26-30,11-20,1,4,0,1,,2021
26-30,11-20,2,1,0,0,490.0,2021
26-30,11-20,2,2,0,0,928.0,2021
26-30,11-20,2,2,0,1,22.0,2021
26-30,11-20,2,2,1,0,10213.0,2021
26-30,11-20,2,3,0,0,314.0,2021
26-30,11-20,2,3,0,1,50.0,2021
26-30,11-20,2,4,0,0,262.0,2021
26-30,11-20,2,4,0,1,14.0,2021
26-30,11-20,3,1,0,0,82.0,2021
26-30,11-20,3,2,0,0,193.0,2021
26-30,11-20,3,2,0,1,12.0,2021
26-30,11-20,3,3,0,0,144.0,2021
26-30,11-20,3,3,0,1,20.0,2021
26-30,11-20,3,3,1,0,2217.0,2021
26-30,11-20,3,4,0,0,204.0,2021
26-30,11-20,3,4,0,1,11.0,2021
26-30,11-20,4,0,0,0,,2021
26-30,11-20,4,1,0,0,34.0,2021
26-30,11-20,4,2,0,0,107.0,2021
26-30,11-20,4,2,0,1,,2021
26-30,11-20,4,3,0,0,155.0,2021
26-30,11-20,4,3,0,1,32.0,2021
26-30,11-20,4,4,0,0,312.0,2021
26-30,11-20,4,4,0,1,21.0,2021
26-30,11-20,4,4,1,0,2176.0,2021
26-30,3-5,1,1,0,0,278.0,2021
26-30,3-5,1,1,1,0,3290.0,2021
26-30,3-5,1,2,0,0,329.0,2021
26-30,3-5,1,2,0,1,13.0,2021
26-30,3-5,1,3,0,0,145.0,2021
26-30,3-5,1,3,0,1,6.0,2021
26-30,3-5,1,4,0,0,159.0,2021
26-30,3-5,1,4,0,1,6.0,2021
26-30,3-5,2,1,0,0,287.0,2021
26-30,3-5,2,1,0,1,,2021
26-30,3-5,2,2,0,0,1287.0,2021
26-30,3-5,2,2,0,1,17.0,2021
26-30,3-5,2,2,1,0,12114.0,2021
26-30,3-5,2,3,0,0,527.0,2021
26-30,3-5,2,3,0,1,130.0,2021
26-30,3-5,2,4,0,0,618.0,2021
26-30,3-5,2,4,0,1,22.0,2021
26-30,3-5,3,1,0,0,63.0,2021
26-30,3-5,3,1,0,1,,2021
26-30,3-5,3,2,0,0,356.0,2021
26-30,3-5,3,2,0,1,16.0,2021
26-30,3-5,3,3,0,0,883.0,2021
26-30,3-5,3,3,0,1,95.0,2021
26-30,3-5,3,3,1,0,13268.0,2021
26-30,3-5,3,4,0,0,1320.0,2021
26-30,3-5,3,4,0,1,50.0,2021
26-30,3-5,4,1,0,0,50.0,2021
26-30,3-5,4,1,0,1,,2021
26-30,3-5,4,2,0,0,284.0,2021
26-30,3-5,4,2,0,1,24.0,2021
26-30,3-5,4,3,0,0,910.0,2021
26-30,3-5,4,3,0,1,214.0,2021
26-30,3-5,4,4,0,0,3760.0,2021
26-30,3-5,4,4,0,1,233.0,2021
26-30,3-5,4,4,1,0,22973.0,2021
26-30,6-10,0,0,1,0,,2021
26-30,6-10,0,1,0,0,,2021
26-30,6-10,0,2,0,0,,2021
26-30,6-10,1,1,0,0,2666.0,2021
26-30,6-10,1,1,1,0,27422.0,2021
26-30,6-10,1,2,0,0,2055.0,2021
26-30,6-10,1,2,0,1,77.0,2021
26-30,6-10,1,3,0,0,609.0,2021
26-30,6-10,1,3,0,1,61.0,2021
26-30,6-10,1,4,0,0,469.0,2021
26-30,6-10,1,4,0,1,12.0,2021
26-30,6-10,2,1,0,0,2270.0,2021
26-30,6-10,2,2,0,0,3936.0,2021
26-30,6-10,2,2,0,1,66.0,2021
26-30,6-10,2,2,1,0,42188.0,2021
26-30,6-10,2,3,0,0,1389.0,2021
26-30,6-10,2,3,0,1,216.0,2021
26-30,6-10,2,4,0,0,1204.0,2021
26-30,6-10,2,4,0,1,71.0,2021
26-30,6-10,3,1,0,0,308.0,2021
26-30,6-10,3,2,0,0,843.0,2021
26-30,6-10,3,2,0,1,39.0,2021
26-30,6-10,3,3,0,0,821.0,2021
26-30,6-10,3,3,0,1,113.0,2021
26-30,6-10,3,3,1,0,11338.0,2021
26-30,6-10,3,4,0,0,1064.0,2021
26-30,6-10,3,4,0,1,68.0,2021
26-30,6-10,4,1,0,0,148.0,2021
26-30,6-10,4,2,0,0,452.0,2021
26-30,6-10,4,2,0,1,17.0,2021
26-30,6-10,4,3,0,0,845.0,2021
26-30,6-10,4,3,0,1,167.0,2021
26-30,6-10,4,4,0,0,2048.0,2021
26-30,6-10,4,4,0,1,119.0,2021
26-30,6-10,4,4,1,0,13709.0,2021
26-30,na,1,1,0,0,929.0,2021
26-30,na,1,1,1,0,6990.0,2021
26-30,na,1,2,0,0,796.0,2021
26-30,na,1,2,0,1,21.0,2021
26-30,na,1,3,0,0,84.0,2021
26-30,na,1,3,0,1,9.0,2021
26-30,na,1,4,0,0,66.0,2021
26-30,na,1,4,0,1,,2021
26-30,na,2,1,0,0,750.0,2021
26-30,na,2,2,0,0,1393.0,2021
26-30,na,2,2,0,1,9.0,2021
26-30,na,2,2,1,0,11151.0,2021
26-30,na,2,3,0,0,175.0,2021
26-30,na,2,3,0,1,19.0,2021
26-30,na,2,4,0,0,199.0,2021
26-30,na,2,4,0,1,7.0,2021
26-30,na,3,1,0,0,48.0,2021
26-30,na,3,2,0,0,176.0,2021
26-30,na,3,2,0,1,6.0,2021
26-30,na,3,3,0,0,213.0,2021
26-30,na,3,3,0,1,6.0,2021
26-30,na,3,3,1,0,1562.0,2021
26-30,na,3,4,0,0,209.0,2021
26-30,na,3,4,0,1,7.0,2021
26-30,na,4,1,0,0,25.0,2021
26-30,na,4,2,0,0,71.0,2021
26-30,na,4,2,0,1,,2021
26-30,na,4,3,0,0,120.0,2021
26-30,na,4,3,0,1,18.0,2021
26-30,na,4,4,0,0,610.0,2021
26-30,na,4,4,0,1,27.0,2021
26-30,na,4,4,1,0,3508.0,2021
31-34,0-2,1,1,0,0,125.0,2021
31-34,0-2,1,1,1,0,1617.0,2021
31-34,0-2,1,2,0,0,326.0,2021
31-34,0-2,1,2,0,1,,2021
31-34,0-2,1,3,0,0,142.0,2021
31-34,0-2,1,3,0,1,7.0,2021
31-34,0-2,1,4,0,0,169.0,2021
31-34,0-2,1,4,0,1,,2021
31-34,0-2,2,1,0,0,199.0,2021
31-34,0-2,2,2,0,0,878.0,2021
31-34,0-2,2,2,0,1,,2021
31-34,0-2,2,2,1,0,7251.0,2021
31-34,0-2,2,3,0,0,604.0,2021
31-34,0-2,2,3,0,1,82.0,2021
31-34,0-2,2,4,0,0,541.0,2021
31-34,0-2,2,4,0,1,7.0,2021
31-34,0-2,3,1,0,0,51.0,2021
31-34,0-2,3,2,0,0,235.0,2021
31-34,0-2,3,2,0,1,6.0,2021
31-34,0-2,3,3,0,0,672.0,2021
31-34,0-2,3,3,0,1,42.0,2021
31-34,0-2,3,3,1,0,5751.0,2021
31-34,0-2,3,4,0,0,640.0,2021
31-34,0-2,3,4,0,1,14.0,2021
31-34,0-2,4,1,0,0,29.0,2021
31-34,0-2,4,2,0,0,164.0,2021
31-34,0-2,4,2,0,1,,2021
31-34,0-2,4,3,0,0,491.0,2021
31-34,0-2,4,3,0,1,55.0,2021
31-34,0-2,4,4,0,0,1344.0,2021
31-34,0-2,4,4,0,1,51.0,2021
31-34,0-2,4,4,1,0,8620.0,2021
31-34,11-20,0,0,1,0,,2021
31-34,11-20,0,1,0,0,,2021
31-34,11-20,0,2,0,0,,2021
31-34,11-20,1,1,0,0,2076.0,2021
31-34,11-20,1,1,0,1,,2021
31-34,11-20,1,1,1,0,25631.0,2021
31-34,11-20,1,2,0,0,1641.0,2021
31-34,11-20,1,2,0,1,67.0,2021
31-34,11-20,1,3,0,0,534.0,2021
31-34,11-20,1,3,0,1,79.0,2021
31-34,11-20,1,4,0,0,396.0,2021
31-34,11-20,1,4,0,1,18.0,2021
31-34,11-20,2,1,0,0,1500.0,2021
31-34,11-20,2,1,0,1,,2021
31-34,11-20,2,2,0,0,2950.0,2021
31-34,11-20,2,2,0,1,74.0,2021
31-34,11-20,2,2,1,0,37059.0,2021
31-34,11-20,2,3,0,0,1024.0,2021
31-34,11-20,2,3,0,1,260.0,2021
31-34,11-20,2,4,0,0,858.0,2021
31-34,11-20,2,4,0,1,47.0,2021
31-34,11-20,3,1,0,0,246.0,2021
31-34,11-20,3,2,0,0,721.0,2021
31-34,11-20,3,2,0,1,36.0,2021
31-34,11-20,3,3,0,0,610.0,2021
31-34,11-20,3,3,0,1,122.0,2021
31-34,11-20,3,3,1,0,10122.0,2021
31-34,11-20,3,4,0,0,853.0,2021
31-34,11-20,3,4,0,1,85.0,2021
31-34,11-20,4,1,0,0,155.0,2021
31-34,11-20,4,2,0,0,346.0,2021
31-34,11-20,4,2,0,1,22.0,2021
31-34,11-20,4,3,0,0,603.0,2021
31-34,11-20,4,3,0,1,176.0,2021
31-34,11-20,4,4,0,0,1561.0,2021
31-34,11-20,4,4,0,1,123.0,2021
31-34,11-20,4,4,1,0,11027.0,2021
31-34,21+,1,1,0,0,,2021
31-34,21+,1,1,1,0,22.0,2021
31-34,21+,1,2,0,0,,2021
31-34,21+,1,4,0,0,,2021
31-34,21+,2,2,1,0,22.0,2021
31-34,21+,2,3,0,1,,2021
31-34,21+,3,1,0,0,,2021
31-34,21+,4,4,1,0,,2021
31-34,3-5,0,4,0,0,,2021
31-34,3-5,1,1,0,0,124.0,2021
31-34,3-5,1,1,1,0,1830.0,2021
31-34,3-5,1,2,0,0,155.0,2021
31-34,3-5,1,2,0,1,6.0,2021
31-34,3-5,1,3,0,0,88.0,2021
31-34,3-5,1,3,0,1,5.0,2021
31-34,3-5,1,4,0,0,62.0,2021
31-34,3-5,1,4,0,1,,2021
31-34,3-5,2,1,0,0,137.0,2021
31-34,3-5,2,1,0,1,,2021
31-34,3-5,2,2,0,0,691.0,2021
31-34,3-5,2,2,0,1,7.0,2021
31-34,3-5,2,2,1,0,7154.0,2021
31-34,3-5,2,3,0,0,310.0,2021
31-34,3-5,2,3,0,1,99.0,2021
31-34,3-5,2,4,0,0,303.0,2021
31-34,3-5,2,4,0,1,8.0,2021
31-34,3-5,3,1,0,0,29.0,2021
31-34,3-5,3,2,0,0,175.0,2021
31-34,3-5,3,2,0,1,10.0,2021
31-34,3-5,3,3,0,0,610.0,2021
31-34,3-5,3,3,0,1,72.0,2021
31-34,3-5,3,3,1,0,8700.0,2021
31-34,3-5,3,4,0,0,729.0,2021
31-34,3-5,3,4,0,1,30.0,2021
31-34,3-5,4,1,0,0,27.0,2021
31-34,3-5,4,1,0,1,,2021
31-34,3-5,4,2,0,0,155.0,2021
31-34,3-5,4,2,0,1,9.0,2021
31-34,3-5,4,3,0,0,554.0,2021
31-34,3-5,4,3,0,1,105.0,2021
31-34,3-5,4,4,0,0,2100.0,2021
31-34,3-5,4,4,0,1,117.0,2021
31-34,3-5,4,4,1,0,14365.0,2021
31-34,6-10,0,3,0,0,,2021
31-34,6-10,1,1,0,0,343.0,2021
31-34,6-10,1,1,0,1,,2021
31-34,6-10,1,1,1,0,4233.0,2021
31-34,6-10,1,2,0,0,382.0,2021
31-34,6-10,1,2,0,1,14.0,2021
31-34,6-10,1,3,0,0,146.0,2021
31-34,6-10,1,3,0,1,12.0,2021
31-34,6-10,1,4,0,0,115.0,2021
31-34,6-10,1,4,0,1,6.0,2021
31-34,6-10,2,1,0,0,309.0,2021
31-34,6-10,2,2,0,0,1251.0,2021
31-34,6-10,2,2,0,1,26.0,2021
31-34,6-10,2,2,1,0,13531.0,2021
31-34,6-10,2,3,0,0,549.0,2021
31-34,6-10,2,3,0,1,166.0,2021
31-34,6-10,2,4,0,0,640.0,2021
31-34,6-10,2,4,0,1,29.0,2021
31-34,6-10,3,1,0,0,63.0,2021
31-34,6-10,3,1,0,1,,2021
31-34,6-10,3,2,0,0,449.0,2021
31-34,6-10,3,2,0,1,27.0,2021
31-34,6-10,3,3,0,0,1215.0,2021
31-34,6-10,3,3,0,1,207.0,2021
31-34,6-10,3,3,1,0,18265.0,2021
31-34,6-10,3,4,0,0,1560.0,2021
31-34,6-10,3,4,0,1,73.0,2021
31-34,6-10,4,1,0,0,61.0,2021
31-34,6-10,4,1,0,1,,2021
31-34,6-10,4,2,0,0,306.0,2021
31-34,6-10,4,2,0,1,14.0,2021
31-34,6-10,4,3,0,0,1077.0,2021
31-34,6-10,4,3,0,1,357.0,2021
31-34,6-10,4,4,0,0,3881.0,2021
31-34,6-10,4,4,0,1,404.0,2021
31-34,6-10,4,4,1,0,29052.0,2021
31-34,na,0,1,0,0,,2021
31-34,na,1,1,0,0,813.0,2021
31-34,na,1,1,1,0,8197.0,2021
31-34,na,1,2,0,0,737.0,2021
31-34,na,1,2,0,1,21.0,2021
31-34,na,1,3,0,0,107.0,2021
31-34,na,1,3,0,1,12.0,2021
31-34,na,1,4,0,0,75.0,2021
31-34,na,2,1,0,0,660.0,2021
31-34,na,2,2,0,0,1167.0,2021
31-34,na,2,2,0,1,11.0,2021
31-34,na,2,2,1,0,12329.0,2021
31-34,na,2,3,0,0,233.0,2021
31-34,na,2,3,0,1,31.0,2021
31-34,na,2,4,0,0,215.0,2021
31-34,na,2,4,0,1,,2021
31-34,na,3,1,0,0,78.0,2021
31-34,na,3,2,0,0,197.0,2021
31-34,na,3,2,0,1,,2021
31-34,na,3,3,0,0,290.0,2021
31-34,na,3,3,0,1,11.0,2021
31-34,na,3,3,1,0,2491.0,2021
31-34,na,3,4,0,0,211.0,2021
31-34,na,3,4,0,1,6.0,2021
31-34,na,4,1,0,0,34.0,2021
31-34,na,4,2,0,0,80.0,2021
31-34,na,4,2,0,1,,2021
31-34,na,4,3,0,0,159.0,2021
31-34,na,4,3,0,1,39.0,2021
31-34,na,4,4,0,0,804.0,2021
31-34,na,4,4,0,1,50.0,2021
31-34,na,4,4,1,0,4010.0,2021
35-40,0-2,1,1,0,0,115.0,2021
35-40,0-2,1,1,1,0,1468.0,2021
35-40,0-2,1,2,0,0,290.0,2021
35-40,0-2,1,2,0,1,,2021
35-40,0-2,1,3,0,0,87.0,2021
35-40,0-2,1,3,0,1,6.0,2021
35-40,0-2,1,4,0,0,100.0,2021
35-40,0-2,1,4,0,1,,2021
35-40,0-2,2,1,0,0,161.0,2021
35-40,0-2,2,2,0,0,736.0,2021
35-40,0-2,2,2,0,1,5.0,2021
35-40,0-2,2,2,1,0,6363.0,2021
35-40,0-2,2,3,0,0,438.0,2021
35-40,0-2,2,3,0,1,91.0,2021
35-40,0-2,2,4,0,0,398.0,2021
35-40,0-2,2,4,0,1,10.0,2021
35-40,0-2,3,1,0,0,34.0,2021
35-40,0-2,3,2,0,0,187.0,2021
35-40,0-2,3,2,0,1,,2021
35-40,0-2,3,3,0,0,483.0,2021
35-40,0-2,3,3,0,1,52.0,2021
35-40,0-2,3,3,1,0,4966.0,2021
35-40,0-2,3,4,0,0,509.0,2021
35-40,0-2,3,4,0,1,20.0,2021
35-40,0-2,4,1,0,0,28.0,2021
35-40,0-2,4,2,0,0,140.0,2021
35-40,0-2,4,2,0,1,,2021
35-40,0-2,4,3,0,0,325.0,2021
35-40,0-2,4,3,0,1,62.0,2021
35-40,0-2,4,4,0,0,855.0,2021
35-40,0-2,4,4,0,1,40.0,2021
35-40,0-2,4,4,1,0,6432.0,2021
35-40,11-20,0,0,1,0,11.0,2021
35-40,11-20,0,1,0,0,,2021
35-40,11-20,0,3,0,0,,2021
35-40,11-20,1,1,0,0,2175.0,2021
35-40,11-20,1,1,0,1,,2021
35-40,11-20,1,1,1,0,31200.0,2021
35-40,11-20,1,2,0,0,1703.0,2021
35-40,11-20,1,2,0,1,77.0,2021
35-40,11-20,1,3,0,0,591.0,2021
35-40,11-20,1,3,0,1,103.0,2021
35-40,11-20,1,4,0,0,465.0,2021
35-40,11-20,1,4,0,1,46.0,2021
35-40,11-20,2,1,0,0,1657.0,2021
35-40,11-20,2,1,0,1,,2021
35-40,11-20,2,2,0,0,3563.0,2021
35-40,11-20,2,2,0,1,115.0,2021
35-40,11-20,2,2,1,0,52476.0,2021
35-40,11-20,2,3,0,0,1596.0,2021
35-40,11-20,2,3,0,1,423.0,2021
35-40,11-20,2,4,0,0,1342.0,2021
35-40,11-20,2,4,0,1,125.0,2021
35-40,11-20,3,1,0,0,305.0,2021
35-40,11-20,3,2,0,0,1132.0,2021
35-40,11-20,3,2,0,1,63.0,2021
35-40,11-20,3,3,0,0,1841.0,2021
35-40,11-20,3,3,0,1,468.0,2021
35-40,11-20,3,3,1,0,33302.0,2021
35-40,11-20,3,4,0,0,2655.0,2021
35-40,11-20,3,4,0,1,233.0,2021
35-40,11-20,4,0,0,1,,2021
35-40,11-20,4,1,0,0,203.0,2021
35-40,11-20,4,1,0,1,,2021
35-40,11-20,4,2,0,0,672.0,2021
35-40,11-20,4,2,0,1,54.0,2021
35-40,11-20,4,3,0,0,1841.0,2021
35-40,11-20,4,3,0,1,833.0,2021
35-40,11-20,4,4,0,0,5747.0,2021
35-40,11-20,4,4,0,1,708.0,2021
35-40,11-20,4,4,1,0,50543.0,2021
35-40,21+,1,1,0,0,470.0,2021
35-40,21+,1,1,1,0,7264.0,2021
35-40,21+,1,2,0,0,361.0,2021
35-40,21+,1,2,0,1,20.0,2021
35-40,21+,1,3,0,0,114.0,2021
35-40,21+,1,3,0,1,20.0,2021
35-40,21+,1,4,0,0,67.0,2021
35-40,21+,1,4,0,1,,2021
35-40,21+,2,1,0,0,320.0,2021
35-40,21+,2,2,0,0,590.0,2021
35-40,21+,2,2,0,1,22.0,2021
35-40,21+,2,2,1,0,8954.0,2021
35-40,21+,2,3,0,0,214.0,2021
35-40,21+,2,3,0,1,50.0,2021
35-40,21+,2,4,0,0,146.0,2021
35-40,21+,2,4,0,1,14.0,2021
35-40,21+,3,1,0,0,53.0,2021
35-40,21+,3,2,0,0,165.0,2021
35-40,21+,3,2,0,1,11.0,2021
35-40,21+,3,3,0,0,160.0,2021
35-40,21+,3,3,0,1,34.0,2021
35-40,21+,3,3,1,0,2706.0,2021
35-40,21+,3,4,0,0,152.0,2021
35-40,21+,3,4,0,1,22.0,2021
35-40,21+,4,1,0,0,34.0,2021
35-40,21+,4,2,0,0,66.0,2021
35-40,21+,4,2,0,1,,2021
35-40,21+,4,3,0,0,154.0,2021
35-40,21+,4,3,0,1,55.0,2021
35-40,21+,4,4,0,0,331.0,2021
35-40,21+,4,4,0,1,37.0,2021
35-40,21+,4,4,1,0,2800.0,2021
35-40,3-5,0,0,1,0,,2021
35-40,3-5,1,1,0,0,114.0,2021
35-40,3-5,1,1,1,0,1578.0,2021
35-40,3-5,1,2,0,0,126.0,2021
35-40,3-5,1,2,0,1,,2021
35-40,3-5,1,3,0,0,35.0,2021
35-40,3-5,1,3,0,1,,2021
35-40,3-5,1,4,0,0,40.0,2021
35-40,3-5,1,4,0,1,,2021
35-40,3-5,2,1,0,0,108.0,2021
35-40,3-5,2,1,0,1,,2021
35-40,3-5,2,2,0,0,535.0,2021
35-40,3-5,2,2,0,1,5.0,2021
35-40,3-5,2,2,1,0,5961.0,2021
35-40,3-5,2,3,0,0,188.0,2021
35-40,3-5,2,3,0,1,82.0,2021
35-40,3-5,2,4,0,0,235.0,2021
35-40,3-5,2,4,0,1,10.0,2021
35-40,3-5,3,1,0,0,28.0,2021
35-40,3-5,3,2,0,0,158.0,2021
35-40,3-5,3,2,0,1,8.0,2021
35-40,3-5,3,3,0,0,394.0,2021
35-40,3-5,3,3,0,1,83.0,2021
35-40,3-5,3,3,1,0,5831.0,2021
35-40,3-5,3,4,0,0,439.0,2021
35-40,3-5,3,4,0,1,23.0,2021
35-40,3-5,4,1,0,0,19.0,2021
35-40,3-5,4,2,0,0,93.0,2021
35-40,3-5,4,2,0,1,,2021
35-40,3-5,4,3,0,0,364.0,2021
35-40,3-5,4,3,0,1,89.0,2021
35-40,3-5,4,4,0,0,1111.0,2021
35-40,3-5,4,4,0,1,75.0,2021
35-40,3-5,4,4,1,0,8824.0,2021
35-40,6-10,1,1,0,0,226.0,2021
35-40,6-10,1,1,1,0,3357.0,2021
35-40,6-10,1,2,0,0,244.0,2021
35-40,6-10,1,2,0,1,11.0,2021
35-40,6-10,1,3,0,0,104.0,2021
35-40,6-10,1,3,0,1,16.0,2021
35-40,6-10,1,4,0,0,84.0,2021
35-40,6-10,1,4,0,1,7.0,2021
35-40,6-10,2,1,0,0,213.0,2021
35-40,6-10,2,1,0,1,,2021
35-40,6-10,2,2,0,0,941.0,2021
35-40,6-10,2,2,0,1,11.0,2021
35-40,6-10,2,2,1,0,12377.0,2021
35-40,6-10,2,3,0,0,452.0,2021
35-40,6-10,2,3,0,1,187.0,2021
35-40,6-10,2,4,0,0,511.0,2021
35-40,6-10,2,4,0,1,23.0,2021
35-40,6-10,3,0,0,0,,2021
35-40,6-10,3,1,0,0,57.0,2021
35-40,6-10,3,2,0,0,386.0,2021
35-40,6-10,3,2,0,1,17.0,2021
35-40,6-10,3,3,0,0,1461.0,2021
35-40,6-10,3,3,0,1,214.0,2021
35-40,6-10,3,3,1,0,18293.0,2021
35-40,6-10,3,4,0,0,1425.0,2021
35-40,6-10,3,4,0,1,74.0,2021
35-40,6-10,4,0,0,0,,2021
35-40,6-10,4,1,0,0,54.0,2021
35-40,6-10,4,1,0,1,,2021
35-40,6-10,4,2,0,0,269.0,2021
35-40,6-10,4,2,0,1,19.0,2021
35-40,6-10,4,3,0,0,1036.0,2021
35-40,6-10,4,3,0,1,426.0,2021
35-40,6-10,4,4,0,0,3472.0,2021
35-40,6-10,4,4,0,1,354.0,2021
35-40,6-10,4,4,1,0,30361.0,2021
35-40,na,1,1,0,0,1169.0,2021
35-40,na,1,1,1,0,13865.0,2021
35-40,na,1,2,0,0,958.0,2021
35-40,na,1,2,0,1,27.0,2021
35-40,na,1,3,0,0,154.0,2021
35-40,na,1,3,0,1,24.0,2021
35-40,na,1,4,0,0,88.0,2021
35-40,na,1,4,0,1,8.0,2021
35-40,na,2,1,0,0,922.0,2021
35-40,na,2,2,0,0,1612.0,2021
35-40,na,2,2,0,1,22.0,2021
35-40,na,2,2,1,0,19484.0,2021
35-40,na,2,3,0,0,273.0,2021
35-40,na,2,3,0,1,53.0,2021
35-40,na,2,4,0,0,234.0,2021
35-40,na,2,4,0,1,13.0,2021
35-40,na,3,1,0,0,95.0,2021
35-40,na,3,2,0,0,277.0,2021
35-40,na,3,2,0,1,7.0,2021
35-40,na,3,3,0,0,414.0,2021
35-40,na,3,3,0,1,58.0,2021
35-40,na,3,3,1,0,6111.0,2021
35-40,na,3,4,0,0,219.0,2021
35-40,na,3,4,0,1,18.0,2021
35-40,na,4,1,0,0,53.0,2021
35-40,na,4,2,0,0,120.0,2021
35-40,na,4,3,0,0,214.0,2021
35-40,na,4,3,0,1,62.0,2021
35-40,na,4,4,0,0,830.0,2021
35-40,na,4,4,0,1,64.0,2021
35-40,na,4,4,1,0,5077.0,2021
41-49,0-2,0,0,1,0,,2021
41-49,0-2,1,1,0,0,100.0,2021
41-49,0-2,1,1,1,0,1291.0,2021
41-49,0-2,1,2,0,0,242.0,2021
41-49,0-2,1,2,0,1,5.0,2021
41-49,0-2,1,3,0,0,54.0,2021
41-49,0-2,1,3,0,1,,2021
41-49,0-2,1,4,0,0,66.0,2021
41-49,0-2,1,4,0,1,,2021
41-49,0-2,2,1,0,0,139.0,2021
41-49,0-2,2,2,0,0,565.0,2021
41-49,0-2,2,2,0,1,,2021
41-49,0-2,2,2,1,0,5261.0,2021
41-49,0-2,2,3,0,0,361.0,2021
41-49,0-2,2,3,0,1,87.0,2021
41-49,0-2,2,4,0,0,245.0,2021
41-49,0-2,2,4,0,1,9.0,2021
41-49,0-2,3,1,0,0,15.0,2021
41-49,0-2,3,2,0,0,195.0,2021
41-49,0-2,3,2,0,1,,2021
41-49,0-2,3,3,0,0,403.0,2021
41-49,0-2,3,3,0,1,62.0,2021
41-49,0-2,3,3,1,0,5139.0,2021
41-49,0-2,3,4,0,0,363.0,2021
41-49,0-2,3,4,0,1,12.0,2021
41-49,0-2,4,1,0,0,20.0,2021
41-49,0-2,4,2,0,0,124.0,2021
41-49,0-2,4,2,0,1,,2021
41-49,0-2,4,3,0,0,299.0,2021
41-49,0-2,4,3,0,1,62.0,2021
41-49,0-2,4,4,0,0,543.0,2021
41-49,0-2,4,4,0,1,38.0,2021
41-49,0-2,4,4,1,0,5254.0,2021
41-49,11-20,0,0,1,0,9.0,2021
41-49,11-20,0,3,0,1,,2021
41-49,11-20,0,4,0,0,,2021
41-49,11-20,1,1,0,0,436.0,2021
41-49,11-20,1,1,0,1,,2021
41-49,11-20,1,1,1,0,8420.0,2021
41-49,11-20,1,2,0,0,467.0,2021
41-49,11-20,1,2,0,1,13.0,2021
41-49,11-20,1,3,0,0,195.0,2021
41-49,11-20,1,3,0,1,21.0,2021
41-49,11-20,1,4,0,0,175.0,2021
41-49,11-20,1,4,0,1,12.0,2021
41-49,11-20,2,0,0,0,,2021
41-49,11-20,2,1,0,0,421.0,2021
41-49,11-20,2,1,0,1,,2021
41-49,11-20,2,2,0,0,1757.0,2021
41-49,11-20,2,2,0,1,40.0,2021
41-49,11-20,2,2,1,0,27412.0,2021
41-49,11-20,2,3,0,0,881.0,2021
41-49,11-20,2,3,0,1,296.0,2021
41-49,11-20,2,4,0,0,916.0,2021
41-49,11-20,2,4,0,1,77.0,2021
41-49,11-20,3,0,0,0,,2021
41-49,11-20,3,1,0,0,117.0,2021
41-49,11-20,3,1,0,1,,2021
41-49,11-20,3,2,0,0,832.0,2021
41-49,11-20,3,2,0,1,33.0,2021
41-49,11-20,3,3,0,0,2381.0,2021
41-49,11-20,3,3,0,1,433.0,2021
41-49,11-20,3,3,1,0,44422.0,2021
41-49,11-20,3,4,0,0,3146.0,2021
41-49,11-20,3,4,0,1,228.0,2021
41-49,11-20,4,0,0,1,,2021
41-49,11-20,4,1,0,0,95.0,2021
41-49,11-20,4,1,0,1,,2021
41-49,11-20,4,2,0,0,552.0,2021
41-49,11-20,4,2,0,1,68.0,2021
41-49,11-20,4,3,0,0,2425.0,2021
41-49,11-20,4,3,0,1,1127.0,2021
41-49,11-20,4,4,0,0,7449.0,2021
41-49,11-20,4,4,0,1,1183.0,2021
41-49,11-20,4,4,1,0,79883.0,2021
41-49,21+,0,0,1,0,12.0,2021
41-49,21+,0,1,0,0,,2021
41-49,21+,0,3,0,0,,2021
41-49,21+,1,1,0,0,2955.0,2021
41-49,21+,1,1,0,1,,2021
41-49,21+,1,1,1,0,54639.0,2021
41-49,21+,1,2,0,0,2255.0,2021
41-49,21+,1,2,0,1,74.0,2021
41-49,21+,1,3,0,0,720.0,2021
41-49,21+,1,3,0,1,142.0,2021
41-49,21+,1,4,0,0,511.0,2021
41-49,21+,1,4,0,1,40.0,2021
41-49,21+,2,1,0,0,2366.0,2021
41-49,21+,2,1,0,1,,2021
41-49,21+,2,2,0,0,4053.0,2021
41-49,21+,2,2,0,1,170.0,2021
41-49,21+,2,2,1,0,77307.0,2021
41-49,21+,2,3,0,0,1749.0,2021
41-49,21+,2,3,0,1,471.0,2021
41-49,21+,2,4,0,0,1291.0,2021
41-49,21+,2,4,0,1,147.0,2021
41-49,21+,3,1,0,0,485.0,2021
41-49,21+,3,2,0,0,1444.0,2021
41-49,21+,3,2,0,1,77.0,2021
41-49,21+,3,3,0,0,2150.0,2021
41-49,21+,3,3,0,1,376.0,2021
41-49,21+,3,3,1,0,44054.0,2021
41-49,21+,3,4,0,0,2682.0,2021
41-49,21+,3,4,0,1,251.0,2021
41-49,21+,4,1,0,0,238.0,2021
41-49,21+,4,1,0,1,,2021
41-49,21+,4,2,0,0,756.0,2021
41-49,21+,4,2,0,1,70.0,2021
41-49,21+,4,3,0,0,2086.0,2021
41-49,21+,4,3,0,1,779.0,2021
41-49,21+,4,4,0,0,6239.0,2021
41-49,21+,4,4,0,1,705.0,2021
41-49,21+,4,4,1,0,62266.0,2021
41-49,3-5,0,4,0,0,,2021
41-49,3-5,1,1,0,0,83.0,2021
41-49,3-5,1,1,1,0,1538.0,2021
41-49,3-5,1,2,0,0,120.0,2021
41-49,3-5,1,3,0,0,35.0,2021
41-49,3-5,1,3,0,1,,2021
41-49,3-5,1,4,0,0,27.0,2021
41-49,3-5,1,4,0,1,,2021
41-49,3-5,2,1,0,0,87.0,2021
41-49,3-5,2,2,0,0,452.0,2021
41-49,3-5,2,2,0,1,6.0,2021
41-49,3-5,2,2,1,0,5205.0,2021
41-49,3-5,2,3,0,0,122.0,2021
41-49,3-5,2,3,0,1,67.0,2021
41-49,3-5,2,4,0,0,114.0,2021
41-49,3-5,2,4,0,1,,2021
41-49,3-5,3,1,0,0,26.0,2021
41-49,3-5,3,2,0,0,137.0,2021
41-49,3-5,3,2,0,1,6.0,2021
41-49,3-5,3,3,0,0,271.0,2021
41-49,3-5,3,3,0,1,61.0,2021
41-49,3-5,3,3,1,0,5550.0,2021
41-49,3-5,3,4,0,0,289.0,2021
41-49,3-5,3,4,0,1,9.0,2021
41-49,3-5,4,1,0,0,14.0,2021
41-49,3-5,4,2,0,0,73.0,2021
41-49,3-5,4,2,0,1,,2021
41-49,3-5,4,3,0,0,240.0,2021
41-49,3-5,4,3,0,1,69.0,2021
41-49,3-5,4,4,0,0,567.0,2021
41-49,3-5,4,4,0,1,38.0,2021
41-49,3-5,4,4,1,0,5971.0,2021
41-49,6-10,1,1,0,0,150.0,2021
41-49,6-10,1,1,1,0,2754.0,2021
41-49,6-10,1,2,0,0,163.0,2021
41-49,6-10,1,2,0,1,7.0,2021
41-49,6-10,1,3,0,0,61.0,2021
41-49,6-10,1,3,0,1,6.0,2021
41-49,6-10,1,4,0,0,53.0,2021
41-49,6-10,1,4,0,1,,2021
41-49,6-10,2,1,0,0,160.0,2021
41-49,6-10,2,1,0,1,,2021
41-49,6-10,2,2,0,0,772.0,2021
41-49,6-10,2,2,0,1,7.0,2021
41-49,6-10,2,2,1,0,9687.0,2021
41-49,6-10,2,3,0,0,267.0,2021
41-49,6-10,2,3,0,1,108.0,2021
41-49,6-10,2,4,0,0,225.0,2021
41-49,6-10,2,4,0,1,6.0,2021
41-49,6-10,3,1,0,0,38.0,2021
41-49,6-10,3,2,0,0,264.0,2021
41-49,6-10,3,2,0,1,6.0,2021
41-49,6-10,3,3,0,0,762.0,2021
41-49,6-10,3,3,0,1,119.0,2021
41-49,6-10,3,3,1,0,12712.0,2021
41-49,6-10,3,4,0,0,763.0,2021
41-49,6-10,3,4,0,1,31.0,2021
41-49,6-10,4,1,0,0,45.0,2021
41-49,6-10,4,2,0,0,141.0,2021
41-49,6-10,4,2,0,1,10.0,2021
41-49,6-10,4,3,0,0,554.0,2021
41-49,6-10,4,3,0,1,182.0,2021
41-49,6-10,4,4,0,0,1459.0,2021
41-49,6-10,4,4,0,1,164.0,2021
41-49,6-10,4,4,1,0,16629.0,2021
41-49,na,0,0,1,0,,2021
41-49,na,1,1,0,0,1529.0,2021
41-49,na,1,1,1,0,26878.0,2021
41-49,na,1,2,0,0,1191.0,2021
41-49,na,1,2,0,1,23.0,2021
41-49,na,1,3,0,0,205.0,2021
41-49,na,1,3,0,1,25.0,2021
41-49,na,1,4,0,0,103.0,2021
41-49,na,1,4,0,1,,2021
41-49,na,2,1,0,0,1240.0,2021
41-49,na,2,2,0,0,2151.0,2021
41-49,na,2,2,0,1,25.0,2021
41-49,na,2,2,1,0,34372.0,2021
41-49,na,2,3,0,0,444.0,2021
41-49,na,2,3,0,1,70.0,2021
41-49,na,2,4,0,0,304.0,2021
41-49,na,2,4,0,1,21.0,2021
41-49,na,3,0,0,0,,2021
41-49,na,3,1,0,0,157.0,2021
41-49,na,3,2,0,0,421.0,2021
41-49,na,3,2,0,1,12.0,2021
41-49,na,3,3,0,0,582.0,2021
41-49,na,3,3,0,1,125.0,2021
41-49,na,3,3,1,0,11512.0,2021
41-49,na,3,4,0,0,382.0,2021
41-49,na,3,4,0,1,36.0,2021
41-49,na,4,1,0,0,70.0,2021
41-49,na,4,2,0,0,161.0,2021
41-49,na,4,2,0,1,7.0,2021
41-49,na,4,3,0,0,288.0,2021
41-49,na,4,3,0,1,93.0,2021
41-49,na,4,4,0,0,910.0,2021
41-49,na,4,4,0,1,88.0,2021
41-49,na,4,4,1,0,7992.0,2021
50+,0-2,0,4,0,0,,2021
50+,0-2,1,1,0,0,36.0,2021
50+,0-2,1,1,1,0,756.0,2021
50+,0-2,1,2,0,0,90.0,2021
50+,0-2,1,2,0,1,,2021
50+,0-2,1,3,0,0,27.0,2021
50+,0-2,1,3,0,1,,2021
50+,0-2,1,4,0,0,19.0,2021
50+,0-2,2,1,0,0,63.0,2021
50+,0-2,2,2,0,0,237.0,2021
50+,0-2,2,2,1,0,2700.0,2021
50+,0-2,2,3,0,0,131.0,2021
50+,0-2,2,3,0,1,25.0,2021
50+,0-2,2,4,0,0,104.0,2021
50+,0-2,2,4,0,1,,2021
50+,0-2,3,1,0,0,9.0,2021
50+,0-2,3,2,0,0,96.0,2021
50+,0-2,3,3,0,0,141.0,2021
50+,0-2,3,3,0,1,33.0,2021
50+,0-2,3,3,1,0,2929.0,2021
50+,0-2,3,4,0,0,175.0,2021
50+,0-2,3,4,0,1,5.0,2021
50+,0-2,4,1,0,0,9.0,2021
50+,0-2,4,2,0,0,46.0,2021
50+,0-2,4,2,0,1,,2021
50+,0-2,4,3,0,0,175.0,2021
50+,0-2,4,3,0,1,25.0,2021
50+,0-2,4,4,0,0,229.0,2021
50+,0-2,4,4,0,1,19.0,2021
50+,0-2,4,4,1,0,3024.0,2021
50+,11-20,0,3,0,0,,2021
50+,11-20,0,4,0,0,,2021
50+,11-20,1,1,0,0,268.0,2021
50+,11-20,1,1,1,0,6417.0,2021
50+,11-20,1,2,0,0,248.0,2021
50+,11-20,1,2,0,1,,2021
50+,11-20,1,3,0,0,101.0,2021
50+,11-20,1,3,0,1,9.0,2021
50+,11-20,1,4,0,0,85.0,2021
50+,11-20,1,4,0,1,,2021
50+,11-20,2,1,0,0,275.0,2021
50+,11-20,2,1,0,1,,2021
50+,11-20,2,2,0,0,1373.0,2021
50+,11-20,2,2,0,1,8.0,2021
50+,11-20,2,2,1,0,23973.0,2021
50+,11-20,2,3,0,0,426.0,2021
50+,11-20,2,3,0,1,174.0,2021
50+,11-20,2,4,0,0,369.0,2021
50+,11-20,2,4,0,1,13.0,2021
50+,11-20,3,1,0,0,77.0,2021
50+,11-20,3,2,0,0,549.0,2021
50+,11-20,3,2,0,1,6.0,2021
50+,11-20,3,3,0,0,1120.0,2021
50+,11-20,3,3,0,1,179.0,2021
50+,11-20,3,3,1,0,27879.0,2021
50+,11-20,3,4,0,0,1176.0,2021
50+,11-20,3,4,0,1,49.0,2021
50+,11-20,4,1,0,0,60.0,2021
50+,11-20,4,2,0,0,274.0,2021
50+,11-20,4,2,0,1,19.0,2021
50+,11-20,4,3,0,0,889.0,2021
50+,11-20,4,3,0,1,259.0,2021
50+,11-20,4,4,0,0,2120.0,2021
50+,11-20,4,4,0,1,229.0,2021
50+,11-20,4,4,1,0,36822.0,2021
50+,21+,0,0,1,0,40.0,2021
50+,21+,0,1,0,0,,2021
50+,21+,0,2,0,0,,2021
50+,21+,0,3,0,0,,2021
50+,21+,1,1,0,0,4610.0,2021
50+,21+,1,1,0,1,,2021
50+,21+,1,1,1,0,118908.0,2021
50+,21+,1,2,0,0,3028.0,2021
50+,21+,1,2,0,1,55.0,2021
50+,21+,1,3,0,0,880.0,2021
50+,21+,1,3,0,1,148.0,2021
50+,21+,1,4,0,0,647.0,2021
50+,21+,1,4,0,1,54.0,2021
50+,21+,2,0,0,1,,2021
50+,21+,2,1,0,0,3274.0,2021
50+,21+,2,1,0,1,11.0,2021
50+,21+,2,2,0,0,6667.0,2021
50+,21+,2,2,0,1,131.0,2021
50+,21+,2,2,1,0,168370.0,2021
50+,21+,2,3,0,0,2704.0,2021
50+,21+,2,3,0,1,558.0,2021
50+,21+,2,4,0,0,1674.0,2021
50+,21+,2,4,0,1,145.0,2021
50+,21+,3,1,0,0,842.0,2021
50+,21+,3,1,0,1,,2021
50+,21+,3,2,0,0,2739.0,2021
50+,21+,3,2,0,1,85.0,2021
50+,21+,3,3,0,0,4456.0,2021
50+,21+,3,3,0,1,573.0,2021
50+,21+,3,3,1,0,122305.0,2021
50+,21+,3,4,0,0,5214.0,2021
50+,21+,3,4,0,1,347.0,2021
50+,21+,4,0,0,1,,2021
50+,21+,4,1,0,0,582.0,2021
50+,21+,4,1,0,1,,2021
50+,21+,4,2,0,0,1587.0,2021
50+,21+,4,2,0,1,89.0,2021
50+,21+,4,3,0,0,4065.0,2021
50+,21+,4,3,0,1,1276.0,2021
50+,21+,4,4,0,0,11996.0,2021
50+,21+,4,4,0,1,1220.0,2021
50+,21+,4,4,1,0,175833.0,2021
50+,3-5,1,1,0,0,43.0,2021
50+,3-5,1,1,1,0,977.0,2021
50+,3-5,1,2,0,0,49.0,2021
50+,3-5,1,3,0,0,24.0,2021
50+,3-5,1,3,0,1,,2021
50+,3-5,1,4,0,0,11.0,2021
50+,3-5,2,1,0,0,72.0,2021
50+,3-5,2,2,0,0,248.0,2021
50+,3-5,2,2,0,1,,2021
50+,3-5,2,2,1,0,3427.0,2021
50+,3-5,2,3,0,0,61.0,2021
50+,3-5,2,3,0,1,23.0,2021
50+,3-5,2,4,0,0,54.0,2021
50+,3-5,2,4,0,1,5.0,2021
50+,3-5,3,1,0,0,15.0,2021
50+,3-5,3,2,0,0,79.0,2021
50+,3-5,3,3,0,0,140.0,2021
50+,3-5,3,3,0,1,35.0,2021
50+,3-5,3,3,1,0,3680.0,2021
50+,3-5,3,4,0,0,161.0,2021
50+,3-5,3,4,0,1,,2021
50+,3-5,4,1,0,0,9.0,2021
50+,3-5,4,2,0,0,44.0,2021
50+,3-5,4,2,0,1,,2021
50+,3-5,4,3,0,0,145.0,2021
50+,3-5,4,3,0,1,25.0,2021
50+,3-5,4,4,0,0,220.0,2021
50+,3-5,4,4,0,1,17.0,2021
50+,3-5,4,4,1,0,3656.0,2021
50+,6-10,0,0,1,0,,2021
50+,6-10,1,1,0,0,83.0,2021
50+,6-10,1,1,1,0,2287.0,2021
50+,6-10,1,2,0,0,117.0,2021
50+,6-10,1,2,0,1,,2021
50+,6-10,1,3,0,0,40.0,2021
50+,6-10,1,3,0,1,,2021
50+,6-10,1,4,0,0,28.0,2021
50+,6-10,1,4,0,1,,2021
50+,6-10,2,1,0,0,88.0,2021
50+,6-10,2,2,0,0,519.0,2021
50+,6-10,2,2,0,1,,2021
50+,6-10,2,2,1,0,7852.0,2021
50+,6-10,2,3,0,0,151.0,2021
50+,6-10,2,3,0,1,54.0,2021
50+,6-10,2,4,0,0,114.0,2021
50+,6-10,2,4,0,1,6.0,2021
50+,6-10,3,1,0,0,30.0,2021
50+,6-10,3,2,0,0,166.0,2021
50+,6-10,3,2,0,1,,2021
50+,6-10,3,3,0,0,345.0,2021
50+,6-10,3,3,0,1,67.0,2021
50+,6-10,3,3,1,0,9369.0,2021
50+,6-10,3,4,0,0,356.0,2021
50+,6-10,3,4,0,1,14.0,2021
50+,6-10,4,1,0,0,16.0,2021
50+,6-10,4,2,0,0,107.0,2021
50+,6-10,4,2,0,1,,2021
50+,6-10,4,3,0,0,282.0,2021
50+,6-10,4,3,0,1,74.0,2021
50+,6-10,4,4,0,0,523.0,2021
50+,6-10,4,4,0,1,49.0,2021
50+,6-10,4,4,1,0,9485.0,2021
50+,na,0,0,1,0,,2021
50+,na,0,1,0,0,,2021
50+,na,0,2,0,0,,2021
50+,na,1,1,0,0,2861.0,2021
50+,na,1,1,1,0,76837.0,2021
50+,na,1,2,0,0,1887.0,2021
50+,na,1,2,0,1,18.0,2021
50+,na,1,3,0,0,343.0,2021
50+,na,1,3,0,1,43.0,2021
50+,na,1,4,0,0,269.0,2021
50+,na,1,4,0,1,12.0,2021
50+,na,2,1,0,0,1973.0,2021
50+,na,2,1,0,1,,2021
50+,na,2,2,0,0,3493.0,2021
50+,na,2,2,0,1,38.0,2021
50+,na,2,2,1,0,91611.0,2021
50+,na,2,3,0,0,794.0,2021
50+,na,2,3,0,1,125.0,2021
50+,na,2,4,0,0,525.0,2021
50+,na,2,4,0,1,31.0,2021
50+,na,3,1,0,0,368.0,2021
50+,na,3,2,0,0,735.0,2021
50+,na,3,2,0,1,17.0,2021
50+,na,3,3,0,0,1008.0,2021
50+,na,3,3,0,1,136.0,2021
50+,na,3,3,1,0,26382.0,2021
50+,na,3,4,0,0,862.0,2021
50+,na,3,4,0,1,60.0,2021
50+,na,4,1,0,0,189.0,2021
50+,na,4,2,0,0,407.0,2021
50+,na,4,2,0,1,19.0,2021
50+,na,4,3,0,0,649.0,2021
50+,na,4,3,0,1,124.0,2021
50+,na,4,4,0,0,1719.0,2021
50+,na,4,4,0,1,115.0,2021
50+,na,4,4,1,0,26524.0,2021
22-25,0-2,0,0,1,0,,2022
22-25,0-2,1,1,0,0,1012.0,2022
22-25,0-2,1,1,0,1,,2022
22-25,0-2,1,1,1,0,7334.0,2022
22-25,0-2,1,2,0,0,2144.0,2022
22-25,0-2,1,2,0,1,28.0,2022
22-25,0-2,1,3,0,0,569.0,2022
22-25,0-2,1,3,0,1,14.0,2022
22-25,0-2,1,4,0,0,641.0,2022
22-25,0-2,1,4,0,1,6.0,2022
22-25,0-2,2,1,0,0,1308.0,2022
22-25,0-2,2,2,0,0,3999.0,2022
22-25,0-2,2,2,0,1,,2022
22-25,0-2,2,2,1,0,22502.0,2022
22-25,0-2,2,3,0,0,1693.0,2022
22-25,0-2,2,3,0,1,61.0,2022
22-25,0-2,2,4,0,0,2156.0,2022
22-25,0-2,2,4,0,1,13.0,2022
22-25,0-2,3,1,0,0,188.0,2022
22-25,0-2,3,2,0,0,753.0,2022
22-25,0-2,3,2,0,1,,2022
22-25,0-2,3,3,0,0,942.0,2022
22-25,0-2,3,3,0,1,30.0,2022
22-25,0-2,3,3,1,0,7645.0,2022
22-25,0-2,3,4,0,0,1519.0,2022
22-25,0-2,3,4,0,1,14.0,2022
22-25,0-2,4,1,0,0,161.0,2022
22-25,0-2,4,2,0,0,537.0,2022
22-25,0-2,4,2,0,1,,2022
22-25,0-2,4,3,0,0,891.0,2022
22-25,0-2,4,3,0,1,51.0,2022
22-25,0-2,4,4,0,0,3022.0,2022
22-25,0-2,4,4,0,1,45.0,2022
22-25,0-2,4,4,1,0,12796.0,2022
22-25,11-20,1,1,1,0,8.0,2022
22-25,11-20,2,2,0,0,,2022
22-25,11-20,2,2,1,0,12.0,2022
22-25,11-20,4,4,1,0,,2022
22-25,3-5,0,0,1,0,,2022
22-25,3-5,1,1,0,0,2038.0,2022
22-25,3-5,1,1,1,0,15966.0,2022
22-25,3-5,1,2,0,0,1891.0,2022
22-25,3-5,1,2,0,1,55.0,2022
22-25,3-5,1,3,0,0,346.0,2022
22-25,3-5,1,3,0,1,20.0,2022
22-25,3-5,1,4,0,0,294.0,2022
22-25,3-5,1,4,0,1,,2022
22-25,3-5,2,1,0,0,1676.0,2022
22-25,3-5,2,2,0,0,3184.0,2022
22-25,3-5,2,2,0,1,20.0,2022
22-25,3-5,2,2,1,0,26361.0,2022
22-25,3-5,2,3,0,0,780.0,2022
22-25,3-5,2,3,0,1,34.0,2022
22-25,3-5,2,4,0,0,697.0,2022
22-25,3-5,2,4,0,1,16.0,2022
22-25,3-5,3,1,0,0,236.0,2022
22-25,3-5,3,2,0,0,586.0,2022
22-25,3-5,3,2,0,1,10.0,2022
22-25,3-5,3,3,0,0,336.0,2022
22-25,3-5,3,3,0,1,30.0,2022
22-25,3-5,3,3,1,0,4273.0,2022
22-25,3-5,3,4,0,0,460.0,2022
22-25,3-5,3,4,0,1,13.0,2022
22-25,3-5,4,1,0,0,149.0,2022
22-25,3-5,4,2,0,0,351.0,2022
22-25,3-5,4,2,0,1,,2022
22-25,3-5,4,3,0,0,394.0,2022
22-25,3-5,4,3,0,1,23.0,2022
22-25,3-5,4,4,0,0,658.0,2022
22-25,3-5,4,4,0,1,14.0,2022
22-25,3-5,4,4,1,0,4342.0,2022
22-25,6-10,1,1,0,0,725.0,2022
22-25,6-10,1,1,1,0,5872.0,2022
22-25,6-10,1,2,0,0,658.0,2022
22-25,6-10,1,2,0,1,25.0,2022
22-25,6-10,1,3,0,0,138.0,2022
22-25,6-10,1,3,0,1,5.0,2022
22-25,6-10,1,4,0,0,90.0,2022
22-25,6-10,1,4,0,1,,2022
22-25,6-10,2,1,0,0,524.0,2022
22-25,6-10,2,2,0,0,1042.0,2022
22-25,6-10,2,2,0,1,13.0,2022
22-25,6-10,2,2,1,0,9295.0,2022
22-25,6-10,2,3,0,0,231.0,2022
22-25,6-10,2,3,0,1,11.0,2022
22-25,6-10,2,4,0,0,196.0,2022
22-25,6-10,2,4,0,1,,2022
22-25,6-10,3,1,0,0,76.0,2022
22-25,6-10,3,2,0,0,179.0,2022
22-25,6-10,3,2,0,1,6.0,2022
22-25,6-10,3,3,0,0,122.0,2022
22-25,6-10,3,3,0,1,11.0,2022
22-25,6-10,3,3,1,0,1480.0,2022
22-25,6-10,3,4,0,0,126.0,2022
22-25,6-10,3,4,0,1,,2022
22-25,6-10,4,1,0,0,40.0,2022
22-25,6-10,4,2,0,0,99.0,2022
22-25,6-10,4,3,0,0,135.0,2022
22-25,6-10,4,3,0,1,19.0,2022
22-25,6-10,4,4,0,0,197.0,2022
22-25,6-10,4,4,0,1,5.0,2022
22-25,6-10,4,4,1,0,1391.0,2022
22-25,na,1,1,0,0,407.0,2022
22-25,na,1,1,1,0,2836.0,2022
22-25,na,1,2,0,0,434.0,2022
22-25,na,1,2,0,1,11.0,2022
22-25,na,1,3,0,0,24.0,2022
22-25,na,1,3,0,1,,2022
22-25,na,1,4,0,0,16.0,2022
22-25,na,2,1,0,0,345.0,2022
22-25,na,2,2,0,0,662.0,2022
22-25,na,2,2,0,1,,2022
22-25,na,2,2,1,0,4584.0,2022
22-25,na,2,3,0,0,55.0,2022
22-25,na,2,3,0,1,,2022
22-25,na,2,4,0,0,33.0,2022
22-25,na,3,1,0,0,25.0,2022
22-25,na,3,2,0,0,63.0,2022
22-25,na,3,3,0,0,19.0,2022
22-25,na,3,3,1,0,232.0,2022
22-25,na,3,4,0,0,31.0,2022
22-25,na,3,4,0,1,,2022
22-25,na,4,1,0,0,8.0,2022
22-25,na,4,2,0,0,21.0,2022
22-25,na,4,3,0,0,19.0,2022
22-25,na,4,4,0,0,82.0,2022
22-25,na,4,4,0,1,,2022
22-25,na,4,4,1,0,615.0,2022
26-30,0-2,0,0,1,0,,2022
26-30,0-2,1,1,0,0,556.0,2022
26-30,0-2,1,1,1,0,4849.0,2022
26-30,0-2,1,2,0,0,1193.0,2022
26-30,0-2,1,2,0,1,20.0,2022
26-30,0-2,1,3,0,0,418.0,2022
26-30,0-2,1,3,0,1,22.0,2022
26-30,0-2,1,4,0,0,474.0,2022
26-30,0-2,1,4,0,1,8.0,2022
26-30,0-2,2,1,0,0,630.0,2022
26-30,0-2,2,1,0,1,,2022
26-30,0-2,2,2,0,0,2647.0,2022
26-30,0-2,2,2,0,1,10.0,2022
26-30,0-2,2,2,1,0,19331.0,2022
26-30,0-2,2,3,0,0,1441.0,2022
26-30,0-2,2,3,0,1,99.0,2022
26-30,0-2,2,4,0,0,1609.0,2022
26-30,0-2,2,4,0,1,18.0,2022
26-30,0-2,3,1,0,0,136.0,2022
26-30,0-2,3,2,0,0,724.0,2022
26-30,0-2,3,2,0,1,5.0,2022
26-30,0-2,3,3,0,0,2347.0,2022
26-30,0-2,3,3,0,1,67.0,2022
26-30,0-2,3,3,1,0,14664.0,2022
26-30,0-2,3,4,0,0,1959.0,2022
26-30,0-2,3,4,0,1,42.0,2022
26-30,0-2,4,0,0,1,,2022
26-30,0-2,4,1,0,0,119.0,2022
26-30,0-2,4,2,0,0,518.0,2022
26-30,0-2,4,2,0,1,11.0,2022
26-30,0-2,4,3,0,0,1374.0,2022
26-30,0-2,4,3,0,1,122.0,2022
26-30,0-2,4,4,0,0,4581.0,2022
26-30,0-2,4,4,0,1,112.0,2022
26-30,0-2,4,4,1,0,27558.0,2022
26-30,11-20,0,0,1,0,,2022
26-30,11-20,1,1,0,0,688.0,2022
26-30,11-20,1,1,1,0,7573.0,2022
26-30,11-20,1,2,0,0,582.0,2022
26-30,11-20,1,2,0,1,14.0,2022
26-30,11-20,1,3,0,0,129.0,2022
26-30,11-20,1,3,0,1,17.0,2022
26-30,11-20,1,4,0,0,95.0,2022
26-30,11-20,1,4,0,1,6.0,2022
26-30,11-20,2,1,0,0,444.0,2022
26-30,11-20,2,2,0,0,895.0,2022
26-30,11-20,2,2,0,1,18.0,2022
26-30,11-20,2,2,1,0,10012.0,2022
26-30,11-20,2,3,0,0,249.0,2022
26-30,11-20,2,3,0,1,35.0,2022
26-30,11-20,2,4,0,0,213.0,2022
26-30,11-20,2,4,0,1,14.0,2022
26-30,11-20,3,1,0,0,63.0,2022
26-30,11-20,3,2,0,0,171.0,2022
26-30,11-20,3,2,0,1,6.0,2022
26-30,11-20,3,3,0,0,138.0,2022
26-30,11-20,3,3,0,1,18.0,2022
26-30,11-20,3,3,1,0,2324.0,2022
26-30,11-20,3,4,0,0,157.0,2022
26-30,11-20,3,4,0,1,10.0,2022
26-30,11-20,4,1,0,0,39.0,2022
26-30,11-20,4,2,0,0,77.0,2022
26-30,11-20,4,2,0,1,,2022
26-30,11-20,4,3,0,0,146.0,2022
26-30,11-20,4,3,0,1,21.0,2022
26-30,11-20,4,4,0,0,311.0,2022
26-30,11-20,4,4,0,1,16.0,2022
26-30,11-20,4,4,1,0,2339.0,2022
26-30,3-5,0,0,1,0,,2022
26-30,3-5,1,1,0,0,356.0,2022
26-30,3-5,1,1,1,0,3917.0,2022
26-30,3-5,1,2,0,0,438.0,2022
26-30,3-5,1,2,0,1,18.0,2022
26-30,3-5,1,3,0,0,133.0,2022
26-30,3-5,1,3,0,1,7.0,2022
26-30,3-5,1,4,0,0,102.0,2022
26-30,3-5,1,4,0,1,6.0,2022
26-30,3-5,2,1,0,0,321.0,2022
26-30,3-5,2,1,0,1,5.0,2022
26-30,3-5,2,2,0,0,1442.0,2022
26-30,3-5,2,2,0,1,14.0,2022
26-30,3-5,2,2,1,0,13513.0,2022
26-30,3-5,2,3,0,0,465.0,2022
26-30,3-5,2,3,0,1,119.0,2022
26-30,3-5,2,4,0,0,519.0,2022
26-30,3-5,2,4,0,1,22.0,2022
26-30,3-5,3,0,0,0,,2022
26-30,3-5,3,1,0,0,64.0,2022
26-30,3-5,3,2,0,0,368.0,2022
26-30,3-5,3,2,0,1,11.0,2022
26-30,3-5,3,3,0,0,884.0,2022
26-30,3-5,3,3,0,1,84.0,2022
26-30,3-5,3,3,1,0,13406.0,2022
26-30,3-5,3,4,0,0,1166.0,2022
26-30,3-5,3,4,0,1,43.0,2022
26-30,3-5,4,0,0,1,,2022
26-30,3-5,4,1,0,0,44.0,2022
26-30,3-5,4,1,0,1,,2022
26-30,3-5,4,2,0,0,277.0,2022
26-30,3-5,4,2,0,1,12.0,2022
26-30,3-5,4,3,0,0,766.0,2022
26-30,3-5,4,3,0,1,190.0,2022
26-30,3-5,4,4,0,0,3373.0,2022
26-30,3-5,4,4,0,1,152.0,2022
26-30,3-5,4,4,1,0,24616.0,2022
26-30,6-10,0,0,1,0,,2022
26-30,6-10,0,1,0,0,,2022
26-30,6-10,1,1,0,0,2611.0,2022
26-30,6-10,1,1,0,1,,2022
26-30,6-10,1,1,1,0,26694.0,2022
26-30,6-10,1,2,0,0,2163.0,2022
26-30,6-10,1,2,0,1,69.0,2022
26-30,6-10,1,3,0,0,545.0,2022
26-30,6-10,1,3,0,1,35.0,2022
26-30,6-10,1,4,0,0,381.0,2022
26-30,6-10,1,4,0,1,17.0,2022
26-30,6-10,2,1,0,0,1770.0,2022
26-30,6-10,2,1,0,1,,2022
26-30,6-10,2,2,0,0,3804.0,2022
26-30,6-10,2,2,0,1,91.0,2022
26-30,6-10,2,2,1,0,40763.0,2022
26-30,6-10,2,3,0,0,1089.0,2022
26-30,6-10,2,3,0,1,152.0,2022
26-30,6-10,2,4,0,0,964.0,2022
26-30,6-10,2,4,0,1,41.0,2022
26-30,6-10,3,0,0,0,,2022
26-30,6-10,3,1,0,0,283.0,2022
26-30,6-10,3,2,0,0,780.0,2022
26-30,6-10,3,2,0,1,40.0,2022
26-30,6-10,3,3,0,0,756.0,2022
26-30,6-10,3,3,0,1,102.0,2022
26-30,6-10,3,3,1,0,11295.0,2022
26-30,6-10,3,4,0,0,918.0,2022
26-30,6-10,3,4,0,1,64.0,2022
26-30,6-10,4,1,0,0,145.0,2022
26-30,6-10,4,1,0,1,,2022
26-30,6-10,4,2,0,0,414.0,2022
26-30,6-10,4,2,0,1,22.0,2022
26-30,6-10,4,3,0,0,686.0,2022
26-30,6-10,4,3,0,1,147.0,2022
26-30,6-10,4,4,0,0,1861.0,2022
26-30,6-10,4,4,0,1,118.0,2022
26-30,6-10,4,4,1,0,14417.0,2022
26-30,na,1,1,0,0,578.0,2022
26-30,na,1,1,1,0,5339.0,2022
26-30,na,1,2,0,0,500.0,2022
26-30,na,1,2,0,1,24.0,2022
26-30,na,1,3,0,0,57.0,2022
26-30,na,1,3,0,1,,2022
26-30,na,1,4,0,0,33.0,2022
26-30,na,2,1,0,0,413.0,2022
26-30,na,2,2,0,0,622.0,2022
26-30,na,2,2,0,1,,2022
26-30,na,2,2,1,0,6417.0,2022
26-30,na,2,3,0,0,99.0,2022
26-30,na,2,3,0,1,8.0,2022
26-30,na,2,4,0,0,77.0,2022
26-30,na,2,4,0,1,,2022
26-30,na,3,1,0,0,43.0,2022
26-30,na,3,2,0,0,80.0,2022
26-30,na,3,2,0,1,,2022
26-30,na,3,3,0,0,179.0,2022
26-30,na,3,3,0,1,5.0,2022
26-30,na,3,3,1,0,1234.0,2022
26-30,na,3,4,0,0,142.0,2022
26-30,na,3,4,0,1,,2022
26-30,na,4,1,0,0,16.0,2022
26-30,na,4,2,0,0,78.0,2022
26-30,na,4,2,0,1,,2022
26-30,na,4,3,0,0,110.0,2022
26-30,na,4,3,0,1,12.0,2022
26-30,na,4,4,0,0,523.0,2022
26-30,na,4,4,0,1,16.0,2022
26-30,na,4,4,1,0,3791.0,2022
31-34,0-2,0,0,1,0,,2022
31-34,0-2,1,1,0,0,249.0,2022
31-34,0-2,1,1,1,0,2763.0,2022
31-34,0-2,1,2,0,0,529.0,2022
31-34,0-2,1,2,0,1,5.0,2022
31-34,0-2,1,3,0,0,168.0,2022
31-34,0-2,1,3,0,1,8.0,2022
31-34,0-2,1,4,0,0,158.0,2022
31-34,0-2,1,4,0,1,,2022
31-34,0-2,2,1,0,0,323.0,2022
31-34,0-2,2,1,0,1,,2022
31-34,0-2,2,2,0,0,1444.0,2022
31-34,0-2,2,2,0,1,6.0,2022
31-34,0-2,2,2,1,0,10680.0,2022
31-34,0-2,2,3,0,0,647.0,2022
31-34,0-2,2,3,0,1,77.0,2022
31-34,0-2,2,4,0,0,575.0,2022
31-34,0-2,2,4,0,1,6.0,2022
31-34,0-2,3,1,0,0,65.0,2022
31-34,0-2,3,2,0,0,321.0,2022
31-34,0-2,3,2,0,1,,2022
31-34,0-2,3,3,0,0,713.0,2022
31-34,0-2,3,3,0,1,39.0,2022
31-34,0-2,3,3,1,0,6713.0,2022
31-34,0-2,3,4,0,0,729.0,2022
31-34,0-2,3,4,0,1,16.0,2022
31-34,0-2,4,0,0,1,,2022
31-34,0-2,4,1,0,0,37.0,2022
31-34,0-2,4,1,0,1,,2022
31-34,0-2,4,2,0,0,209.0,2022
31-34,0-2,4,2,0,1,,2022
31-34,0-2,4,3,0,0,513.0,2022
31-34,0-2,4,3,0,1,58.0,2022
31-34,0-2,4,4,0,0,1397.0,2022
31-34,0-2,4,4,0,1,47.0,2022
31-34,0-2,4,4,1,0,10156.0,2022
31-34,11-20,0,0,1,0,,2022
31-34,11-20,0,3,0,0,,2022
31-34,11-20,0,4,0,0,,2022
31-34,11-20,1,0,0,0,,2022
31-34,11-20,1,1,0,0,2243.0,2022
31-34,11-20,1,1,0,1,,2022
31-34,11-20,1,1,1,0,27657.0,2022
31-34,11-20,1,2,0,0,1807.0,2022
31-34,11-20,1,2,0,1,69.0,2022
31-34,11-20,1,3,0,0,516.0,2022
31-34,11-20,1,3,0,1,85.0,2022
31-34,11-20,1,4,0,0,366.0,2022
31-34,11-20,1,4,0,1,20.0,2022
31-34,11-20,2,1,0,0,1501.0,2022
31-34,11-20,2,2,0,0,3140.0,2022
31-34,11-20,2,2,0,1,87.0,2022
31-34,11-20,2,2,1,0,39327.0,2022
31-34,11-20,2,3,0,0,912.0,2022
31-34,11-20,2,3,0,1,210.0,2022
31-34,11-20,2,4,0,0,881.0,2022
31-34,11-20,2,4,0,1,69.0,2022
31-34,11-20,3,1,0,0,237.0,2022
31-34,11-20,3,2,0,0,684.0,2022
31-34,11-20,3,2,0,1,47.0,2022
31-34,11-20,3,3,0,0,615.0,2022
31-34,11-20,3,3,0,1,116.0,2022
31-34,11-20,3,3,1,0,11262.0,2022
31-34,11-20,3,4,0,0,900.0,2022
31-34,11-20,3,4,0,1,71.0,2022
31-34,11-20,4,1,0,0,134.0,2022
31-34,11-20,4,1,0,1,,2022
31-34,11-20,4,2,0,0,403.0,2022
31-34,11-20,4,2,0,1,20.0,2022
31-34,11-20,4,3,0,0,645.0,2022
31-34,11-20,4,3,0,1,192.0,2022
31-34,11-20,4,4,0,0,1563.0,2022
31-34,11-20,4,4,0,1,106.0,2022
31-34,11-20,4,4,1,0,12902.0,2022
31-34,21+,1,1,0,0,,2022
31-34,21+,1,1,1,0,14.0,2022
31-34,21+,2,2,0,0,,2022
31-34,21+,2,2,1,0,21.0,2022
31-34,21+,3,3,0,0,,2022
31-34,21+,3,3,1,0,,2022
31-34,21+,3,4,0,1,,2022
31-34,21+,4,4,1,0,,2022
31-34,3-5,0,0,1,0,,2022
31-34,3-5,1,1,0,0,169.0,2022
31-34,3-5,1,1,1,0,2417.0,2022
31-34,3-5,1,2,0,0,244.0,2022
31-34,3-5,1,2,0,1,5.0,2022
31-34,3-5,1,3,0,0,84.0,2022
31-34,3-5,1,3,0,1,6.0,2022
31-34,3-5,1,4,0,0,69.0,2022
31-34,3-5,1,4,0,1,,2022
31-34,3-5,2,1,0,0,168.0,2022
31-34,3-5,2,1,0,1,,2022
31-34,3-5,2,2,0,0,773.0,2022
31-34,3-5,2,2,0,1,5.0,2022
31-34,3-5,2,2,1,0,8984.0,2022
31-34,3-5,2,3,0,0,248.0,2022
31-34,3-5,2,3,0,1,87.0,2022
31-34,3-5,2,4,0,0,319.0,2022
31-34,3-5,2,4,0,1,8.0,2022
31-34,3-5,3,0,0,0,,2022
31-34,3-5,3,1,0,0,47.0,2022
31-34,3-5,3,2,0,0,256.0,2022
31-34,3-5,3,2,0,1,12.0,2022
31-34,3-5,3,3,0,0,663.0,2022
31-34,3-5,3,3,0,1,66.0,2022
31-34,3-5,3,3,1,0,9159.0,2022
31-34,3-5,3,4,0,0,727.0,2022
31-34,3-5,3,4,0,1,29.0,2022
31-34,3-5,4,1,0,0,28.0,2022
31-34,3-5,4,1,0,1,,2022
31-34,3-5,4,2,0,0,175.0,2022
31-34,3-5,4,2,0,1,8.0,2022
31-34,3-5,4,3,0,0,507.0,2022
31-34,3-5,4,3,0,1,118.0,2022
31-34,3-5,4,4,0,0,1865.0,2022
31-34,3-5,4,4,0,1,80.0,2022
31-34,3-5,4,4,1,0,15537.0,2022
31-34,6-10,1,1,0,0,418.0,2022
31-34,6-10,1,1,1,0,5266.0,2022
31-34,6-10,1,2,0,0,431.0,2022
31-34,6-10,1,2,0,1,12.0,2022
31-34,6-10,1,3,0,0,131.0,2022
31-34,6-10,1,3,0,1,12.0,2022
31-34,6-10,1,4,0,0,134.0,2022
31-34,6-10,1,4,0,1,6.0,2022
31-34,6-10,2,0,0,1,,2022
31-34,6-10,2,1,0,0,366.0,2022
31-34,6-10,2,1,0,1,,2022
31-34,6-10,2,2,0,0,1373.0,2022
31-34,6-10,2,2,0,1,17.0,2022
31-34,6-10,2,2,1,0,15754.0,2022
31-34,6-10,2,3,0,0,520.0,2022
31-34,6-10,2,3,0,1,157.0,2022
31-34,6-10,2,4,0,0,549.0,2022
31-34,6-10,2,4,0,1,28.0,2022
31-34,6-10,3,0,0,1,5.0,2022
31-34,6-10,3,1,0,0,97.0,2022
31-34,6-10,3,1,0,1,,2022
31-34,6-10,3,2,0,0,498.0,2022
31-34,6-10,3,2,0,1,17.0,2022
31-34,6-10,3,3,0,0,1265.0,2022
31-34,6-10,3,3,0,1,188.0,2022
31-34,6-10,3,3,1,0,19454.0,2022
31-34,6-10,3,4,0,0,1376.0,2022
31-34,6-10,3,4,0,1,90.0,2022
31-34,6-10,4,0,0,1,,2022
31-34,6-10,4,1,0,0,46.0,2022
31-34,6-10,4,1,0,1,,2022
31-34,6-10,4,2,0,0,330.0,2022
31-34,6-10,4,2,0,1,25.0,2022
31-34,6-10,4,3,0,0,965.0,2022
31-34,6-10,4,3,0,1,370.0,2022
31-34,6-10,4,4,0,0,3755.0,2022
31-34,6-10,4,4,0,1,330.0,2022
31-34,6-10,4,4,1,0,32336.0,2022
31-34,na,0,0,1,0,,2022
31-34,na,1,1,0,0,589.0,2022
31-34,na,1,1,1,0,6435.0,2022
31-34,na,1,2,0,0,494.0,2022
31-34,na,1,2,0,1,14.0,2022
31-34,na,1,3,0,0,64.0,2022
31-34,na,1,3,0,1,6.0,2022
31-34,na,1,4,0,0,45.0,2022
31-34,na,1,4,0,1,,2022
31-34,na,2,1,0,0,426.0,2022
31-34,na,2,2,0,0,591.0,2022
31-34,na,2,2,0,1,7.0,2022
31-34,na,2,2,1,0,7048.0,2022
31-34,na,2,3,0,0,115.0,2022
31-34,na,2,3,0,1,17.0,2022
31-34,na,2,4,0,0,87.0,2022
31-34,na,2,4,0,1,,2022
31-34,na,3,1,0,0,33.0,2022
31-34,na,3,2,0,0,99.0,2022
31-34,na,3,3,0,0,291.0,2022
31-34,na,3,3,0,1,12.0,2022
31-34,na,3,3,1,0,2150.0,2022
31-34,na,3,4,0,0,167.0,2022
31-34,na,3,4,0,1,6.0,2022
31-34,na,4,1,0,0,15.0,2022
31-34,na,4,2,0,0,111.0,2022
31-34,na,4,2,0,1,5.0,2022
31-34,na,4,3,0,0,126.0,2022
31-34,na,4,3,0,1,28.0,2022
31-34,na,4,4,0,0,671.0,2022
31-34,na,4,4,0,1,36.0,2022
31-34,na,4,4,1,0,4309.0,2022
35-40,0-2,1,1,0,0,201.0,2022
35-40,0-2,1,1,1,0,2668.0,2022
35-40,0-2,1,2,0,0,500.0,2022
35-40,0-2,1,2,0,1,,2022
35-40,0-2,1,3,0,0,114.0,2022
35-40,0-2,1,3,0,1,7.0,2022
35-40,0-2,1,4,0,0,113.0,2022
35-40,0-2,1,4,0,1,5.0,2022
35-40,0-2,2,1,0,0,358.0,2022
35-40,0-2,2,1,0,1,,2022
35-40,0-2,2,2,0,0,1406.0,2022
35-40,0-2,2,2,0,1,,2022
35-40,0-2,2,2,1,0,10882.0,2022
35-40,0-2,2,3,0,0,560.0,2022
35-40,0-2,2,3,0,1,89.0,2022
35-40,0-2,2,4,0,0,400.0,2022
35-40,0-2,2,4,0,1,9.0,2022
35-40,0-2,3,1,0,0,52.0,2022
35-40,0-2,3,2,0,0,302.0,2022
35-40,0-2,3,2,0,1,7.0,2022
35-40,0-2,3,3,0,0,535.0,2022
35-40,0-2,3,3,0,1,52.0,2022
35-40,0-2,3,3,1,0,5977.0,2022
35-40,0-2,3,4,0,0,515.0,2022
35-40,0-2,3,4,0,1,13.0,2022
35-40,0-2,4,0,0,0,,2022
35-40,0-2,4,0,0,1,,2022
35-40,0-2,4,1,0,0,34.0,2022
35-40,0-2,4,1,0,1,,2022
35-40,0-2,4,2,0,0,158.0,2022
35-40,0-2,4,2,0,1,,2022
35-40,0-2,4,3,0,0,352.0,2022
35-40,0-2,4,3,0,1,59.0,2022
35-40,0-2,4,4,0,0,943.0,2022
35-40,0-2,4,4,0,1,39.0,2022
35-40,0-2,4,4,1,0,7804.0,2022
35-40,11-20,0,0,1,0,8.0,2022
35-40,11-20,0,3,0,0,,2022
35-40,11-20,0,4,0,0,,2022
35-40,11-20,0,4,0,1,,2022
35-40,11-20,1,0,0,0,,2022
35-40,11-20,1,1,0,0,2251.0,2022
35-40,11-20,1,1,1,0,33793.0,2022
35-40,11-20,1,2,0,0,2170.0,2022
35-40,11-20,1,2,0,1,91.0,2022
35-40,11-20,1,3,0,0,534.0,2022
35-40,11-20,1,3,0,1,117.0,2022
35-40,11-20,1,4,0,0,433.0,2022
35-40,11-20,1,4,0,1,23.0,2022
35-40,11-20,2,0,0,0,,2022
35-40,11-20,2,1,0,0,1605.0,2022
35-40,11-20,2,1,0,1,9.0,2022
35-40,11-20,2,2,0,0,3782.0,2022
35-40,11-20,2,2,0,1,110.0,2022
35-40,11-20,2,2,1,0,57049.0,2022
35-40,11-20,2,3,0,0,1376.0,2022
35-40,11-20,2,3,0,1,421.0,2022
35-40,11-20,2,4,0,0,1322.0,2022
35-40,11-20,2,4,0,1,128.0,2022
35-40,11-20,3,0,0,0,,2022
35-40,11-20,3,1,0,0,335.0,2022
35-40,11-20,3,1,0,1,,2022
35-40,11-20,3,2,0,0,1128.0,2022
35-40,11-20,3,2,0,1,62.0,2022
35-40,11-20,3,3,0,0,1970.0,2022
35-40,11-20,3,3,0,1,430.0,2022
35-40,11-20,3,3,1,0,36126.0,2022
35-40,11-20,3,4,0,0,2497.0,2022
35-40,11-20,3,4,0,1,217.0,2022
35-40,11-20,4,0,0,1,,2022
35-40,11-20,4,1,0,0,175.0,2022
35-40,11-20,4,1,0,1,,2022
35-40,11-20,4,2,0,0,716.0,2022
35-40,11-20,4,2,0,1,76.0,2022
35-40,11-20,4,3,0,0,1774.0,2022
35-40,11-20,4,3,0,1,780.0,2022
35-40,11-20,4,4,0,0,5509.0,2022
35-40,11-20,4,4,0,1,632.0,2022
35-40,11-20,4,4,1,0,55056.0,2022
35-40,21+,1,1,0,0,492.0,2022
35-40,21+,1,1,1,0,6814.0,2022
35-40,21+,1,2,0,0,370.0,2022
35-40,21+,1,2,0,1,9.0,2022
35-40,21+,1,3,0,0,94.0,2022
35-40,21+,1,3,0,1,30.0,2022
35-40,21+,1,4,0,0,80.0,2022
35-40,21+,1,4,0,1,6.0,2022
35-40,21+,2,1,0,0,283.0,2022
35-40,21+,2,2,0,0,528.0,2022
35-40,21+,2,2,0,1,18.0,2022
35-40,21+,2,2,1,0,8312.0,2022
35-40,21+,2,3,0,0,183.0,2022
35-40,21+,2,3,0,1,42.0,2022
35-40,21+,2,4,0,0,145.0,2022
35-40,21+,2,4,0,1,10.0,2022
35-40,21+,3,1,0,0,53.0,2022
35-40,21+,3,2,0,0,137.0,2022
35-40,21+,3,2,0,1,11.0,2022
35-40,21+,3,3,0,0,147.0,2022
35-40,21+,3,3,0,1,38.0,2022
35-40,21+,3,3,1,0,2626.0,2022
35-40,21+,3,4,0,0,153.0,2022
35-40,21+,3,4,0,1,17.0,2022
35-40,21+,4,1,0,0,27.0,2022
35-40,21+,4,2,0,0,70.0,2022
35-40,21+,4,2,0,1,5.0,2022
35-40,21+,4,3,0,0,110.0,2022
35-40,21+,4,3,0,1,39.0,2022
35-40,21+,4,4,0,0,262.0,2022
35-40,21+,4,4,0,1,33.0,2022
35-40,21+,4,4,1,0,2698.0,2022
35-40,3-5,1,1,0,0,148.0,2022
35-40,3-5,1,1,1,0,2359.0,2022
35-40,3-5,1,2,0,0,227.0,2022
35-40,3-5,1,2,0,1,,2022
35-40,3-5,1,3,0,0,43.0,2022
35-40,3-5,1,3,0,1,6.0,2022
35-40,3-5,1,4,0,0,53.0,2022
35-40,3-5,1,4,0,1,,2022
35-40,3-5,2,0,0,0,,2022
35-40,3-5,2,1,0,0,186.0,2022
35-40,3-5,2,2,0,0,722.0,2022
35-40,3-5,2,2,0,1,5.0,2022
35-40,3-5,2,2,1,0,8685.0,2022
35-40,3-5,2,3,0,0,199.0,2022
35-40,3-5,2,3,0,1,87.0,2022
35-40,3-5,2,4,0,0,197.0,2022
35-40,3-5,2,4,0,1,11.0,2022
35-40,3-5,3,1,0,0,33.0,2022
35-40,3-5,3,1,0,1,,2022
35-40,3-5,3,2,0,0,173.0,2022
35-40,3-5,3,2,0,1,,2022
35-40,3-5,3,3,0,0,418.0,2022
35-40,3-5,3,3,0,1,60.0,2022
35-40,3-5,3,3,1,0,6297.0,2022
35-40,3-5,3,4,0,0,432.0,2022
35-40,3-5,3,4,0,1,21.0,2022
35-40,3-5,4,1,0,0,13.0,2022
35-40,3-5,4,1,0,1,,2022
35-40,3-5,4,2,0,0,123.0,2022
35-40,3-5,4,2,0,1,5.0,2022
35-40,3-5,4,3,0,0,338.0,2022
35-40,3-5,4,3,0,1,93.0,2022
35-40,3-5,4,4,0,0,1066.0,2022
35-40,3-5,4,4,0,1,58.0,2022
35-40,3-5,4,4,1,0,9511.0,2022
35-40,6-10,1,1,0,0,308.0,2022
35-40,6-10,1,1,1,0,4645.0,2022
35-40,6-10,1,2,0,0,352.0,2022
35-40,6-10,1,2,0,1,10.0,2022
35-40,6-10,1,3,0,0,118.0,2022
35-40,6-10,1,3,0,1,17.0,2022
35-40,6-10,1,4,0,0,110.0,2022
35-40,6-10,1,4,0,1,14.0,2022
35-40,6-10,2,1,0,0,279.0,2022
35-40,6-10,2,2,0,0,1239.0,2022
35-40,6-10,2,2,0,1,21.0,2022
35-40,6-10,2,2,1,0,15554.0,2022
35-40,6-10,2,3,0,0,425.0,2022
35-40,6-10,2,3,0,1,158.0,2022
35-40,6-10,2,4,0,0,490.0,2022
35-40,6-10,2,4,0,1,30.0,2022
35-40,6-10,3,1,0,0,57.0,2022
35-40,6-10,3,1,0,1,,2022
35-40,6-10,3,2,0,0,454.0,2022
35-40,6-10,3,2,0,1,19.0,2022
35-40,6-10,3,3,0,0,1384.0,2022
35-40,6-10,3,3,0,1,201.0,2022
35-40,6-10,3,3,1,0,18738.0,2022
35-40,6-10,3,4,0,0,1376.0,2022
35-40,6-10,3,4,0,1,89.0,2022
35-40,6-10,4,0,0,1,,2022
35-40,6-10,4,1,0,0,43.0,2022
35-40,6-10,4,1,0,1,,2022
35-40,6-10,4,2,0,0,254.0,2022
35-40,6-10,4,2,0,1,24.0,2022
35-40,6-10,4,3,0,0,927.0,2022
35-40,6-10,4,3,0,1,398.0,2022
35-40,6-10,4,4,0,0,3348.0,2022
35-40,6-10,4,4,0,1,346.0,2022
35-40,6-10,4,4,1,0,31509.0,2022
35-40,na,1,1,0,0,909.0,2022
35-40,na,1,1,1,0,11765.0,2022
35-40,na,1,2,0,0,672.0,2022
35-40,na,1,2,0,1,13.0,2022
35-40,na,1,3,0,0,99.0,2022
35-40,na,1,3,0,1,11.0,2022
35-40,na,1,4,0,0,46.0,2022
35-40,na,1,4,0,1,,2022
35-40,na,2,1,0,0,563.0,2022
35-40,na,2,2,0,0,768.0,2022
35-40,na,2,2,0,1,18.0,2022
35-40,na,2,2,1,0,10996.0,2022
35-40,na,2,3,0,0,168.0,2022
35-40,na,2,3,0,1,22.0,2022
35-40,na,2,4,0,0,117.0,2022
35-40,na,2,4,0,1,,2022
35-40,na,3,1,0,0,70.0,2022
35-40,na,3,2,0,0,156.0,2022
35-40,na,3,2,0,1,5.0,2022
35-40,na,3,3,0,0,408.0,2022
35-40,na,3,3,0,1,58.0,2022
35-40,na,3,3,1,0,5736.0,2022
35-40,na,3,4,0,0,193.0,2022
35-40,na,3,4,0,1,18.0,2022
35-40,na,4,1,0,0,25.0,2022
35-40,na,4,2,0,0,116.0,2022
35-40,na,4,2,0,1,,2022
35-40,na,4,3,0,0,171.0,2022
35-40,na,4,3,0,1,46.0,2022
35-40,na,4,4,0,0,741.0,2022
35-40,na,4,4,0,1,45.0,2022
35-40,na,4,4,1,0,5216.0,2022
41-49,0-2,0,3,0,0,,2022
41-49,0-2,0,4,0,0,,2022
41-49,0-2,1,1,0,0,206.0,2022
41-49,0-2,1,1,1,0,2543.0,2022
41-49,0-2,1,2,0,0,392.0,2022
41-49,0-2,1,2,0,1,,2022
41-49,0-2,1,3,0,0,85.0,2022
41-49,0-2,1,3,0,1,16.0,2022
41-49,0-2,1,4,0,0,65.0,2022
41-49,0-2,1,4,0,1,5.0,2022
41-49,0-2,2,0,0,1,,2022
41-49,0-2,2,1,0,0,313.0,2022
41-49,0-2,2,2,0,0,1299.0,2022
41-49,0-2,2,2,0,1,7.0,2022
41-49,0-2,2,2,1,0,9571.0,2022
41-49,0-2,2,3,0,0,380.0,2022
41-49,0-2,2,3,0,1,69.0,2022
41-49,0-2,2,4,0,0,266.0,2022
41-49,0-2,2,4,0,1,7.0,2022
41-49,0-2,3,1,0,0,39.0,2022
41-49,0-2,3,2,0,0,207.0,2022
41-49,0-2,3,2,0,1,,2022
41-49,0-2,3,3,0,0,377.0,2022
41-49,0-2,3,3,0,1,43.0,2022
41-49,0-2,3,3,1,0,5730.0,2022
41-49,0-2,3,4,0,0,409.0,2022
41-49,0-2,3,4,0,1,8.0,2022
41-49,0-2,4,1,0,0,21.0,2022
41-49,0-2,4,2,0,0,168.0,2022
41-49,0-2,4,2,0,1,5.0,2022
41-49,0-2,4,3,0,0,300.0,2022
41-49,0-2,4,3,0,1,51.0,2022
41-49,0-2,4,4,0,0,532.0,2022
41-49,0-2,4,4,0,1,31.0,2022
41-49,0-2,4,4,1,0,5958.0,2022
41-49,11-20,0,2,0,0,,2022
41-49,11-20,0,3,0,0,,2022
41-49,11-20,0,4,0,0,,2022
41-49,11-20,1,1,0,0,638.0,2022
41-49,11-20,1,1,0,1,,2022
41-49,11-20,1,1,1,0,11239.0,2022
41-49,11-20,1,2,0,0,656.0,2022
41-49,11-20,1,2,0,1,9.0,2022
41-49,11-20,1,3,0,0,232.0,2022
41-49,11-20,1,3,0,1,39.0,2022
41-49,11-20,1,4,0,0,168.0,2022
41-49,11-20,1,4,0,1,18.0,2022
41-49,11-20,2,0,0,1,,2022
41-49,11-20,2,1,0,0,541.0,2022
41-49,11-20,2,1,0,1,,2022
41-49,11-20,2,2,0,0,2051.0,2022
41-49,11-20,2,2,0,1,44.0,2022
41-49,11-20,2,2,1,0,33973.0,2022
41-49,11-20,2,3,0,0,793.0,2022
41-49,11-20,2,3,0,1,309.0,2022
41-49,11-20,2,4,0,0,923.0,2022
41-49,11-20,2,4,0,1,51.0,2022
41-49,11-20,3,0,0,1,,2022
41-49,11-20,3,1,0,0,165.0,2022
41-49,11-20,3,1,0,1,,2022
41-49,11-20,3,2,0,0,885.0,2022
41-49,11-20,3,2,0,1,45.0,2022
41-49,11-20,3,3,0,0,2442.0,2022
41-49,11-20,3,3,0,1,477.0,2022
41-49,11-20,3,3,1,0,47370.0,2022
41-49,11-20,3,4,0,0,3080.0,2022
41-49,11-20,3,4,0,1,219.0,2022
41-49,11-20,4,0,0,1,5.0,2022
41-49,11-20,4,1,0,0,108.0,2022
41-49,11-20,4,1,0,1,,2022
41-49,11-20,4,2,0,0,583.0,2022
41-49,11-20,4,2,0,1,59.0,2022
41-49,11-20,4,3,0,0,2187.0,2022
41-49,11-20,4,3,0,1,1094.0,2022
41-49,11-20,4,4,0,0,7191.0,2022
41-49,11-20,4,4,0,1,1082.0,2022
41-49,11-20,4,4,1,0,85050.0,2022
41-49,21+,0,0,1,0,8.0,2022
41-49,21+,0,1,0,0,,2022
41-49,21+,0,3,0,0,,2022
41-49,21+,0,4,0,0,,2022
41-49,21+,1,1,0,0,3099.0,2022
41-49,21+,1,1,1,0,55985.0,2022
41-49,21+,1,2,0,0,2563.0,2022
41-49,21+,1,2,0,1,85.0,2022
41-49,21+,1,3,0,0,708.0,2022
41-49,21+,1,3,0,1,132.0,2022
41-49,21+,1,4,0,0,480.0,2022
41-49,21+,1,4,0,1,42.0,2022
41-49,21+,2,0,0,0,,2022
41-49,21+,2,1,0,0,2028.0,2022
41-49,21+,2,1,0,1,,2022
41-49,21+,2,2,0,0,4343.0,2022
41-49,21+,2,2,0,1,176.0,2022
41-49,21+,2,2,1,0,79801.0,2022
41-49,21+,2,3,0,0,1531.0,2022
41-49,21+,2,3,0,1,397.0,2022
41-49,21+,2,4,0,0,1304.0,2022
41-49,21+,2,4,0,1,122.0,2022
41-49,21+,3,0,0,0,,2022
41-49,21+,3,1,0,0,460.0,2022
41-49,21+,3,1,0,1,,2022
41-49,21+,3,2,0,0,1362.0,2022
41-49,21+,3,2,0,1,90.0,2022
41-49,21+,3,3,0,0,2154.0,2022
41-49,21+,3,3,0,1,376.0,2022
41-49,21+,3,3,1,0,45443.0,2022
41-49,21+,3,4,0,0,2620.0,2022
41-49,21+,3,4,0,1,261.0,2022
41-49,21+,4,0,0,0,,2022
41-49,21+,4,0,0,1,,2022
41-49,21+,4,1,0,0,225.0,2022
41-49,21+,4,2,0,0,740.0,2022
41-49,21+,4,2,0,1,80.0,2022
41-49,21+,4,3,0,0,1949.0,2022
41-49,21+,4,3,0,1,746.0,2022
41-49,21+,4,4,0,0,5655.0,2022
41-49,21+,4,4,0,1,683.0,2022
41-49,21+,4,4,1,0,64066.0,2022
41-49,3-5,1,1,0,0,137.0,2022
41-49,3-5,1,1,1,0,2453.0,2022
41-49,3-5,1,2,0,0,165.0,2022
41-49,3-5,1,2,0,1,,2022
41-49,3-5,1,3,0,0,38.0,2022
41-49,3-5,1,3,0,1,5.0,2022
41-49,3-5,1,4,0,0,32.0,2022
41-49,3-5,1,4,0,1,,2022
41-49,3-5,2,1,0,0,149.0,2022
41-49,3-5,2,2,0,0,634.0,2022
41-49,3-5,2,2,0,1,,2022
41-49,3-5,2,2,1,0,8173.0,2022
41-49,3-5,2,3,0,0,132.0,2022
41-49,3-5,2,3,0,1,73.0,2022
41-49,3-5,2,4,0,0,114.0,2022
41-49,3-5,2,4,0,1,9.0,2022
41-49,3-5,3,1,0,0,33.0,2022
41-49,3-5,3,2,0,0,158.0,2022
41-49,3-5,3,2,0,1,,2022
41-49,3-5,3,3,0,0,317.0,2022
41-49,3-5,3,3,0,1,58.0,2022
41-49,3-5,3,3,1,0,5856.0,2022
41-49,3-5,3,4,0,0,294.0,2022
41-49,3-5,3,4,0,1,11.0,2022
41-49,3-5,4,0,0,1,,2022
41-49,3-5,4,1,0,0,19.0,2022
41-49,3-5,4,2,0,0,81.0,2022
41-49,3-5,4,2,0,1,,2022
41-49,3-5,4,3,0,0,239.0,2022
41-49,3-5,4,3,0,1,51.0,2022
41-49,3-5,4,4,0,0,509.0,2022
41-49,3-5,4,4,0,1,49.0,2022
41-49,3-5,4,4,1,0,6386.0,2022
41-49,6-10,0,0,1,0,,2022
41-49,6-10,1,1,0,0,276.0,2022
41-49,6-10,1,1,1,0,4397.0,2022
41-49,6-10,1,2,0,0,289.0,2022
41-49,6-10,1,2,0,1,6.0,2022
41-49,6-10,1,3,0,0,85.0,2022
41-49,6-10,1,3,0,1,12.0,2022
41-49,6-10,1,4,0,0,60.0,2022
41-49,6-10,1,4,0,1,,2022
41-49,6-10,2,1,0,0,238.0,2022
41-49,6-10,2,2,0,0,964.0,2022
41-49,6-10,2,2,0,1,9.0,2022
41-49,6-10,2,2,1,0,13693.0,2022
41-49,6-10,2,3,0,0,252.0,2022
41-49,6-10,2,3,0,1,112.0,2022
41-49,6-10,2,4,0,0,261.0,2022
41-49,6-10,2,4,0,1,19.0,2022
41-49,6-10,3,1,0,0,56.0,2022
41-49,6-10,3,2,0,0,308.0,2022
41-49,6-10,3,2,0,1,8.0,2022
41-49,6-10,3,3,0,0,731.0,2022
41-49,6-10,3,3,0,1,142.0,2022
41-49,6-10,3,3,1,0,12508.0,2022
41-49,6-10,3,4,0,0,717.0,2022
41-49,6-10,3,4,0,1,27.0,2022
41-49,6-10,4,1,0,0,43.0,2022
41-49,6-10,4,2,0,0,148.0,2022
41-49,6-10,4,2,0,1,5.0,2022
41-49,6-10,4,3,0,0,494.0,2022
41-49,6-10,4,3,0,1,164.0,2022
41-49,6-10,4,4,0,0,1269.0,2022
41-49,6-10,4,4,0,1,126.0,2022
41-49,6-10,4,4,1,0,16891.0,2022
41-49,na,0,0,1,0,,2022
41-49,na,0,3,0,0,,2022
41-49,na,1,1,0,0,1196.0,2022
41-49,na,1,1,1,0,20333.0,2022
41-49,na,1,2,0,0,793.0,2022
41-49,na,1,2,0,1,10.0,2022
41-49,na,1,3,0,0,128.0,2022
41-49,na,1,3,0,1,22.0,2022
41-49,na,1,4,0,0,56.0,2022
41-49,na,1,4,0,1,,2022
41-49,na,2,0,0,0,,2022
41-49,na,2,1,0,0,616.0,2022
41-49,na,2,2,0,0,911.0,2022
41-49,na,2,2,0,1,17.0,2022
41-49,na,2,2,1,0,16343.0,2022
41-49,na,2,3,0,0,181.0,2022
41-49,na,2,3,0,1,36.0,2022
41-49,na,2,4,0,0,105.0,2022
41-49,na,2,4,0,1,11.0,2022
41-49,na,3,1,0,0,116.0,2022
41-49,na,3,2,0,0,205.0,2022
41-49,na,3,2,0,1,8.0,2022
41-49,na,3,3,0,0,402.0,2022
41-49,na,3,3,0,1,82.0,2022
41-49,na,3,3,1,0,9518.0,2022
41-49,na,3,4,0,0,198.0,2022
41-49,na,3,4,0,1,18.0,2022
41-49,na,4,1,0,0,23.0,2022
41-49,na,4,2,0,0,91.0,2022
41-49,na,4,2,0,1,8.0,2022
41-49,na,4,3,0,0,158.0,2022
41-49,na,4,3,0,1,45.0,2022
41-49,na,4,4,0,0,553.0,2022
41-49,na,4,4,0,1,56.0,2022
41-49,na,4,4,1,0,5026.0,2022
50+,0-2,1,1,0,0,118.0,2022
50+,0-2,1,1,1,0,1575.0,2022
50+,0-2,1,2,0,0,196.0,2022
50+,0-2,1,3,0,0,36.0,2022
50+,0-2,1,3,0,1,,2022
50+,0-2,1,4,0,0,27.0,2022
50+,0-2,1,4,0,1,,2022
50+,0-2,2,1,0,0,150.0,2022
50+,0-2,2,2,0,0,702.0,2022
50+,0-2,2,2,1,0,5958.0,2022
50+,0-2,2,3,0,0,147.0,2022
50+,0-2,2,3,0,1,29.0,2022
50+,0-2,2,4,0,0,103.0,2022
50+,0-2,2,4,0,1,6.0,2022
50+,0-2,3,1,0,0,24.0,2022
50+,0-2,3,2,0,0,138.0,2022
50+,0-2,3,2,0,1,,2022
50+,0-2,3,3,0,0,168.0,2022
50+,0-2,3,3,0,1,14.0,2022
50+,0-2,3,3,1,0,3291.0,2022
50+,0-2,3,4,0,0,213.0,2022
50+,0-2,3,4,0,1,,2022
50+,0-2,4,1,0,0,13.0,2022
50+,0-2,4,2,0,0,49.0,2022
50+,0-2,4,2,0,1,,2022
50+,0-2,4,3,0,0,178.0,2022
50+,0-2,4,3,0,1,22.0,2022
50+,0-2,4,4,0,0,266.0,2022
50+,0-2,4,4,0,1,23.0,2022
50+,0-2,4,4,1,0,3539.0,2022
50+,11-20,1,1,0,0,506.0,2022
50+,11-20,1,1,1,0,12959.0,2022
50+,11-20,1,2,0,0,624.0,2022
50+,11-20,1,2,0,1,,2022
50+,11-20,1,3,0,0,123.0,2022
50+,11-20,1,3,0,1,21.0,2022
50+,11-20,1,4,0,0,106.0,2022
50+,11-20,1,4,0,1,8.0,2022
50+,11-20,2,0,0,1,,2022
50+,11-20,2,1,0,0,469.0,2022
50+,11-20,2,2,0,0,2373.0,2022
50+,11-20,2,2,0,1,13.0,2022
50+,11-20,2,2,1,0,42047.0,2022
50+,11-20,2,3,0,0,472.0,2022
50+,11-20,2,3,0,1,191.0,2022
50+,11-20,2,4,0,0,417.0,2022
50+,11-20,2,4,0,1,23.0,2022
50+,11-20,3,0,0,0,,2022
50+,11-20,3,1,0,0,122.0,2022
50+,11-20,3,2,0,0,637.0,2022
50+,11-20,3,2,0,1,19.0,2022
50+,11-20,3,3,0,0,1311.0,2022
50+,11-20,3,3,0,1,166.0,2022
50+,11-20,3,3,1,0,31717.0,2022
50+,11-20,3,4,0,0,1311.0,2022
50+,11-20,3,4,0,1,63.0,2022
50+,11-20,4,0,0,1,6.0,2022
50+,11-20,4,1,0,0,69.0,2022
50+,11-20,4,2,0,0,363.0,2022
50+,11-20,4,2,0,1,15.0,2022
50+,11-20,4,3,0,0,1003.0,2022
50+,11-20,4,3,0,1,292.0,2022
50+,11-20,4,4,0,0,2233.0,2022
50+,11-20,4,4,0,1,262.0,2022
50+,11-20,4,4,1,0,42629.0,2022
50+,21+,0,0,1,0,33.0,2022
50+,21+,0,2,0,0,,2022
50+,21+,0,3,0,0,,2022
50+,21+,0,4,0,0,,2022
50+,21+,1,0,0,0,,2022
50+,21+,1,0,0,1,,2022
50+,21+,1,1,0,0,5473.0,2022
50+,21+,1,1,0,1,,2022
50+,21+,1,1,1,0,128442.0,2022
50+,21+,1,2,0,0,4849.0,2022
50+,21+,1,2,0,1,49.0,2022
50+,21+,1,3,0,0,1124.0,2022
50+,21+,1,3,0,1,159.0,2022
50+,21+,1,4,0,0,633.0,2022
50+,21+,1,4,0,1,42.0,2022
50+,21+,2,0,0,0,,2022
50+,21+,2,0,0,1,,2022
50+,21+,2,1,0,0,3325.0,2022
50+,21+,2,1,0,1,5.0,2022
50+,21+,2,2,0,0,8080.0,2022
50+,21+,2,2,0,1,177.0,2022
50+,21+,2,2,1,0,187406.0,2022
50+,21+,2,3,0,0,2444.0,2022
50+,21+,2,3,0,1,540.0,2022
50+,21+,2,4,0,0,1993.0,2022
50+,21+,2,4,0,1,137.0,2022
50+,21+,3,0,0,0,,2022
50+,21+,3,0,0,1,,2022
50+,21+,3,1,0,0,902.0,2022
50+,21+,3,1,0,1,5.0,2022
50+,21+,3,2,0,0,2770.0,2022
50+,21+,3,2,0,1,85.0,2022
50+,21+,3,3,0,0,4657.0,2022
50+,21+,3,3,0,1,582.0,2022
50+,21+,3,3,1,0,132512.0,2022
50+,21+,3,4,0,0,5746.0,2022
50+,21+,3,4,0,1,379.0,2022
50+,21+,4,0,0,0,,2022
50+,21+,4,0,0,1,8.0,2022
50+,21+,4,1,0,0,580.0,2022
50+,21+,4,1,0,1,,2022
50+,21+,4,2,0,0,1616.0,2022
50+,21+,4,2,0,1,94.0,2022
50+,21+,4,3,0,0,4069.0,2022
50+,21+,4,3,0,1,1264.0,2022
50+,21+,4,4,0,0,12269.0,2022
50+,21+,4,4,0,1,1194.0,2022
50+,21+,4,4,1,0,193788.0,2022
50+,3-5,1,1,0,0,83.0,2022
50+,3-5,1,1,1,0,1867.0,2022
50+,3-5,1,2,0,0,101.0,2022
50+,3-5,1,3,0,0,24.0,2022
50+,3-5,1,3,0,1,,2022
50+,3-5,1,4,0,0,18.0,2022
50+,3-5,1,4,0,1,,2022
50+,3-5,2,0,0,0,,2022
50+,3-5,2,0,0,1,,2022
50+,3-5,2,1,0,0,100.0,2022
50+,3-5,2,2,0,0,426.0,2022
50+,3-5,2,2,0,1,,2022
50+,3-5,2,2,1,0,6498.0,2022
50+,3-5,2,3,0,0,69.0,2022
50+,3-5,2,3,0,1,26.0,2022
50+,3-5,2,4,0,0,72.0,2022
50+,3-5,2,4,0,1,,2022
50+,3-5,3,0,0,0,,2022
50+,3-5,3,1,0,0,22.0,2022
50+,3-5,3,2,0,0,104.0,2022
50+,3-5,3,3,0,0,148.0,2022
50+,3-5,3,3,0,1,32.0,2022
50+,3-5,3,3,1,0,4029.0,2022
50+,3-5,3,4,0,0,176.0,2022
50+,3-5,3,4,0,1,7.0,2022
50+,3-5,4,0,0,1,,2022
50+,3-5,4,1,0,0,9.0,2022
50+,3-5,4,2,0,0,60.0,2022
50+,3-5,4,2,0,1,,2022
50+,3-5,4,3,0,0,111.0,2022
50+,3-5,4,3,0,1,23.0,2022
50+,3-5,4,4,0,0,219.0,2022
50+,3-5,4,4,0,1,18.0,2022
50+,3-5,4,4,1,0,3949.0,2022
50+,6-10,1,1,0,0,200.0,2022
50+,6-10,1,1,1,0,4107.0,2022
50+,6-10,1,2,0,0,257.0,2022
50+,6-10,1,2,0,1,,2022
50+,6-10,1,3,0,0,50.0,2022
50+,6-10,1,3,0,1,,2022
50+,6-10,1,4,0,0,38.0,2022
50+,6-10,2,1,0,0,186.0,2022
50+,6-10,2,2,0,0,909.0,2022
50+,6-10,2,2,0,1,,2022
50+,6-10,2,2,1,0,13923.0,2022
50+,6-10,2,3,0,0,146.0,2022
50+,6-10,2,3,0,1,63.0,2022
50+,6-10,2,4,0,0,132.0,2022
50+,6-10,2,4,0,1,6.0,2022
50+,6-10,3,1,0,0,44.0,2022
50+,6-10,3,2,0,0,217.0,2022
50+,6-10,3,3,0,0,347.0,2022
50+,6-10,3,3,0,1,65.0,2022
50+,6-10,3,3,1,0,9637.0,2022
50+,6-10,3,4,0,0,355.0,2022
50+,6-10,3,4,0,1,9.0,2022
50+,6-10,4,1,0,0,24.0,2022
50+,6-10,4,2,0,0,112.0,2022
50+,6-10,4,2,0,1,,2022
50+,6-10,4,3,0,0,285.0,2022
50+,6-10,4,3,0,1,64.0,2022
50+,6-10,4,4,0,0,512.0,2022
50+,6-10,4,4,0,1,53.0,2022
50+,6-10,4,4,1,0,10061.0,2022
50+,na,0,0,1,0,,2022
50+,na,1,1,0,0,2319.0,2022
50+,na,1,1,0,1,,2022
50+,na,1,1,1,0,61716.0,2022
50+,na,1,2,0,0,1613.0,2022
50+,na,1,2,0,1,14.0,2022
50+,na,1,3,0,0,298.0,2022
50+,na,1,3,0,1,46.0,2022
50+,na,1,4,0,0,149.0,2022
50+,na,1,4,0,1,7.0,2022
50+,na,2,1,0,0,1169.0,2022
50+,na,2,1,0,1,,2022
50+,na,2,2,0,0,2043.0,2022
50+,na,2,2,0,1,29.0,2022
50+,na,2,2,1,0,50981.0,2022
50+,na,2,3,0,0,406.0,2022
50+,na,2,3,0,1,69.0,2022
50+,na,2,4,0,0,248.0,2022
50+,na,2,4,0,1,16.0,2022
50+,na,3,1,0,0,248.0,2022
50+,na,3,2,0,0,459.0,2022
50+,na,3,2,0,1,17.0,2022
50+,na,3,3,0,0,728.0,2022
50+,na,3,3,0,1,104.0,2022
50+,na,3,3,1,0,21238.0,2022
50+,na,3,4,0,0,494.0,2022
50+,na,3,4,0,1,23.0,2022
50+,na,4,1,0,0,124.0,2022
50+,na,4,2,0,0,252.0,2022
50+,na,4,2,0,1,9.0,2022
50+,na,4,3,0,0,422.0,2022
50+,na,4,3,0,1,89.0,2022
50+,na,4,4,0,0,992.0,2022
50+,na,4,4,0,1,59.0,2022
50+,na,4,4,1,0,16984.0,2022
