inr,expband,fresh,n,ws,wh
010c,0-2,0,1103.0,44257.8305395,118.0
010c,0-2,1,484.0,20003.5103118,52.0
010c,11-20,0,116.0,7947.3600910000005,53.0
010c,11-20,1,247.0,15282.550066,99.0
010c,3-5,0,128.0,5613.7201024,20.0
010c,3-5,1,88.0,4201.07008,16.0
010c,6-10,0,63.0,3802.360086,18.0
010c,6-10,1,64.0,3597.790081,17.0
140z,0-2,1,35.0,3117.599985,35.0
140z,11-20,0,23.0,1730.8599760000002,18.0
140z,11-20,1,105.0,8137.239842000001,77.0
140z,3-5,1,65.0,5677.409901,65.0
140z,6-10,1,102.0,8288.609831,80.0
140z,na,0,251.0,8711.8500692,22.0
140z,na,1,341.0,14587.1199751,54.0
142z,0-2,0,451.0,25226.4301441,143.0
142z,0-2,1,1435.0,96748.9898923,653.0
142z,11-20,0,981.0,73310.909978,559.0
142z,11-20,1,3351.0,241139.1191858,1794.0
142z,21+,0,589.0,43466.000108,345.0
142z,21+,1,684.0,49965.239844,420.0
142z,3-5,0,358.0,25423.580063,197.0
142z,3-5,1,1742.0,126977.5595799,949.0
142z,6-10,0,510.0,35939.50999,258.0
142z,6-10,1,2321.0,167126.3591494,1203.0
142z,na,0,80.0,3286.5799951,18.0
142z,na,1,93.0,3904.4300024000004,14.0
143a,0-2,0,709.0,36826.7906811,14.0
143a,0-2,1,6714.0,412726.562608,85.0
143a,11-20,0,913.0,56906.9111348,65.0
143a,11-20,1,6143.0,385570.08751630003,490.0
143a,21+,0,12125.0,748036.6913772001,1496.0
143a,21+,1,28936.0,1790511.4900187002,2905.0
143a,3-5,0,697.0,41536.920985,18.0
143a,3-5,1,6161.0,379935.1610486,130.0
143a,6-10,0,748.0,45731.4011138,23.0
143a,6-10,1,5589.0,348227.897949,350.0
143a,na,0,4231.0,264314.713722,497.0
143a,na,1,1085.0,60211.920652,118.0
143b,0-2,0,31.0,1840.549982,6.0
143b,0-2,1,1419.0,89991.129422,198.0
143b,11-20,0,107.0,6757.790013,14.0
143b,11-20,1,1927.0,124097.16901900001,385.0
143b,21+,0,2697.0,164671.369716,473.0
143b,21+,1,7789.0,488400.78695190005,1531.0
143b,3-5,0,45.0,2935.349967,11.0
143b,3-5,1,1231.0,78821.36946300001,197.0
143b,6-10,0,25.0,1543.5800160000001,0.0
143b,6-10,1,892.0,57684.929456,185.0
143b,na,0,465.0,28816.029894,75.0
143b,na,1,132.0,7175.449929,19.0
143x,0-2,0,4824.0,212363.13174450002,274.0
143x,0-2,1,6802.0,340227.032119,583.0
143x,11-20,0,84.0,4643.200062,5.0
143x,11-20,1,415.0,23281.020258,36.0
143x,21+,0,111.0,6357.120056,20.0
143x,21+,1,282.0,16534.560091,50.0
143x,3-5,0,313.0,15158.470129,23.0
143x,3-5,1,833.0,42876.9603652,66.0
143x,6-10,0,180.0,9397.770156,13.0
143x,6-10,1,866.0,47737.7207173,59.0
143x,na,0,107.0,3794.4600322,8.0
143x,na,1,165.0,6448.6600422,9.0
144a,0-2,0,64.0,4238.859913,41.0
144a,0-2,1,2856.0,213362.84223900002,2631.0
144a,11-20,0,250.0,17275.679681,142.0
144a,11-20,1,2732.0,196475.7447384,1908.0
144a,21+,0,2651.0,187594.485607,1666.0
144a,21+,1,5108.0,363744.420212,3366.0
144a,3-5,0,46.0,3414.469887,41.0
144a,3-5,1,2182.0,163416.543955,2034.0
144a,6-10,0,58.0,3903.2899420000003,32.0
144a,6-10,1,1578.0,115626.37646999999,1259.0
144a,na,0,6084.0,438160.0077225,4259.0
144a,na,1,1501.0,85733.0981075,650.0
144b,0-2,0,13.0,985.0099610000001,13.0
144b,0-2,1,855.0,64057.487607,797.0
144b,11-20,0,438.0,31571.819432,269.0
144b,11-20,1,6805.0,494593.67590200005,5031.0
144b,21+,0,233.0,17829.249653,172.0
144b,21+,1,2741.0,203735.76373,2151.0
144b,3-5,0,16.0,1127.179982,10.0
144b,3-5,1,874.0,64847.917772,764.0
144b,6-10,0,126.0,8352.750002,48.0
144b,6-10,1,2851.0,202814.345595,1864.0
144c,0-2,1,787.0,59129.017763,747.0
144c,11-20,0,495.0,35315.769455,290.0
144c,11-20,1,7225.0,524489.125034,5254.0
144c,21+,0,867.0,63287.40862,574.0
144c,21+,1,6853.0,502416.6251410001,5037.0
144c,3-5,0,17.0,1288.0899490000002,17.0
144c,3-5,1,835.0,62479.777745,762.0
144c,6-10,0,70.0,4766.359966,32.0
144c,6-10,1,2293.0,167580.575099,1753.0
144d,0-2,1,303.0,22704.809165000002,285.0
144d,11-20,0,92.0,6212.919974,39.0
144d,11-20,1,1255.0,89594.12797700001,803.0
144d,21+,1,30.0,2273.09991,30.0
144d,3-5,1,410.0,30427.159011000003,354.0
144d,6-10,0,66.0,4335.090027,19.0
144d,6-10,1,1242.0,87014.12854,722.0
144x,0-2,0,3063.0,148565.2007063,522.0
144x,0-2,1,4490.0,256023.3471519,1711.0
144x,11-20,0,698.0,44829.630140400004,198.0
144x,11-20,1,5976.0,404427.74567040004,2728.0
144x,21+,0,57.0,3888.859892,36.0
144x,21+,1,259.0,16081.4297188,114.0
144x,3-5,0,220.0,12633.2499776,74.0
144x,3-5,1,1020.0,66364.419163,471.0
144x,6-10,0,745.0,45522.1605817,122.0
144x,6-10,1,7544.0,505463.8070436,3085.0
144x,na,0,190.0,9290.3298163,77.0
144x,na,1,407.0,25301.399297699998,257.0
145a,0-2,0,18.0,1352.239974,11.0
145a,0-2,1,662.0,49446.419042,396.0
145a,11-20,0,498.0,36696.7496788,261.0
145a,11-20,1,5140.0,377928.73353100003,2797.0
145a,21+,0,528.0,39655.839803,262.0
145a,21+,1,2811.0,205289.1374309,1373.0
145a,3-5,0,29.0,2174.0899689999997,15.0
145a,3-5,1,686.0,51195.189143,371.0
145a,6-10,0,84.0,6215.60994,42.0
145a,6-10,1,1552.0,115222.92830700001,790.0
145a,na,0,45.0,2624.959978,13.0
145a,na,1,46.0,2693.169939,18.0
145b,0-2,0,32.0,2245.859981,14.0
145b,0-2,1,916.0,67469.68855199999,554.0
145b,11-20,0,412.0,28780.1298927,151.0
145b,11-20,1,5355.0,387473.8234876,2677.0
145b,21+,0,453.0,33638.379793,191.0
145b,21+,1,2213.0,163056.107617,1125.0
145b,3-5,0,36.0,2696.1799680000004,17.0
145b,3-5,1,1059.0,78979.168542,607.0
145b,6-10,0,92.0,6853.879913,47.0
145b,6-10,1,2076.0,152539.727442,1059.0
145c,0-2,0,60.0,4449.639939000001,26.0
145c,0-2,1,1187.0,88599.778154,735.0
145c,11-20,0,465.0,32338.959711,191.0
145c,11-20,1,5557.0,407722.02325759997,2941.0
145c,21+,0,623.0,46143.4497,284.0
145c,21+,1,3233.0,236915.1769738,1617.0
145c,3-5,0,65.0,4836.529918,33.0
145c,3-5,1,1361.0,100891.958228,741.0
145c,6-10,0,189.0,12891.2999324,57.0
145c,6-10,1,2727.0,201829.106414,1497.0
145c,na,0,33.0,2478.829953,20.0
145c,na,1,44.0,3307.3199320000003,28.0
145d,0-2,1,80.0,5993.539924000001,39.0
145d,11-20,0,16.0,1185.760016,0.0
145d,11-20,1,329.0,24352.259757,124.0
145d,21+,0,14.0,1037.540014,0.0
145d,21+,1,84.0,6190.879956,26.0
145d,3-5,1,71.0,5319.909931,35.0
145d,6-10,1,170.0,12620.159854,71.0
145e,0-2,1,71.0,5334.849894999999,44.0
145e,11-20,0,14.0,1052.479978,9.0
145e,11-20,1,258.0,18975.639804,96.0
145e,21+,1,26.0,1945.119982,11.0
145e,3-5,1,94.0,7069.259846000001,62.0
145e,6-10,0,13.0,976.709981,8.0
145e,6-10,1,184.0,13690.129817000001,85.0
145f,0-2,0,26.0,1951.759966,15.0
145f,0-2,1,906.0,67183.688784,500.0
145f,11-20,0,173.0,12867.389912,67.0
145f,11-20,1,3378.0,247484.616909,1479.0
145f,21+,0,161.0,12145.309948999999,63.0
145f,21+,1,751.0,55832.529617,303.0
145f,3-5,0,47.0,3490.849975,16.0
145f,3-5,1,999.0,74105.858851,504.0
145f,6-10,0,87.0,6590.829942,39.0
145f,6-10,1,1849.0,137094.378268,847.0
145f,na,1,13.0,976.709981,8.0
145g,0-2,1,112.0,8438.09978,83.0
145g,11-20,0,13.0,985.0099610000001,13.0
145g,11-20,1,431.0,31943.869293,259.0
145g,21+,1,205.0,15076.089581,132.0
145g,3-5,1,161.0,12107.669737,106.0
145g,6-10,1,287.0,21424.739493,188.0
145h,0-2,1,296.0,22340.719282,252.0
145h,11-20,0,17.0,1276.469977,10.0
145h,11-20,1,614.0,45282.10908,359.0
145h,21+,1,33.0,2485.4699370000003,24.0
145h,3-5,1,371.0,27630.829246,268.0
145h,6-10,0,19.0,1424.689979,10.0
145h,6-10,1,602.0,44632.3889,396.0
145i,0-2,1,211.0,15907.789559,163.0
145i,11-20,0,44.0,3317.2799080000004,34.0
145i,11-20,1,885.0,65421.538599,526.0
145i,21+,0,50.0,3739.039909,33.0
145i,21+,1,411.0,30398.469249000005,270.0
145i,3-5,0,14.0,1052.479978,9.0
145i,3-5,1,332.0,24998.979328,249.0
145i,6-10,0,19.0,1428.009971,12.0
145i,6-10,1,629.0,46846.448827,422.0
145x,0-2,0,4000.0,190703.0905022,738.0
145x,0-2,1,5092.0,286737.2978898,1630.0
145x,11-20,0,455.0,30710.299957,212.0
145x,11-20,1,2339.0,157276.1185447,963.0
145x,21+,0,3796.0,275875.4890096,1570.0
145x,21+,1,3254.0,217190.7892519,1182.0
145x,3-5,0,256.0,14076.4500548,64.0
145x,3-5,1,863.0,52971.7693806,363.0
145x,6-10,0,229.0,15081.580036,76.0
145x,6-10,1,1354.0,94911.69893500001,621.0
145x,na,0,162.0,9102.2798962,58.0
145x,na,1,151.0,8082.2399468,43.0
146a,11-20,0,46.0,2567.279927,5.0
146a,11-20,1,287.0,16269.079494,47.0
146a,21+,0,1156.0,62756.6386968,210.0
146a,21+,1,1264.0,64878.20866276,200.0
146a,3-5,1,29.0,1539.249937,5.0
146a,6-10,0,26.0,1257.099948,0.0
146a,6-10,1,271.0,14893.009500999999,35.0
146a,na,1,14.0,299.34,0.0
146b,11-20,1,50.0,2895.869917,7.0
146b,21+,0,148.0,9897.169871,47.0
146b,21+,1,117.0,7273.609893,24.0
146b,6-10,1,14.0,805.699987,0.0
146c,11-20,1,77.0,4599.619839,22.0
146c,21+,1,11.0,531.849978,0.0
146c,6-10,1,65.0,3793.8798970000003,16.0
146d,11-20,1,46.0,2676.959923,9.0
146d,21+,0,93.0,4511.609971899999,15.0
146d,21+,1,250.0,9836.2398939,20.0
146d,6-10,1,19.0,1047.449977,0.0
146e,11-20,0,29.0,1556.7099600000001,0.0
146e,11-20,1,209.0,12189.219776,23.0
146e,21+,0,1441.0,82115.699848,317.0
146e,21+,1,918.0,50881.659528,159.0
146e,3-5,1,24.0,1340.719973,0.0
146e,6-10,1,100.0,5632.189842,9.0
146e,na,0,92.0,5132.42997,18.0
146e,na,1,26.0,735.76,0.0
146f,11-20,1,21.0,1569.589989,8.0
146f,3-5,1,12.0,889.3200119999999,0.0
146f,6-10,1,30.0,2272.76001,11.0
146g,0-2,0,12.0,889.139979,7.0
146g,0-2,1,360.0,26729.019437,207.0
146g,11-20,0,72.0,5279.639989,20.0
146g,11-20,1,1074.0,77763.229138,404.0
146g,21+,0,993.0,68792.939625,271.0
146g,21+,1,3094.0,219762.238642,982.0
146g,3-5,0,43.0,3193.969952,20.0
146g,3-5,1,539.0,39530.159231000005,278.0
146g,6-10,0,46.0,3303.989969,14.0
146g,6-10,1,674.0,49221.979302,273.0
146g,na,0,260.0,18519.749920000002,57.0
146g,na,1,155.0,10174.019968999999,13.0
146h,0-2,1,79.0,5962.589819000001,65.0
146h,11-20,0,26.0,1643.7399670000002,14.0
146h,11-20,1,328.0,24295.849481,209.0
146h,21+,0,306.0,21691.509798,149.0
146h,21+,1,741.0,51341.47935,335.0
146h,3-5,1,105.0,7909.369796999999,77.0
146h,6-10,1,168.0,12338.799761999999,89.0
146h,na,0,27.0,2032.509951,19.0
146h,na,1,25.0,1455.409985,5.0
146i,0-2,1,27.0,1984.2699870000001,7.0
146i,21+,0,48.0,3326.430029,8.0
146i,21+,1,97.0,7192.289962,34.0
146i,3-5,1,85.0,6048.969989,13.0
146i,6-10,1,25.0,1699.409981,8.0
146j,0-2,1,134.0,10153.179598,134.0
146j,11-20,0,26.0,1970.0199220000002,26.0
146j,11-20,1,376.0,28275.018955,344.0
146j,21+,0,786.0,55361.718345999994,579.0
146j,21+,1,1564.0,108294.5766595,1147.0
146j,3-5,1,173.0,13108.209481,173.0
146j,6-10,0,18.0,1363.859946,18.0
146j,6-10,1,145.0,10918.549571000001,139.0
146j,na,0,287.0,20646.889293999997,240.0
146j,na,1,120.0,5820.879833,55.0
146k,0-2,1,170.0,12831.099610000001,140.0
146k,11-20,0,64.0,3611.679967,21.0
146k,11-20,1,1086.0,78750.82822,666.0
146k,21+,0,1082.0,75033.0491165,531.0
146k,21+,1,2074.0,143892.937776,975.0
146k,3-5,1,177.0,13221.979614,135.0
146k,6-10,0,18.0,1115.639974,11.0
146k,6-10,1,563.0,41572.968996,381.0
146k,na,0,50.0,3680.829925,26.0
146k,na,1,22.0,1647.0199819999998,10.0
146l,0-2,1,29.0,2197.329913,29.0
146l,11-20,1,35.0,2651.949895,35.0
146l,21+,0,259.0,17542.099548600003,152.0
146l,21+,1,668.0,46651.7186126,456.0
146l,3-5,1,42.0,3182.3398740000002,42.0
146l,6-10,1,55.0,4167.349835,55.0
146l,na,0,123.0,8433.429729,85.0
146l,na,1,49.0,2220.719963,14.0
146x,0-2,0,509.0,23829.5099794,54.0
146x,0-2,1,1566.0,87161.70784470001,232.0
146x,11-20,0,150.0,9512.269905,34.0
146x,11-20,1,808.0,53343.22905,265.0
146x,21+,0,58.0,3537.169927,20.0
146x,21+,1,167.0,10284.239765999999,66.0
146x,3-5,0,267.0,15335.389791000001,14.0
146x,3-5,1,970.0,55948.308565,169.0
146x,6-10,0,404.0,23705.44963,27.0
146x,6-10,1,1402.0,88836.188144,445.0
146x,na,0,15.0,708.650015,0.0
146x,na,1,52.0,2325.1399978,11.0
149a,0-2,0,35.0,2222.109988,6.0
149a,0-2,1,1157.0,71762.177988,96.0
149a,11-20,0,1260.0,79165.718011,146.0
149a,11-20,1,3517.0,219897.39429,344.0
149a,21+,0,2703.0,172446.6263,561.0
149a,21+,1,1527.0,90328.1980296,220.0
149a,3-5,0,23.0,1390.959974,0.0
149a,3-5,1,1082.0,67343.357976,75.0
149a,6-10,0,70.0,4362.169879,9.0
149a,6-10,1,1389.0,87598.107508,126.0
149a,na,0,92.0,5647.429909,26.0
149a,na,1,18.0,1030.55997,6.0
149b,11-20,1,11.0,833.469967,11.0
149b,21+,0,142.0,10398.789709,110.0
149b,21+,1,229.0,17026.4394,190.0
149b,na,1,27.0,2045.789919,27.0
149c,21+,0,23.0,1466.019992,0.0
149d,0-2,1,1648.0,104703.1066,306.0
149d,11-20,1,13.0,782.209974,0.0
149d,21+,1,18.0,1176.6599580000002,6.0
149d,3-5,0,13.0,782.209974,0.0
149d,3-5,1,1470.0,92720.997166,186.0
149d,6-10,0,34.0,2201.779922,10.0
149d,6-10,1,809.0,51244.348433,109.0
149x,0-2,0,978.0,51442.7701445,213.0
149x,0-2,1,3072.0,187852.4080463,1106.0
149x,11-20,0,3280.0,174609.3104465,821.0
149x,11-20,1,7755.0,412049.44903738,1956.0
149x,21+,0,1786.0,91098.990232,357.0
149x,21+,1,2647.0,127082.7694716,547.0
149x,3-5,0,337.0,19134.4900036,93.0
149x,3-5,1,1254.0,78128.0092027,480.0
149x,6-10,0,1587.0,84374.2301043,381.0
149x,6-10,1,4017.0,225291.9590912,1115.0
149x,na,0,1101.0,47319.850179400004,173.0
149x,na,1,2203.0,92123.6593717,345.0
210z,0-2,0,19.0,711.28,0.0
210z,0-2,1,12.0,778.740006,6.0
210z,3-5,1,12.0,780.160019,5.0
210z,na,0,43.0,1260.2300195999999,6.0
210z,na,1,55.0,2118.8800303,5.0
211a,0-2,0,132.0,4613.5100647,7.0
211a,0-2,1,150.0,6077.9600267,9.0
211a,11-20,0,91.0,4568.330028,17.0
211a,11-20,1,348.0,19319.309993,94.0
211a,21+,0,552.0,29521.7098923,182.0
211a,21+,1,1081.0,55288.719883000005,269.0
211a,3-5,0,90.0,3197.190042,0.0
211a,3-5,1,205.0,9463.6600575,31.0
211a,6-10,0,152.0,7001.4900419000005,24.0
211a,6-10,1,282.0,13029.650020000001,37.0
211a,na,0,24.0,513.5499836,5.0
211a,na,1,48.0,2046.779988,6.0
211b,0-2,0,38.0,2614.24004,16.0
211b,0-2,1,46.0,3911.5800440000003,40.0
211b,11-20,0,90.0,7347.110124,67.0
211b,11-20,1,327.0,27099.930260999998,274.0
211b,21+,0,43.0,3696.410073,43.0
211b,21+,1,127.0,10514.610187999999,116.0
211b,3-5,0,37.0,2785.070059,22.0
211b,3-5,1,110.0,8678.040141,78.0
211b,6-10,0,58.0,4193.980063,30.0
211b,6-10,1,208.0,16569.880224,159.0
211x,0-2,0,51.0,2114.9100139,11.0
211x,0-2,1,31.0,1413.900033,5.0
211x,na,0,36.0,893.8899987,0.0
211x,na,1,56.0,2480.9299709,13.0
212a,0-2,0,184.0,8963.8100797,31.0
212a,0-2,1,542.0,31799.0400888,46.0
212a,11-20,0,100.0,6554.300014,18.0
212a,11-20,1,644.0,43288.189935,80.0
212a,21+,0,459.0,31216.110013,91.0
212a,21+,1,1413.0,93443.279931,181.0
212a,3-5,0,208.0,11155.070113900001,27.0
212a,3-5,1,522.0,32162.289997,47.0
212a,6-10,0,229.0,12811.4701139,30.0
212a,6-10,1,714.0,45470.150045999995,94.0
212a,na,0,77.0,5162.660006,0.0
212a,na,1,51.0,3274.25,0.0
212b,0-2,0,116.0,4423.1200377000005,5.0
212b,0-2,1,121.0,5927.77009,6.0
212b,11-20,0,367.0,23704.7403604,114.0
212b,11-20,1,512.0,35128.230195,186.0
212b,21+,0,461.0,31290.620436,101.0
212b,21+,1,374.0,25221.870103,130.0
212b,3-5,0,76.0,3852.570032,10.0
212b,3-5,1,78.0,3527.970058,5.0
212b,6-10,0,193.0,9552.6401435,32.0
212b,6-10,1,144.0,8984.82007,30.0
212c,0-2,1,25.0,1904.869975,19.0
212c,11-20,0,66.0,5804.820039,66.0
212c,11-20,1,201.0,16582.590089,166.0
212c,21+,0,34.0,3034.540041,34.0
212c,21+,1,103.0,8753.810035999999,93.0
212c,3-5,0,19.0,1232.32002,8.0
212c,3-5,1,47.0,3141.290062,25.0
212c,6-10,0,32.0,2450.420019,20.0
212c,6-10,1,107.0,8479.810032,80.0
212x,0-2,0,425.0,19410.1901753,45.0
212x,0-2,1,314.0,17280.0000774,36.0
212x,11-20,0,97.0,6249.630047,21.0
212x,11-20,1,213.0,12756.250037,22.0
212x,21+,0,17.0,1120.200016,0.0
212x,21+,1,50.0,3248.150012,0.0
212x,3-5,0,74.0,4346.390023,0.0
212x,3-5,1,98.0,6143.33003,8.0
212x,6-10,0,149.0,8522.0400975,10.0
212x,6-10,1,207.0,11969.2500275,16.0
212x,na,0,118.0,4456.3399842,14.0
212x,na,1,167.0,7225.1999699,19.0
213a,0-2,0,102.0,5157.6900992,33.0
213a,0-2,1,122.0,8313.8301666,69.0
213a,11-20,0,43.0,3856.850081,43.0
213a,11-20,1,24.0,2164.500042,24.0
213a,21+,1,18.0,1539.270011,18.0
213a,3-5,0,214.0,15783.8101705,139.0
213a,3-5,1,252.0,19604.86013,178.0
213a,6-10,0,298.0,22960.860294,205.0
213a,6-10,1,322.0,25359.970238,234.0
213b,0-2,0,125.0,6761.5000828,34.0
213b,0-2,1,111.0,7143.770045,51.0
213b,11-20,0,232.0,16547.350137,125.0
213b,11-20,1,326.0,23658.870102,214.0
213b,21+,0,60.0,4299.179998,35.0
213b,21+,1,100.0,8320.220026,94.0
213b,3-5,0,104.0,5941.6600235000005,25.0
213b,3-5,1,120.0,7985.920052,67.0
213b,6-10,0,155.0,9807.4801066,65.0
213b,6-10,1,185.0,12623.090119,110.0
213c,11-20,0,88.0,7184.320095,64.0
213c,11-20,1,129.0,9202.710081,91.0
213c,21+,0,121.0,9165.33014,74.0
213c,21+,1,122.0,9620.910116000001,88.0
213c,6-10,0,45.0,2409.540021,18.0
213c,6-10,1,31.0,1565.6200039999999,8.0
213d,0-2,0,476.0,28533.4403677,210.0
213d,0-2,1,329.0,24772.790245,226.0
213d,11-20,0,477.0,38289.6803107,368.0
213d,11-20,1,754.0,55679.140295,477.0
213d,21+,0,190.0,15075.710168,140.0
213d,21+,1,272.0,20268.170121,171.0
213d,3-5,0,487.0,37078.890396099996,351.0
213d,3-5,1,400.0,30363.120117,259.0
213d,6-10,0,786.0,62253.960752499996,587.0
213d,6-10,1,667.0,52661.430314000005,467.0
213x,0-2,0,1362.0,63848.8706952,267.0
213x,0-2,1,840.0,44352.0604905,236.0
213x,11-20,0,1032.0,81315.540857,719.0
213x,11-20,1,1342.0,99027.000531,858.0
213x,21+,0,59.0,5034.870055,48.0
213x,21+,1,101.0,8452.640089,83.0
213x,3-5,0,329.0,22168.0303281,184.0
213x,3-5,1,362.0,23172.9702615,193.0
213x,6-10,0,507.0,35578.8604518,290.0
213x,6-10,1,698.0,47098.0703279,375.0
213x,na,0,64.0,4067.600068,37.0
213x,na,1,72.0,5003.1900647,49.0
214a,11-20,0,36.0,2541.859927,29.0
214a,11-20,1,88.0,6280.3898309999995,69.0
214a,21+,1,12.0,923.399964,12.0
214a,3-5,0,18.0,1200.030001,12.0
214a,3-5,1,14.0,914.199983,9.0
214a,6-10,0,19.0,1201.089983,11.0
214a,6-10,1,18.0,1385.0999459999998,18.0
214b,11-20,0,32.0,2865.3999089999998,32.0
214b,11-20,1,56.0,4810.999849,49.0
214b,21+,0,67.0,6013.649804,67.0
214b,21+,1,114.0,9234.539732,93.0
214b,6-10,0,35.0,2043.67999,9.0
214b,6-10,1,26.0,1790.559965,11.0
214c,0-2,0,26.0,1680.160047,11.0
214c,0-2,1,27.0,1655.460024,10.0
214c,11-20,0,80.0,6587.389998,63.0
214c,11-20,1,198.0,16510.609966,159.0
214c,21+,0,21.0,1834.349958,21.0
214c,21+,1,71.0,6159.129921,71.0
214c,3-5,0,23.0,2144.980046,23.0
214c,3-5,1,26.0,1935.460052,16.0
214c,6-10,0,37.0,3009.56005,29.0
214c,6-10,1,47.0,4085.390051,42.0
214x,0-2,0,543.0,27601.260322,146.0
214x,0-2,1,445.0,29586.6700489,257.0
214x,11-20,0,333.0,27419.099973,274.0
214x,11-20,1,573.0,46917.089667,475.0
214x,21+,0,48.0,4236.77996,48.0
214x,21+,1,115.0,9576.46989,99.0
214x,3-5,0,316.0,22905.9800128,210.0
214x,3-5,1,429.0,34717.259917999996,359.0
214x,6-10,0,400.0,30517.1999885,298.0
214x,6-10,1,641.0,51507.449788,521.0
214x,na,0,68.0,5262.3599634,57.0
214x,na,1,121.0,9075.919922,97.0
215z,0-2,0,176.0,7565.6201393,22.0
215z,0-2,1,149.0,6892.7200805,24.0
215z,11-20,0,190.0,9555.810097,36.0
215z,11-20,1,347.0,16557.9800054,76.0
215z,21+,1,44.0,2531.619991,9.0
215z,3-5,0,95.0,3592.5200237,9.0
215z,3-5,1,130.0,5846.0499836,25.0
215z,6-10,0,153.0,7106.020111000001,30.0
215z,6-10,1,246.0,11764.8500395,53.0
219z,0-2,0,1412.0,69479.1105663,307.0
219z,0-2,1,1174.0,63688.3002739,310.0
219z,11-20,0,1356.0,82920.2904409,580.0
219z,11-20,1,2111.0,126826.8502434,813.0
219z,21+,0,553.0,30625.4601977,199.0
219z,21+,1,881.0,49060.6500196,281.0
219z,3-5,0,658.0,36537.9402527,205.0
219z,3-5,1,747.0,47411.8901897,294.0
219z,6-10,0,1097.0,64975.6603508,418.0
219z,6-10,1,1436.0,89707.150208,572.0
219z,na,0,328.0,15797.1700388,100.0
219z,na,1,537.0,24455.8999164,90.0
220z,0-2,0,41.0,1313.000031,0.0
220z,0-2,1,34.0,1324.690014,0.0
220z,na,0,62.0,1398.600009,0.0
220z,na,1,50.0,1305.7400062,0.0
221a,0-2,0,72.0,4082.130045,7.0
221a,0-2,1,240.0,14694.78018,33.0
221a,11-20,0,192.0,12565.350123,33.0
221a,11-20,1,945.0,60190.320749,87.0
221a,21+,0,799.0,49544.650734999996,13.0
221a,21+,1,1318.0,82732.36114,88.0
221a,3-5,0,47.0,2759.01003,5.0
221a,3-5,1,220.0,13867.970123,42.0
221a,6-10,0,68.0,3859.260049,0.0
221a,6-10,1,508.0,32459.060367999995,61.0
221a,na,0,19.0,1182.360019,0.0
221b,0-2,1,93.0,4914.12,0.0
221b,11-20,0,37.0,2069.630018,0.0
221b,11-20,1,116.0,6910.7500900000005,0.0
221b,21+,0,282.0,14977.000055,19.0
221b,21+,1,358.0,18358.460031,18.0
221b,3-5,1,58.0,3159.22001,0.0
221b,6-10,0,20.0,1179.650013,0.0
221b,6-10,1,66.0,3865.44004,0.0
221x,0-2,0,114.0,4953.7600195,16.0
221x,0-2,1,127.0,5549.799992,21.0
221x,11-20,0,75.0,5094.269995,32.0
221x,11-20,1,271.0,17149.50994,101.0
221x,21+,0,132.0,8164.3001,44.0
221x,21+,1,126.0,8690.960069,60.0
221x,3-5,1,14.0,769.260009,0.0
221x,6-10,0,11.0,844.0699870000001,6.0
221x,6-10,1,63.0,4090.449967,25.0
221x,na,0,50.0,2852.100047,0.0
221x,na,1,15.0,843.35001,0.0
222a,0-2,1,48.0,4207.880067,48.0
222a,11-20,0,30.0,2690.850078,24.0
222a,11-20,1,173.0,15223.180092999999,163.0
222a,21+,0,27.0,2488.820067,27.0
222a,21+,1,28.0,2474.520023,28.0
222a,3-5,0,19.0,1711.520021,19.0
222a,3-5,1,69.0,5848.900041,64.0
222a,6-10,0,30.0,2669.080008,30.0
222a,6-10,1,107.0,9300.409974,97.0
222b,0-2,0,44.0,2681.1500180000003,23.0
222b,0-2,1,93.0,7230.270043,67.0
222b,11-20,0,294.0,18330.9601457,111.0
222b,11-20,1,953.0,66598.0700427,524.0
222b,21+,0,495.0,35813.7402714,256.0
222b,21+,1,774.0,56037.5102074,456.0
222b,3-5,0,32.0,2189.850012,17.0
222b,3-5,1,144.0,11384.430018000001,106.0
222b,6-10,0,211.0,13222.290131900001,82.0
222b,6-10,1,462.0,31709.7200475,214.0
222c,11-20,1,89.0,7217.64998,66.0
222c,21+,0,32.0,2599.290012,21.0
222c,21+,1,62.0,4743.340027,51.0
222c,6-10,1,45.0,3710.7699700000003,39.0
222d,11-20,0,16.0,1293.359996,10.0
222d,11-20,1,117.0,9327.849971,87.0
222d,21+,0,55.0,4474.890034,44.0
222d,21+,1,136.0,10363.240076,94.0
222d,6-10,1,37.0,3198.009993,37.0
222e,11-20,1,40.0,3156.999958,35.0
222e,21+,1,18.0,1529.3400150000002,18.0
222e,3-5,1,16.0,1200.6999799999999,9.0
222e,6-10,1,20.0,1606.39996,20.0
222f,11-20,1,20.0,1659.599995,20.0
222f,21+,1,15.0,1189.74999,15.0
222h,11-20,0,13.0,1064.170025,7.0
222h,11-20,1,78.0,5268.100005,31.0
222h,21+,1,57.0,3480.2999630000004,19.0
222h,6-10,0,27.0,1728.9700065,14.0
222h,6-10,1,52.0,3458.439974,24.0
222k,0-2,0,106.0,7080.930225,58.0
222k,0-2,1,146.0,9360.250302,83.0
222k,11-20,0,14.0,1233.860032,14.0
222k,11-20,1,60.0,5016.7001549999995,55.0
222k,21+,0,29.0,2296.190048,23.0
222k,21+,1,30.0,2102.6500220000003,23.0
222k,3-5,0,110.0,8518.570335999999,90.0
222k,3-5,1,120.0,8563.740301,84.0
222k,6-10,0,33.0,2875.650108,33.0
222k,6-10,1,108.0,8343.060239,82.0
222x,0-2,0,277.0,13074.2601726,56.0
222x,0-2,1,257.0,13875.1701485,75.0
222x,11-20,0,86.0,6914.570030000001,58.0
222x,11-20,1,346.0,25432.92006,211.0
222x,21+,0,158.0,11989.81015,116.0
222x,21+,1,266.0,19627.340051,179.0
222x,3-5,0,41.0,3395.230004,36.0
222x,3-5,1,132.0,9817.210064,93.0
222x,6-10,0,83.0,6134.220096999999,46.0
222x,6-10,1,163.0,11381.3499988,101.0
222x,na,0,119.0,4908.5100726,17.0
222x,na,1,207.0,9498.310052,39.0
223a,0-2,0,15.0,848.150025,5.0
223a,0-2,1,66.0,5199.820031,52.0
223a,11-20,0,39.0,3311.030026,33.0
223a,11-20,1,207.0,17829.620055,192.0
223a,21+,0,89.0,7290.0101270000005,59.0
223a,21+,1,142.0,11683.83008,117.0
223a,3-5,0,39.0,3057.889997,34.0
223a,3-5,1,174.0,14459.730161,150.0
223a,6-10,0,39.0,3073.010072,33.0
223a,6-10,1,142.0,11910.92009,124.0
223c,0-2,1,26.0,2246.660104,26.0
223c,11-20,0,23.0,1987.430092,23.0
223c,11-20,1,140.0,11123.770430000002,106.0
223c,3-5,1,33.0,2851.530132,33.0
223c,6-10,0,20.0,1728.20008,20.0
223c,6-10,1,104.0,8007.620303000001,76.0
223c,na,1,11.0,950.510044,11.0
223d,0-2,0,58.0,3221.140069,8.0
223d,0-2,1,126.0,8969.3001504,71.0
223d,11-20,0,117.0,9654.770088,85.0
223d,11-20,1,377.0,31684.880175000002,324.0
223d,21+,0,149.0,12680.710047999999,127.0
223d,21+,1,302.0,25412.640173,263.0
223d,3-5,0,51.0,3545.360044,27.0
223d,3-5,1,157.0,12883.260163,124.0
223d,6-10,0,52.0,4201.260002,40.0
223d,6-10,1,277.0,22441.220041,219.0
223x,0-2,0,114.0,4534.780074400001,12.0
223x,0-2,1,89.0,5329.0801175,42.0
223x,11-20,1,12.0,923.620012,5.0
223x,3-5,1,16.0,1405.470006,16.0
223x,6-10,1,20.0,1547.299995,15.0
225a,0-2,0,43.0,2982.4800155000003,27.0
225a,0-2,1,138.0,10741.000088,92.0
225a,11-20,0,130.0,10317.88014,93.0
225a,11-20,1,699.0,55821.610324,510.0
225a,21+,0,295.0,22325.980156,195.0
225a,21+,1,631.0,45425.4701728,392.0
225a,3-5,0,11.0,894.23001,6.0
225a,3-5,1,190.0,16311.010166,166.0
225a,6-10,0,64.0,4396.5600356,28.0
225a,6-10,1,378.0,31254.210303,285.0
225b,0-2,0,35.0,2031.7900315000002,14.0
225b,0-2,1,55.0,4613.810066,50.0
225b,11-20,0,94.0,8540.510102,83.0
225b,11-20,1,494.0,38943.020457,359.0
225b,21+,0,63.0,5794.880121,63.0
225b,21+,1,208.0,18364.380267,203.0
225b,3-5,0,19.0,1828.4100190000001,19.0
225b,3-5,1,97.0,8197.02008,76.0
225b,6-10,0,62.0,5705.32009,57.0
225b,6-10,1,187.0,15353.440182,135.0
225c,0-2,0,62.0,3248.1200698000002,21.0
225c,0-2,1,89.0,6647.310127,65.0
225c,11-20,0,42.0,3341.650076,37.0
225c,11-20,1,195.0,15721.210169,149.0
225c,21+,0,241.0,19401.120225,173.0
225c,21+,1,608.0,50179.530522,494.0
225c,3-5,0,42.0,3111.430049,29.0
225c,3-5,1,193.0,14683.050219,126.0
225c,6-10,0,71.0,4514.670064,30.0
225c,6-10,1,293.0,21133.470223,181.0
225x,0-2,0,388.0,15457.360172,48.0
225x,0-2,1,307.0,16334.260146499999,89.0
225x,11-20,0,188.0,12284.080141,94.0
225x,11-20,1,541.0,35763.9603137,271.0
225x,21+,0,24.0,1933.320027,15.0
225x,21+,1,121.0,9058.600068,89.0
225x,3-5,0,37.0,2094.7500156,17.0
225x,3-5,1,119.0,6912.580032,40.0
225x,6-10,0,21.0,1205.13001,6.0
225x,6-10,1,151.0,10013.530129,74.0
225x,na,0,15.0,89.73000329999999,0.0
225x,na,1,12.0,238.32000240000002,0.0
226z,0-2,0,120.0,5835.3500871999995,32.0
226z,0-2,1,117.0,8260.710124,68.0
226z,11-20,0,34.0,3042.9900399999997,28.0
226z,11-20,1,242.0,19566.169948,203.0
226z,21+,0,61.0,5411.300079,61.0
226z,21+,1,141.0,11902.150066,125.0
226z,3-5,0,10.0,330.999995,0.0
226z,3-5,1,120.0,10734.800108,120.0
226z,6-10,0,39.0,3635.870046,39.0
226z,6-10,1,131.0,11376.680035,118.0
229z,0-2,0,4206.0,202734.6315945,896.0
229z,0-2,1,4097.0,232871.5105573,1381.0
229z,11-20,0,3954.0,249696.9812322,1696.0
229z,11-20,1,6958.0,430650.1117267,3047.0
229z,21+,0,3684.0,254882.0712895,1934.0
229z,21+,1,4521.0,291313.471302,2174.0
229z,3-5,0,1288.0,72827.6405676,447.0
229z,3-5,1,2095.0,129413.6706727,878.0
229z,6-10,0,2032.0,124928.8109963,791.0
229z,6-10,1,3500.0,215654.9707426,1491.0
229z,na,0,1198.0,66371.4503835,391.0
229z,na,1,1744.0,91634.5802757,536.0
310a,21+,0,35.0,2945.9900209999996,24.0
310a,21+,1,116.0,9018.500014000001,62.0
310b,21+,0,2253.0,171128.2306022,1388.0
310b,21+,1,1409.0,98859.6102113,808.0
310b,na,0,133.0,10818.63005,93.0
310b,na,1,39.0,3683.590017,39.0
310x,0-2,0,1106.0,50321.1605663,199.0
310x,0-2,1,1065.0,55935.5704304,286.0
310x,11-20,0,219.0,17060.140141,134.0
310x,11-20,1,688.0,52466.890094,410.0
310x,21+,0,40.0,3377.270033,30.0
310x,21+,1,84.0,7058.280015,59.0
310x,3-5,0,36.0,2434.070053,18.0
310x,3-5,1,134.0,9397.270072,58.0
310x,6-10,0,54.0,4208.070061,26.0
310x,6-10,1,185.0,14648.460005,120.0
310x,na,0,76.0,2028.470008,5.0
310x,na,1,98.0,2809.1100312,0.0
311a,0-2,0,140.0,10076.409878,113.0
311a,0-2,1,1328.0,106891.738718,1301.0
311a,11-20,0,359.0,28940.01967,341.0
311a,11-20,1,1920.0,155110.408386,1822.0
311a,21+,0,764.0,59492.069554999995,660.0
311a,21+,1,1173.0,92525.379619,1069.0
311a,3-5,0,216.0,17654.799784,216.0
311a,3-5,1,1290.0,105058.408823,1284.0
311a,6-10,0,302.0,24766.479698,302.0
311a,6-10,1,1757.0,142802.60846699998,1716.0
311a,na,0,14.0,1200.739996,14.0
311a,na,1,10.0,812.0999899999999,10.0
311b,11-20,1,12.0,974.519988,12.0
311b,21+,0,71.0,5765.9099289999995,71.0
311b,21+,1,96.0,7541.859968999999,91.0
311b,3-5,1,20.0,1624.1999799999999,20.0
311b,6-10,1,17.0,1380.5699829999999,17.0
311b,na,0,148.0,11810.539868,142.0
311b,na,1,480.0,38980.79952,480.0
311c,0-2,0,59.0,4288.320004,41.0
311c,0-2,1,347.0,24658.120144,222.0
311c,11-20,0,388.0,27819.670207,253.0
311c,11-20,1,892.0,67620.07083299999,691.0
311c,21+,0,134.0,8843.810071,81.0
311c,21+,1,144.0,11083.720215000001,125.0
311c,3-5,0,124.0,9483.36014,102.0
311c,3-5,1,486.0,35517.420279,339.0
311c,6-10,0,170.0,12618.820119,126.0
311c,6-10,1,724.0,54406.320391,538.0
311c,na,0,186.0,13132.960168,114.0
311c,na,1,249.0,18472.100369,196.0
311x,0-2,0,2105.0,99453.1707254,417.0
311x,0-2,1,2469.0,139308.2302255,823.0
311x,11-20,0,1020.0,75605.3900444,600.0
311x,11-20,1,4117.0,296118.3888698,2285.0
311x,21+,0,373.0,27858.420082,230.0
311x,21+,1,755.0,53529.799921,468.0
311x,3-5,0,549.0,35967.2801476,253.0
311x,3-5,1,1977.0,134760.0597774,938.0
311x,6-10,0,794.0,55206.030122000004,386.0
311x,6-10,1,2978.0,205355.8995462,1421.0
311x,na,0,53.0,1920.3000116,12.0
311x,na,1,67.0,2405.2300066,5.0
312a,0-2,0,660.0,36764.9203377,200.0
312a,0-2,1,1550.0,98716.8801928,616.0
312a,11-20,0,787.0,56978.5701238,412.0
312a,11-20,1,3592.0,260011.6394309,1885.0
312a,21+,0,348.0,26047.8400615,221.0
312a,21+,1,734.0,54917.060033,465.0
312a,3-5,0,536.0,36949.4902602,221.0
312a,3-5,1,1983.0,140077.509889,974.0
312a,6-10,0,667.0,47471.6902134,329.0
312a,6-10,1,2788.0,201116.1895566,1448.0
312b,0-2,0,73.0,3959.5900530000004,14.0
312b,0-2,1,110.0,8247.81006,72.0
312b,11-20,0,150.0,12602.400113,123.0
312b,11-20,1,490.0,39915.920223,375.0
312b,21+,0,74.0,6655.630121,74.0
312b,21+,1,201.0,17156.340212,179.0
312b,3-5,0,46.0,3299.140041,25.0
312b,3-5,1,169.0,13121.240115,106.0
312b,6-10,0,64.0,4774.270073,40.0
312b,6-10,1,269.0,21269.330107,179.0
312c,0-2,0,264.0,13759.150193200001,67.0
312c,0-2,1,490.0,36905.6599711,299.0
312c,11-20,0,125.0,10395.430038,90.0
312c,11-20,1,837.0,70884.30977600001,639.0
312c,21+,0,42.0,3885.1200209999997,42.0
312c,21+,1,198.0,17133.22006,164.0
312c,3-5,0,146.0,10936.9701066,91.0
312c,3-5,1,550.0,44921.529931,383.0
312c,6-10,0,115.0,10286.550061,98.0
312c,6-10,1,766.0,64174.849900400004,564.0
312x,0-2,0,1337.0,55261.4806671,162.0
312x,0-2,1,1353.0,62135.6504398,257.0
312x,11-20,0,200.0,15218.990104,112.0
312x,11-20,1,772.0,55871.860052,391.0
312x,3-5,0,72.0,4172.1900775,15.0
312x,3-5,1,204.0,12578.3300444,77.0
312x,6-10,0,91.0,6876.070111,51.0
312x,6-10,1,299.0,19801.680072,118.0
312x,na,0,14.0,105.44000410000001,0.0
312x,na,1,15.0,476.949989,5.0
313z,0-2,0,2578.0,131244.2012054,671.0
313z,0-2,1,3249.0,212458.6513463,1476.0
313z,11-20,0,1206.0,97853.120597,837.0
313z,11-20,1,3999.0,325245.4405112,2852.0
313z,21+,0,850.0,66483.3202736,573.0
313z,21+,1,1605.0,127422.090295,1136.0
313z,3-5,0,1030.0,73242.3406322,540.0
313z,3-5,1,2605.0,210672.67089369998,1805.0
313z,6-10,0,1204.0,92486.83072119999,750.0
313z,6-10,1,3481.0,282809.8408807,2432.0
313z,na,0,74.0,4017.9400059,29.0
313z,na,1,64.0,3993.1800262,33.0
314a,0-2,0,640.0,47797.930234,430.0
314a,0-2,1,1103.0,96127.90029599999,995.0
314a,11-20,0,617.0,51993.1200245,477.0
314a,11-20,1,2124.0,183293.4599794,1781.0
314a,21+,0,346.0,29652.039968,269.0
314a,21+,1,965.0,81527.139975,757.0
314a,3-5,0,567.0,48638.4799006,476.0
314a,3-5,1,1188.0,105899.7201,1091.0
314a,6-10,0,611.0,53264.1998916,508.0
314a,6-10,1,1367.0,121622.990051,1222.0
314b,0-2,1,35.0,2999.020016,35.0
314b,11-20,0,17.0,1396.540007,12.0
314b,11-20,1,125.0,11291.550005000001,125.0
314b,21+,0,41.0,3618.090052,36.0
314b,21+,1,33.0,3035.130036,33.0
314b,3-5,1,65.0,5546.340003,65.0
314b,6-10,1,63.0,5513.879966,63.0
314x,0-2,0,451.0,22477.9602367,114.0
314x,0-2,1,477.0,30227.5702389,226.0
314x,11-20,1,59.0,5039.670032,52.0
314x,3-5,0,67.0,5156.549914,18.0
314x,3-5,1,76.0,6124.459984,56.0
314x,6-10,0,36.0,2898.849998,21.0
314x,6-10,1,88.0,7481.600049,69.0
314x,na,0,17.0,731.110004,7.0
319z,0-2,0,5710.0,273192.2323817,1146.0
319z,0-2,1,6193.0,335217.2320422,1798.0
319z,11-20,0,3693.0,247888.4004218,1651.0
319z,11-20,1,7589.0,504805.5204353,3553.0
319z,21+,0,3225.0,230082.9403221,1757.0
319z,21+,1,3590.0,243829.4704198,1832.0
319z,3-5,0,1296.0,79382.9604363,504.0
319z,3-5,1,2737.0,182113.3604046,1302.0
319z,6-10,0,2025.0,133048.8206705,900.0
319z,6-10,1,4204.0,279994.3904855,1972.0
319z,na,0,1473.0,78107.3102088,488.0
319z,na,1,2176.0,107706.3100198,605.0
320z,11-20,0,21.0,1653.0700259999999,16.0
320z,11-20,1,32.0,2656.040032,32.0
320z,21+,0,147.0,12555.460088,131.0
320z,21+,1,353.0,29984.130132,328.0
320z,na,0,20.0,698.3400056,6.0
320z,na,1,41.0,1540.1200078,8.0
321a,0-2,0,156.0,11878.4400326,109.0
321a,0-2,1,300.0,26128.01005,267.0
321a,11-20,0,329.0,28255.990098,298.0
321a,11-20,1,964.0,81451.570287,849.0
321a,21+,0,829.0,68414.020087,677.0
321a,21+,1,1346.0,113905.60027,1178.0
321a,3-5,0,221.0,18844.120066,194.0
321a,3-5,1,522.0,45198.910091,472.0
321a,6-10,0,391.0,33299.760155,351.0
321a,6-10,1,999.0,85108.13029300001,887.0
321a,na,0,88.0,7837.640022,83.0
321a,na,1,97.0,8517.970021,92.0
321b,0-2,0,859.0,54115.6606153,415.0
321b,0-2,1,1003.0,76188.2106408,715.0
321b,11-20,0,936.0,74916.0606853,720.0
321b,11-20,1,2564.0,204856.5811487,2034.0
321b,21+,0,205.0,17540.340116,180.0
321b,21+,1,659.0,54218.990318,553.0
321b,3-5,0,979.0,75533.080679,703.0
321b,3-5,1,1491.0,121098.6908247,1237.0
321b,6-10,0,1102.0,88104.8208217,855.0
321b,6-10,1,1972.0,158708.8511296,1581.0
321x,0-2,0,1685.0,80928.4010281,344.0
321x,0-2,1,1258.0,76472.2707099,532.0
321x,11-20,0,552.0,45425.74029,436.0
321x,11-20,1,1113.0,90917.020534,886.0
321x,21+,0,52.0,4740.480034,52.0
321x,21+,1,184.0,16096.630038,179.0
321x,3-5,0,254.0,19394.1002165,181.0
321x,3-5,1,403.0,31591.5901395,303.0
321x,6-10,0,383.0,29504.8503045,263.0
321x,6-10,1,685.0,53189.4602395,509.0
321x,na,0,11.0,488.0800006,5.0
322a,0-2,0,35.0,2655.0901,27.0
322a,0-2,1,375.0,30543.44137,362.0
322a,11-20,0,128.0,10491.360354,114.0
322a,11-20,1,1687.0,136440.5852042,1618.0
322a,21+,0,967.0,77128.88277,875.0
322a,21+,1,1604.0,125854.91458920001,1458.0
322a,3-5,0,34.0,2424.440118,29.0
322a,3-5,1,536.0,44409.771905,531.0
322a,6-10,0,39.0,3194.490156,39.0
322a,6-10,1,936.0,76916.553122,918.0
322b,0-2,1,32.0,2705.540107,32.0
322b,11-20,1,31.0,2590.3301,31.0
322b,21+,0,22.0,1802.020088,22.0
322b,3-5,1,24.0,1965.840096,24.0
322b,6-10,0,16.0,1310.560064,16.0
322b,6-10,1,65.0,5409.330198,59.0
322x,0-2,0,33.0,1720.000027,7.0
322x,0-2,1,132.0,9179.700263,76.0
322x,11-20,1,68.0,5540.710185,61.0
322x,21+,0,95.0,8217.140068,74.0
322x,21+,1,194.0,15637.120148,162.0
322x,3-5,0,10.0,686.7500150000001,5.0
322x,3-5,1,27.0,2211.570108,27.0
322x,6-10,1,54.0,3593.200138,37.0
329z,0-2,0,661.0,36215.130504,230.0
329z,0-2,1,581.0,37259.8704612,296.0
329z,11-20,0,513.0,41628.450399,368.0
329z,11-20,1,1096.0,87944.85067,871.0
329z,21+,0,124.0,9943.620079,89.0
329z,21+,1,257.0,21285.030168,215.0
329z,3-5,0,160.0,13186.420141,128.0
329z,3-5,1,246.0,20543.870207,219.0
329z,6-10,0,336.0,27676.810250000002,271.0
329z,6-10,1,571.0,47356.850487,476.0
340a,0-2,0,3749.0,259995.1913019,2145.0
340a,0-2,1,7264.0,606823.6002564001,5996.0
340a,11-20,0,13433.0,1028741.2592061,8874.0
340a,11-20,1,27735.0,2181273.79018585,19977.0
340a,21+,0,20645.0,1612196.11882546,13788.0
340a,21+,1,28021.0,2201768.9573537,19958.0
340a,3-5,0,5019.0,400672.7401366,3623.0
340a,3-5,1,9910.0,832737.1307196,8095.0
340a,6-10,0,8647.0,671433.6102868,5918.0
340a,6-10,1,15675.0,1262803.6413783,11758.0
340a,na,0,1154.0,84290.4400677,706.0
340a,na,1,1091.0,74495.5399542,646.0
340b,11-20,0,274.0,23588.819887,210.0
340b,11-20,1,312.0,25897.1399276,232.0
340b,21+,0,28.0,2345.389971,18.0
340b,21+,1,12.0,1146.119976,12.0
340b,6-10,0,44.0,4018.349965,44.0
340b,6-10,1,40.0,2945.929958,27.0
340c,11-20,1,10.0,481.1000055,5.0
340c,21+,0,22.0,1647.940014,6.0
340c,21+,1,58.0,4990.80005,48.0
340d,11-20,0,43.0,2047.7000303,16.0
340d,11-20,1,106.0,6699.9900356,52.0
340d,3-5,1,23.0,1049.5900126000001,6.0
340d,6-10,0,46.0,2274.9200286,18.0
340d,6-10,1,105.0,6147.2100509,53.0
340e,11-20,0,11.0,602.9700019999999,6.0
340e,11-20,1,20.0,792.01,0.0
340e,21+,0,26.0,2377.2599689999997,26.0
340e,21+,1,25.0,2344.289971,25.0
340e,6-10,0,12.0,612.7800024,6.0
340e,6-10,1,26.0,1101.4800023999999,5.0
340f,11-20,1,10.0,933.8000099999999,10.0
340f,21+,1,22.0,1974.700005,17.0
340g,11-20,0,1077.0,45303.2602011,231.0
340g,11-20,1,1731.0,74735.1100813,357.0
340g,21+,0,758.0,28958.1600945,130.0
340g,21+,1,1389.0,49361.280005,160.0
340g,3-5,0,19.0,728.9700100000001,7.0
340g,3-5,1,36.0,1302.1400213000002,5.0
340g,6-10,0,243.0,9265.7100923,35.0
340g,6-10,1,398.0,20640.2001059,124.0
340g,na,0,116.0,2971.5200099999997,7.0
340g,na,1,237.0,5965.909972,0.0
340x,0-2,0,8389.0,424517.1044189,2217.0
340x,0-2,1,7970.0,506871.1146878,3978.0
340x,11-20,0,3867.0,300905.0401002,2405.0
340x,11-20,1,7035.0,554407.4113878,4880.0
340x,21+,0,1341.0,105250.9599495,882.0
340x,21+,1,2174.0,173365.45042,1592.0
340x,3-5,0,1289.0,95580.0404208,770.0
340x,3-5,1,2129.0,168594.9906914,1533.0
340x,6-10,0,2071.0,157695.1804183,1258.0
340x,6-10,1,3311.0,258822.1707749,2236.0
340x,na,0,1724.0,77136.9403598,433.0
340x,na,1,2180.0,109452.3401572,701.0
341z,0-2,0,1538.0,85703.6011345,355.0
341z,0-2,1,1685.0,114623.65075090001,883.0
341z,11-20,0,1149.0,82450.6501405,415.0
341z,11-20,1,1645.0,117447.6905308,800.0
341z,21+,0,160.0,11263.600039,47.0
341z,21+,1,109.0,7033.940085,32.0
341z,3-5,0,1346.0,93957.9009048,514.0
341z,3-5,1,1776.0,130578.250683,1040.0
341z,6-10,0,2415.0,172796.3111659,946.0
341z,6-10,1,3060.0,217889.6012455,1529.0
341z,na,0,383.0,23653.6301606,156.0
341z,na,1,212.0,10794.1000732,67.0
342z,0-2,0,450.0,26011.480373100003,162.0
342z,0-2,1,427.0,30559.6103759,263.0
342z,11-20,0,804.0,62156.61062,459.0
342z,11-20,1,1094.0,84178.970581,658.0
342z,21+,0,3948.0,295219.3418514,2113.0
342z,21+,1,3676.0,278091.4314058,2233.0
342z,3-5,0,337.0,24654.420286,195.0
342z,3-5,1,334.0,24195.8802877,193.0
342z,6-10,0,455.0,33265.670339000004,254.0
342z,6-10,1,515.0,37698.840248,287.0
342z,na,0,314.0,18656.0501877,136.0
342z,na,1,302.0,16496.960107400002,110.0
343z,0-2,1,113.0,9368.819978,108.0
343z,11-20,0,37.0,3106.9899720000003,31.0
343z,11-20,1,243.0,19972.789878,209.0
343z,21+,0,127.0,10297.669919,101.0
343z,21+,1,128.0,10083.409839,103.0
343z,3-5,0,49.0,4119.869949,49.0
343z,3-5,1,155.0,12710.070074,155.0
343z,6-10,0,107.0,8381.6099414,94.0
343z,6-10,1,335.0,27021.19001,286.0
343z,na,0,103.0,3408.020037,12.0
343z,na,1,106.0,3868.9400342,17.0
344z,0-2,0,703.0,47624.7100424,416.0
344z,0-2,1,830.0,70211.7397933,736.0
344z,11-20,0,592.0,51984.7296424,568.0
344z,11-20,1,677.0,56740.2997256,588.0
344z,21+,0,652.0,54929.149745,540.0
344z,21+,1,879.0,69440.769862,663.0
344z,3-5,0,630.0,55762.749736,604.0
344z,3-5,1,772.0,68509.729794,726.0
344z,6-10,0,1099.0,95718.3694031,1031.0
344z,6-10,1,1288.0,110043.1296016,1137.0
344z,na,0,149.0,8838.6900291,79.0
344z,na,1,141.0,8757.3600223,76.0
345a,0-2,0,157.0,11760.190133,103.0
345a,0-2,1,343.0,26856.300156,230.0
345a,11-20,0,349.0,24718.5002057,166.0
345a,11-20,1,906.0,64619.540199,441.0
345a,3-5,0,169.0,13414.71009,125.0
345a,3-5,1,352.0,27836.630127,243.0
345a,6-10,0,367.0,24110.380237,142.0
345a,6-10,1,837.0,58064.660362,395.0
345b,0-2,1,63.0,4912.5700050000005,25.0
345b,11-20,0,124.0,10453.6400214,101.0
345b,11-20,1,713.0,58917.5898634,533.0
345b,21+,0,3271.0,254574.4103207,2169.0
345b,21+,1,3986.0,313730.6097351,2732.0
345b,3-5,1,65.0,5793.970007,53.0
345b,6-10,1,90.0,7374.749981000001,67.0
345b,na,0,145.0,11445.710031,110.0
345b,na,1,101.0,7178.890028,62.0
345c,0-2,0,399.0,26731.029744,227.0
345c,0-2,1,1149.0,99556.47778199999,1017.0
345c,11-20,0,81.0,7049.479856,75.0
345c,11-20,1,227.0,19718.299641,207.0
345c,21+,0,1003.0,76415.529993,656.0
345c,21+,1,1980.0,151933.0094526,1481.0
345c,3-5,0,305.0,26716.439558000002,275.0
345c,3-5,1,1089.0,94026.358299,978.0
345c,6-10,0,317.0,27635.529572,305.0
345c,6-10,1,1315.0,110697.778497,1112.0
345c,na,0,47.0,3837.2899770000004,41.0
345c,na,1,33.0,2623.1000169999998,28.0
345x,0-2,0,1858.0,94165.6408143,451.0
345x,0-2,1,2146.0,123795.8906243,759.0
345x,11-20,0,771.0,59737.300278,507.0
345x,11-20,1,1804.0,135531.600069,1114.0
345x,21+,0,216.0,17129.079982,139.0
345x,21+,1,432.0,35010.79986,338.0
345x,3-5,0,194.0,14349.430093500001,131.0
345x,3-5,1,430.0,32361.960089,292.0
345x,6-10,0,392.0,29487.750146000002,247.0
345x,6-10,1,800.0,60631.949988,515.0
345x,na,0,57.0,1982.6899909,15.0
345x,na,1,78.0,2522.0600164,5.0
346a,0-2,0,120.0,8304.880016,87.0
346a,0-2,1,2041.0,162765.899982,2003.0
346a,11-20,0,72.0,5989.86,72.0
346a,11-20,1,808.0,65317.840082,743.0
346a,21+,0,273.0,22042.850014,258.0
346a,21+,1,378.0,30133.689995,339.0
346a,3-5,0,117.0,9478.08,117.0
346a,3-5,1,1538.0,123970.680055,1500.0
346a,6-10,0,107.0,8692.94,107.0
346a,6-10,1,1488.0,119949.21003999999,1419.0
346a,na,0,314.0,25143.279981,294.0
346a,na,1,555.0,44793.110050999996,509.0
346x,0-2,1,39.0,3006.8599950000003,34.0
346x,11-20,1,32.0,2635.58,32.0
346x,21+,0,719.0,57310.190305000004,513.0
346x,21+,1,631.0,49453.020194,438.0
346x,3-5,1,14.0,1127.0,14.0
346x,6-10,1,30.0,2415.0,30.0
346x,na,0,751.0,55912.560266500004,505.0
346x,na,1,469.0,30409.4500624,248.0
349z,0-2,0,1658.0,93514.6009145,558.0
349z,0-2,1,2009.0,138031.8509131,1106.0
349z,11-20,0,2359.0,182935.2100076,1458.0
349z,11-20,1,4422.0,342360.1802022,2965.0
349z,21+,0,2709.0,201835.270111,1672.0
349z,21+,1,3539.0,266411.6603269,2356.0
349z,3-5,0,645.0,49476.1602641,401.0
349z,3-5,1,962.0,78399.310228,718.0
349z,6-10,0,1119.0,86398.4102949,698.0
349z,6-10,1,1968.0,153056.6404346,1320.0
349z,na,0,2031.0,119426.5102476,845.0
349z,na,1,2566.0,129235.7299629,802.0
380a,0-2,0,1478.0,107576.2110909,1162.0
380a,0-2,1,1759.0,141582.83012600002,1603.0
380a,11-20,0,2824.0,223663.2691655,2564.0
380a,11-20,1,6413.0,510796.8539084,5655.0
380a,21+,0,5752.0,449844.2502801,4787.0
380a,21+,1,8174.0,634085.8330569,6686.0
380a,3-5,0,1327.0,103926.1907276,1252.0
380a,3-5,1,2472.0,200093.622213,2297.0
380a,6-10,0,1830.0,145955.34968800002,1758.0
380a,6-10,1,3666.0,297287.54311800003,3476.0
380a,na,0,59.0,4537.870018,48.0
380a,na,1,64.0,5113.9200280000005,59.0
380c,0-2,0,130.0,8693.400107,69.0
380c,0-2,1,508.0,40376.8803452,372.0
380c,11-20,0,327.0,26969.289973,282.0
380c,11-20,1,1450.0,117688.960206,1196.0
380c,21+,0,89.0,7962.6001,89.0
380c,21+,1,228.0,18210.550118,179.0
380c,3-5,0,177.0,13591.3001012,122.0
380c,3-5,1,754.0,62511.440228,620.0
380c,6-10,0,303.0,25300.130049,262.0
380c,6-10,1,1186.0,99117.86036,1034.0
380x,0-2,0,4194.0,210402.20185040002,1228.0
380x,0-2,1,2719.0,164986.3714036,1248.0
380x,11-20,0,1285.0,77449.7100753,550.0
380x,11-20,1,2279.0,144782.4601195,1107.0
380x,21+,0,1049.0,70783.2000995,556.0
380x,21+,1,1504.0,93681.0102201,707.0
380x,3-5,0,309.0,20541.1600848,168.0
380x,3-5,1,576.0,40795.1403623,359.0
380x,6-10,0,632.0,39278.0501679,300.0
380x,6-10,1,1382.0,93161.0503811,729.0
380x,na,0,555.0,20139.7400479,99.0
380x,na,1,853.0,34600.8399664,140.0
420z,na,0,12.0,85.8200033,0.0
421a,0-2,0,303.0,18127.3401339,124.0
421a,0-2,1,842.0,60413.520323,466.0
421a,11-20,0,612.0,45726.1898875,380.0
421a,11-20,1,2911.0,210898.6794243,1575.0
421a,21+,0,727.0,57612.669966,514.0
421a,21+,1,1925.0,143315.6897509,1223.0
421a,3-5,0,256.0,17776.4200547,135.0
421a,3-5,1,1093.0,80905.7301785,671.0
421a,6-10,0,342.0,23296.8499647,188.0
421a,6-10,1,1422.0,101071.8398367,737.0
421b,0-2,0,15.0,1345.800015,15.0
421b,0-2,1,71.0,5709.400014,46.0
421b,11-20,0,72.0,5898.880014,51.0
421b,11-20,1,414.0,29973.45984,208.0
421b,21+,0,50.0,4158.379973,37.0
421b,21+,1,163.0,12262.599988,96.0
421b,3-5,1,72.0,5583.760002,39.0
421b,6-10,1,128.0,9822.079859000001,64.0
421x,0-2,0,442.0,17435.9402324,45.0
421x,0-2,1,391.0,18319.25012,67.0
421x,11-20,0,19.0,1495.840038,5.0
421x,11-20,1,136.0,9011.089991,58.0
421x,3-5,1,45.0,2742.429985,14.0
421x,6-10,0,17.0,1189.740034,5.0
421x,6-10,1,60.0,3431.890004,16.0
421x,na,1,38.0,1273.1199965,5.0
422z,0-2,0,558.0,25733.4802145,108.0
422z,0-2,1,851.0,51585.8599737,319.0
422z,11-20,0,270.0,20815.8399574,177.0
422z,11-20,1,1480.0,110334.359482,863.0
422z,21+,0,44.0,3772.289961,39.0
422z,21+,1,114.0,9438.199999,92.0
422z,3-5,0,229.0,16195.1800138,135.0
422z,3-5,1,910.0,64946.849772,487.0
422z,6-10,0,237.0,18376.909907,171.0
422z,6-10,1,1107.0,80539.579508,623.0
423z,0-2,0,27.0,1123.34002,0.0
423z,0-2,1,94.0,5131.979929,17.0
423z,11-20,0,28.0,1906.829981,16.0
423z,11-20,1,432.0,28745.279622,163.0
423z,21+,0,30.0,2137.759964,19.0
423z,21+,1,302.0,22355.43977,170.0
423z,3-5,1,161.0,9342.569877,40.0
423z,6-10,0,25.0,1854.219986,17.0
423z,6-10,1,290.0,17671.659736999998,81.0
429z,0-2,0,160.0,6160.3300384,24.0
429z,0-2,1,178.0,10120.290013,53.0
429z,11-20,0,56.0,4125.980036,33.0
429z,11-20,1,267.0,16254.979947,98.0
429z,3-5,1,48.0,2713.949986,13.0
429z,6-10,0,47.0,2971.620049,14.0
429z,6-10,1,122.0,6631.249978,36.0
429z,na,1,11.0,170.13000060000002,0.0
441z,0-2,0,151.0,12320.6101179,126.0
441z,0-2,1,395.0,34624.680335,357.0
441z,11-20,0,191.0,17169.3601665,169.0
441z,11-20,1,807.0,68812.869875,662.0
441z,21+,0,461.0,40112.290278,383.0
441z,21+,1,1084.0,90823.530237,867.0
441z,3-5,0,100.0,9224.340065,94.0
441z,3-5,1,295.0,25749.960143,249.0
441z,6-10,0,102.0,9532.960073,97.0
441z,6-10,1,381.0,33055.889897,308.0
442z,0-2,0,169.0,10794.060091399999,85.0
442z,0-2,1,358.0,27614.380116,241.0
442z,11-20,0,395.0,30786.660043,242.0
442z,11-20,1,1833.0,139999.029793,1094.0
442z,21+,0,771.0,61659.700096,548.0
442z,21+,1,1850.0,141649.76014,1138.0
442z,3-5,0,92.0,7287.330005,66.0
442z,3-5,1,389.0,30306.580126,260.0
442z,6-10,0,141.0,11472.620042,100.0
442z,6-10,1,576.0,44261.139868,364.0
442z,na,1,50.0,2245.8300078,12.0
443z,0-2,0,372.0,18331.8800499,118.0
443z,0-2,1,452.0,31915.110007,258.0
443z,11-20,0,146.0,11739.0599305,117.0
443z,11-20,1,1044.0,80902.089568,712.0
443z,21+,0,268.0,21006.21986,203.0
443z,21+,1,809.0,64007.159843,587.0
443z,3-5,0,103.0,7551.37994,70.0
443z,3-5,1,515.0,40675.799779,374.0
443z,6-10,0,94.0,6805.599955,63.0
443z,6-10,1,517.0,40088.28969,362.0
443z,na,0,19.0,195.8900041,0.0
443z,na,1,23.0,1190.0199787,11.0
449z,0-2,0,334.0,14438.0301717,51.0
449z,0-2,1,268.0,16059.3301061,98.0
449z,11-20,0,61.0,4654.110061,33.0
449z,11-20,1,222.0,16209.1399874,129.0
449z,21+,1,33.0,3002.5300150000003,28.0
449z,3-5,0,12.0,886.5600120000001,6.0
449z,3-5,1,55.0,4256.249976,39.0
449z,6-10,0,28.0,1878.130026,14.0
449z,6-10,1,99.0,7160.219997,54.0
460z,na,0,22.0,132.88000490000002,0.0
460z,na,1,43.0,1110.0800005,0.0
461z,0-2,0,129.0,9700.890126,85.0
461z,0-2,1,189.0,16812.630234,174.0
461z,11-20,0,107.0,9753.58021,90.0
461z,11-20,1,542.0,47000.68,460.0
461z,21+,0,359.0,30438.560251000003,286.0
461z,21+,1,688.0,58283.610310000004,580.0
461z,3-5,0,61.0,5716.150090000001,61.0
461z,3-5,1,169.0,15036.770165000002,153.0
461z,6-10,0,68.0,5781.020086,56.0
461z,6-10,1,237.0,21365.370128000002,219.0
461z,na,0,37.0,1271.7900234,9.0
461z,na,1,49.0,2327.4100189,15.0
462z,0-2,0,96.0,6353.1800822000005,55.0
462z,0-2,1,247.0,20748.530281,198.0
462z,11-20,0,58.0,5377.200071,53.0
462z,11-20,1,479.0,43894.450346,427.0
462z,21+,0,127.0,10927.430119,105.0
462z,21+,1,313.0,26330.520177,254.0
462z,3-5,0,29.0,2848.450053,29.0
462z,3-5,1,204.0,19471.300271,204.0
462z,6-10,0,27.0,2634.010047,27.0
462z,6-10,1,226.0,21615.930171,226.0
469z,0-2,0,352.0,21737.520317900002,167.0
469z,0-2,1,768.0,60790.2807115,573.0
469z,11-20,0,1498.0,101160.2605858,833.0
469z,11-20,1,3345.0,231766.7099826,1901.0
469z,21+,0,1998.0,146812.1303871,1188.0
469z,21+,1,2127.0,139507.9402358,1091.0
469z,3-5,0,209.0,16795.1601106,158.0
469z,3-5,1,1175.0,97244.56057270001,935.0
469z,6-10,0,672.0,50393.7803798,458.0
469z,6-10,1,1851.0,139817.1498976,1198.0
469z,na,0,1118.0,63390.4102669,405.0
469z,na,1,2101.0,123635.7198149,886.0
480z,0-2,1,44.0,3692.470001,35.0
480z,11-20,0,476.0,42512.180231,395.0
480z,11-20,1,1280.0,108276.510291,1021.0
480z,21+,0,2584.0,218416.27132970002,1995.0
480z,21+,1,4379.0,372307.22202048,3508.0
480z,3-5,0,13.0,1240.1200210000002,13.0
480z,3-5,1,51.0,4200.380003,38.0
480z,6-10,0,17.0,1681.9800340000002,17.0
480z,6-10,1,78.0,7109.309969,72.0
480z,na,0,403.0,26915.250196,223.0
480z,na,1,306.0,17237.9100812,128.0
481a,0-2,0,2094.0,152472.1118582,1244.0
481a,0-2,1,2913.0,260493.91220440003,2505.0
481a,11-20,0,2576.0,226653.27180360002,2121.0
481a,11-20,1,5530.0,473216.64158,4440.0
481a,21+,0,2175.0,191796.60138500002,1790.0
481a,21+,1,4134.0,369235.482037,3622.0
481a,3-5,0,1977.0,179109.85224300003,1705.0
481a,3-5,1,3082.0,279801.8422655,2724.0
481a,6-10,0,2177.0,196378.62208200002,1881.0
481a,6-10,1,3361.0,299008.381704,2914.0
481a,na,0,450.0,39032.930221,372.0
481a,na,1,285.0,24402.650146,245.0
481b,0-2,0,21.0,1957.880029,21.0
481b,0-2,1,89.0,7775.410132999999,81.0
481b,11-20,0,944.0,83812.28090030001,796.0
481b,11-20,1,1910.0,167087.3207883,1606.0
481b,21+,0,428.0,39947.720501,395.0
481b,21+,1,808.0,73830.120463,735.0
481b,3-5,0,21.0,2077.7400420000004,21.0
481b,3-5,1,113.0,10181.340057,102.0
481b,6-10,0,88.0,8641.710143,88.0
481b,6-10,1,251.0,23100.080014000003,239.0
481x,0-2,0,3888.0,198510.7419807,1095.0
481x,0-2,1,3271.0,217067.8215807,1624.0
481x,11-20,0,1813.0,153158.7714389,1382.0
481x,11-20,1,3552.0,281522.8411417,2493.0
481x,21+,0,463.0,42055.350337,396.0
481x,21+,1,720.0,64957.320338000005,637.0
481x,3-5,0,1171.0,95486.260956,830.0
481x,3-5,1,1643.0,132419.5007843,1168.0
481x,6-10,0,1620.0,134965.9811379,1208.0
481x,6-10,1,2068.0,166206.0108046,1494.0
481x,na,0,1857.0,170712.3216964,1691.0
481x,na,1,4499.0,406679.31341640005,3912.0
482z,na,0,12.0,79.44000299999999,0.0
482z,na,1,16.0,118.68000459999999,0.0
489z,0-2,0,789.0,45930.1805063,289.0
489z,0-2,1,934.0,69043.3803575,562.0
489z,11-20,0,642.0,55884.170503,519.0
489z,11-20,1,1114.0,95156.48061500001,897.0
489z,21+,0,264.0,24272.920237000002,229.0
489z,21+,1,490.0,43668.610228000005,423.0
489z,3-5,0,544.0,44739.960404,410.0
489z,3-5,1,771.0,63736.250223,596.0
489z,6-10,0,787.0,68879.53046,663.0
489z,6-10,1,1200.0,101227.190404,956.0
489z,na,0,286.0,18736.4401698,151.0
489z,na,1,671.0,40268.7901354,301.0
520a,0-2,0,154.0,14348.470182000003,142.0
520a,0-2,1,595.0,52789.750485000004,514.0
520a,11-20,0,911.0,82657.070821,779.0
520a,11-20,1,1985.0,173351.230609,1589.0
520a,21+,0,1814.0,159093.160869,1452.0
520a,21+,1,2829.0,244580.6705417,2270.0
520a,3-5,0,282.0,26539.300355000003,262.0
520a,3-5,1,703.0,63258.970562,627.0
520a,6-10,0,384.0,35381.070465,341.0
520a,6-10,1,879.0,79415.46045,775.0
520b,21+,0,135.0,9989.95016,55.0
520b,21+,1,266.0,19759.620036,146.0
520x,0-2,0,1247.0,66563.9105955,393.0
520x,0-2,1,873.0,61096.4906146,455.0
520x,11-20,0,394.0,29540.480269,224.0
520x,11-20,1,1065.0,76207.1201357,591.0
520x,21+,0,123.0,9475.27012,75.0
520x,21+,1,306.0,23512.750119,200.0
520x,3-5,0,159.0,13383.920189,112.0
520x,3-5,1,293.0,24065.680194,211.0
520x,6-10,0,128.0,11199.350173,101.0
520x,6-10,1,324.0,26334.330128,215.0
520x,na,0,275.0,7278.7500188,16.0
520x,na,1,275.0,8403.8700273,23.0
521a,0-2,0,262.0,20948.980237,183.0
521a,0-2,1,1152.0,96463.830721,866.0
521a,11-20,0,1425.0,115668.95069,933.0
521a,11-20,1,4442.0,356767.631236,2969.0
521a,21+,0,3956.0,312936.3914522,2467.0
521a,21+,1,6639.0,525247.3822695999,4402.0
521a,3-5,0,421.0,36478.760353000005,338.0
521a,3-5,1,1361.0,113110.86068,1012.0
521a,6-10,0,780.0,66299.080542,604.0
521a,6-10,1,2064.0,171255.510848,1516.0
521b,0-2,0,273.0,13583.7201854,61.0
521b,0-2,1,815.0,52465.690314,313.0
521b,11-20,0,1122.0,81592.130742,554.0
521b,11-20,1,3281.0,245210.66116050002,1796.0
521b,21+,0,7423.0,471885.37286414,2507.0
521b,21+,1,12300.0,800976.3931850999,5086.0
521b,3-5,0,348.0,23633.150264,148.0
521b,3-5,1,1062.0,76631.850424,551.0
521b,6-10,0,555.0,40668.830484,294.0
521b,6-10,1,1610.0,120441.430646,902.0
521b,na,0,33.0,2645.26003,22.0
521b,na,1,31.0,1925.410037,11.0
521c,0-2,0,119.0,4287.080063,13.0
521c,0-2,1,344.0,15321.500053,60.0
521c,11-20,0,178.0,9493.490118,42.0
521c,11-20,1,772.0,42591.0502018,217.0
521c,21+,0,652.0,31527.0501578,115.0
521c,21+,1,741.0,38711.4801949,162.0
521c,3-5,0,127.0,4185.310035,5.0
521c,3-5,1,379.0,16364.8401462,67.0
521c,6-10,0,319.0,13824.230083800001,56.0
521c,6-10,1,907.0,46131.5502139,258.0
521x,0-2,0,3516.0,156757.3114212,648.0
521x,0-2,1,3066.0,187639.8315982,1232.0
521x,11-20,0,1687.0,121159.5108946,815.0
521x,11-20,1,4654.0,338408.7713615,2523.0
521x,21+,0,671.0,49616.150436,358.0
521x,21+,1,1724.0,133699.2906339,1131.0
521x,3-5,0,538.0,38363.7404229,292.0
521x,3-5,1,1536.0,117322.0107229,972.0
521x,6-10,0,698.0,50481.100473,381.0
521x,6-10,1,1972.0,150284.640664,1234.0
521x,na,0,153.0,3709.0700171000003,6.0
521x,na,1,191.0,5245.400014,12.0
522a,0-2,0,98.0,7464.510057,55.0
522a,0-2,1,478.0,38606.58012,331.0
522a,11-20,0,1014.0,89569.780564,812.0
522a,11-20,1,2234.0,191512.630549,1726.0
522a,21+,0,2956.0,252557.121025,2245.0
522a,21+,1,4155.0,352017.7104426,3235.0
522a,3-5,0,215.0,17594.19012,147.0
522a,3-5,1,617.0,50858.680257,449.0
522a,6-10,0,241.0,20902.150171,196.0
522a,6-10,1,637.0,54245.650157000004,489.0
522a,na,0,11.0,915.730004,6.0
522b,0-2,0,69.0,4640.2600520000005,27.0
522b,0-2,1,294.0,20835.800095,136.0
522b,11-20,0,783.0,59757.130238,441.0
522b,11-20,1,2688.0,203404.2101764,1524.0
522b,21+,0,2948.0,190265.3103466,1042.0
522b,21+,1,5405.0,359847.1700882,2229.0
522b,3-5,0,131.0,9473.890087,60.0
522b,3-5,1,454.0,33665.250185,248.0
522b,6-10,0,231.0,17309.980104,123.0
522b,6-10,1,677.0,51184.6101405,384.0
522b,na,0,11.0,765.149995,5.0
522b,na,1,13.0,908.1799940000001,6.0
522c,0-2,0,174.0,7126.009935,14.0
522c,0-2,1,582.0,30648.6698451,145.0
522c,11-20,0,78.0,3676.2699740000003,11.0
522c,11-20,1,284.0,16090.599921,84.0
522c,21+,1,11.0,645.0799890000001,6.0
522c,3-5,0,166.0,8071.7299330000005,27.0
522c,3-5,1,488.0,29245.279802,180.0
522c,6-10,0,272.0,13830.939933,62.0
522c,6-10,1,686.0,39474.979747,241.0
522d,0-2,0,47.0,1330.630005,0.0
522d,0-2,1,152.0,4592.15005,0.0
522d,11-20,0,148.0,5079.140034,0.0
522d,11-20,1,438.0,18885.280096,51.0
522d,21+,0,404.0,23370.340063,88.0
522d,21+,1,1136.0,62767.170042,220.0
522d,3-5,0,164.0,5103.230029,0.0
522d,3-5,1,495.0,16498.67009,17.0
522d,6-10,0,340.0,11495.390041999999,11.0
522d,6-10,1,813.0,32358.360172,83.0
522x,0-2,0,1524.0,70427.1706593,314.0
522x,0-2,1,1544.0,98377.9605384,648.0
522x,11-20,0,1264.0,96696.650479,738.0
522x,11-20,1,3256.0,242474.7203185,1895.0
522x,21+,0,758.0,61372.180249000005,491.0
522x,21+,1,1866.0,146845.420232,1225.0
522x,3-5,0,331.0,23780.390191000002,176.0
522x,3-5,1,989.0,68849.630238,511.0
522x,6-10,0,537.0,39641.7702431,306.0
522x,6-10,1,1466.0,103824.29031150001,782.0
522x,na,0,80.0,1838.7599882,0.0
522x,na,1,108.0,3348.239987,12.0
523a,0-2,0,360.0,33914.24043400001,332.0
523a,0-2,1,631.0,59520.20087300001,585.0
523a,11-20,0,1752.0,164409.591814,1622.0
523a,11-20,1,2428.0,223084.281797,2188.0
523a,21+,0,1073.0,98152.46088700001,923.0
523a,21+,1,1706.0,154311.300767,1505.0
523a,3-5,0,622.0,60318.560854,614.0
523a,3-5,1,764.0,71870.050842,710.0
523a,6-10,0,769.0,74707.91102,759.0
523a,6-10,1,961.0,91035.161013,911.0
523b,0-2,0,38.0,3382.380046,32.0
523b,0-2,1,122.0,10990.150099999999,107.0
523b,11-20,0,145.0,12793.0501,113.0
523b,11-20,1,424.0,36222.720180000004,328.0
523b,3-5,0,56.0,5380.110055000001,56.0
523b,3-5,1,138.0,12388.560053000001,122.0
523b,6-10,0,91.0,8506.080098,86.0
523b,6-10,1,168.0,14784.090134,143.0
523c,0-2,0,180.0,14481.570200600001,128.0
523c,0-2,1,386.0,31978.120305700002,271.0
523c,11-20,0,1289.0,115865.27128280001,1103.0
523c,11-20,1,2609.0,225429.421172,2099.0
523c,21+,0,476.0,40728.150342,358.0
523c,21+,1,1134.0,96133.07041100001,869.0
523c,3-5,0,227.0,20890.900328,197.0
523c,3-5,1,416.0,36052.410270700006,336.0
523c,6-10,0,365.0,34520.130374,334.0
523c,6-10,1,554.0,49912.060356500006,485.0
523d,0-2,1,25.0,1466.590007,5.0
523d,11-20,0,27.0,2146.5200160000004,17.0
523d,11-20,1,100.0,8044.840042,66.0
523d,21+,0,6638.0,472682.2719583,3270.0
523d,21+,1,10764.0,771966.87069676,5769.0
523d,3-5,1,16.0,1015.149995,5.0
523d,6-10,1,34.0,2824.6799920000003,21.0
523d,na,0,24.0,1920.610013,14.0
523d,na,1,18.0,1321.070036,8.0
523e,0-2,0,27.0,1472.040034,6.0
523e,0-2,1,37.0,2501.6299980000003,18.0
523e,11-20,0,179.0,11891.710035,74.0
523e,11-20,1,578.0,40852.049924,318.0
523e,21+,0,10.0,500.0,0.0
523e,21+,1,73.0,5151.950028,41.0
523e,3-5,0,29.0,1494.040044,6.0
523e,3-5,1,57.0,3618.60995,27.0
523e,6-10,0,139.0,8351.1500405,51.0
523e,6-10,1,240.0,15204.789943,99.0
523f,0-2,0,60.0,2707.890014,11.0
523f,0-2,1,206.0,9549.0499892,34.0
523f,11-20,0,37.0,1852.620001,8.0
523f,11-20,1,195.0,10129.14003,51.0
523f,21+,1,42.0,1871.670007,0.0
523f,3-5,0,132.0,5869.820025,13.0
523f,3-5,1,282.0,13723.57999,69.0
523f,6-10,0,120.0,5996.070058,18.0
523f,6-10,1,407.0,20713.769942,107.0
523x,0-2,0,4715.0,258697.75245640002,1575.0
523x,0-2,1,3984.0,279326.5624566,2165.0
523x,11-20,0,3532.0,297683.692487,2657.0
523x,11-20,1,6580.0,521552.2518655,4591.0
523x,21+,0,851.0,75221.29062900001,709.0
523x,21+,1,1780.0,154118.460484,1454.0
523x,3-5,0,1298.0,109688.551164,1007.0
523x,3-5,1,2100.0,171951.461039,1543.0
523x,6-10,0,1940.0,162626.1914262,1517.0
523x,6-10,1,2900.0,237243.490759,2181.0
523x,na,0,197.0,7684.1600530000005,39.0
523x,na,1,298.0,13243.6500094,69.0
524a,0-2,0,87.0,6217.310024,41.0
524a,0-2,1,595.0,44449.430234,335.0
524a,11-20,0,573.0,46969.329968,380.0
524a,11-20,1,2441.0,192345.710072,1543.0
524a,21+,0,1187.0,94402.029935,757.0
524a,21+,1,2117.0,163175.5998767,1282.0
524a,3-5,0,171.0,13932.650063000001,112.0
524a,3-5,1,759.0,59879.540304,496.0
524a,6-10,0,336.0,27640.670011,236.0
524a,6-10,1,895.0,70820.820136,573.0
524b,0-2,1,40.0,2334.790008,7.0
524b,11-20,0,98.0,6898.290042,38.0
524b,11-20,1,693.0,48233.219907,290.0
524b,21+,0,952.0,65495.900251,391.0
524b,21+,1,1854.0,124379.4099971,767.0
524b,3-5,0,14.0,756.2800000000001,0.0
524b,3-5,1,45.0,2667.979999,8.0
524b,6-10,0,34.0,2057.72998,5.0
524b,6-10,1,103.0,6999.889997,37.0
524c,11-20,1,10.0,540.2,0.0
524d,0-2,1,84.0,1898.14997,0.0
524d,11-20,1,47.0,1116.390007,0.0
524d,21+,0,12.0,568.5200140000001,0.0
524d,21+,1,19.0,584.29,0.0
524d,3-5,1,84.0,4400.989995,21.0
524d,6-10,1,78.0,1788.4299922,0.0
524x,0-2,0,1279.0,57082.2303837,235.0
524x,0-2,1,984.0,61881.2103262,405.0
524x,11-20,0,291.0,22729.420018,173.0
524x,11-20,1,1305.0,93275.039861,677.0
524x,21+,0,101.0,8853.740025,84.0
524x,21+,1,395.0,31232.61003,258.0
524x,3-5,0,100.0,8180.480061,70.0
524x,3-5,1,351.0,27697.330124,239.0
524x,6-10,0,119.0,9847.670048,79.0
524x,6-10,1,517.0,40028.170078,318.0
525a,0-2,0,11.0,1088.340022,11.0
525a,0-2,1,50.0,4726.620048000001,50.0
525a,11-20,0,82.0,7416.950081000001,71.0
525a,11-20,1,285.0,24393.720143,225.0
525a,21+,0,194.0,16949.410112,152.0
525a,21+,1,368.0,32089.860207,306.0
525a,3-5,0,17.0,1646.5200160000002,17.0
525a,3-5,1,104.0,9128.830066,89.0
525a,6-10,0,50.0,4709.110041,50.0
525a,6-10,1,104.0,9152.200084,86.0
525b,11-20,1,47.0,4120.770057,41.0
525b,3-5,1,16.0,1058.179994,6.0
525b,6-10,1,13.0,1011.989987,8.0
525c,0-2,1,70.0,1090.860046,0.0
525c,11-20,0,18.0,316.98001800000003,0.0
525c,11-20,1,75.0,2225.510087,6.0
525c,3-5,0,18.0,316.98001800000003,0.0
525c,3-5,1,66.0,1084.950039,0.0
525c,6-10,0,64.0,2295.490073,11.0
525c,6-10,1,165.0,5791.040081,35.0
525d,0-2,0,35.0,1063.009989,0.0
525d,0-2,1,93.0,3567.660029,0.0
525d,11-20,0,159.0,6412.1797449999995,0.0
525d,11-20,1,181.0,10018.570021,35.0
525d,21+,0,430.0,22026.939718999998,49.0
525d,21+,1,293.0,17131.0300105,73.0
525d,3-5,0,50.0,1774.2999419999999,0.0
525d,3-5,1,89.0,4862.950087,10.0
525d,6-10,0,123.0,5331.479979000001,12.0
525d,6-10,1,186.0,9746.130145,24.0
525x,0-2,0,156.0,6246.0400818,24.0
525x,0-2,1,217.0,13709.450146000001,95.0
525x,11-20,0,64.0,4682.8900570000005,42.0
525x,11-20,1,220.0,16084.550133,117.0
525x,21+,0,16.0,1494.600032,16.0
525x,21+,1,31.0,2928.3100350000004,31.0
525x,3-5,0,17.0,670.560016,5.0
525x,3-5,1,84.0,6198.240051,41.0
525x,6-10,0,51.0,2412.180056,17.0
525x,6-10,1,131.0,7902.100058,54.0
525x,na,0,94.0,1612.7900347999998,0.0
525x,na,1,71.0,1620.360021,0.0
526a,0-2,0,284.0,24814.1800675,234.0
526a,0-2,1,939.0,84131.520134,821.0
526a,11-20,0,917.0,76591.510188,644.0
526a,11-20,1,2154.0,176731.230458,1528.0
526a,21+,0,1193.0,98877.73039,791.0
526a,21+,1,1731.0,143018.340408,1261.0
526a,3-5,0,376.0,34957.000143000005,349.0
526a,3-5,1,1042.0,91515.230329,877.0
526a,6-10,0,755.0,66855.640259,622.0
526a,6-10,1,1372.0,116989.740358,1055.0
526b,0-2,0,66.0,3735.8400335,18.0
526b,0-2,1,245.0,16689.190145,98.0
526b,11-20,0,99.0,7463.420029,45.0
526b,11-20,1,541.0,41146.650238,315.0
526b,21+,0,45.0,3762.030056,31.0
526b,21+,1,182.0,14947.370171,139.0
526b,3-5,0,47.0,3632.050021,27.0
526b,3-5,1,226.0,16917.520102,126.0
526b,6-10,0,24.0,1638.04,5.0
526b,6-10,1,216.0,16606.160080999998,128.0
526x,0-2,0,2741.0,140563.71124520001,760.0
526x,0-2,1,2495.0,164203.6412062,1206.0
526x,11-20,0,602.0,47613.510301,362.0
526x,11-20,1,1551.0,122203.250323,1017.0
526x,21+,0,138.0,11824.270059,95.0
526x,21+,1,315.0,25802.280118000002,234.0
526x,3-5,0,386.0,30384.120310500002,238.0
526x,3-5,1,1213.0,93189.790525,748.0
526x,6-10,0,458.0,36353.050265,290.0
526x,6-10,1,1197.0,92614.7203406,745.0
527a,0-2,0,18.0,1260.3599880000002,6.0
527a,0-2,1,175.0,13388.789972,102.0
527a,11-20,0,78.0,6053.589981,48.0
527a,11-20,1,433.0,34230.409776,264.0
527a,3-5,0,45.0,3569.249957,31.0
527a,3-5,1,223.0,17906.960052,153.0
527a,6-10,0,85.0,6626.529964,52.0
527a,6-10,1,287.0,22703.399948000002,180.0
527b,11-20,0,15.0,1171.949955,15.0
527b,11-20,1,179.0,13117.729945,87.0
527x,0-2,0,176.0,6766.450016700001,31.0
527x,0-2,1,166.0,11733.72004,92.0
527x,11-20,0,71.0,5237.349997,39.0
527x,11-20,1,399.0,30486.009872,243.0
527x,21+,0,173.0,12658.529924,97.0
527x,21+,1,551.0,39061.089708,252.0
527x,3-5,0,14.0,1096.480004,9.0
527x,3-5,1,81.0,6748.129992,67.0
527x,6-10,1,118.0,9098.529962,81.0
529a,0-2,0,103.0,9529.480111,93.0
529a,0-2,1,577.0,48307.59042,415.0
529a,11-20,0,894.0,70777.5403319,605.0
529a,11-20,1,2393.0,191074.7405214,1637.0
529a,21+,0,911.0,54044.4802558,355.0
529a,21+,1,1491.0,98171.3800669,717.0
529a,3-5,0,210.0,19529.740229000003,194.0
529a,3-5,1,955.0,81654.6606897,753.0
529a,6-10,0,563.0,48860.480322200005,449.0
529a,6-10,1,1577.0,131187.6606535,1166.0
529a,na,0,848.0,70947.670299,630.0
529a,na,1,1581.0,131590.8404965,1191.0
529b,0-2,1,14.0,657.02,0.0
529b,11-20,0,46.0,2244.050033,15.0
529b,11-20,1,191.0,10739.9000118,64.0
529b,21+,0,5933.0,379806.98107106,2181.0
529b,21+,1,6445.0,400690.03069138003,2409.0
529b,3-5,1,17.0,813.16,0.0
529b,6-10,1,58.0,3318.77004,15.0
529b,na,0,986.0,65698.3202571,372.0
529b,na,1,1018.0,64819.500098000004,396.0
529x,0-2,0,1331.0,72835.5806945,402.0
529x,0-2,1,1655.0,114155.04076,836.0
529x,11-20,0,2324.0,125225.73050651,807.0
529x,11-20,1,4874.0,293073.19047020003,2102.0
529x,21+,0,3447.0,161055.83038813,820.0
529x,21+,1,5540.0,284253.34020947,1671.0
529x,3-5,0,586.0,44362.3003593,359.0
529x,3-5,1,1392.0,104552.2504177,880.0
529x,6-10,0,1253.0,88041.2704622,718.0
529x,6-10,1,2638.0,185258.59066018,1459.0
529x,na,0,2483.0,101449.73032722001,437.0
529x,na,1,3767.0,159468.9899704,756.0
540a,0-2,1,70.0,6065.330073,58.0
540a,11-20,0,68.0,5757.700054,43.0
540a,11-20,1,337.0,26384.990039,210.0
540a,21+,0,222.0,17629.060104,134.0
540a,21+,1,434.0,34665.270184,294.0
540a,3-5,1,62.0,5335.3200719999995,51.0
540a,6-10,0,10.0,605.2000049999999,0.0
540a,6-10,1,76.0,6203.880025,53.0
540b,21+,1,27.0,2093.700029,12.0
540x,0-2,0,88.0,4186.4400754,23.0
540x,0-2,1,164.0,12100.980136,107.0
540x,11-20,0,19.0,1593.720043,12.0
540x,11-20,1,185.0,15698.280104,153.0
540x,21+,0,19.0,1752.110046,19.0
540x,21+,1,51.0,4576.070088,51.0
540x,3-5,0,25.0,1606.790046,11.0
540x,3-5,1,85.0,7233.120126,70.0
540x,6-10,1,86.0,7265.710028,73.0
540x,na,0,13.0,331.76999079999996,0.0
541b,11-20,1,19.0,1027.729996,0.0
541c,11-20,1,23.0,1049.499988,0.0
541e,0-2,0,39.0,1750.680057,0.0
541e,0-2,1,47.0,2110.480069,0.0
541e,11-20,0,21.0,1020.180042,0.0
541e,11-20,1,35.0,1283.8000376,0.0
541e,3-5,0,49.0,2005.5200716,0.0
541e,3-5,1,42.0,1619.3700465,0.0
541e,6-10,0,59.0,2496.5300875,0.0
541e,6-10,1,45.0,1955.6400569999998,0.0
541x,0-2,0,28.0,858.4300055,0.0
541x,0-2,1,15.0,465.149995,0.0
541x,11-20,0,14.0,788.380001,0.0
541x,11-20,1,170.0,9867.7298946,55.0
541x,21+,1,67.0,5392.550026,47.0
541x,6-10,0,12.0,270.96,0.0
541x,6-10,1,35.0,1436.799997,0.0
541x,na,0,22.0,365.96000349999997,0.0
542b,21+,0,30.0,2224.579979,19.0
542b,21+,1,53.0,3803.710005,31.0
542b,6-10,1,11.0,815.970013,6.0
542c,0-2,0,42.0,2001.980039,6.0
542c,0-2,1,30.0,1284.910026,0.0
542c,11-20,0,72.0,4565.889999,38.0
542c,11-20,1,166.0,10265.749907,95.0
542c,3-5,0,59.0,2441.320063,0.0
542c,3-5,1,62.0,3139.519968,20.0
542c,6-10,0,123.0,7616.97003,62.0
542c,6-10,1,105.0,6087.999971,51.0
542d,6-10,1,10.0,81.599998,0.0
542x,0-2,0,48.0,1667.7300547,0.0
542x,0-2,1,40.0,2276.880057,14.0
542x,11-20,1,29.0,1380.0299969999999,13.0
542x,21+,1,13.0,1114.5100189999998,13.0
542x,3-5,0,17.0,1157.830004,12.0
542x,3-5,1,48.0,2933.5500549999997,25.0
542x,6-10,1,34.0,2297.4300009999997,22.0
542x,na,0,19.0,589.2299872,6.0
542x,na,1,37.0,808.6700084,0.0
543b,11-20,1,77.0,4250.51,17.0
543b,21+,0,14.0,954.800007,0.0
543b,21+,1,25.0,1605.7800200000001,13.0
543c,0-2,0,15.0,486.170023,0.0
543c,0-2,1,21.0,968.869972,7.0
543c,11-20,0,24.0,607.519994,0.0
543c,11-20,1,61.0,2691.56001,8.0
543c,21+,0,112.0,4873.7900179,0.0
543c,21+,1,168.0,7330.6499791999995,5.0
543c,3-5,1,16.0,453.880022,0.0
543c,6-10,0,23.0,388.250017,0.0
543c,6-10,1,41.0,1401.6499880000001,8.0
543d,11-20,1,46.0,1260.520019,0.0
543d,21+,0,22.0,1063.11003,0.0
543d,21+,1,54.0,1742.380015,0.0
543d,6-10,1,14.0,193.62,0.0
543x,11-20,1,100.0,8115.120073,68.0
543x,21+,0,30.0,2712.090029,30.0
543x,21+,1,62.0,5568.17005,62.0
544a,0-2,1,14.0,1087.0000129999999,9.0
544a,21+,0,123.0,10492.30002,94.0
544a,21+,1,125.0,9266.049996,59.0
544b,3-5,1,10.0,569.750005,0.0
544c,3-5,1,38.0,291.04999519,0.0
544c,6-10,1,23.0,111.49000345,0.0
544x,0-2,1,45.0,3368.2200009999997,24.0
544x,11-20,0,18.0,1654.159984,18.0
544x,11-20,1,123.0,9448.240009000001,72.0
544x,21+,0,16.0,1195.000007,6.0
544x,21+,1,28.0,2528.890017,28.0
544x,3-5,1,48.0,3195.539961,22.0
544x,6-10,1,53.0,3312.45006,13.0
549z,na,0,19.0,187.1499971,0.0
580a,0-2,1,47.0,3291.75997,5.0
580a,11-20,0,191.0,15283.449989,98.0
580a,11-20,1,622.0,48715.339460999996,268.0
580a,21+,0,451.0,36503.979964,249.0
580a,21+,1,737.0,56825.459684,352.0
580a,3-5,1,83.0,5905.219936,20.0
580a,6-10,0,37.0,3228.550024,29.0
580a,6-10,1,125.0,9233.549866000001,32.0
580b,0-2,1,53.0,3941.039951,16.0
580b,11-20,0,56.0,4342.609955,30.0
580b,11-20,1,443.0,35036.479532000005,234.0
580b,21+,0,38.0,2844.709977,18.0
580b,21+,1,118.0,9319.089885,62.0
580b,3-5,1,153.0,11358.959906,42.0
580b,6-10,0,38.0,2776.359968,14.0
580b,6-10,1,245.0,19235.289777,125.0
580x,0-2,0,280.0,13503.3399929,42.0
580x,0-2,1,478.0,32283.029713,136.0
580x,11-20,0,67.0,5077.919980000001,28.0
580x,11-20,1,300.0,23235.299695,148.0
580x,21+,1,48.0,4092.2799750000004,33.0
580x,3-5,0,57.0,3653.999933,10.0
580x,3-5,1,339.0,24872.439628,135.0
580x,6-10,0,57.0,4132.299949,22.0
580x,6-10,1,245.0,18860.119706,113.0
580x,na,0,61.0,1485.1599574,0.0
580x,na,1,44.0,903.7399912,0.0
581a,0-2,0,51.0,3652.379937,24.0
581a,0-2,1,296.0,22973.869848000002,172.0
581a,11-20,0,94.0,8005.079994000001,71.0
581a,11-20,1,474.0,38962.389792,296.0
581a,21+,0,21.0,1791.839946,21.0
581a,21+,1,186.0,15404.689987,122.0
581a,3-5,0,92.0,7216.689908,58.0
581a,3-5,1,364.0,29770.419689000002,249.0
581a,6-10,0,162.0,13715.3699,116.0
581a,6-10,1,463.0,37525.029595,280.0
581b,0-2,1,82.0,3299.9499960000003,0.0
581b,3-5,0,14.0,431.90000000000003,0.0
581b,3-5,1,50.0,2009.649986,0.0
581b,6-10,1,44.0,1999.800032,0.0
581c,0-2,0,190.0,16097.6794995,173.0
581c,0-2,1,239.0,20691.769358,216.0
581c,11-20,0,497.0,43622.228558999996,436.0
581c,11-20,1,988.0,86108.937411,839.0
581c,21+,0,937.0,79408.127844,730.0
581c,21+,1,1289.0,105566.967203,950.0
581c,3-5,0,215.0,19262.44935,210.0
581c,3-5,1,348.0,31019.438993,337.0
581c,6-10,0,356.0,31670.028928999996,338.0
581c,6-10,1,562.0,50068.658478,526.0
581d,0-2,0,32.0,2655.100029,27.0
581d,0-2,1,101.0,8943.469969000002,95.0
581d,11-20,0,67.0,6049.050069000001,67.0
581d,11-20,1,319.0,27947.129615,268.0
581d,21+,0,92.0,8226.610008,85.0
581d,21+,1,220.0,19428.869809,185.0
581d,3-5,0,57.0,5137.230039,57.0
581d,3-5,1,165.0,14603.489951,154.0
581d,6-10,0,66.0,5949.180062000001,66.0
581d,6-10,1,259.0,23049.119813,239.0
581e,0-2,1,29.0,1479.100003,7.0
581e,11-20,1,91.0,6072.309975,30.0
581e,3-5,1,28.0,2174.669993,17.0
581e,6-10,1,78.0,5637.3499790000005,38.0
581x,0-2,0,2446.0,115411.480175,554.0
581x,0-2,1,2205.0,139650.2094674,897.0
581x,11-20,0,281.0,21346.0797444,165.0
581x,11-20,1,1024.0,83779.548899,719.0
581x,21+,0,100.0,8790.399889,93.0
581x,21+,1,210.0,18216.39961,168.0
581x,3-5,0,513.0,37690.8994766,298.0
581x,3-5,1,1366.0,108625.968679,915.0
581x,6-10,0,620.0,48523.3093745,342.0
581x,6-10,1,1583.0,125216.398383,1001.0
581x,na,0,53.0,3761.0098797,41.0
581x,na,1,82.0,4331.4398882,35.0
582a,0-2,0,34.0,2434.539955,17.0
582a,0-2,1,368.0,26141.249734999998,173.0
582a,11-20,0,521.0,39423.589755,256.0
582a,11-20,1,1758.0,135846.238614,860.0
582a,21+,0,2077.0,160664.4691755,1115.0
582a,21+,1,3258.0,253623.7284342,1834.0
582a,3-5,0,92.0,6807.649925,50.0
582a,3-5,1,483.0,37400.419688,298.0
582a,6-10,0,181.0,14168.649857,109.0
582a,6-10,1,763.0,60794.129439000004,470.0
582b,0-2,0,351.0,18068.8798839,35.0
582b,0-2,1,994.0,62506.99933,255.0
582b,11-20,0,666.0,43756.859649,177.0
582b,11-20,1,2219.0,158413.67876799998,881.0
582b,21+,0,4643.0,296441.27932448,1318.0
582b,21+,1,7477.0,494893.52863235003,2691.0
582b,3-5,0,462.0,29011.349637,122.0
582b,3-5,1,1485.0,101931.69896000001,574.0
582b,6-10,0,795.0,53314.689442,257.0
582b,6-10,1,2304.0,164318.5987766,970.0
582b,na,1,10.0,577.99999,0.0
582c,0-2,0,430.0,17375.53996194,36.0
582c,0-2,1,934.0,47270.6499235,146.0
582c,11-20,0,129.0,6808.819965,8.0
582c,11-20,1,272.0,17023.179998,55.0
582c,21+,0,121.0,7123.739958,20.0
582c,21+,1,177.0,10360.9499405,30.0
582c,3-5,0,309.0,15374.33994,34.0
582c,3-5,1,770.0,44106.939952,166.0
582c,6-10,0,255.0,14131.869941,35.0
582c,6-10,1,615.0,38044.570009,159.0
582d,0-2,1,15.0,755.399977,0.0
582d,3-5,1,17.0,829.1499719999999,0.0
582d,6-10,1,25.0,1277.5999630000001,0.0
582e,11-20,0,12.0,417.30001350000003,0.0
582f,0-2,0,111.0,4077.370072,8.0
582f,0-2,1,228.0,13401.700203999999,57.0
582f,21+,0,79.0,3768.150019,6.0
582f,21+,1,80.0,4575.390007,25.0
582f,3-5,0,121.0,6109.910124999999,18.0
582f,3-5,1,222.0,14942.330183,91.0
582f,6-10,0,124.0,7402.470085,35.0
582f,6-10,1,254.0,17322.410134,116.0
582g,0-2,0,105.0,3804.9099954000003,5.0
582g,0-2,1,385.0,19978.3199242,62.0
582g,11-20,1,33.0,2258.799993,10.0
582g,3-5,0,105.0,4893.1799552,8.0
582g,3-5,1,401.0,23072.4899349,110.0
582g,6-10,0,121.0,5981.6999704,14.0
582g,6-10,1,396.0,22579.8400329,105.0
582x,0-2,0,1892.0,80589.9402944,210.0
582x,0-2,1,2456.0,131968.0998562,508.0
582x,11-20,0,1119.0,72451.759638,279.0
582x,11-20,1,2469.0,165092.81921739999,842.0
582x,21+,0,373.0,25985.579854000003,130.0
582x,21+,1,889.0,64986.179669000005,387.0
582x,3-5,0,462.0,27044.479863,90.0
582x,3-5,1,1300.0,83636.019624,404.0
582x,6-10,0,692.0,41130.1397678,146.0
582x,6-10,1,1882.0,121924.4395894,612.0
582x,na,0,126.0,3246.2299227,0.0
582x,na,1,93.0,2566.7999548,0.0
589z,0-2,0,17.0,1046.4999950000001,6.0
589z,0-2,1,30.0,1742.1399999999999,7.0
589z,11-20,0,26.0,2096.64997,17.0
589z,11-20,1,109.0,6262.7999555999995,30.0
589z,3-5,1,13.0,750.019993,0.0
589z,6-10,1,34.0,2510.669985,16.0
589z,na,0,26.0,793.7999685,0.0
589z,na,1,38.0,1137.359976,0.0
620z,11-20,1,52.0,4175.180009,36.0
620z,21+,1,11.0,979.110022,11.0
620z,3-5,1,11.0,832.2500170000001,5.0
620z,na,0,11.0,76.0100029,0.0
621a,0-2,1,33.0,2400.320033,15.0
621a,11-20,0,54.0,2571.5900626,0.0
621a,11-20,1,492.0,33181.3801642,228.0
621a,21+,0,428.0,25917.2901682,173.0
621a,21+,1,1061.0,62428.3801381,401.0
621a,3-5,1,38.0,2920.970027,22.0
621a,6-10,0,17.0,1093.4600340000002,0.0
621a,6-10,1,65.0,4906.200062,35.0
621b,0-2,1,10.0,200.95000050000002,0.0
621b,11-20,0,117.0,4111.2500739,5.0
621b,11-20,1,257.0,9671.0900962,41.0
621b,21+,0,606.0,22603.0801444,82.0
621b,21+,1,1167.0,38573.1101916,169.0
621b,3-5,1,13.0,249.0600007,0.0
621b,6-10,0,21.0,1199.61003,0.0
621b,6-10,1,45.0,1959.1800428000001,0.0
621b,na,0,50.0,466.7200037,0.0
621b,na,1,55.0,744.6400026,0.0
621c,0-2,1,13.0,654.950012,0.0
621c,3-5,0,32.0,676.63,0.0
621c,3-5,1,42.0,757.0100012,0.0
621c,6-10,0,22.0,483.02000000000004,0.0
621c,6-10,1,32.0,700.0300009,0.0
621d,11-20,0,20.0,475.21000000000004,0.0
621d,11-20,1,53.0,1202.2999958,0.0
621d,6-10,0,10.0,200.95000050000002,0.0
621d,6-10,1,27.0,630.6400006,0.0
621e,0-2,1,45.0,2459.650029,6.0
621e,3-5,1,67.0,4262.480023,19.0
621e,6-10,0,15.0,556.410009,0.0
621e,6-10,1,67.0,4110.700027,13.0
621f,0-2,0,23.0,857.590007,0.0
621f,0-2,1,55.0,1887.410014,0.0
621f,11-20,0,65.0,2683.95004,0.0
621f,11-20,1,89.0,3491.3300240000003,0.0
621f,3-5,0,37.0,1340.380016,0.0
621f,3-5,1,116.0,3806.290014,0.0
621f,6-10,0,58.0,2188.0400360000003,0.0
621f,6-10,1,169.0,5938.870046000001,0.0
621x,0-2,0,306.0,10636.9401116,22.0
621x,0-2,1,244.0,12005.1601257,49.0
621x,11-20,0,51.0,2440.1199925,15.0
621x,11-20,1,236.0,12614.240054,69.0
621x,21+,0,43.0,3229.689995,31.0
621x,21+,1,95.0,5940.7900387,42.0
621x,3-5,0,17.0,941.720027,0.0
621x,3-5,1,90.0,4994.3500195,21.0
621x,6-10,0,45.0,1811.230024,0.0
621x,6-10,1,124.0,6506.1300188,27.0
621x,na,0,11.0,397.5100174,0.0
621x,na,1,31.0,759.0299974,0.0
622a,11-20,1,38.0,2388.64003,8.0
622a,21+,0,22.0,1563.790037,7.0
622a,21+,1,54.0,3348.939992,20.0
622b,11-20,1,26.0,493.92001,0.0
622b,21+,0,99.0,4496.120011999999,13.0
622b,21+,1,92.0,4023.0599810000003,15.0
622c,0-2,0,52.0,1047.200022,0.0
622c,0-2,1,155.0,3473.6400080000003,5.0
622c,11-20,0,82.0,1877.7600080000002,0.0
622c,11-20,1,201.0,4758.129981,5.0
622c,3-5,0,46.0,928.5000110000001,0.0
622c,3-5,1,99.0,1909.159997,0.0
622c,6-10,0,98.0,2120.580024,0.0
622c,6-10,1,254.0,6083.2499572,7.0
622x,0-2,0,80.0,2223.370034,0.0
622x,0-2,1,50.0,1425.8900250000002,0.0
622x,11-20,0,47.0,1015.850022,0.0
622x,11-20,1,111.0,3696.7900550000004,5.0
622x,3-5,0,18.0,439.53001400000005,0.0
622x,3-5,1,28.0,778.820014,0.0
622x,6-10,0,33.0,762.620022,0.0
622x,6-10,1,70.0,1760.000003,0.0
622x,na,0,14.0,213.0200024,0.0
622x,na,1,12.0,133.38,0.0
623a,0-2,1,74.0,4454.780044,29.0
623a,11-20,0,17.0,611.980012,0.0
623a,11-20,1,196.0,10017.690063,49.0
623a,21+,0,144.0,8267.160036,47.0
623a,21+,1,332.0,16851.1400566,87.0
623a,3-5,0,11.0,341.740006,0.0
623a,3-5,1,108.0,6933.280048,52.0
623a,6-10,0,38.0,1565.2600089999999,8.0
623a,6-10,1,146.0,8312.160066,53.0
623b,0-2,1,62.0,2997.3599919999997,26.0
623b,11-20,0,30.0,1610.1399959999999,14.0
623b,11-20,1,98.0,5066.460018999999,31.0
623b,21+,0,433.0,19840.700107099998,89.0
623b,21+,1,1150.0,53371.5102733,242.0
623b,3-5,0,19.0,664.1900009999999,5.0
623b,3-5,1,110.0,5224.420021,27.0
623b,6-10,0,39.0,1713.069992,15.0
623b,6-10,1,127.0,5520.430025999999,35.0
623b,na,0,26.0,632.480009,0.0
623b,na,1,84.0,2469.5800248,0.0
623c,11-20,0,31.0,229.420008,0.0
623c,11-20,1,75.0,912.1400059,0.0
623c,21+,0,10.0,13.0,0.0
623c,6-10,0,23.0,288.750005,0.0
623c,6-10,1,34.0,241.10999999999999,0.0
623x,0-2,0,141.0,6043.8200571,26.0
623x,0-2,1,204.0,12210.900063,90.0
623x,11-20,0,65.0,3535.570005,26.0
623x,11-20,1,321.0,17779.810059,122.0
623x,21+,0,33.0,2718.569987,28.0
623x,21+,1,71.0,4209.470053999999,34.0
623x,3-5,0,28.0,1563.109999,12.0
623x,3-5,1,131.0,7622.740048999999,57.0
623x,6-10,0,23.0,1289.2800069999998,8.0
623x,6-10,1,111.0,6804.609973,53.0
624z,21+,1,13.0,1221.610013,13.0
629z,0-2,1,13.0,825.460006,6.0
629z,11-20,0,116.0,2533.6199799,0.0
629z,11-20,1,331.0,9826.5599584,20.0
629z,21+,0,224.0,6977.7600282,15.0
629z,21+,1,443.0,11341.40995568,16.0
629z,3-5,1,22.0,1679.480034,16.0
629z,6-10,0,22.0,482.53000049999997,0.0
629z,6-10,1,124.0,4850.3199946,21.0
629z,na,0,192.0,5223.5000462,6.0
629z,na,1,372.0,10245.9399089,8.0
640a,0-2,0,61.0,2422.7700000000004,0.0
640a,0-2,1,125.0,5127.5,0.0
640a,11-20,0,135.0,5537.700000000001,0.0
640a,11-20,1,314.0,13629.849996,22.0
640a,21+,0,332.0,13391.890000500001,0.0
640a,21+,1,561.0,22317.8399618,27.0
640a,3-5,0,72.0,2953.44,0.0
640a,3-5,1,146.0,6425.060027,9.0
640a,6-10,0,105.0,4307.1,0.0
640a,6-10,1,232.0,10461.000013,21.0
640a,na,0,401.0,16382.260012,0.0
640a,na,1,650.0,26726.949972,10.0
640b,11-20,0,18.0,534.0600000000001,0.0
640b,11-20,1,113.0,3219.1600000000003,0.0
640b,6-10,1,27.0,801.09,0.0
640x,0-2,0,278.0,9731.7200483,14.0
640x,0-2,1,299.0,9850.989972,6.0
640x,11-20,0,27.0,975.5900000000001,0.0
640x,11-20,1,108.0,6903.859932,54.0
640x,21+,0,56.0,2713.840001,13.0
640x,21+,1,123.0,6249.25001,41.0
640x,3-5,0,39.0,1176.299991,0.0
640x,3-5,1,168.0,6116.96999,12.0
640x,6-10,0,30.0,890.1,0.0
640x,6-10,1,150.0,5419.550004,7.0
640x,na,0,10.0,198.60000200000002,0.0
720z,0-2,0,316.0,14368.2301564,49.0
720z,0-2,1,717.0,38445.950229,174.0
720z,11-20,0,195.0,13671.81015,91.0
720z,11-20,1,964.0,66785.640179,471.0
720z,21+,1,23.0,1683.990018,14.0
720z,3-5,0,211.0,11306.480114,49.0
720z,3-5,1,764.0,46688.0702616,268.0
720z,6-10,0,317.0,18233.1001249,91.0
720z,6-10,1,1137.0,69771.7201406,400.0
720z,na,0,223.0,5499.3999686,0.0
720z,na,1,410.0,11154.0399251,0.0
721a,0-2,0,137.0,7777.450046,8.0
721a,0-2,1,3688.0,241428.442421,59.0
721a,11-20,0,223.0,12040.0198366,0.0
721a,11-20,1,1402.0,82596.33899999999,28.0
721a,21+,0,249.0,12776.5599336,0.0
721a,21+,1,582.0,30373.5199544,19.0
721a,3-5,0,240.0,15910.870101,13.0
721a,3-5,1,3504.0,229854.714178,73.0
721a,6-10,0,338.0,20890.379635,5.0
721a,6-10,1,3972.0,254338.97348500002,52.0
721a,na,1,50.0,2651.479941,0.0
721b,0-2,1,18.0,1178.449959,0.0
721b,11-20,1,12.0,787.199976,0.0
721b,3-5,0,21.0,1374.8400179999999,0.0
721b,3-5,1,309.0,20156.099357,0.0
721b,6-10,0,37.0,2330.759939,0.0
721b,6-10,1,370.0,24038.459293,0.0
721b,na,0,284.0,17834.339477999998,0.0
721b,na,1,2212.0,143353.585668,5.0
721c,21+,0,50.0,2618.0000499999996,0.0
721c,21+,1,38.0,1989.680038,0.0
721c,na,0,1158.0,61939.101018999994,6.0
721c,na,1,5222.0,277815.3147015,16.0
721d,21+,0,25.0,1309.0000249999998,0.0
721d,21+,1,47.0,2460.920047,0.0
721d,na,0,520.0,28353.420379,7.0
721d,na,1,2787.0,148877.812479,11.0
721e,na,0,178.0,9409.47015,0.0
721e,na,1,1036.0,55256.580931,0.0
721f,na,0,240.0,12630.25022,0.0
721f,na,1,1281.0,69811.18106,15.0
721g,21+,0,54.0,2827.4400539999997,0.0
721g,21+,1,41.0,2146.760041,0.0
721g,na,0,2092.0,112768.49135799998,13.0
721g,na,1,4595.0,245050.613783,41.0
721h,21+,0,14.0,733.0400139999999,0.0
721h,na,0,523.0,28602.510405999998,24.0
721h,na,1,1650.0,88567.13144,12.0
721i,na,0,264.0,14113.660205,0.0
721i,na,1,1130.0,59863.00112999999,0.0
721j,na,0,48.0,2513.2800479999996,0.0
721j,na,1,355.0,18804.880322,0.0
721k,na,0,79.0,4136.440079,0.0
721k,na,1,476.0,25319.460431,0.0
721l,na,0,235.0,12566.170178999999,0.0
721l,na,1,550.0,28901.980475,0.0
721m,21+,0,131.0,7039.830091999999,0.0
721m,21+,1,81.0,4121.5700529999995,0.0
721x,0-2,0,3772.0,169933.2015312,806.0
721x,0-2,1,3360.0,184856.9899541,830.0
721x,11-20,0,1214.0,84949.3898898,549.0
721x,11-20,1,5207.0,356061.049672,2041.0
721x,21+,0,1812.0,120336.4610732,664.0
721x,21+,1,2980.0,198085.6813697,1199.0
721x,3-5,0,499.0,36061.530064,270.0
721x,3-5,1,2118.0,143089.089703,771.0
721x,6-10,0,693.0,47408.7399915,316.0
721x,6-10,1,3121.0,206330.1293379,1016.0
721x,na,0,107.0,3580.9800089,6.0
721x,na,1,196.0,6981.4299343,0.0
723a,0-2,0,842.0,29754.059906399998,9.0
723a,0-2,1,11575.0,432583.39796429995,0.0
723a,11-20,0,2089.0,89300.869651,150.0
723a,11-20,1,15503.0,655982.275835,641.0
723a,21+,0,3212.0,143883.9392359,335.0
723a,21+,1,6477.0,280750.02871610003,418.0
723a,3-5,0,1181.0,44484.789821,8.0
723a,3-5,1,8696.0,329312.2578356,39.0
723a,6-10,0,1372.0,54953.3298079,50.0
723a,6-10,1,10284.0,407017.76694109995,207.0
723a,na,0,377.0,14120.729803799999,7.0
723a,na,1,1713.0,64461.1994204,10.0
723b,0-2,0,82.0,3083.799948,0.0
723b,0-2,1,458.0,17614.129193,0.0
723b,11-20,0,56.0,2154.8899269999997,0.0
723b,11-20,1,658.0,28945.889198999997,33.0
723b,3-5,0,51.0,1934.42994,0.0
723b,3-5,1,456.0,18031.37926,5.0
723b,6-10,0,69.0,2627.179902,0.0
723b,6-10,1,685.0,28562.088972999998,32.0
723c,0-2,0,32.0,1172.56002,0.0
723c,0-2,1,608.0,22175.00049,0.0
723c,11-20,0,157.0,6628.970090999999,0.0
723c,11-20,1,1187.0,51599.270501,48.0
723c,21+,0,591.0,25188.720213,31.0
723c,21+,1,1085.0,48898.900389999995,68.0
723c,3-5,0,48.0,1747.560042,0.0
723c,3-5,1,520.0,19503.840379999998,5.0
723c,6-10,0,95.0,3486.520044,0.0
723c,6-10,1,746.0,29428.240472,8.0
723c,na,0,18.0,657.9200129999999,0.0
723c,na,1,27.0,1204.880034,0.0
723d,0-2,0,26.0,980.759982,0.0
723d,0-2,1,637.0,24196.809404999996,0.0
723d,11-20,0,117.0,4579.899936,0.0
723d,11-20,1,1273.0,56210.889376,54.0
723d,21+,0,776.0,35622.939771000005,74.0
723d,21+,1,1414.0,63435.919468,91.0
723d,3-5,0,41.0,1554.389959,0.0
723d,3-5,1,525.0,20509.899540000002,6.0
723d,6-10,0,67.0,2529.199951,0.0
723d,6-10,1,759.0,31534.179483999997,29.0
723d,na,0,12.0,451.019994,0.0
723d,na,1,87.0,3560.149965,0.0
723e,0-2,0,21.0,789.509984,0.0
723e,0-2,1,366.0,13793.699651,0.0
723e,11-20,0,94.0,3532.739931,0.0
723e,11-20,1,665.0,27697.189561,16.0
723e,21+,0,524.0,22839.849717,28.0
723e,21+,1,1136.0,49217.259292,60.0
723e,3-5,0,43.0,1618.169964,0.0
723e,3-5,1,342.0,12912.329687000001,0.0
723e,6-10,0,85.0,3192.8699410000004,0.0
723e,6-10,1,621.0,25371.999531,18.0
723e,na,0,38.0,1430.099968,0.0
723e,na,1,13.0,490.22998700000005,0.0
723f,0-2,1,97.0,3717.689982,0.0
723f,11-20,1,90.0,3720.240003,0.0
723f,3-5,1,109.0,4455.499991,0.0
723f,6-10,1,68.0,2858.1500029999997,0.0
723g,0-2,1,69.0,2639.7899879999995,0.0
723g,3-5,1,92.0,3525.629983,0.0
723g,6-10,1,15.0,558.4499999999999,0.0
723h,0-2,0,101.0,3780.169962,0.0
723h,0-2,1,1229.0,45450.849033,0.0
723h,11-20,0,671.0,26373.059584,19.0
723h,11-20,1,3970.0,161644.957727,106.0
723h,21+,0,2903.0,115603.86818800001,101.0
723h,21+,1,2928.0,119779.7285638,114.0
723h,3-5,0,129.0,4877.589922,0.0
723h,3-5,1,1604.0,62975.238976,44.0
723h,6-10,0,199.0,7305.799856999999,0.0
723h,6-10,1,2603.0,105158.568379,94.0
723h,na,0,132.0,4853.6098950000005,0.0
723h,na,1,220.0,9061.999897,6.0
723i,0-2,0,33.0,1220.07,0.0
723i,0-2,1,748.0,27938.810015000003,0.0
723i,11-20,0,106.0,3965.1599960000003,0.0
723i,11-20,1,1112.0,45075.390060000005,15.0
723i,21+,0,603.0,25352.779995,30.0
723i,21+,1,1243.0,51773.849962,41.0
723i,3-5,0,52.0,1914.68,0.0
723i,3-5,1,647.0,24470.990001000006,5.0
723i,6-10,0,66.0,2442.31,0.0
723i,6-10,1,919.0,35680.910028,9.0
723i,na,0,27.0,1003.0999999999999,0.0
723i,na,1,103.0,4077.610016,0.0
723j,0-2,1,93.0,4108.039949,0.0
723j,11-20,0,30.0,1211.459984,0.0
723j,11-20,1,200.0,9024.599918,5.0
723j,21+,0,49.0,2065.209979,0.0
723j,21+,1,107.0,4514.609932,0.0
723j,3-5,1,106.0,4430.999918,0.0
723j,6-10,1,193.0,8820.009916,6.0
723k,0-2,0,17.0,629.0,0.0
723k,0-2,1,534.0,20539.68,0.0
723k,11-20,0,79.0,2924.999986,0.0
723k,11-20,1,706.0,31198.300075,30.0
723k,21+,0,947.0,40054.299902,36.0
723k,21+,1,1548.0,69198.24998400001,83.0
723k,3-5,0,30.0,1112.3,0.0
723k,3-5,1,524.0,21334.149991000002,14.0
723k,6-10,0,30.0,1112.76,0.0
723k,6-10,1,684.0,29533.300037,34.0
723k,na,0,31.0,811.51,0.0
723k,na,1,42.0,1670.950014,0.0
723l,0-2,0,13.0,481.63999,0.0
723l,0-2,1,232.0,9166.519741,0.0
723l,11-20,0,67.0,2470.879924,0.0
723l,11-20,1,233.0,10334.019796,13.0
723l,21+,0,11.0,404.359978,0.0
723l,3-5,0,10.0,372.29999999999995,0.0
723l,3-5,1,217.0,9377.759782000001,11.0
723l,6-10,0,13.0,480.699986,0.0
723l,6-10,1,208.0,8871.119776,5.0
723m,0-2,0,30.0,1180.7499899999998,0.0
723m,0-2,1,478.0,19732.009718,0.0
723m,11-20,1,22.0,843.200034,0.0
723m,21+,0,6641.0,299432.0379995,576.0
723m,21+,1,14027.0,639016.4965611,1141.0
723m,3-5,0,35.0,1347.080002,0.0
723m,3-5,1,315.0,13342.499882,6.0
723m,6-10,1,31.0,1351.5500029999998,0.0
723m,na,0,130.0,5119.800083,0.0
723m,na,1,111.0,4388.230016,0.0
723n,0-2,0,42.0,1768.900028,0.0
723n,0-2,1,961.0,42569.650913,0.0
723n,11-20,0,142.0,6453.560115,6.0
723n,11-20,1,1556.0,72590.871462,26.0
723n,21+,0,1250.0,57326.340949,32.0
723n,21+,1,2371.0,111214.691898,83.0
723n,3-5,0,63.0,2733.980053,0.0
723n,3-5,1,794.0,35340.220765,0.0
723n,6-10,0,68.0,2986.100062,0.0
723n,6-10,1,1126.0,51415.351066999996,18.0
723n,na,0,34.0,1515.040034,0.0
723n,na,1,191.0,8558.950184,0.0
723o,11-20,0,32.0,989.8199850000001,0.0
723o,11-20,1,221.0,7190.739933,7.0
723o,6-10,1,153.0,5061.749931,5.0
723p,0-2,0,59.0,1103.899987,0.0
723p,0-2,1,610.0,12332.9398548,0.0
723p,11-20,0,10.0,228.099995,0.0
723p,11-20,1,111.0,2785.479958,6.0
723p,3-5,0,23.0,313.5000018,0.0
723p,3-5,1,310.0,6224.0799663,0.0
723p,6-10,0,28.0,654.539985,0.0
723p,6-10,1,265.0,6191.459994000001,5.0
723q,0-2,0,26.0,877.6000020000001,0.0
723q,0-2,1,280.0,7465.349877000001,0.0
723q,11-20,0,49.0,1281.539989,0.0
723q,11-20,1,375.0,11170.209923,8.0
723q,3-5,0,26.0,848.7600040000001,0.0
723q,3-5,1,310.0,9341.719962000001,6.0
723q,6-10,0,51.0,1521.479988,0.0
723q,6-10,1,492.0,14855.78987,15.0
723r,0-2,0,27.0,813.779973,0.0
723r,0-2,1,498.0,14394.889561,0.0
723r,11-20,0,44.0,1328.079956,0.0
723r,11-20,1,325.0,11020.269748,18.0
723r,3-5,0,24.0,723.359976,0.0
723r,3-5,1,492.0,15396.799611,15.0
723r,6-10,0,51.0,1537.139949,0.0
723r,6-10,1,529.0,17103.859634,22.0
723t,0-2,0,13.0,394.93998700000003,0.0
723t,0-2,1,715.0,24813.529653,0.0
723t,11-20,0,11.0,366.81999500000006,0.0
723t,11-20,1,188.0,7216.049964,6.0
723t,3-5,0,14.0,425.31998600000003,0.0
723t,3-5,1,423.0,15852.069804,10.0
723t,6-10,0,14.0,425.31998600000003,0.0
723t,6-10,1,308.0,11548.119908,5.0
723u,0-2,1,112.0,3209.15994,0.0
723u,11-20,1,49.0,1544.71999,0.0
723u,3-5,0,19.0,697.4600049999999,0.0
723u,3-5,1,160.0,4531.409968,0.0
723u,6-10,0,12.0,439.680003,0.0
723u,6-10,1,146.0,5286.090055,5.0
723x,0-2,0,4935.0,168352.6406505,273.0
723x,0-2,1,6412.0,185767.4393206,254.0
723x,11-20,0,499.0,28802.5499921,186.0
723x,11-20,1,1709.0,80943.7995132,387.0
723x,21+,0,66.0,3247.2400488,15.0
723x,21+,1,160.0,5752.6099532,21.0
723x,3-5,0,291.0,11310.6000165,33.0
723x,3-5,1,1462.0,63659.3595659,221.0
723x,6-10,0,320.0,13647.0299907,52.0
723x,6-10,1,1777.0,83811.3792886,374.0
723x,na,0,89.0,2161.4499804,0.0
723x,na,1,160.0,4789.5199735,0.0
724a,0-2,0,86.0,2917.119828,0.0
724a,0-2,1,634.0,21505.278732,0.0
724a,11-20,0,457.0,16299.529193,8.0
724a,11-20,1,768.0,28401.318679,18.0
724a,21+,0,1689.0,64413.697235499996,82.0
724a,21+,1,1435.0,55944.787803,86.0
724a,3-5,0,224.0,7567.379567,0.0
724a,3-5,1,553.0,19091.118924,6.0
724a,6-10,0,413.0,14480.119303000001,7.0
724a,6-10,1,719.0,26157.018807999997,20.0
724a,na,0,278.0,9396.709474,0.0
724a,na,1,491.0,16654.719018,0.0
724b,na,0,76.0,2577.919848,0.0
724b,na,1,232.0,8432.639596,0.0
724c,21+,0,15.0,508.79997,0.0
724c,na,0,101.0,3425.919798,0.0
724c,na,1,402.0,14629.839301,0.0
724d,0-2,0,26.0,728.26,0.0
724d,0-2,1,161.0,4509.610000000001,0.0
724d,11-20,0,190.0,5632.620006,5.0
724d,11-20,1,706.0,21270.860057,6.0
724d,21+,0,563.0,17842.570047,26.0
724d,21+,1,996.0,31938.080083,27.0
724d,3-5,0,35.0,980.35,0.0
724d,3-5,1,86.0,2408.86,0.0
724d,6-10,0,73.0,2044.73,0.0
724d,6-10,1,180.0,5040.650005,0.0
724d,na,0,76.0,2127.380006,0.0
724d,na,1,70.0,1960.7,0.0
724e,0-2,0,268.0,8984.9201386,13.0
724e,0-2,1,1104.0,32481.580946,18.0
724e,11-20,0,73.0,2027.940073,0.0
724e,11-20,1,278.0,7971.230248,5.0
724e,3-5,0,255.0,7563.790236,6.0
724e,3-5,1,1226.0,34939.601084,16.0
724e,6-10,0,130.0,3611.40013,0.0
724e,6-10,1,618.0,17253.190533999998,0.0
724f,0-2,0,11.0,516.23,0.0
724f,0-2,1,19.0,911.5300119999999,0.0
724f,11-20,0,115.0,5236.3800200000005,0.0
724f,11-20,1,164.0,7288.770022,12.0
724f,21+,0,21.0,985.53,0.0
724f,21+,1,23.0,1079.39,0.0
724f,3-5,0,17.0,797.81,0.0
724f,3-5,1,34.0,1595.62,0.0
724f,6-10,0,70.0,3312.250015,0.0
724f,6-10,1,92.0,3933.8500270000004,0.0
724x,0-2,0,678.0,25340.5702068,57.0
724x,0-2,1,594.0,19935.240101000003,23.0
724x,11-20,0,133.0,4474.249978,5.0
724x,11-20,1,452.0,17168.469885000002,50.0
724x,21+,0,96.0,5066.6099564999995,29.0
724x,21+,1,163.0,8485.189914999999,58.0
724x,3-5,0,61.0,1822.13,0.0
724x,3-5,1,287.0,9805.899908000001,26.0
724x,6-10,0,134.0,4021.960001,0.0
724x,6-10,1,531.0,18799.64989,44.0
724x,na,0,93.0,2884.4700408999997,0.0
724x,na,1,107.0,3391.5500384,0.0
725a,0-2,0,28.0,1492.680028,0.0
725a,0-2,1,107.0,5668.710113,0.0
725a,11-20,0,226.0,12031.990220000002,0.0
725a,11-20,1,271.0,14562.370171,0.0
725a,21+,0,128.0,6775.2301179999995,0.0
725a,21+,1,140.0,7661.720058,0.0
725a,3-5,0,50.0,2624.130057,0.0
725a,3-5,1,60.0,3198.6000599999998,0.0
725a,6-10,0,97.0,5171.070097,0.0
725a,6-10,1,107.0,5752.620067,0.0
725a,na,0,85.0,4482.900075,0.0
725a,na,1,95.0,5126.850059,0.0
725b,0-2,0,10.0,563.80001,0.0
725b,0-2,1,112.0,6314.560112,0.0
725b,11-20,0,42.0,2233.910035,0.0
725b,11-20,1,250.0,14383.060239,5.0
725b,21+,0,141.0,7940.890122999999,6.0
725b,21+,1,215.0,12553.490199,7.0
725b,3-5,0,24.0,1353.120024,0.0
725b,3-5,1,136.0,7667.680136,0.0
725b,6-10,0,19.0,1071.220019,0.0
725b,6-10,1,145.0,8175.100145,0.0
725c,0-2,1,25.0,1173.25,0.0
725c,11-20,0,10.0,469.3,0.0
725c,11-20,1,87.0,4190.46001,0.0
725c,21+,0,49.0,2382.270005,0.0
725c,21+,1,143.0,7125.3399758000005,9.0
725c,3-5,1,34.0,1595.62,0.0
725c,6-10,1,45.0,2111.85,0.0
725d,0-2,0,37.0,1885.150037,0.0
725d,0-2,1,724.0,37087.740707000004,5.0
725d,11-20,0,121.0,6698.360107,5.0
725d,11-20,1,1243.0,66735.411192,41.0
725d,21+,0,2410.0,136292.3117429,328.0
725d,21+,1,3857.0,214265.66280199998,439.0
725d,3-5,0,72.0,3696.0300629999997,0.0
725d,3-5,1,769.0,39227.77075899999,0.0
725d,6-10,0,79.0,4043.470073,0.0
725d,6-10,1,956.0,49157.620953,7.0
725d,na,0,258.0,14859.440132,48.0
725d,na,1,228.0,11029.620198,0.0
725e,0-2,1,46.0,4431.5799879999995,46.0
725e,11-20,1,79.0,7778.339921,79.0
725e,21+,1,24.0,2363.039976,24.0
725e,3-5,1,55.0,5289.580001,55.0
725e,6-10,1,70.0,6892.19993,70.0
725f,0-2,0,16.0,618.400032,0.0
725f,0-2,1,395.0,15266.75079,0.0
725f,11-20,0,54.0,2087.100108,0.0
725f,11-20,1,544.0,22061.820958,0.0
725f,21+,0,695.0,30684.750974000002,43.0
725f,21+,1,973.0,42626.841106,44.0
725f,3-5,0,33.0,1275.450066,0.0
725f,3-5,1,437.0,16914.380843000003,0.0
725f,6-10,0,43.0,1661.950086,0.0
725f,6-10,1,604.0,23802.981131,0.0
725f,na,0,16.0,618.400032,0.0
725f,na,1,106.0,4128.330191,0.0
725x,0-2,0,635.0,24023.8602774,46.0
725x,0-2,1,986.0,41133.0804694,34.0
725x,11-20,0,118.0,6772.060046,22.0
725x,11-20,1,511.0,27911.12011,74.0
725x,21+,0,18.0,1019.9000229999999,0.0
725x,21+,1,136.0,7627.560099,15.0
725x,3-5,0,48.0,2204.120009,0.0
725x,3-5,1,300.0,13389.440002000001,9.0
725x,6-10,0,90.0,3988.5600440000003,5.0
725x,6-10,1,465.0,21562.2801374,25.0
726a,0-2,0,137.0,5626.0199495,0.0
726a,0-2,1,1189.0,49891.63882100001,0.0
726a,11-20,0,393.0,18523.629785,26.0
726a,11-20,1,2808.0,131727.147862,157.0
726a,21+,0,1604.0,77835.78904,148.0
726a,21+,1,3652.0,178653.837642,342.0
726a,3-5,0,185.0,7762.5998150000005,0.0
726a,3-5,1,1188.0,49848.478812,0.0
726a,6-10,0,308.0,13387.579739,5.0
726a,6-10,1,1701.0,74187.88848800001,38.0
726a,na,0,129.0,5363.719879000001,0.0
726a,na,1,374.0,16068.949643000002,6.0
726b,0-2,0,52.0,2888.2400000000002,0.0
726b,0-2,1,996.0,57502.13998200001,0.0
726b,11-20,0,223.0,13269.210004000002,25.0
726b,11-20,1,3052.0,182625.74987200001,186.0
726b,21+,0,1340.0,79164.0500584,128.0
726b,21+,1,2986.0,179242.80997700003,285.0
726b,3-5,0,84.0,4894.68,0.0
726b,3-5,1,990.0,57297.94994600001,0.0
726b,6-10,0,105.0,6017.2100040000005,0.0
726b,6-10,1,1531.0,90981.869906,55.0
726b,na,0,35.0,1473.359997,0.0
726b,na,1,61.0,3554.4700000000003,0.0
726c,0-2,0,23.0,1296.740023,0.0
726c,0-2,1,313.0,17696.210274,0.0
726c,11-20,0,46.0,2593.480046,0.0
726c,11-20,1,531.0,30777.980493,22.0
726c,21+,0,94.0,5752.47011,13.0
726c,21+,1,281.0,16050.210275,0.0
726c,3-5,0,29.0,1635.020029,0.0
726c,3-5,1,317.0,17910.360287,0.0
726c,6-10,0,49.0,2762.620049,0.0
726c,6-10,1,476.0,27606.150416,17.0
726d,0-2,1,182.0,12972.959818000001,0.0
726d,11-20,0,45.0,2997.369994,0.0
726d,11-20,1,317.0,22816.279783,39.0
726d,21+,0,44.0,3251.219962,6.0
726d,21+,1,199.0,13861.819872000002,14.0
726d,3-5,0,18.0,1283.039982,0.0
726d,3-5,1,148.0,10549.439852000001,0.0
726d,6-10,0,38.0,2709.789977,0.0
726d,6-10,1,167.0,12085.99985,11.0
726d,na,1,23.0,1639.439977,0.0
726e,0-2,1,12.0,696.480012,0.0
726e,11-20,0,38.0,2205.5200379999997,0.0
726e,11-20,1,53.0,3076.1200529999996,0.0
726e,21+,0,10.0,580.40001,0.0
726e,21+,1,17.0,986.6800169999999,0.0
726e,3-5,0,17.0,986.6800169999999,0.0
726e,3-5,1,36.0,1941.900036,0.0
726e,6-10,0,30.0,1741.20003,0.0
726e,6-10,1,62.0,3229.6300619999997,0.0
726e,na,0,134.0,7777.360134,0.0
726e,na,1,152.0,8822.080151999999,0.0
726f,0-2,0,66.0,3533.2500729999997,0.0
726f,0-2,1,38.0,2136.970043,0.0
726f,11-20,0,62.0,3509.830062,0.0
726f,11-20,1,78.0,4527.120078,0.0
726f,21+,1,27.0,1567.080027,0.0
726f,3-5,0,60.0,3482.40006,0.0
726f,3-5,1,53.0,3076.1200529999996,0.0
726f,6-10,0,93.0,5397.720093,0.0
726f,6-10,1,99.0,5914.730106,7.0
726f,na,0,178.0,10458.200171999999,0.0
726f,na,1,297.0,16750.470268999998,0.0
726x,0-2,0,1422.0,59326.1204834,131.0
726x,0-2,1,1501.0,66162.41995540001,122.0
726x,11-20,0,312.0,17478.189947000003,64.0
726x,11-20,1,1163.0,66907.5594884,235.0
726x,21+,0,25.0,1196.74999,0.0
726x,21+,1,52.0,2041.5299530000002,0.0
726x,3-5,0,104.0,4016.3299715000003,0.0
726x,3-5,1,681.0,36178.8497535,106.0
726x,6-10,0,177.0,8387.979973000001,20.0
726x,6-10,1,1073.0,58576.6895482,165.0
726x,na,1,23.0,711.9299904000001,0.0
727a,0-2,0,40.0,1967.720024,0.0
727a,0-2,1,405.0,22799.380218,43.0
727a,11-20,0,176.0,12006.840092999999,66.0
727a,11-20,1,851.0,56832.45047,262.0
727a,21+,0,324.0,21089.900118,95.0
727a,21+,1,501.0,33643.290154,156.0
727a,3-5,0,74.0,4072.640037,6.0
727a,3-5,1,402.0,24726.130127999997,82.0
727a,6-10,0,129.0,7692.490079,20.0
727a,6-10,1,689.0,43454.540268,148.0
727a,na,0,76.0,3960.5700779999997,0.0
727a,na,1,618.0,32884.810267,5.0
727b,0-2,0,69.0,3296.76998,0.0
727b,0-2,1,488.0,24400.029825,0.0
727b,11-20,0,116.0,5931.499954999999,0.0
727b,11-20,1,1234.0,65616.309348,47.0
727b,21+,0,1022.0,53649.990082,40.0
727b,21+,1,1127.0,58386.699465699996,61.0
727b,3-5,0,57.0,2844.80997,0.0
727b,3-5,1,344.0,17791.409814,0.0
727b,6-10,0,61.0,3139.5899449999997,0.0
727b,6-10,1,451.0,23421.419692,0.0
727b,na,1,41.0,2174.909974,0.0
727x,0-2,0,465.0,17407.300213,31.0
727x,0-2,1,841.0,32245.940564,46.0
727x,11-20,0,67.0,4110.620014,25.0
727x,11-20,1,405.0,23459.630021,126.0
727x,21+,0,58.0,4360.710015,35.0
727x,21+,1,166.0,11667.860067,88.0
727x,3-5,0,46.0,1533.230024,0.0
727x,3-5,1,195.0,7637.730181,20.0
727x,6-10,0,88.0,3548.2200058,9.0
727x,6-10,1,409.0,16291.850197,43.0
727x,na,0,35.0,986.2600044000001,5.0
727x,na,1,51.0,1641.4900214,0.0
729z,0-2,0,321.0,13168.680072000001,54.0
729z,0-2,1,468.0,20285.390102600002,70.0
729z,11-20,0,574.0,23727.0400778,83.0
729z,11-20,1,1677.0,76367.710016,278.0
729z,21+,0,335.0,14206.3400591,35.0
729z,21+,1,664.0,24228.759992400002,54.0
729z,3-5,0,41.0,983.1700056,0.0
729z,3-5,1,317.0,18406.9100465,107.0
729z,6-10,0,223.0,9555.900079500001,33.0
729z,6-10,1,798.0,39290.8199598,139.0
729z,na,0,707.0,25513.8600976,49.0
729z,na,1,1920.0,70656.2996649,104.0
760z,11-20,1,98.0,3888.5300314,0.0
760z,6-10,1,15.0,590.45,0.0
760z,na,0,72.0,1772.0100139,0.0
760z,na,1,100.0,3108.1800081,0.0
761a,11-20,1,28.0,1731.390016,0.0
761c,0-2,0,30.0,1304.3399940000002,0.0
761c,0-2,1,435.0,19909.590077999997,11.0
761c,11-20,0,301.0,14164.4001518,20.0
761c,11-20,1,1526.0,71820.8702502,109.0
761c,21+,0,1973.0,109586.6004012,466.0
761c,21+,1,4447.0,230122.88990675999,802.0
761c,3-5,0,69.0,3253.940028,0.0
761c,3-5,1,513.0,23044.600079,13.0
761c,6-10,0,123.0,5634.440019,5.0
761c,6-10,1,721.0,32989.9201655,26.0
761c,na,0,599.0,33268.3600491,145.0
761c,na,1,555.0,29217.199987199998,112.0
761x,11-20,1,16.0,705.44,0.0
761x,3-5,1,15.0,1112.670015,7.0
761x,na,0,10.0,440.90000000000003,0.0
761x,na,1,68.0,2341.4700237,0.0
762a,0-2,1,35.0,2183.800085,0.0
762a,11-20,0,21.0,1115.679995,0.0
762a,11-20,1,166.0,9860.179947,21.0
762a,21+,0,393.0,21848.049905,67.0
762a,21+,1,555.0,31755.259833,95.0
762a,3-5,1,36.0,1777.590041,0.0
762a,6-10,1,86.0,4600.159976,10.0
762b,11-20,0,85.0,5010.359987,10.0
762b,11-20,1,809.0,48748.21977,105.0
762b,21+,0,788.0,45320.979763,145.0
762b,21+,1,1953.0,114873.0393678,335.0
762b,6-10,1,63.0,3724.039974,7.0
762b,na,0,134.0,7499.929974,32.0
762b,na,1,43.0,1719.2399839999998,0.0
762c,0-2,0,323.0,13174.2601182,12.0
762c,0-2,1,1141.0,47788.340472200005,27.0
762c,11-20,0,340.0,16182.3000994,19.0
762c,11-20,1,2120.0,108013.8700394,196.0
762c,21+,0,314.0,17361.780049,47.0
762c,21+,1,858.0,47393.810084000004,76.0
762c,3-5,0,239.0,10051.8800946,0.0
762c,3-5,1,1021.0,45626.940389200005,43.0
762c,6-10,0,308.0,13136.250123200001,9.0
762c,6-10,1,1305.0,57011.1302674,58.0
762d,0-2,0,448.0,21686.760223499998,31.0
762d,0-2,1,4909.0,266311.88279819995,114.0
762d,11-20,0,1311.0,78563.3003467,221.0
762d,11-20,1,10661.0,628459.8223227999,1205.0
762d,21+,0,5278.0,326401.9211438,1229.0
762d,21+,1,8550.0,515614.4312722,1440.0
762d,3-5,0,491.0,26602.540263,24.0
762d,3-5,1,5181.0,289537.9426198,225.0
762d,6-10,0,950.0,54123.800381,97.0
762d,6-10,1,9195.0,528958.9730418,701.0
762d,na,0,25.0,1247.6900110000001,0.0
762d,na,1,27.0,1636.050014,5.0
762e,0-2,1,19.0,1008.33,0.0
762e,11-20,1,15.0,796.05,0.0
762e,21+,1,80.0,4245.6,0.0
762f,0-2,0,21.0,1789.620021,21.0
762f,0-2,1,393.0,33123.770357,376.0
762f,11-20,0,99.0,7882.780099,75.0
762f,11-20,1,1215.0,97794.820703,964.0
762f,21+,0,430.0,33671.570234,306.0
762f,21+,1,815.0,62989.340393,557.0
762f,3-5,0,28.0,2386.160028,28.0
762f,3-5,1,521.0,43659.220448,485.0
762f,6-10,0,38.0,3033.910043,28.0
762f,6-10,1,680.0,55529.470478999996,584.0
762x,0-2,0,3503.0,142219.3413574,293.0
762x,0-2,1,4857.0,230199.421632,480.0
762x,11-20,0,577.0,33814.3400726,155.0
762x,11-20,1,2439.0,141486.2399695,519.0
762x,21+,0,188.0,11774.100062,62.0
762x,21+,1,473.0,27425.580047,98.0
762x,3-5,0,256.0,12492.4500867,36.0
762x,3-5,1,1240.0,67993.0903972,165.0
762x,6-10,0,318.0,16651.93013,40.0
762x,6-10,1,1955.0,110664.2001718,349.0
762x,na,0,17.0,115.73000440000001,0.0
769z,0-2,0,75.0,3427.250011,12.0
769z,0-2,1,113.0,5347.40001,16.0
769z,11-20,0,25.0,1027.119995,0.0
769z,11-20,1,89.0,4299.909995,12.0
769z,21+,1,40.0,1653.920002,0.0
769z,3-5,1,21.0,983.610011,0.0
769z,6-10,1,32.0,1411.3799960000001,0.0
769z,na,0,32.0,651.1100047,0.0
769z,na,1,28.0,780.6800028,0.0
811b,0-2,0,38.0,2263.239993,6.0
811b,0-2,1,65.0,4444.969987,19.0
811b,11-20,0,35.0,2771.090008,20.0
811b,11-20,1,79.0,5526.3900055,44.0
811b,3-5,0,63.0,3365.7000185,5.0
811b,3-5,1,86.0,5708.68003,27.0
811b,6-10,0,63.0,4566.17001,21.0
811b,6-10,1,88.0,5910.520039,28.0
811c,0-2,0,63.0,1546.4599675000002,5.0
811c,0-2,1,38.0,1073.729998,0.0
811c,11-20,0,119.0,4370.3300469,5.0
811c,11-20,1,152.0,5323.840045399999,6.0
811c,3-5,0,39.0,1138.62999,0.0
811c,3-5,1,49.0,1300.0999904999999,0.0
811c,6-10,0,121.0,3803.6200097,0.0
811c,6-10,1,125.0,4487.829981999999,18.0
811d,0-2,1,53.0,2301.279976,12.0
811x,0-2,0,208.0,5730.150013099999,0.0
811x,0-2,1,199.0,7182.2699858000005,14.0
811x,11-20,0,170.0,6885.0500567,18.0
811x,11-20,1,313.0,16102.6300489,85.0
811x,21+,1,16.0,845.360016,0.0
811x,3-5,0,111.0,4077.0300085,7.0
811x,3-5,1,120.0,4880.239974,11.0
811x,6-10,0,147.0,5811.0200613,10.0
811x,6-10,1,223.0,10348.009998,53.0
811x,na,0,301.0,7908.8000452999995,7.0
811x,na,1,343.0,9331.7600752,0.0
812z,0-2,0,912.0,47064.4303093,216.0
812z,0-2,1,999.0,61922.3003377,401.0
812z,11-20,0,1014.0,69952.160208,454.0
812z,11-20,1,1968.0,134249.3401354,929.0
812z,21+,0,238.0,18476.120018,137.0
812z,21+,1,469.0,36268.38004,289.0
812z,3-5,0,807.0,53608.7401077,339.0
812z,3-5,1,996.0,68604.0502341,460.0
812z,6-10,0,1299.0,87345.3902377,568.0
812z,6-10,1,1903.0,131050.490349,876.0
812z,na,0,88.0,2869.52003,11.0
812z,na,1,73.0,1710.610022,0.0
813z,0-2,0,742.0,32258.2403426,79.0
813z,0-2,1,907.0,45657.04034,157.0
813z,11-20,0,515.0,30460.1903116,142.0
813z,11-20,1,1192.0,70186.6400866,355.0
813z,21+,0,224.0,14593.570055,90.0
813z,21+,1,426.0,27703.91007,177.0
813z,3-5,0,326.0,16690.740208,52.0
813z,3-5,1,673.0,36111.1001949,135.0
813z,6-10,0,512.0,27678.7802614,104.0
813z,6-10,1,1107.0,61176.000061,276.0
813z,na,0,40.0,1056.3300127,0.0
813z,na,1,59.0,2168.7800389,0.0
814a,11-20,1,68.0,4698.0099709999995,19.0
814a,21+,1,21.0,1521.000003,6.0
815a,0-2,0,49.0,1967.5400375000002,0.0
815a,0-2,1,60.0,2519.1700140000003,0.0
815a,11-20,0,35.0,1860.6500030000002,6.0
815a,11-20,1,50.0,2678.219992,6.0
815a,3-5,0,78.0,3739.520022,5.0
815a,3-5,1,75.0,3110.780008,0.0
815a,6-10,0,170.0,9504.320036000001,36.0
815a,6-10,1,172.0,7737.850023999999,11.0
815b,11-20,1,50.0,1955.640031,0.0
815b,3-5,0,18.0,745.899999,0.0
815b,3-5,1,134.0,5296.640074,0.0
815b,6-10,0,201.0,9615.4400856,38.0
815b,6-10,1,686.0,28028.93033,42.0
815x,na,0,68.0,1637.8399900000002,0.0
815x,na,1,88.0,2871.4499772,0.0
819z,0-2,0,89.0,3569.3800697,8.0
819z,0-2,1,156.0,8958.820005,63.0
819z,11-20,0,743.0,24311.4300897,61.0
819z,11-20,1,1214.0,39167.8599535,69.0
819z,21+,0,562.0,15446.7600133,17.0
819z,21+,1,845.0,23042.2099399,27.0
819z,3-5,0,64.0,2108.3200208,0.0
819z,3-5,1,79.0,3568.500036,8.0
819z,6-10,0,230.0,6896.4200476999995,6.0
819z,6-10,1,327.0,12928.7200444,34.0
819z,na,0,320.0,8095.0000291,6.0
819z,na,1,575.0,16779.1399164,18.0
840a,0-2,0,128.0,7436.8102205,23.0
840a,0-2,1,301.0,20747.350508,118.0
840a,11-20,0,26.0,1810.810062,0.0
840a,11-20,1,79.0,5914.430111,31.0
840a,3-5,0,67.0,4621.560139,12.0
840a,3-5,1,192.0,13598.540371,74.0
840a,6-10,0,156.0,10691.300267,47.0
840a,6-10,1,310.0,21065.750391,125.0
840b,0-2,0,19.0,195.32,0.0
840b,0-2,1,461.0,4739.08,0.0
840b,11-20,0,49.0,503.71999999999997,0.0
840b,11-20,1,499.0,6119.170055,0.0
840b,3-5,0,27.0,277.56,0.0
840b,3-5,1,415.0,4617.9800239999995,0.0
840b,6-10,0,68.0,1109.450028,0.0
840b,6-10,1,518.0,6702.370089999999,0.0
840c,0-2,0,67.0,1344.329988,0.0
840c,0-2,1,30.0,468.059987,0.0
840c,11-20,0,304.0,11096.409773,5.0
840c,11-20,1,433.0,18056.419869,49.0
840c,21+,0,516.0,20430.409707,35.0
840c,21+,1,412.0,15918.419849,51.0
840c,3-5,0,97.0,2023.0499419999999,0.0
840c,3-5,1,69.0,1774.919978,0.0
840c,6-10,0,152.0,5187.349932,0.0
840c,6-10,1,150.0,5741.720046,13.0
840c,na,0,11.0,268.939994,0.0
840c,na,1,16.0,427.709995,0.0
840d,0-2,1,45.0,1461.55005,0.0
840d,11-20,0,112.0,3525.6101169999997,0.0
840d,11-20,1,154.0,5782.3001620000005,0.0
840d,21+,0,208.0,9013.290173000001,13.0
840d,21+,1,402.0,19153.770366999997,40.0
840d,3-5,0,36.0,1228.360029,0.0
840d,3-5,1,42.0,1156.680042,0.0
840d,6-10,0,120.0,5238.730149,10.0
840d,6-10,1,198.0,8437.8102289,16.0
840d,na,0,14.0,579.180014,0.0
840x,0-2,0,167.0,4389.9700707,0.0
840x,0-2,1,101.0,4124.590068,17.0
840x,11-20,0,252.0,15233.580327,66.0
840x,11-20,1,604.0,39785.110583,262.0
840x,3-5,0,39.0,1326.81001,0.0
840x,3-5,1,48.0,1636.2500240000002,0.0
840x,6-10,0,116.0,6387.34012,23.0
840x,6-10,1,215.0,12909.36023,70.0
840x,na,0,182.0,4152.1100073,0.0
840x,na,1,154.0,3890.28003378,0.0
851z,0-2,0,82.0,4644.600071,29.0
851z,0-2,1,231.0,15230.409893,103.0
851z,11-20,0,49.0,3768.750016,34.0
851z,11-20,1,268.0,20822.159778,189.0
851z,21+,0,81.0,5481.149962,24.0
851z,21+,1,83.0,4484.199939,6.0
851z,3-5,0,19.0,1595.67,19.0
851z,3-5,1,214.0,16756.609811000002,147.0
851z,6-10,0,29.0,2503.469985,29.0
851z,6-10,1,168.0,13151.389895,115.0
861a,0-2,0,157.0,9286.4701508,31.0
861a,11-20,0,1354.0,105115.08844299999,1264.0
861a,11-20,1,282.0,17834.68005,140.0
861a,21+,0,3821.0,296732.4103709,2932.0
861a,21+,1,899.0,40545.68013626,217.0
861a,6-10,0,172.0,13382.599812999999,165.0
861a,6-10,1,49.0,3210.0700345,25.0
861a,na,0,54.0,3865.7499869999997,41.0
861a,na,1,18.0,500.51,0.0
861c,0-2,0,20.0,125.200004,0.0
861c,0-2,1,717.0,5336.360162600001,0.0
861c,11-20,0,234.0,6480.5800772,30.0
861c,11-20,1,1374.0,35388.800240000004,134.0
861c,21+,0,41.0,256.6600082,0.0
861c,21+,1,100.0,2747.0499958,21.0
861c,3-5,0,67.0,1088.0800328,0.0
861c,3-5,1,909.0,12657.4702344,23.0
861c,6-10,0,105.0,2417.0400474000003,6.0
861c,6-10,1,771.0,18319.0301942,70.0
861x,0-2,0,25.0,760.6700159000001,0.0
861x,0-2,1,508.0,9281.6702782,42.0
861x,11-20,0,52.0,2756.9700318,18.0
861x,11-20,1,859.0,18029.6700976,86.0
861x,21+,0,15.0,984.300015,8.0
861x,21+,1,26.0,2509.4399700000004,26.0
861x,3-5,1,371.0,5783.1701344,24.0
861x,6-10,0,35.0,1086.8900196999998,6.0
861x,6-10,1,629.0,8631.0001188,38.0
861x,na,0,17.0,782.6200077999999,5.0
863a,11-20,0,97.0,6590.660009,19.0
863a,11-20,1,163.0,9635.289979000001,42.0
863a,21+,0,359.0,27394.290077,184.0
863a,21+,1,817.0,57882.5198995,356.0
863a,3-5,1,14.0,385.560014,0.0
863a,6-10,0,86.0,5609.010003,11.0
863a,6-10,1,137.0,7874.039988,39.0
863a,na,0,276.0,19312.560035,113.0
863a,na,1,499.0,30376.1299785,134.0
863b,0-2,0,51.0,3681.259958,15.0
863b,11-20,0,378.0,27983.869856,174.0
863b,11-20,1,243.0,17814.20996,103.0
863b,21+,0,41.0,3356.050002,22.0
863b,21+,1,27.0,1493.78,12.0
863b,3-5,0,64.0,4758.639962,22.0
863b,6-10,0,92.0,6715.289952,32.0
863b,6-10,1,12.0,948.9000120000001,6.0
863b,na,0,693.0,50259.23992,360.0
863b,na,1,421.0,26357.1400345,164.0
863x,0-2,0,30.0,1442.770021,0.0
863x,11-20,0,65.0,4820.789982,22.0
863x,11-20,1,147.0,9994.939983,66.0
863x,21+,0,321.0,23606.750103,163.0
863x,21+,1,383.0,25313.639978799998,154.0
863x,3-5,0,14.0,773.020001,0.0
863x,3-5,1,19.0,523.260019,0.0
863x,6-10,0,28.0,1869.8399720000002,0.0
863x,6-10,1,14.0,385.560014,0.0
863x,na,0,980.0,56535.1400374,299.0
863x,na,1,835.0,40270.6200178,166.0
869z,0-2,1,28.0,1453.960028,8.0
869z,3-5,1,24.0,1725.540024,15.0
869z,6-10,0,49.0,2347.93005,9.0
869z,6-10,1,113.0,7290.840055000001,43.0
869z,na,0,24.0,318.2400056,0.0
869z,na,1,54.0,1490.8499828,0.0
999z,0-2,0,13.0,565.6400209999999,0.0
999z,0-2,1,10.0,406.64999,0.0
999z,11-20,0,1542.0,65282.4202286,314.0
999z,11-20,1,3006.0,134147.2999498,591.0
999z,21+,0,2772.0,138924.05026845,815.0
999z,21+,1,3768.0,174269.9101599,967.0
999z,3-5,0,27.0,591.9000179,0.0
999z,3-5,1,64.0,3059.3699638,14.0
999z,6-10,0,317.0,11656.1200828,46.0
999z,6-10,1,540.0,22540.2400463,94.0
999z,na,0,7688.0,318595.74100112,1670.0
999z,na,1,11564.0,533794.11020636,3179.0
