inr,expband,fresh,n,ws,wh
010c,0-2,0,1279.0,49042.7805655,114.0
010c,0-2,1,732.0,30207.2803846,92.0
010c,11-20,0,83.0,6656.180075,50.0
010c,11-20,1,187.0,11756.450089,80.0
010c,21+,0,14.0,1105.190018,5.0
010c,21+,1,58.0,3854.600031,27.0
010c,3-5,0,55.0,2280.3900485,0.0
010c,3-5,1,53.0,3029.300076,15.0
010c,6-10,0,50.0,3056.31005,16.0
010c,6-10,1,80.0,4652.120049,28.0
140z,0-2,1,32.0,2775.8599959999997,27.0
140z,11-20,0,14.0,1164.779958,14.0
140z,11-20,1,139.0,10328.929824,83.0
140z,3-5,1,57.0,4964.409901,57.0
140z,6-10,1,117.0,9560.119818000001,99.0
140z,na,0,151.0,4623.7100096,7.0
140z,na,1,361.0,14587.8399998,48.0
142z,0-2,0,422.0,23177.7501477,126.0
142z,0-2,1,1718.0,118855.939812,879.0
142z,11-20,0,783.0,58913.139854,468.0
142z,11-20,1,3799.0,272982.4090076,2036.0
142z,21+,0,427.0,33584.870077,307.0
142z,21+,1,1047.0,75896.579881,611.0
142z,3-5,0,251.0,18291.009977,170.0
142z,3-5,1,1588.0,117374.129598,917.0
142z,6-10,0,441.0,33154.060049,277.0
142z,6-10,1,2555.0,183235.92894800002,1322.0
142z,na,0,40.0,1227.9299896,6.0
142z,na,1,105.0,4420.0699954,16.0
143a,0-2,0,610.0,31638.2105669,12.0
143a,0-2,1,7313.0,449280.393607,105.0
143a,11-20,0,459.0,28353.5106305,39.0
143a,11-20,1,6235.0,389829.1072371,520.0
143a,21+,0,6008.0,375728.7843491,1056.0
143a,21+,1,28386.0,1753860.1180871,2856.0
143a,3-5,0,555.0,32532.260782,22.0
143a,3-5,1,7005.0,431869.8724324,149.0
143a,6-10,0,677.0,41532.6209734,35.0
143a,6-10,1,7985.0,496806.4718276,430.0
143a,na,0,939.0,59361.1305013,178.0
143a,na,1,861.0,44385.9005255,66.0
143b,0-2,0,31.0,1709.5900000000001,0.0
143b,0-2,1,1736.0,110811.679187,285.0
143b,11-20,0,32.0,2088.6399859999997,8.0
143b,11-20,1,1394.0,89964.4492,310.0
143b,21+,0,1551.0,95559.1397858,362.0
143b,21+,1,7751.0,486630.7866415,1600.0
143b,3-5,0,35.0,2163.7,0.0
143b,3-5,1,1429.0,91654.29926,251.0
143b,6-10,0,47.0,3003.189979,7.0
143b,6-10,1,1459.0,94335.82903000001,317.0
143b,na,0,100.0,6330.029984000001,24.0
143b,na,1,108.0,5465.739944,18.0
143x,0-2,0,3416.0,150589.2511534,238.0
143x,0-2,1,7466.0,371765.7021301,686.0
143x,11-20,0,37.0,2318.74004,7.0
143x,11-20,1,553.0,31752.780427,47.0
143x,21+,0,73.0,4450.770032,20.0
143x,21+,1,370.0,20204.530032900002,68.0
143x,3-5,0,178.0,8255.3600775,14.0
143x,3-5,1,776.0,38853.7002611,73.0
143x,6-10,0,155.0,7824.7101554,16.0
143x,6-10,1,1118.0,58384.710611099996,83.0
143x,na,0,55.0,1689.5000246,0.0
143x,na,1,186.0,6916.440056400001,6.0
144a,0-2,0,63.0,4155.509919,39.0
144a,0-2,1,3317.0,248041.510897,3075.0
144a,11-20,0,215.0,14885.6997744,118.0
144a,11-20,1,3387.0,243125.5437294,2307.0
144a,21+,0,1449.0,101560.0578952,843.0
144a,21+,1,4446.0,311756.01187780005,2829.0
144a,3-5,0,61.0,4480.069867,51.0
144a,3-5,1,3041.0,227604.84155100002,2844.0
144a,6-10,0,67.0,4900.639880000001,52.0
144a,6-10,1,2220.0,164549.864299,1934.0
144a,na,0,1577.0,111097.29731370001,954.0
144a,na,1,1406.0,71272.7086347,485.0
144b,0-2,0,17.0,1288.0899490000002,17.0
144b,0-2,1,947.0,71272.537304,900.0
144b,11-20,0,334.0,24183.86957,203.0
144b,11-20,1,6875.0,496781.70656200004,4903.0
144b,21+,0,189.0,14658.659808,138.0
144b,21+,1,3509.0,260770.93216800003,2717.0
144b,3-5,0,23.0,1742.709931,23.0
144b,3-5,1,965.0,72272.79729100001,902.0
144b,6-10,0,64.0,4368.259966,30.0
144b,6-10,1,2087.0,149912.866297,1456.0
144c,0-2,0,19.0,1439.6299430000001,19.0
144c,0-2,1,996.0,74961.167157,947.0
144c,11-20,0,344.0,24164.209688,178.0
144c,11-20,1,6565.0,474858.87674000004,4675.0
144c,21+,0,637.0,47067.749101,423.0
144c,21+,1,7772.0,569458.683573,5633.0
144c,3-5,0,16.0,1212.319952,16.0
144c,3-5,1,811.0,60685.11769200001,758.0
144c,6-10,0,45.0,3225.1799300000002,32.0
144c,6-10,1,1814.0,133155.715706,1477.0
144d,0-2,1,285.0,21502.449183,274.0
144d,11-20,0,83.0,5617.339969000001,41.0
144d,11-20,1,1753.0,124597.417463,1074.0
144d,21+,1,82.0,6032.989768,68.0
144d,3-5,1,364.0,27227.449017,339.0
144d,6-10,0,39.0,2742.179958,24.0
144d,6-10,1,899.0,63825.988629,572.0
144x,0-2,0,2471.0,120114.1404422,422.0
144x,0-2,1,5139.0,293123.8066531,1981.0
144x,11-20,0,652.0,41716.77011880001,188.0
144x,11-20,1,9131.0,618086.563779,4052.0
144x,21+,0,63.0,3987.679919,37.0
144x,21+,1,372.0,23752.269587000003,176.0
144x,3-5,0,92.0,5383.840008,29.0
144x,3-5,1,733.0,45863.1895906,302.0
144x,6-10,0,332.0,19777.4702012,71.0
144x,6-10,1,4754.0,315593.207917,1934.0
144x,na,0,91.0,4343.739916500001,35.0
144x,na,1,472.0,29162.5891781,296.0
145a,0-2,0,20.0,1507.09996,15.0
145a,0-2,1,831.0,62231.608649,541.0
145a,11-20,0,299.0,21715.2497895,154.0
145a,11-20,1,4927.0,362635.4242464,2600.0
145a,21+,0,449.0,33878.3398415,224.0
145a,21+,1,3466.0,251754.9564913,1775.0
145a,3-5,0,33.0,2596.339974,21.0
145a,3-5,1,732.0,54813.899082,412.0
145a,6-10,0,58.0,4483.6999430000005,35.0
145a,6-10,1,1218.0,90278.25855,652.0
145a,na,0,11.0,511.46000599999996,0.0
145a,na,1,58.0,2771.389956,14.0
145b,0-2,0,36.0,2706.139944,23.0
145b,0-2,1,1085.0,80637.23820200001,697.0
145b,11-20,0,309.0,21748.039884,123.0
145b,11-20,1,5351.0,385287.1638942,2598.0
145b,21+,0,353.0,26546.219775,167.0
145b,21+,1,2903.0,212176.7067705,1453.0
145b,3-5,0,27.0,2030.8499550000001,18.0
145b,3-5,1,1029.0,76345.82847200001,610.0
145b,6-10,0,54.0,4063.3599059999997,37.0
145b,6-10,1,1760.0,130107.837561,963.0
145c,0-2,0,62.0,4610.879923,36.0
145c,0-2,1,1446.0,108025.05756599999,946.0
145c,11-20,0,332.0,23902.6397922,162.0
145c,11-20,1,5670.0,414446.0333817,2957.0
145c,21+,0,508.0,37931.759824,244.0
145c,21+,1,3809.0,277731.5461997,1953.0
145c,3-5,0,48.0,3560.49996,19.0
145c,3-5,1,1275.0,94844.308268,730.0
145c,6-10,0,118.0,8598.819926,50.0
145c,6-10,1,2397.0,176711.69685100002,1315.0
145c,na,1,52.0,3337.769954,23.0
145d,0-2,1,64.0,4801.139924,35.0
145d,11-20,1,459.0,34104.959639,187.0
145d,21+,0,12.0,899.279988,6.0
145d,21+,1,107.0,7877.9599419999995,33.0
145d,3-5,1,75.0,5637.929883000001,48.0
145d,6-10,1,137.0,10189.099885,58.0
145e,0-2,1,87.0,6525.409866,54.0
145e,11-20,0,11.0,825.169987,6.0
145e,11-20,1,399.0,29539.729649,162.0
145e,21+,1,39.0,2921.829963,19.0
145e,3-5,1,94.0,7062.619862,58.0
145e,6-10,1,155.0,11609.969812,84.0
145f,0-2,0,30.0,2251.5199620000003,17.0
145f,0-2,1,1054.0,78523.768457,639.0
145f,11-20,0,196.0,15046.059852999999,106.0
145f,11-20,1,4349.0,318670.14583,1938.0
145f,21+,0,135.0,10209.409951,56.0
145f,21+,1,1094.0,80641.579434,429.0
145f,3-5,0,27.0,2020.889979,12.0
145f,3-5,1,979.0,72746.678875,503.0
145f,6-10,0,53.0,3960.1499350000004,28.0
145f,6-10,1,1542.0,114869.238236,791.0
145g,0-2,1,126.0,9497.219742000001,96.0
145g,11-20,1,683.0,50672.698914,405.0
145g,21+,1,247.0,18272.319515000003,160.0
145g,3-5,1,133.0,10007.689769,91.0
145g,6-10,1,280.0,20970.41954,179.0
145h,0-2,1,316.0,23842.839254,264.0
145h,11-20,0,35.0,2316.209971,16.0
145h,11-20,1,1100.0,81145.098322,651.0
145h,21+,1,90.0,6574.52981,61.0
145h,3-5,1,344.0,25753.509201,276.0
145h,6-10,0,11.0,825.169987,6.0
145h,6-10,1,638.0,47409.258808,434.0
145i,0-2,1,272.0,20483.879413000002,212.0
145i,11-20,0,46.0,3460.5199220000004,31.0
145i,11-20,1,1264.0,93657.848099,746.0
145i,21+,0,32.0,2487.2399590000005,22.0
145i,21+,1,485.0,35394.57908,318.0
145i,3-5,1,266.0,20035.119457,201.0
145i,6-10,0,19.0,1431.3299630000001,14.0
145i,6-10,1,621.0,46246.958817,421.0
145x,0-2,0,3384.0,157287.2005343,563.0
145x,0-2,1,5791.0,324203.57774812,1849.0
145x,11-20,0,325.0,22537.880021,150.0
145x,11-20,1,2046.0,138351.46879759998,803.0
145x,21+,0,1658.0,117814.0198975,640.0
145x,21+,1,3565.0,231793.4090796,1291.0
145x,3-5,0,189.0,10307.2199375,61.0
145x,3-5,1,719.0,42232.7996872,273.0
145x,6-10,0,195.0,11847.970041,57.0
145x,6-10,1,1052.0,70477.8993836,456.0
145x,na,0,59.0,2207.0499647,16.0
145x,na,1,176.0,8975.7199068,54.0
146a,11-20,0,41.0,2287.739926,7.0
146a,11-20,1,317.0,17931.139455,50.0
146a,21+,0,513.0,27690.409455099998,89.0
146a,21+,1,1096.0,54463.6989148,144.0
146a,6-10,0,19.0,1035.649972,0.0
146a,6-10,1,183.0,10179.229675,25.0
146a,na,1,25.0,510.77,0.0
146b,11-20,1,44.0,2628.219926,7.0
146b,21+,0,67.0,4381.799948,21.0
146b,21+,1,81.0,4591.729908,12.0
146c,11-20,1,97.0,5827.089815,25.0
146c,21+,1,21.0,1095.6999580000002,0.0
146c,6-10,1,30.0,1615.019934,6.0
146d,11-20,1,52.0,2955.21993,11.0
146d,21+,0,74.0,3089.91999,10.0
146d,21+,1,256.0,9594.3799236,12.0
146e,0-2,1,22.0,1063.699956,0.0
146e,11-20,0,25.0,1337.549965,0.0
146e,11-20,1,199.0,10842.039721,14.0
146e,21+,0,560.0,31300.629888,116.0
146e,21+,1,811.0,42703.299585,127.0
146e,3-5,1,10.0,612.299995,0.0
146e,6-10,1,46.0,2352.899923,0.0
146e,na,0,13.0,733.6900069999999,0.0
146e,na,1,47.0,1358.4899999999998,0.0
146f,11-20,1,53.0,3825.869974,20.0
146f,3-5,1,11.0,825.169987,6.0
146f,6-10,1,13.0,963.4300129999999,0.0
146g,0-2,1,361.0,26815.979388,218.0
146g,11-20,0,93.0,6756.54,23.0
146g,11-20,1,1205.0,87766.629004,475.0
146g,21+,0,851.0,59091.449765,218.0
146g,21+,1,2975.0,210602.51864300002,937.0
146g,3-5,0,26.0,1930.959976,11.0
146g,3-5,1,439.0,32501.229383,231.0
146g,6-10,0,67.0,4804.329968,16.0
146g,6-10,1,970.0,70875.73882700001,455.0
146g,na,0,171.0,11866.899941,25.0
146g,na,1,116.0,7480.779992,7.0
146h,0-2,1,127.0,9557.869741999999,95.0
146h,11-20,1,299.0,21876.519601,173.0
146h,21+,0,141.0,10543.069948,72.0
146h,21+,1,729.0,51573.579343,341.0
146h,3-5,1,109.0,8215.769777,83.0
146h,6-10,1,197.0,14790.469657,132.0
146h,na,1,38.0,1871.56,0.0
146i,0-2,1,17.0,1240.990009,0.0
146i,11-20,1,14.0,1024.599985,5.0
146i,21+,0,23.0,1777.890014,6.0
146i,21+,1,79.0,5617.360034,20.0
146i,3-5,1,40.0,2946.29999,9.0
146i,6-10,1,64.0,4565.91998,12.0
146j,0-2,1,136.0,10304.719592000001,136.0
146j,11-20,0,21.0,1591.1699370000001,21.0
146j,11-20,1,299.0,22561.769185000005,274.0
146j,21+,0,357.0,25212.129298,260.0
146j,21+,1,1441.0,98855.08690450001,1046.0
146j,3-5,1,194.0,14699.379418,194.0
146j,6-10,1,148.0,11213.959556,148.0
146j,na,0,59.0,3918.679856,48.0
146j,na,1,174.0,6908.729862,46.0
146k,0-2,1,212.0,15788.379524000002,165.0
146k,11-20,0,37.0,2197.0899790000003,12.0
146k,11-20,1,782.0,54955.968738,446.0
146k,21+,0,630.0,44269.409608,290.0
146k,21+,1,2013.0,138268.5679138,956.0
146k,3-5,1,188.0,14115.749575,148.0
146k,6-10,0,13.0,807.709981,8.0
146k,6-10,1,344.0,25533.349281000003,257.0
146k,na,0,12.0,900.9399840000001,7.0
146k,na,1,22.0,1420.299985,8.0
146l,0-2,1,40.0,3030.79988,40.0
146l,11-20,1,63.0,4765.209831,58.0
146l,21+,0,122.0,8347.499762000001,79.0
146l,21+,1,575.0,39157.598822600004,373.0
146l,3-5,1,38.0,2879.2598860000003,38.0
146l,6-10,1,58.0,4394.659826,58.0
146l,na,0,26.0,1949.9199370000001,21.0
146l,na,1,76.0,2503.309964,12.0
146x,0-2,0,594.0,27212.4399675,61.0
146x,0-2,1,1930.0,105834.807556,252.0
146x,11-20,0,181.0,11046.99983,31.0
146x,11-20,1,1172.0,76568.428466,405.0
146x,21+,0,46.0,2701.839977,8.0
146x,21+,1,210.0,13678.169731,83.0
146x,3-5,0,191.0,10253.229813,11.0
146x,3-5,1,1057.0,59777.578384,140.0
146x,6-10,0,366.0,20959.96971,21.0
146x,6-10,1,1421.0,85068.69809800001,319.0
146x,na,1,34.0,1346.6399608000002,14.0
149a,0-2,0,24.0,1462.4100039999998,0.0
149a,0-2,1,1291.0,80663.857815,121.0
149a,11-20,0,496.0,31248.279217999996,45.0
149a,11-20,1,3172.0,199522.414895,312.0
149a,21+,0,1098.0,68989.528568,205.0
149a,21+,1,1652.0,94797.3781112,216.0
149a,3-5,0,15.0,909.5999899999999,0.0
149a,3-5,1,1291.0,80521.767686,89.0
149a,6-10,0,56.0,3531.159901,5.0
149a,6-10,1,1483.0,93262.25730999999,117.0
149a,na,0,11.0,739.8699730000001,5.0
149a,na,1,28.0,895.989988,0.0
149b,11-20,1,12.0,909.2399640000001,12.0
149b,21+,0,51.0,3824.0698770000004,46.0
149b,21+,1,194.0,14441.139501000001,159.0
149b,na,1,22.0,1666.939934,22.0
149d,0-2,1,1487.0,94166.897045,239.0
149d,11-20,0,15.0,980.5499649999999,5.0
149d,11-20,1,249.0,15596.26951,30.0
149d,21+,1,25.0,1629.049942,8.0
149d,3-5,0,19.0,1143.229962,0.0
149d,3-5,1,1578.0,99381.056946,198.0
149d,6-10,0,29.0,1744.929942,0.0
149d,6-10,1,1432.0,90467.957329,167.0
149x,0-2,0,697.0,35537.2500477,160.0
149x,0-2,1,3461.0,209034.8587451,1070.0
149x,11-20,0,2883.0,155350.2603019,779.0
149x,11-20,1,9065.0,480983.70904746,2304.0
149x,21+,0,1388.0,67457.7001919,276.0
149x,21+,1,3410.0,158900.37942738002,684.0
149x,3-5,0,247.0,13909.3200206,78.0
149x,3-5,1,1284.0,78928.43947900001,428.0
149x,6-10,0,688.0,36740.35014,167.0
149x,6-10,1,2666.0,153246.9590795,823.0
149x,na,0,684.0,27798.1801568,96.0
149x,na,1,2142.0,87657.4893815,299.0
210z,0-2,0,29.0,944.3900156999999,0.0
210z,3-5,0,11.0,445.080012,0.0
210z,na,0,21.0,655.6700156,6.0
210z,na,1,79.0,3212.3300057,16.0
211a,0-2,0,147.0,6037.6800665,20.0
211a,0-2,1,174.0,7273.960107,16.0
211a,11-20,0,60.0,2915.970017,11.0
211a,11-20,1,360.0,19900.0400375,97.0
211a,21+,0,399.0,21761.5799225,119.0
211a,21+,1,1141.0,59056.9398467,287.0
211a,3-5,0,66.0,2115.7600157,0.0
211a,3-5,1,191.0,8906.930049,23.0
211a,6-10,0,165.0,7043.6500598,14.0
211a,6-10,1,299.0,14174.9700123,50.0
211a,na,0,10.0,48.499999,0.0
211a,na,1,188.0,9496.50995,41.0
211b,0-2,0,27.0,1664.250041,12.0
211b,0-2,1,78.0,5980.210118,53.0
211b,11-20,0,86.0,6678.850095,57.0
211b,11-20,1,355.0,27824.070287,262.0
211b,21+,0,35.0,3068.230067,35.0
211b,21+,1,176.0,14966.000186,164.0
211b,3-5,0,27.0,1872.7600290000003,14.0
211b,3-5,1,73.0,5925.180138,60.0
211b,6-10,0,37.0,2919.110059,25.0
211b,6-10,1,238.0,18802.490265,166.0
211x,0-2,0,22.0,843.300011,0.0
211x,0-2,1,33.0,1581.48003,5.0
211x,11-20,1,19.0,662.559992,0.0
211x,na,0,25.0,482.1800133,0.0
211x,na,1,54.0,2208.5800179000003,9.0
212a,0-2,0,246.0,10956.5100673,14.0
212a,0-2,1,534.0,31803.4601097,31.0
212a,11-20,0,148.0,9846.900043,22.0
212a,11-20,1,655.0,44877.469959,110.0
212a,21+,0,431.0,28423.53004,50.0
212a,21+,1,1462.0,96613.53994,203.0
212a,3-5,0,201.0,10674.5600799,20.0
212a,3-5,1,559.0,35454.5900846,76.0
212a,6-10,0,328.0,19131.4101748,48.0
212a,6-10,1,820.0,52117.27014,113.0
212a,na,0,48.0,3195.660006,0.0
212a,na,1,55.0,3535.0,0.0
212b,0-2,0,136.0,5230.1901054,0.0
212b,0-2,1,181.0,8463.3601247,11.0
212b,11-20,0,375.0,24044.620247,119.0
212b,11-20,1,495.0,34316.010194,189.0
212b,21+,0,451.0,30162.680388,92.0
212b,21+,1,454.0,30670.130181,157.0
212b,3-5,0,113.0,4524.4300577,8.0
212b,3-5,1,83.0,3960.07008,0.0
212b,6-10,0,142.0,6426.1200545,7.0
212b,6-10,1,136.0,7377.960106,11.0
212c,0-2,1,25.0,2196.86002,25.0
212c,11-20,0,63.0,5241.790065,53.0
212c,11-20,1,201.0,16284.270090999999,151.0
212c,21+,0,55.0,4672.020065,50.0
212c,21+,1,140.0,11854.160068,123.0
212c,3-5,1,28.0,2531.4899880000003,28.0
212c,6-10,0,58.0,4409.570055,32.0
212c,6-10,1,127.0,10024.060046,86.0
212x,0-2,0,468.0,22054.9701851,54.0
212x,0-2,1,384.0,20467.0400976,18.0
212x,11-20,0,128.0,7944.340078000001,16.0
212x,11-20,1,266.0,15829.110007000001,26.0
212x,21+,0,11.0,723.75001,0.0
212x,21+,1,68.0,4411.950016,0.0
212x,3-5,0,62.0,3482.0900626,5.0
212x,3-5,1,62.0,3957.920051,0.0
212x,6-10,0,103.0,6312.870013000001,5.0
212x,6-10,1,140.0,8266.270073,0.0
212x,na,0,91.0,3590.2199932000003,10.0
212x,na,1,155.0,6819.8299765,13.0
213a,0-2,0,85.0,3769.5100566,19.0
213a,0-2,1,166.0,11159.520145,87.0
213a,11-20,0,148.0,12501.970156,124.0
213a,11-20,1,132.0,10701.220149,106.0
213a,3-5,0,187.0,13826.4402148,130.0
213a,3-5,1,228.0,17303.810241,161.0
213a,6-10,0,295.0,23216.840248,212.0
213a,6-10,1,436.0,33962.920295,311.0
213b,0-2,0,156.0,6806.0600256,21.0
213b,0-2,1,189.0,11371.2901102,81.0
213b,11-20,0,237.0,16303.890144,125.0
213b,11-20,1,377.0,26805.050207,233.0
213b,21+,0,67.0,5023.150018,46.0
213b,21+,1,106.0,8480.770014,94.0
213b,3-5,0,120.0,7148.540008,36.0
213b,3-5,1,155.0,11026.600102,101.0
213b,6-10,0,132.0,8454.1800705,58.0
213b,6-10,1,210.0,14325.110141000001,117.0
213c,11-20,0,105.0,8104.030131,72.0
213c,11-20,1,160.0,11938.330112,104.0
213c,21+,0,77.0,5959.800094,47.0
213c,21+,1,146.0,11251.940096,99.0
213c,6-10,0,10.0,289.59999,0.0
213c,6-10,1,12.0,347.519988,0.0
213d,0-2,0,563.0,31000.530447499998,195.0
213d,0-2,1,439.0,31576.1603557,292.0
213d,11-20,0,620.0,50828.580507,496.0
213d,11-20,1,945.0,73041.690361,644.0
213d,21+,0,197.0,15794.500145,149.0
213d,21+,1,337.0,24975.630169,216.0
213d,3-5,0,513.0,38820.260414,361.0
213d,3-5,1,407.0,32269.360285,310.0
213d,6-10,0,690.0,55205.440586,529.0
213d,6-10,1,707.0,54789.410415,484.0
213x,0-2,0,1284.0,58712.9507032,236.0
213x,0-2,1,1114.0,58040.6706002,316.0
213x,11-20,0,876.0,67948.1706786,583.0
213x,11-20,1,1469.0,105653.03076929999,894.0
213x,21+,0,169.0,14095.810201,133.0
213x,21+,1,303.0,24851.830142,253.0
213x,3-5,0,281.0,17705.1601941,137.0
213x,3-5,1,309.0,20443.660191,160.0
213x,6-10,0,445.0,32313.7504433,270.0
213x,6-10,1,717.0,48642.270472100005,380.0
213x,na,0,44.0,3017.7000567,31.0
213x,na,1,78.0,5222.2800882,49.0
214a,0-2,1,14.0,1090.079988,14.0
214a,11-20,0,29.0,2120.449943,24.0
214a,11-20,1,85.0,6038.209852999999,67.0
214a,21+,1,25.0,1917.849925,25.0
214a,6-10,0,21.0,1224.5099969999999,9.0
214a,6-10,1,33.0,2457.799951,28.0
214b,0-2,1,10.0,443.30002,0.0
214b,11-20,0,30.0,2587.85994,24.0
214b,11-20,1,86.0,5984.819848,50.0
214b,21+,0,44.0,3957.799868,44.0
214b,21+,1,101.0,8604.669719,88.0
214b,6-10,0,15.0,893.050005,5.0
214b,6-10,1,39.0,2357.830004,8.0
214c,0-2,0,26.0,968.8600235,0.0
214c,0-2,1,31.0,2039.150062,14.0
214c,11-20,0,97.0,8224.630049,84.0
214c,11-20,1,206.0,17024.769996,168.0
214c,21+,0,23.0,2009.049954,23.0
214c,21+,1,76.0,6532.289893,76.0
214c,3-5,0,19.0,1429.430038,12.0
214c,3-5,1,23.0,2103.610018,23.0
214c,6-10,0,49.0,3956.100088,36.0
214c,6-10,1,72.0,6076.080067,65.0
214x,0-2,0,499.0,23588.5702652,110.0
214x,0-2,1,542.0,35919.2700568,297.0
214x,11-20,0,402.0,31662.3499225,308.0
214x,11-20,1,844.0,67393.709627,658.0
214x,21+,0,66.0,5713.359924,60.0
214x,21+,1,147.0,12117.379867,121.0
214x,3-5,0,300.0,21085.5100647,190.0
214x,3-5,1,448.0,36133.579973,369.0
214x,6-10,0,437.0,33420.560051,314.0
214x,6-10,1,746.0,60259.619825,594.0
214x,na,0,62.0,4627.3499234,51.0
214x,na,1,181.0,15035.7799334,165.0
215z,0-2,0,142.0,5378.110063900001,12.0
215z,0-2,1,128.0,6141.820012,19.0
215z,11-20,0,179.0,8846.740054,31.0
215z,11-20,1,439.0,21312.910034,99.0
215z,21+,1,63.0,2807.170001,7.0
215z,3-5,0,80.0,2846.8200661,0.0
215z,3-5,1,141.0,6529.710067,26.0
215z,6-10,0,132.0,5590.2700598,15.0
215z,6-10,1,252.0,12197.8700405,57.0
215z,na,1,12.0,390.790002,0.0
219z,0-2,0,1282.0,61966.2805507,251.0
219z,0-2,1,1274.0,71496.1802928,400.0
219z,11-20,0,1292.0,83256.1204145,582.0
219z,11-20,1,2536.0,153159.0802641,992.0
219z,21+,0,674.0,40019.720058,263.0
219z,21+,1,1313.0,72316.830122,438.0
219z,3-5,0,443.0,25225.7101732,156.0
219z,3-5,1,699.0,44831.790253600004,294.0
219z,6-10,0,933.0,58449.6003489,409.0
219z,6-10,1,1458.0,93005.8603474,627.0
219z,na,0,280.0,14727.440047,94.0
219z,na,1,570.0,24165.8298997,75.0
220z,0-2,0,35.0,1446.9999979,10.0
220z,0-2,1,19.0,565.6700185,0.0
220z,na,0,38.0,713.260005,0.0
220z,na,1,86.0,2956.3699974,6.0
221a,0-2,0,81.0,4291.950012,13.0
221a,0-2,1,252.0,15791.680194999999,33.0
221a,11-20,0,154.0,10023.1701,21.0
221a,11-20,1,1004.0,63965.98073599999,105.0
221a,21+,0,697.0,43863.090658999994,30.0
221a,21+,1,1387.0,86865.07115199999,105.0
221a,3-5,0,33.0,1891.0900249999997,0.0
221a,3-5,1,286.0,17933.890191,52.0
221a,6-10,0,52.0,3346.720043,7.0
221a,6-10,1,387.0,25275.810267,70.0
221b,0-2,1,70.0,3698.8,0.0
221b,11-20,0,37.0,2019.060015,0.0
221b,11-20,1,114.0,6992.970103,0.0
221b,21+,0,222.0,12345.650082,18.0
221b,21+,1,295.0,15481.850048,11.0
221b,3-5,1,107.0,5729.480008,0.0
221b,6-10,0,13.0,753.070007,0.0
221b,6-10,1,61.0,3487.8400279999996,0.0
221x,0-2,0,91.0,3329.7000302,0.0
221x,0-2,1,123.0,5057.5900067,10.0
221x,11-20,0,38.0,2216.320004,6.0
221x,11-20,1,253.0,16034.879927,105.0
221x,21+,0,93.0,6381.820094,36.0
221x,21+,1,154.0,10934.990047,68.0
221x,3-5,1,32.0,1811.840033,5.0
221x,6-10,1,67.0,4344.1099380000005,25.0
221x,na,0,35.0,2180.1500349999997,0.0
221x,na,1,10.0,622.90001,0.0
222a,0-2,1,41.0,3505.880077,32.0
222a,11-20,0,31.0,2777.2600820000002,25.0
222a,11-20,1,173.0,15049.10001,160.0
222a,21+,0,18.0,1665.050043,18.0
222a,21+,1,47.0,4192.630052,41.0
222a,3-5,0,15.0,1167.25002,10.0
222a,3-5,1,58.0,5034.120057,53.0
222a,6-10,0,49.0,4108.670087,33.0
222a,6-10,1,108.0,9310.980006,108.0
222b,0-2,0,40.0,2271.180046,17.0
222b,0-2,1,119.0,8929.570046,79.0
222b,11-20,0,231.0,15015.0300783,105.0
222b,11-20,1,1173.0,79021.2301611,588.0
222b,21+,0,311.0,23075.560204,170.0
222b,21+,1,937.0,65422.4301731,510.0
222b,3-5,0,11.0,717.370028,6.0
222b,3-5,1,123.0,9582.970048000001,88.0
222b,6-10,0,94.0,6819.25006,57.0
222b,6-10,1,500.0,35022.7201247,249.0
222c,11-20,1,96.0,7787.97997,70.0
222c,21+,0,13.0,1019.030038,6.0
222c,21+,1,85.0,6676.040025,59.0
222c,6-10,1,33.0,2680.029999,26.0
222d,11-20,1,100.0,7828.199908,84.0
222d,21+,0,32.0,2834.580053,32.0
222d,21+,1,157.0,12328.120094,108.0
222d,6-10,1,27.0,2245.549982,27.0
222e,11-20,1,42.0,3407.339923,37.0
222e,21+,1,26.0,2248.7600190000003,26.0
222e,6-10,1,30.0,2387.21997,22.0
222f,21+,1,45.0,3467.240006,26.0
222h,11-20,0,17.0,1098.690007,7.0
222h,11-20,1,101.0,6339.619981,36.0
222h,21+,0,10.0,399.55,0.0
222h,21+,1,68.0,4248.019981,25.0
222h,6-10,1,45.0,3061.819975,26.0
222k,0-2,0,50.0,3536.330108,32.0
222k,0-2,1,108.0,6612.730157,52.0
222k,11-20,0,18.0,1480.9000230000001,18.0
222k,11-20,1,96.0,7514.910131,84.0
222k,21+,0,20.0,1752.320056,20.0
222k,21+,1,43.0,2950.780036,30.0
222k,3-5,0,130.0,8945.0102766,85.0
222k,3-5,1,150.0,9607.490305,90.0
222k,6-10,0,78.0,6777.780297,78.0
222k,6-10,1,122.0,9037.930272,94.0
222x,0-2,0,225.0,9376.6200967,43.0
222x,0-2,1,318.0,17364.4902486,97.0
222x,11-20,0,66.0,5051.680047,51.0
222x,11-20,1,374.0,26597.239943,212.0
222x,21+,0,102.0,8382.180134,81.0
222x,21+,1,324.0,22903.290121,190.0
222x,3-5,0,18.0,1476.380016,13.0
222x,3-5,1,77.0,5995.730013,54.0
222x,6-10,0,56.0,4189.1900940000005,34.0
222x,6-10,1,207.0,16226.260024,153.0
222x,na,0,58.0,2067.9700238,5.0
222x,na,1,203.0,8647.7000595,37.0
223a,0-2,0,20.0,669.3200245,0.0
223a,0-2,1,99.0,8144.190049,83.0
223a,11-20,0,46.0,3928.4300479999997,41.0
223a,11-20,1,204.0,17779.850045,199.0
223a,21+,0,69.0,5930.410093,58.0
223a,21+,1,155.0,13082.750139,139.0
223a,3-5,0,15.0,1273.6500150000002,15.0
223a,3-5,1,115.0,9806.150038,110.0
223a,6-10,0,45.0,3809.340071,40.0
223a,6-10,1,196.0,16558.66012,179.0
223c,0-2,1,19.0,1641.790076,19.0
223c,11-20,0,47.0,4081.370168,47.0
223c,11-20,1,139.0,10580.860368,103.0
223c,21+,1,13.0,1123.330052,13.0
223c,3-5,1,22.0,1901.020088,22.0
223c,6-10,0,21.0,1814.610084,21.0
223c,6-10,1,71.0,5976.450245999999,61.0
223c,na,1,10.0,864.10004,10.0
223d,0-2,0,55.0,2637.3500679,10.0
223d,0-2,1,124.0,9332.530084,82.0
223d,11-20,0,65.0,5797.310007,60.0
223d,11-20,1,422.0,35442.050233,358.0
223d,21+,0,139.0,12188.470059,125.0
223d,21+,1,377.0,30806.850153,307.0
223d,3-5,0,19.0,1098.750031,7.0
223d,3-5,1,145.0,11371.040054,102.0
223d,6-10,0,52.0,4246.1800650000005,44.0
223d,6-10,1,278.0,23237.200224,226.0
223x,0-2,0,139.0,6276.0400844000005,32.0
223x,0-2,1,159.0,8834.0401265,59.0
223x,11-20,1,14.0,1085.560014,7.0
223x,3-5,1,15.0,1279.550015,15.0
223x,6-10,0,16.0,1395.760008,16.0
223x,6-10,1,23.0,1987.6100179999999,23.0
225a,0-2,0,30.0,1949.9700000000003,16.0
225a,0-2,1,159.0,11572.770142,104.0
225a,11-20,0,55.0,4834.350032,55.0
225a,11-20,1,809.0,63239.410364,566.0
225a,21+,0,223.0,18161.40015,166.0
225a,21+,1,672.0,49200.4601774,428.0
225a,3-5,1,160.0,13446.070106000001,130.0
225a,6-10,0,33.0,2492.85,22.0
225a,6-10,1,387.0,31956.880250000002,298.0
225b,0-2,0,26.0,1130.9900258,6.0
225b,0-2,1,85.0,6812.87008,65.0
225b,11-20,0,60.0,5466.98004,53.0
225b,11-20,1,490.0,38296.260441,340.0
225b,21+,0,55.0,5184.140083,55.0
225b,21+,1,306.0,26151.410373000002,279.0
225b,3-5,0,19.0,1508.110014,14.0
225b,3-5,1,87.0,7079.5700830000005,65.0
225b,6-10,0,42.0,3984.1100590000005,42.0
225b,6-10,1,224.0,18038.190189,165.0
225c,0-2,0,45.0,2076.7900465,11.0
225c,0-2,1,112.0,7722.590158,65.0
225c,11-20,0,23.0,2069.900044,23.0
225c,11-20,1,274.0,20764.970173,195.0
225c,21+,0,210.0,16918.740171,154.0
225c,21+,1,622.0,51316.730561,503.0
225c,3-5,0,54.0,3806.720082,32.0
225c,3-5,1,153.0,11561.520241,105.0
225c,6-10,0,51.0,4593.120056,51.0
225c,6-10,1,343.0,25345.290325,210.0
225x,0-2,0,329.0,13405.4401482,44.0
225x,0-2,1,378.0,18392.7901876,85.0
225x,11-20,0,106.0,7049.5701255,52.0
225x,11-20,1,576.0,38709.5302886,306.0
225x,21+,0,33.0,2796.11003,26.0
225x,21+,1,189.0,14745.660151,147.0
225x,3-5,0,14.0,603.58002,0.0
225x,3-5,1,90.0,5637.900099,45.0
225x,6-10,0,25.0,1906.36003,16.0
225x,6-10,1,153.0,8993.3500584,58.0
225x,na,1,33.0,680.0800049000001,0.0
226z,0-2,0,121.0,5365.0800938,22.0
226z,0-2,1,186.0,12959.990152,98.0
226z,11-20,0,14.0,1197.380019,9.0
226z,11-20,1,253.0,20801.549934,217.0
226z,21+,0,60.0,5302.670063,55.0
226z,21+,1,176.0,14111.020044,149.0
226z,3-5,0,10.0,634.750025,5.0
226z,3-5,1,117.0,10284.480101,98.0
226z,6-10,0,18.0,1570.910018,13.0
226z,6-10,1,161.0,14143.810060000002,150.0
229z,0-2,0,3345.0,162737.4413002,752.0
229z,0-2,1,4778.0,269485.1609512,1606.0
229z,11-20,0,3174.0,202929.7410781,1386.0
229z,11-20,1,7196.0,448262.52173166,3194.0
229z,21+,0,2923.0,200097.9909877,1510.0
229z,21+,1,5720.0,363564.0516245,2690.0
229z,3-5,0,828.0,47812.1203376,306.0
229z,3-5,1,1822.0,114623.3506606,796.0
229z,6-10,0,1466.0,90845.960685,593.0
229z,6-10,1,3324.0,206888.2210003,1449.0
229z,na,0,808.0,46153.9303449,275.0
229z,na,1,1790.0,93051.2502963,527.0
310a,21+,0,27.0,2298.71001,22.0
310a,21+,1,117.0,9117.690014,67.0
310b,21+,0,955.0,72393.7202026,586.0
310b,21+,1,1424.0,96101.0801526,766.0
310b,na,0,45.0,3452.1200160000003,25.0
310b,na,1,56.0,4038.810017,38.0
310x,0-2,0,875.0,39006.1904695,148.0
310x,0-2,1,1235.0,67046.1205125,376.0
310x,11-20,0,147.0,11926.100112,97.0
310x,11-20,1,640.0,48175.920008,372.0
310x,21+,0,66.0,5660.920038,45.0
310x,21+,1,250.0,20235.300008000002,165.0
310x,3-5,0,34.0,2458.4800290000003,24.0
310x,3-5,1,113.0,8186.000076,61.0
310x,6-10,0,34.0,2261.000044,12.0
310x,6-10,1,200.0,15437.380035,122.0
310x,na,0,61.0,1533.0200208,0.0
310x,na,1,85.0,2204.7699976,0.0
311a,0-2,0,167.0,12045.45987,135.0
311a,0-2,1,1371.0,111144.08866499999,1363.0
311a,11-20,0,378.0,30752.959671999997,361.0
311a,11-20,1,2202.0,177831.278181,2080.0
311a,21+,0,450.0,36337.869721,422.0
311a,21+,1,1255.0,98848.90955899999,1145.0
311a,3-5,0,240.0,19256.31976,234.0
311a,3-5,1,1278.0,104030.048806,1278.0
311a,6-10,0,348.0,28354.379667,343.0
311a,6-10,1,1901.0,154599.41836399998,1856.0
311b,11-20,1,11.0,893.309989,11.0
311b,21+,0,32.0,2598.719968,32.0
311b,21+,1,72.0,5851.949991,72.0
311b,3-5,1,12.0,974.519988,12.0
311b,6-10,1,23.0,1867.8299769999999,23.0
311b,na,0,110.0,8933.09989,110.0
311b,na,1,530.0,42759.159511,518.0
311c,0-2,0,62.0,4334.970008,37.0
311c,0-2,1,442.0,31011.220192,265.0
311c,11-20,0,377.0,27691.330265,264.0
311c,11-20,1,964.0,73327.17080400001,756.0
311c,21+,0,60.0,4565.240041,49.0
311c,21+,1,143.0,11287.180228000001,135.0
311c,3-5,0,73.0,5571.250054,60.0
311c,3-5,1,385.0,28495.450226,280.0
311c,6-10,0,216.0,15791.350189,153.0
311c,6-10,1,797.0,59447.060455,578.0
311c,na,0,108.0,8292.320155000001,88.0
311c,na,1,226.0,17172.210351,191.0
311x,0-2,0,1839.0,84840.5008289,322.0
311x,0-2,1,3025.0,169996.7603716,979.0
311x,11-20,0,823.0,61638.119954400005,506.0
311x,11-20,1,4825.0,344505.28893,2632.0
311x,21+,0,316.0,24017.3500875,217.0
311x,21+,1,1274.0,91677.1398602,782.0
311x,3-5,0,375.0,26403.9800136,224.0
311x,3-5,1,1683.0,117971.1599238,876.0
311x,6-10,0,703.0,50355.729973,402.0
311x,6-10,1,3342.0,232189.6395766,1621.0
311x,na,0,16.0,93.1600034,0.0
311x,na,1,76.0,2435.3899789,7.0
312a,0-2,0,431.0,24215.780161900002,152.0
312a,0-2,1,2221.0,146400.4302357,958.0
312a,11-20,0,636.0,46123.5001179,343.0
312a,11-20,1,4261.0,308377.749213,2235.0
312a,21+,0,277.0,22289.240066,207.0
312a,21+,1,1227.0,91872.979957,774.0
312a,3-5,0,362.0,24363.4601072,181.0
312a,3-5,1,2027.0,143974.2402092,970.0
312a,6-10,0,501.0,36616.200086,271.0
312a,6-10,1,3408.0,246738.4198867,1767.0
312b,0-2,0,38.0,2402.430007,18.0
312b,0-2,1,108.0,8019.930142,61.0
312b,11-20,0,79.0,6928.270057,72.0
312b,11-20,1,535.0,43895.720217,423.0
312b,21+,0,52.0,4689.360107,52.0
312b,21+,1,273.0,23379.060294,236.0
312b,3-5,0,33.0,1863.76003,8.0
312b,3-5,1,175.0,13349.890164,106.0
312b,6-10,0,47.0,4195.660025,42.0
312b,6-10,1,314.0,24542.47012,202.0
312c,0-2,0,217.0,10540.360079,58.0
312c,0-2,1,623.0,47802.0299656,397.0
312c,11-20,0,130.0,11170.980005,107.0
312c,11-20,1,966.0,80852.4197685,721.0
312c,21+,0,46.0,4192.690044,41.0
312c,21+,1,309.0,26799.720051,265.0
312c,3-5,0,98.0,7592.960067,70.0
312c,3-5,1,633.0,53384.079787200004,486.0
312c,6-10,0,150.0,12404.710076,104.0
312c,6-10,1,935.0,79273.72985399999,706.0
312x,0-2,0,1017.0,43478.7905552,136.0
312x,0-2,1,1692.0,80112.3207155,350.0
312x,11-20,0,138.0,10617.400079000001,83.0
312x,11-20,1,755.0,54936.380084000004,382.0
312x,3-5,0,41.0,1945.400041,5.0
312x,3-5,1,202.0,13898.599992,102.0
312x,6-10,0,39.0,3028.980053,26.0
312x,6-10,1,269.0,17841.35,109.0
312x,na,1,21.0,483.81999900000005,0.0
313z,0-2,0,2055.0,100659.900941,452.0
313z,0-2,1,4322.0,292860.0717399,2143.0
313z,11-20,0,1183.0,95739.0103559,821.0
313z,11-20,1,4794.0,389659.5607116,3366.0
313z,21+,0,731.0,58090.690159,498.0
313z,21+,1,2140.0,171390.920311,1510.0
313z,3-5,0,685.0,47367.3903275,366.0
313z,3-5,1,2664.0,213796.7311177,1804.0
313z,6-10,0,960.0,74140.7406094,620.0
313z,6-10,1,4279.0,346279.971066,2964.0
313z,na,0,48.0,1888.4400093,8.0
313z,na,1,73.0,3997.5600314,26.0
314a,0-2,0,583.0,41392.6802236,375.0
314a,0-2,1,1358.0,119695.400137,1239.0
314a,11-20,0,664.0,56531.939928,508.0
314a,11-20,1,2366.0,202756.81998169998,1942.0
314a,21+,0,432.0,37028.659974,328.0
314a,21+,1,1334.0,112086.17993500001,1019.0
314a,3-5,0,422.0,37300.179851,375.0
314a,3-5,1,1234.0,111529.220063,1158.0
314a,6-10,0,706.0,62199.659851000004,607.0
314a,6-10,1,1640.0,145632.400038,1460.0
314b,0-2,1,61.0,5327.900036999999,61.0
314b,11-20,0,18.0,1634.980006,18.0
314b,11-20,1,113.0,10126.729967000001,108.0
314b,21+,0,14.0,1275.9000219999998,14.0
314b,21+,1,65.0,5730.610038,59.0
314b,3-5,1,64.0,5659.629997,64.0
314b,6-10,1,85.0,7454.119976,85.0
314x,0-2,0,408.0,20334.4202196,101.0
314x,0-2,1,569.0,36658.2403049,284.0
314x,11-20,0,11.0,890.660012,5.0
314x,11-20,1,104.0,8706.740018,81.0
314x,3-5,0,53.0,3997.649961,22.0
314x,3-5,1,88.0,7331.020021,71.0
314x,6-10,0,64.0,5034.109941,24.0
314x,6-10,1,116.0,9693.320029,88.0
314x,na,1,15.0,291.39999700000004,0.0
319z,0-2,0,4609.0,219656.83180770001,947.0
319z,0-2,1,6969.0,389625.48211498,2236.0
319z,11-20,0,3175.0,217899.7501615,1506.0
319z,11-20,1,8046.0,537616.20058,3804.0
319z,21+,0,2593.0,183235.3000717,1364.0
319z,21+,1,4667.0,311457.9303737,2292.0
319z,3-5,0,913.0,57060.260233400004,384.0
319z,3-5,1,2555.0,170482.250493,1217.0
319z,6-10,0,1527.0,104553.0904251,773.0
319z,6-10,1,4138.0,281567.8605964,2061.0
319z,na,0,965.0,53931.1301325,382.0
319z,na,1,2120.0,102947.3499726,541.0
320z,11-20,0,17.0,1329.190022,12.0
320z,11-20,1,31.0,2601.0700309999997,31.0
320z,21+,0,109.0,9150.680065,94.0
320z,21+,1,385.0,32327.440135,347.0
320z,na,1,41.0,2085.5100102,14.0
321a,0-2,0,123.0,9385.1300507,89.0
321a,0-2,1,357.0,31518.769989,333.0
321a,11-20,0,373.0,31948.670125,327.0
321a,11-20,1,1299.0,108492.570397,1121.0
321a,21+,0,624.0,51683.480014,507.0
321a,21+,1,1258.0,106195.610173,1100.0
321a,3-5,0,140.0,11543.910034600001,120.0
321a,3-5,1,428.0,37846.790114,399.0
321a,6-10,0,378.0,31945.490207,331.0
321a,6-10,1,1041.0,89601.44034500001,937.0
321a,na,0,57.0,4976.260018,52.0
321a,na,1,82.0,7491.580014,82.0
321b,0-2,0,963.0,55269.5506984,367.0
321b,0-2,1,1163.0,90675.2808561,897.0
321b,11-20,0,976.0,79990.1305994,772.0
321b,11-20,1,2971.0,237266.3613736,2336.0
321b,21+,0,311.0,26127.280178,259.0
321b,21+,1,1018.0,83584.43044540001,849.0
321b,3-5,0,804.0,60171.5306111,579.0
321b,3-5,1,1270.0,103839.49084500001,1060.0
321b,6-10,0,1367.0,111311.29096869999,1087.0
321b,6-10,1,2601.0,210366.2414788,2101.0
321x,0-2,0,1458.0,69535.010899,294.0
321x,0-2,1,1553.0,97362.3508794,715.0
321x,11-20,0,555.0,44369.8603906,425.0
321x,11-20,1,1386.0,111981.160516,1075.0
321x,21+,0,77.0,6952.200068,77.0
321x,21+,1,286.0,24751.500075,263.0
321x,3-5,0,170.0,12733.2501525,117.0
321x,3-5,1,348.0,27802.1801718,278.0
321x,6-10,0,330.0,25643.0202056,242.0
321x,6-10,1,660.0,54261.090256999996,528.0
321x,na,0,10.0,484.6500005,5.0
322a,0-2,0,21.0,1508.350044,13.0
322a,0-2,1,397.0,32170.241428,378.0
322a,11-20,0,100.0,8571.11029,100.0
322a,11-20,1,1784.0,144783.2554614,1707.0
322a,21+,0,387.0,30894.791021,350.0
322a,21+,1,1632.0,127072.94456239999,1463.0
322a,3-5,0,13.0,1064.830052,13.0
322a,3-5,1,442.0,36393.621615000004,430.0
322a,6-10,0,53.0,4522.670158999999,53.0
322a,6-10,1,973.0,80031.883222,952.0
322b,0-2,1,48.0,3948.770154,43.0
322b,11-20,1,72.0,6117.480222,72.0
322b,21+,1,10.0,819.10004,10.0
322b,3-5,1,35.0,2951.2701190000002,35.0
322b,6-10,1,47.0,3849.770188,47.0
322x,0-2,0,20.0,718.9700076,0.0
322x,0-2,1,131.0,8850.990253,69.0
322x,11-20,1,73.0,5657.860173,60.0
322x,21+,0,53.0,4510.520017,39.0
322x,21+,1,182.0,15335.640194,171.0
322x,3-5,1,35.0,2708.03011,29.0
322x,6-10,1,39.0,3009.200121,32.0
329z,0-2,0,558.0,29693.3604224,182.0
329z,0-2,1,679.0,46305.5105669,391.0
329z,11-20,0,520.0,42472.2103755,389.0
329z,11-20,1,1136.0,91768.2006462,900.0
329z,21+,0,144.0,12203.860097,117.0
329z,21+,1,410.0,33588.980311,328.0
329z,3-5,0,133.0,11061.000122000001,110.0
329z,3-5,1,203.0,17330.860205,186.0
329z,6-10,0,267.0,22417.910178000002,228.0
329z,6-10,1,523.0,43278.300427,450.0
329z,na,1,11.0,228.51000200000001,0.0
340a,0-2,0,3800.0,249708.5015492,1941.0
340a,0-2,1,8040.0,669884.5902283,6642.0
340a,11-20,0,13513.0,1043201.8688133,9014.0
340a,11-20,1,30182.0,2357627.38951854,21412.0
340a,21+,0,18939.0,1476416.31798394,12454.0
340a,21+,1,31749.0,2464438.49703652,22228.0
340a,3-5,0,4389.0,347689.5604068,3184.0
340a,3-5,1,8896.0,752865.3003137,7365.0
340a,6-10,0,8875.0,713578.829686,6434.0
340a,6-10,1,17219.0,1401905.51112956,13243.0
340a,na,0,816.0,60678.5899258,506.0
340a,na,1,1062.0,68524.1598789,582.0
340b,11-20,0,251.0,20462.3698549,169.0
340b,11-20,1,378.0,30206.4898531,266.0
340b,21+,0,71.0,6052.219926,50.0
340b,21+,1,88.0,7639.219931,69.0
340b,6-10,1,58.0,2843.3900045,19.0
340c,11-20,1,12.0,357.680002,0.0
340c,21+,0,28.0,2242.960005,15.0
340c,21+,1,63.0,5395.630045,52.0
340d,11-20,0,63.0,3557.8800215,27.0
340d,11-20,1,304.0,19336.640015,146.0
340d,21+,1,17.0,580.749994,0.0
340d,3-5,1,21.0,765.1600005,0.0
340d,6-10,0,44.0,922.2700072,5.0
340d,6-10,1,183.0,10423.5000605,81.0
340e,11-20,0,28.0,1135.0500034,9.0
340e,11-20,1,134.0,6688.7900193,38.0
340e,21+,0,24.0,1830.479971,19.0
340e,21+,1,40.0,2819.5799825,24.0
340e,6-10,0,12.0,769.2599930000001,7.0
340e,6-10,1,50.0,1630.0700011,5.0
340f,11-20,1,12.0,1032.599988,12.0
340f,21+,1,16.0,1435.240012,11.0
340g,11-20,0,753.0,34106.140182099996,184.0
340g,11-20,1,1911.0,83651.82013968,393.0
340g,21+,0,778.0,29037.2001247,116.0
340g,21+,1,1992.0,74136.5500384,271.0
340g,3-5,0,12.0,160.2600024,0.0
340g,3-5,1,50.0,2318.7300192000002,18.0
340g,6-10,0,116.0,4528.6000562,25.0
340g,6-10,1,306.0,14120.3400887,84.0
340g,na,0,87.0,1508.7000055,0.0
340g,na,1,261.0,6680.0699884,0.0
340x,0-2,0,7366.0,366706.33391146,1892.0
340x,0-2,1,9003.0,585341.6539442,4658.0
340x,11-20,0,3784.0,294484.4002323,2354.0
340x,11-20,1,7208.0,566014.4413348,4894.0
340x,21+,0,1638.0,130800.3000521,1095.0
340x,21+,1,3343.0,267417.7505476,2432.0
340x,3-5,0,1094.0,80468.3104681,669.0
340x,3-5,1,1741.0,133625.4104733,1216.0
340x,6-10,0,1784.0,140443.2002396,1174.0
340x,6-10,1,3150.0,251288.090914,2245.0
340x,na,0,1346.0,63129.84029185,375.0
340x,na,1,2527.0,130179.94018019999,856.0
341z,0-2,0,2427.0,122199.2018292,458.0
341z,0-2,1,3008.0,192128.49176838002,1338.0
341z,11-20,0,1792.0,128775.790329,677.0
341z,11-20,1,2792.0,200364.1010305,1412.0
341z,21+,0,145.0,10411.039997,34.0
341z,21+,1,144.0,10369.940126,60.0
341z,3-5,0,1114.0,75598.6706531,434.0
341z,3-5,1,1618.0,120602.0905305,1042.0
341z,6-10,0,2368.0,172037.8111199,1009.0
341z,6-10,1,3366.0,243080.4112299,1762.0
341z,na,0,187.0,10965.2601046,61.0
341z,na,1,220.0,10337.2500528,62.0
342z,0-2,0,795.0,42691.8906928,217.0
342z,0-2,1,797.0,55823.6805495,471.0
342z,11-20,0,806.0,61503.790462000004,455.0
342z,11-20,1,1224.0,92832.490611,714.0
342z,21+,0,3317.0,250737.0913503,1807.0
342z,21+,1,3644.0,274618.5614077,2201.0
342z,3-5,0,313.0,23564.630293500002,214.0
342z,3-5,1,310.0,25147.760231,244.0
342z,6-10,0,526.0,38588.2704535,297.0
342z,6-10,1,572.0,42720.0204356,339.0
342z,na,0,234.0,14256.020192,103.0
342z,na,1,302.0,16002.3301317,113.0
343z,0-2,0,24.0,1583.010001,13.0
343z,0-2,1,134.0,11052.519982,129.0
343z,11-20,0,80.0,6319.729921,65.0
343z,11-20,1,364.0,28038.729923,261.0
343z,21+,0,92.0,7533.639887,75.0
343z,21+,1,179.0,14393.199823,149.0
343z,3-5,0,17.0,1430.889968,17.0
343z,3-5,1,92.0,7553.530002,87.0
343z,6-10,0,106.0,8993.349903,106.0
343z,6-10,1,355.0,29047.229993,315.0
343z,na,0,77.0,2471.0500214,12.0
343z,na,1,154.0,5759.6599913,30.0
344z,0-2,0,1110.0,59525.660305800004,359.0
344z,0-2,1,1334.0,100452.3298852,956.0
344z,11-20,0,904.0,78623.1693965,858.0
344z,11-20,1,1170.0,97463.5095847,998.0
344z,21+,0,570.0,48025.589747,482.0
344z,21+,1,888.0,70139.9899318,683.0
344z,3-5,0,655.0,55001.77987599999,576.0
344z,3-5,1,833.0,72751.739762,768.0
344z,6-10,0,1153.0,101050.7993969,1089.0
344z,6-10,1,1413.0,121192.4096088,1256.0
344z,na,0,87.0,5008.6899805,47.0
344z,na,1,189.0,9184.1699895,72.0
345a,0-2,0,168.0,11698.1001147,98.0
345a,0-2,1,420.0,30775.110118,254.0
345a,11-20,0,437.0,31253.720173,206.0
345a,11-20,1,1277.0,89016.5603265,603.0
345a,3-5,0,190.0,15337.070129,136.0
345a,3-5,1,475.0,38967.880176,367.0
345a,6-10,0,311.0,22990.7301626,183.0
345a,6-10,1,756.0,57562.690193,451.0
345b,0-2,1,104.0,8106.480030000001,47.0
345b,11-20,0,82.0,6452.0099848,63.0
345b,11-20,1,718.0,55802.189905,480.0
345b,21+,0,1972.0,154970.6600829,1314.0
345b,21+,1,3660.0,285324.1696834,2482.0
345b,3-5,1,82.0,6767.310029,49.0
345b,6-10,1,73.0,6264.1600149999995,60.0
345b,na,0,68.0,5445.500033,51.0
345b,na,1,106.0,7140.159992000001,66.0
345c,0-2,0,311.0,21179.0798525,191.0
345c,0-2,1,1198.0,103042.457888,1051.0
345c,11-20,0,142.0,12398.189806,137.0
345c,11-20,1,628.0,53314.139219000004,548.0
345c,21+,0,657.0,51011.819913,456.0
345c,21+,1,1913.0,147021.43934850002,1428.0
345c,3-5,0,347.0,29661.729503000002,307.0
345c,3-5,1,1370.0,120261.857725,1271.0
345c,6-10,0,415.0,35794.079516,382.0
345c,6-10,1,1636.0,137187.27816000002,1398.0
345c,na,0,15.0,1205.319972,15.0
345c,na,1,16.0,1306.88,16.0
345x,0-2,0,1518.0,72831.9508291,331.0
345x,0-2,1,2565.0,162564.7199746,1216.0
345x,11-20,0,760.0,59728.880345,507.0
345x,11-20,1,2073.0,155946.090045,1285.0
345x,21+,0,209.0,17301.980001,151.0
345x,21+,1,653.0,52297.269813000006,495.0
345x,3-5,0,126.0,8633.5400037,70.0
345x,3-5,1,377.0,26957.400128200003,234.0
345x,6-10,0,296.0,22497.830112,197.0
345x,6-10,1,660.0,50799.370066,440.0
345x,na,0,54.0,2927.2200148,22.0
345x,na,1,81.0,2973.9500242,17.0
346a,0-2,0,57.0,4658.01,57.0
346a,0-2,1,1808.0,143813.57002,1758.0
346a,11-20,0,100.0,8269.390000000001,100.0
346a,11-20,1,1301.0,105233.400107,1184.0
346a,21+,0,83.0,6910.310012,77.0
346a,21+,1,317.0,25509.509991,291.0
346a,3-5,0,121.0,9790.15,121.0
346a,3-5,1,2085.0,166368.470049,1985.0
346a,6-10,0,126.0,10272.09,126.0
346a,6-10,1,1829.0,146765.21008,1721.0
346a,na,0,122.0,9958.219994,112.0
346a,na,1,476.0,38061.250067,432.0
346x,0-2,0,158.0,7606.1700654999995,41.0
346x,0-2,1,297.0,19403.949963,181.0
346x,11-20,1,41.0,3350.15,41.0
346x,21+,0,355.0,29233.740083,269.0
346x,21+,1,587.0,45663.61023,394.0
346x,3-5,1,52.0,4414.39,52.0
346x,6-10,1,23.0,1851.5,23.0
346x,na,0,293.0,21300.3600882,172.0
346x,na,1,427.0,24425.6100744,191.0
349z,0-2,0,1787.0,98517.8309843,560.0
349z,0-2,1,2927.0,195945.5216118,1455.0
349z,11-20,0,2173.0,168869.8700449,1342.0
349z,11-20,1,4425.0,342568.8003682,2943.0
349z,21+,0,2345.0,178159.6500781,1451.0
349z,21+,1,4019.0,301424.4003168,2655.0
349z,3-5,0,459.0,37149.420149,327.0
349z,3-5,1,849.0,69071.3502786,647.0
349z,6-10,0,957.0,75997.2303116,635.0
349z,6-10,1,1703.0,135978.800303,1197.0
349z,na,0,1401.0,80532.1202282,560.0
349z,na,1,2680.0,136543.6000492,849.0
380a,0-2,0,776.0,51920.8803282,520.0
380a,0-2,1,2465.0,195310.5033648,2332.0
380a,11-20,0,2626.0,209634.73837799998,2438.0
380a,11-20,1,6615.0,527359.6241682,5882.0
380a,21+,0,4932.0,384975.1978929,4105.0
380a,21+,1,9247.0,716572.5732333,7536.0
380a,3-5,0,1064.0,82348.07030980001,988.0
380a,3-5,1,2632.0,212030.643016,2464.0
380a,6-10,0,1811.0,143871.63969,1755.0
380a,6-10,1,4229.0,341285.513685,3960.0
380a,na,0,27.0,2193.189991,27.0
380a,na,1,75.0,5971.450014999999,70.0
380c,0-2,0,86.0,5899.7000005,54.0
380c,0-2,1,606.0,47576.3702708,450.0
380c,11-20,0,357.0,30398.169869,332.0
380c,11-20,1,1771.0,145019.39037100002,1492.0
380c,21+,0,115.0,9857.040058,109.0
380c,21+,1,392.0,31661.070097,314.0
380c,3-5,0,99.0,8191.300015000001,88.0
380c,3-5,1,662.0,53972.2203454,513.0
380c,6-10,0,259.0,21476.099941,235.0
380c,6-10,1,1354.0,110501.430298,1067.0
380x,0-2,0,3186.0,155597.1617425,832.0
380x,0-2,1,3954.0,234705.4618952,1772.0
380x,11-20,0,1105.0,70015.8399818,517.0
380x,11-20,1,2760.0,171641.7803924,1254.0
380x,21+,0,932.0,60877.359982,491.0
380x,21+,1,2005.0,123045.3801032,879.0
380x,3-5,0,197.0,13056.4000754,102.0
380x,3-5,1,606.0,43485.2602815,392.0
380x,6-10,0,420.0,27031.5000414,229.0
380x,6-10,1,1352.0,90363.8703899,691.0
380x,na,0,400.0,15061.0700392,64.0
380x,na,1,908.0,35684.5899817,143.0
421a,0-2,0,234.0,12523.9800418,75.0
421a,0-2,1,1001.0,70644.690369,532.0
421a,11-20,0,513.0,38870.679852,308.0
421a,11-20,1,3131.0,224272.7495108,1628.0
421a,21+,0,609.0,48241.539886,448.0
421a,21+,1,2406.0,179369.2297895,1489.0
421a,3-5,0,146.0,10544.399976,82.0
421a,3-5,1,983.0,74331.790274,628.0
421a,6-10,0,293.0,20850.650007,155.0
421a,6-10,1,1489.0,106617.2697779,788.0
421b,0-2,0,12.0,1076.6400119999998,12.0
421b,0-2,1,56.0,4366.480039,32.0
421b,11-20,0,68.0,5393.630033,44.0
421b,11-20,1,418.0,30735.239857,229.0
421b,21+,0,43.0,3418.509994,26.0
421b,21+,1,234.0,18038.809962,142.0
421b,3-5,1,82.0,6831.72999,60.0
421b,6-10,0,10.0,627.6500100000001,0.0
421b,6-10,1,131.0,10318.469899,70.0
421x,0-2,0,358.0,13731.5501633,36.0
421x,0-2,1,467.0,22723.5101915,85.0
421x,11-20,0,18.0,1124.100036,0.0
421x,11-20,1,178.0,11510.139955,72.0
421x,3-5,1,52.0,2509.2400015,7.0
421x,6-10,1,52.0,2903.089995,12.0
421x,na,0,12.0,557.4599904,6.0
421x,na,1,47.0,2643.4099918,16.0
422z,0-2,0,381.0,17199.3701628,76.0
422z,0-2,1,1062.0,65024.3799758,414.0
422z,11-20,0,288.0,22533.629902,192.0
422z,11-20,1,1763.0,132094.7194794,1052.0
422z,21+,0,41.0,3552.5399310000003,41.0
422z,21+,1,302.0,23755.589928,207.0
422z,3-5,0,150.0,10719.8900195,95.0
422z,3-5,1,774.0,54988.229842,420.0
422z,6-10,0,254.0,18875.339864,156.0
422z,6-10,1,1334.0,97437.339698,761.0
423z,0-2,1,80.0,4556.55995,15.0
423z,11-20,0,25.0,1852.3099670000001,18.0
423z,11-20,1,476.0,32234.179646,197.0
423z,21+,0,31.0,2467.909955,26.0
423z,21+,1,398.0,29274.649752999998,202.0
423z,3-5,1,103.0,6176.749927,31.0
423z,6-10,0,13.0,773.6099770000001,5.0
423z,6-10,1,287.0,17884.769745,93.0
429z,0-2,0,131.0,4977.7000564,12.0
429z,0-2,1,205.0,10893.5399756,58.0
429z,11-20,0,52.0,3842.830012,31.0
429z,11-20,1,290.0,17842.009985,115.0
429z,21+,1,49.0,3450.730002,28.0
429z,3-5,1,31.0,2399.8700209999997,21.0
429z,6-10,0,20.0,1063.900015,5.0
429z,6-10,1,120.0,7144.749986,43.0
441z,0-2,0,80.0,6431.670043,61.0
441z,0-2,1,370.0,32364.2503506,337.0
441z,11-20,0,170.0,14960.870096,137.0
441z,11-20,1,863.0,74086.129866,713.0
441z,21+,0,360.0,31178.61019,297.0
441z,21+,1,1198.0,99427.590394,943.0
441z,3-5,0,78.0,7004.860065,70.0
441z,3-5,1,353.0,31334.040188,313.0
441z,6-10,0,93.0,8755.800065,88.0
441z,6-10,1,391.0,34128.829958,329.0
441z,na,1,18.0,1775.640003,18.0
442z,0-2,0,101.0,4967.0300619,23.0
442z,0-2,1,420.0,30192.300095,245.0
442z,11-20,0,310.0,24265.539992,188.0
442z,11-20,1,1741.0,131831.579696,1045.0
442z,21+,0,660.0,53430.720024,475.0
442z,21+,1,2241.0,167660.500144,1300.0
442z,3-5,0,58.0,4546.619991,40.0
442z,3-5,1,362.0,29353.1001,275.0
442z,6-10,0,107.0,8592.299999,71.0
442z,6-10,1,578.0,44474.5798636,379.0
442z,na,1,72.0,3055.1399872,13.0
443z,0-2,0,252.0,10803.7000807,41.0
443z,0-2,1,508.0,34852.659950199995,282.0
443z,11-20,0,80.0,6867.949886,75.0
443z,11-20,1,1062.0,82450.2496758,704.0
443z,21+,0,238.0,19100.939795,184.0
443z,21+,1,986.0,78610.419874,709.0
443z,3-5,0,75.0,5373.789986,47.0
443z,3-5,1,483.0,38872.019898,367.0
443z,6-10,0,103.0,8181.679954,79.0
443z,6-10,1,685.0,54013.829699,483.0
443z,na,1,24.0,1526.5599759999998,12.0
449z,0-2,0,235.0,9194.8200888,27.0
449z,0-2,1,278.0,15200.220070200001,78.0
449z,11-20,0,49.0,4417.680071,38.0
449z,11-20,1,211.0,15895.609955,130.0
449z,21+,0,17.0,1630.9200220000002,17.0
449z,21+,1,63.0,5045.090038,41.0
449z,3-5,1,61.0,4311.820011,34.0
449z,6-10,0,14.0,1248.0100280000001,9.0
449z,6-10,1,98.0,6255.1899874,42.0
460z,na,0,24.0,554.8900031000001,0.0
460z,na,1,24.0,708.2999982,0.0
461z,0-2,0,71.0,4666.2000715,36.0
461z,0-2,1,249.0,21753.280312,220.0
461z,11-20,0,99.0,9006.470169,86.0
461z,11-20,1,543.0,47891.960004,471.0
461z,21+,0,248.0,21596.910252,206.0
461z,21+,1,798.0,66114.950278,626.0
461z,3-5,0,56.0,5112.670117000001,50.0
461z,3-5,1,173.0,15718.100154,161.0
461z,6-10,0,60.0,5891.180081,60.0
461z,6-10,1,266.0,24073.650043,248.0
461z,na,0,20.0,684.3900136,5.0
461z,na,1,46.0,2225.3900207,16.0
462z,0-2,0,59.0,2961.9200684,19.0
462z,0-2,1,349.0,29718.0603358,289.0
462z,11-20,0,46.0,4515.480093,46.0
462z,11-20,1,487.0,44232.090341,433.0
462z,21+,0,118.0,10117.64013,97.0
462z,21+,1,399.0,33789.550219000004,323.0
462z,3-5,0,31.0,3040.180056,31.0
462z,3-5,1,206.0,19801.530206,206.0
462z,6-10,0,33.0,3209.890068,33.0
462z,6-10,1,299.0,28309.300292,293.0
469z,0-2,0,230.0,12027.7701031,71.0
469z,0-2,1,843.0,67375.2606715,649.0
469z,11-20,0,1271.0,88829.0804417,742.0
469z,11-20,1,3702.0,260854.5402949,2153.0
469z,21+,0,1419.0,101482.6403942,821.0
469z,21+,1,2722.0,170103.0202141,1293.0
469z,3-5,0,105.0,8099.6201139,74.0
469z,3-5,1,1215.0,101665.19063859999,1005.0
469z,6-10,0,521.0,38970.2802203,340.0
469z,6-10,1,1862.0,145533.8500364,1307.0
469z,na,0,699.0,38317.1402587,237.0
469z,na,1,2036.0,117894.74992398001,830.0
480z,0-2,1,32.0,2993.450042,32.0
480z,11-20,0,277.0,24423.760129000002,219.0
480z,11-20,1,853.0,72700.960213,696.0
480z,21+,0,2048.0,174561.511164,1581.0
480z,21+,1,4520.0,381334.8219137,3563.0
480z,3-5,0,10.0,500.0,0.0
480z,3-5,1,31.0,2604.159995,25.0
480z,6-10,0,23.0,2246.070031,23.0
480z,6-10,1,87.0,7791.17994,80.0
480z,na,0,188.0,11431.1800363,85.0
480z,na,1,366.0,19297.0100577,137.0
481a,0-2,0,2713.0,168482.42177020002,1167.0
481a,0-2,1,4192.0,370545.5335495,3546.0
481a,11-20,0,2659.0,236636.321854,2256.0
481a,11-20,1,5713.0,492725.28202630003,4678.0
481a,21+,0,2167.0,193283.64144200002,1805.0
481a,21+,1,5096.0,446920.20241210004,4332.0
481a,3-5,0,2111.0,185236.6120195,1741.0
481a,3-5,1,3515.0,323318.0429845,3193.0
481a,6-10,0,2613.0,238768.05254700003,2306.0
481a,6-10,1,4310.0,385075.82286250003,3736.0
481a,na,0,182.0,16707.750137,163.0
481a,na,1,236.0,19185.660101,182.0
481b,0-2,0,14.0,1302.180019,14.0
481b,0-2,1,92.0,8391.180131,92.0
481b,11-20,0,740.0,68286.6107285,661.0
481b,11-20,1,1766.0,152327.94071680002,1457.0
481b,21+,0,495.0,46448.580554,442.0
481b,21+,1,1196.0,108370.960671,1068.0
481b,3-5,0,18.0,1441.180019,12.0
481b,3-5,1,74.0,6858.480031,74.0
481b,6-10,0,69.0,6759.460093000001,69.0
481b,6-10,1,243.0,21259.340004,212.0
481x,0-2,0,4206.0,208074.4218472,1062.0
481x,0-2,1,4797.0,309368.36225902,2269.0
481x,11-20,0,1993.0,169378.9913576,1520.0
481x,11-20,1,3776.0,299417.21137030004,2669.0
481x,21+,0,634.0,57761.960466000004,552.0
481x,21+,1,1317.0,113864.29063100001,1091.0
481x,3-5,0,1064.0,86616.7208027,767.0
481x,3-5,1,1717.0,136591.3308555,1221.0
481x,6-10,0,1627.0,141006.7812428,1298.0
481x,6-10,1,2374.0,189107.09117610002,1681.0
481x,na,0,2271.0,203071.30189290002,1944.0
481x,na,1,5697.0,523386.9651589,5176.0
482z,na,1,31.0,906.5300166,5.0
489z,0-2,0,834.0,45508.1305247,277.0
489z,0-2,1,1233.0,91125.140715,768.0
489z,11-20,0,682.0,61530.120604,598.0
489z,11-20,1,1358.0,116282.620718,1099.0
489z,21+,0,312.0,28624.900305000003,270.0
489z,21+,1,684.0,60273.15038,573.0
489z,3-5,0,503.0,39803.6402448,345.0
489z,3-5,1,832.0,69673.1203428,650.0
489z,6-10,0,832.0,72311.4105765,686.0
489z,6-10,1,1365.0,115019.860346,1095.0
489z,na,0,230.0,16414.5601367,133.0
489z,na,1,657.0,39295.9801219,294.0
520a,0-2,0,154.0,11840.340140600001,97.0
520a,0-2,1,591.0,53365.810515,532.0
520a,11-20,0,824.0,74413.610537,704.0
520a,11-20,1,2046.0,179014.340732,1636.0
520a,21+,0,1614.0,141520.180735,1278.0
520a,21+,1,3021.0,260348.3306068,2412.0
520a,3-5,0,240.0,21949.160242,213.0
520a,3-5,1,700.0,63553.310620000004,634.0
520a,6-10,0,454.0,42574.160465,424.0
520a,6-10,1,945.0,85189.220619,813.0
520b,21+,0,81.0,6037.75006,32.0
520b,21+,1,293.0,21717.140109,151.0
520x,0-2,0,888.0,43293.6503675,209.0
520x,0-2,1,946.0,65269.670629500004,496.0
520x,11-20,0,278.0,22814.970284,187.0
520x,11-20,1,879.0,66206.5902706,528.0
520x,21+,0,193.0,14253.620094,103.0
520x,21+,1,681.0,49621.880155,391.0
520x,3-5,0,73.0,6546.690077,61.0
520x,3-5,1,324.0,27648.240322,263.0
520x,6-10,0,179.0,15812.800242000001,145.0
520x,6-10,1,385.0,31243.500271,263.0
520x,na,0,163.0,4496.8600081,6.0
520x,na,1,296.0,10439.1400772,32.0
521a,0-2,0,255.0,18402.1901568,149.0
521a,0-2,1,1151.0,97376.74080900001,898.0
521a,11-20,0,1339.0,108491.930753,874.0
521a,11-20,1,4463.0,358442.551058,2935.0
521a,21+,0,3460.0,272653.60125,2106.0
521a,21+,1,7169.0,570004.9918043,4815.0
521a,3-5,0,451.0,39134.690321,365.0
521a,3-5,1,1470.0,126029.840813,1179.0
521a,6-10,0,744.0,63837.090522,573.0
521a,6-10,1,2189.0,182576.950606,1606.0
521b,0-2,0,243.0,11525.4701472,42.0
521b,0-2,1,997.0,66687.400447,454.0
521b,11-20,0,951.0,70318.760668,495.0
521b,11-20,1,3344.0,251748.47103359998,1890.0
521b,21+,0,6103.0,390580.52242818,2067.0
521b,21+,1,12426.0,818784.61329604,5343.0
521b,3-5,0,309.0,20518.9902286,140.0
521b,3-5,1,1063.0,77115.980554,588.0
521b,6-10,0,540.0,39282.590429,280.0
521b,6-10,1,1868.0,139908.6907157,1079.0
521b,na,0,13.0,1036.030021,5.0
521b,na,1,16.0,1099.270016,11.0
521c,0-2,0,147.0,5143.860083,12.0
521c,0-2,1,559.0,26766.310095599998,140.0
521c,11-20,0,275.0,14368.080149,74.0
521c,11-20,1,1100.0,60577.93031986,345.0
521c,21+,0,422.0,20205.0201408,65.0
521c,21+,1,707.0,37668.5401215,176.0
521c,3-5,0,98.0,3578.38004,11.0
521c,3-5,1,519.0,25233.3901356,130.0
521c,6-10,0,210.0,9210.7501,45.0
521c,6-10,1,791.0,40321.3001118,233.0
521x,0-2,0,2928.0,122515.8913454,428.0
521x,0-2,1,4055.0,250978.27174670002,1722.0
521x,11-20,0,1467.0,106362.8408473,747.0
521x,11-20,1,4600.0,337797.26121586,2587.0
521x,21+,0,932.0,70022.310579,496.0
521x,21+,1,2624.0,199271.08074150002,1581.0
521x,3-5,0,398.0,28615.1203189,221.0
521x,3-5,1,1626.0,124760.5007317,1070.0
521x,6-10,0,661.0,50653.360473500004,388.0
521x,6-10,1,2258.0,171517.7105629,1425.0
521x,na,0,108.0,2405.3299833,0.0
521x,na,1,220.0,6143.1300425,13.0
522a,0-2,0,100.0,6972.360062,45.0
522a,0-2,1,532.0,43783.530264,382.0
522a,11-20,0,822.0,71627.58043900001,629.0
522a,11-20,1,2054.0,175154.720728,1562.0
522a,21+,0,2414.0,206799.340819,1831.0
522a,21+,1,4461.0,375138.1403847,3438.0
522a,3-5,0,227.0,18245.190112,154.0
522a,3-5,1,627.0,52878.240319000004,479.0
522a,6-10,0,270.0,22716.260197000003,200.0
522a,6-10,1,791.0,67274.75024,604.0
522b,0-2,0,58.0,3475.09003,17.0
522b,0-2,1,321.0,23160.870099,157.0
522b,11-20,0,593.0,43899.0201514,299.0
522b,11-20,1,2111.0,159797.050247,1208.0
522b,21+,0,2621.0,173479.8703402,964.0
522b,21+,1,6125.0,414847.54048862,2689.0
522b,3-5,0,109.0,7801.520059,51.0
522b,3-5,1,448.0,33655.450215,251.0
522b,6-10,0,271.0,19471.9801216,133.0
522b,6-10,1,821.0,61919.6702857,473.0
522b,na,1,19.0,1501.8200060000001,12.0
522c,0-2,0,142.0,5137.379951,10.0
522c,0-2,1,712.0,35985.4698653,158.0
522c,11-20,0,209.0,9759.199949,32.0
522c,11-20,1,528.0,27451.069895,134.0
522c,21+,1,22.0,1381.0599980000002,12.0
522c,3-5,0,181.0,8144.339923,26.0
522c,3-5,1,648.0,38254.769812,223.0
522c,6-10,0,295.0,14807.829880000001,59.0
522c,6-10,1,839.0,49880.06968750001,293.0
522d,0-2,0,37.0,1305.2999949999999,0.0
522d,0-2,1,215.0,6275.320036,0.0
522d,11-20,0,278.0,10568.650062,10.0
522d,11-20,1,691.0,30347.900121,74.0
522d,21+,0,315.0,18640.420093,63.0
522d,21+,1,1100.0,62205.050111,260.0
522d,3-5,0,58.0,1493.330015,0.0
522d,3-5,1,286.0,9290.820061999999,0.0
522d,6-10,0,315.0,10228.070046,9.0
522d,6-10,1,848.0,31566.78016,58.0
522x,0-2,0,1711.0,72808.2603795,234.0
522x,0-2,1,2433.0,142243.5206897,898.0
522x,11-20,0,1066.0,80406.9003875,593.0
522x,11-20,1,3063.0,225512.0505192,1749.0
522x,21+,0,1020.0,79902.860368,615.0
522x,21+,1,2683.0,207692.8403855,1680.0
522x,3-5,0,310.0,20015.4101438,129.0
522x,3-5,1,1110.0,78382.780408,603.0
522x,6-10,0,484.0,34572.1402497,257.0
522x,6-10,1,1575.0,111636.27031600001,846.0
522x,na,0,56.0,978.9199768999999,0.0
522x,na,1,145.0,4834.0000021,10.0
523a,0-2,0,431.0,36084.2604407,315.0
523a,0-2,1,773.0,74308.361066,750.0
523a,11-20,0,1687.0,158247.441804,1548.0
523a,11-20,1,2706.0,248374.802072,2430.0
523a,21+,0,1141.0,105286.62106599999,1014.0
523a,21+,1,2038.0,184429.331077,1771.0
523a,3-5,0,536.0,51172.470691,506.0
523a,3-5,1,781.0,74837.301024,759.0
523a,6-10,0,835.0,80357.09113700001,803.0
523a,6-10,1,1095.0,103143.20127,1034.0
523b,0-2,0,23.0,1934.70001,17.0
523b,0-2,1,134.0,11586.380108,107.0
523b,11-20,0,152.0,13495.090127000001,124.0
523b,11-20,1,502.0,42768.610242,372.0
523b,21+,1,28.0,2667.4600280000004,28.0
523b,3-5,0,54.0,4930.9200359999995,48.0
523b,3-5,1,160.0,14063.110133,133.0
523b,6-10,0,73.0,7012.2000800000005,73.0
523b,6-10,1,202.0,17553.940165,164.0
523c,0-2,0,160.0,11620.9101624,87.0
523c,0-2,1,439.0,39118.700426,366.0
523c,11-20,0,1108.0,100587.21101320001,963.0
523c,11-20,1,2324.0,199850.96121080001,1851.0
523c,21+,0,614.0,54062.510546,487.0
523c,21+,1,1737.0,148805.620701,1373.0
523c,3-5,0,272.0,23847.98027,208.0
523c,3-5,1,441.0,38004.1203726,344.0
523c,6-10,0,410.0,38101.370437,365.0
523c,6-10,1,653.0,59076.21056900001,577.0
523d,11-20,0,24.0,1780.180019,12.0
523d,11-20,1,95.0,7901.910054,71.0
523d,21+,0,5294.0,384639.5818076,2656.0
523d,21+,1,10331.0,745332.94098468,5665.0
523d,3-5,1,37.0,2281.259983,7.0
523d,6-10,1,28.0,2256.550025,19.0
523d,na,1,17.0,1517.4000340000002,11.0
523e,0-2,1,63.0,3160.020013,15.0
523e,11-20,0,141.0,9361.170026,58.0
523e,11-20,1,551.0,38397.07997,293.0
523e,21+,0,42.0,2381.1100180000003,14.0
523e,21+,1,193.0,14536.410012,127.0
523e,3-5,0,27.0,1425.2400400000001,6.0
523e,3-5,1,56.0,2844.030005,13.0
523e,6-10,0,90.0,6234.430002,40.0
523e,6-10,1,233.0,16214.099949,121.0
523f,0-2,0,52.0,1639.969999,0.0
523f,0-2,1,280.0,13946.380014,56.0
523f,11-20,0,47.0,2873.970041,17.0
523f,11-20,1,297.0,14741.590022,77.0
523f,21+,1,50.0,2709.9500439999997,10.0
523f,3-5,0,73.0,3283.630046,9.0
523f,3-5,1,255.0,12705.939993,60.0
523f,6-10,0,151.0,7970.690073,29.0
523f,6-10,1,498.0,24962.630080000003,123.0
523x,0-2,0,4265.0,221027.01208050002,1219.0
523x,0-2,1,4987.0,345217.0033342,2679.0
523x,11-20,0,3579.0,302613.0723563,2752.0
523x,11-20,1,6702.0,534991.3623121,4710.0
523x,21+,0,1225.0,108136.660957,1004.0
523x,21+,1,2853.0,242135.3009642,2244.0
523x,3-5,0,1081.0,91188.1608552,833.0
523x,3-5,1,2041.0,168420.2112695,1548.0
523x,6-10,0,1738.0,150971.15139540003,1407.0
523x,6-10,1,3049.0,247031.5411742,2215.0
523x,na,0,165.0,6674.7200156,27.0
523x,na,1,359.0,18272.2800699,116.0
524a,0-2,0,63.0,4158.64001,20.0
524a,0-2,1,682.0,52797.190182,409.0
524a,11-20,0,571.0,46036.649992,369.0
524a,11-20,1,2407.0,189449.310174,1518.0
524a,21+,0,1025.0,81639.799919,640.0
524a,21+,1,2413.0,184949.7100657,1460.0
524a,3-5,0,155.0,12083.490062,89.0
524a,3-5,1,770.0,60847.970384,508.0
524a,6-10,0,282.0,22003.930082,160.0
524a,6-10,1,963.0,76731.30019,640.0
524b,0-2,1,34.0,1821.3300050000003,0.0
524b,11-20,0,44.0,2779.6600120000003,6.0
524b,11-20,1,565.0,39234.3499214,245.0
524b,21+,0,665.0,47958.630085,318.0
524b,21+,1,1947.0,132180.2301372,838.0
524b,3-5,1,28.0,1931.679979,11.0
524b,6-10,0,21.0,1357.819985,5.0
524b,6-10,1,99.0,6502.25001,30.0
524c,11-20,1,15.0,810.3000000000001,0.0
524d,0-2,0,17.0,498.940005,0.0
524d,0-2,1,190.0,5618.4799172,0.0
524d,11-20,1,94.0,2227.6600066,0.0
524d,3-5,1,65.0,1624.77997,0.0
524d,6-10,0,11.0,796.6000220000001,6.0
524d,6-10,1,134.0,5187.7900266,16.0
524x,0-2,0,1085.0,46532.0602816,161.0
524x,0-2,1,1290.0,79589.4403575,501.0
524x,11-20,0,255.0,20503.579987999998,156.0
524x,11-20,1,1268.0,92092.639952,682.0
524x,21+,0,145.0,12048.690044,102.0
524x,21+,1,590.0,46312.39008,381.0
524x,3-5,0,69.0,5494.260008,49.0
524x,3-5,1,386.0,30508.560207,266.0
524x,6-10,0,124.0,10010.000018,82.0
524x,6-10,1,528.0,40995.930168,339.0
525a,0-2,1,61.0,5453.000031,53.0
525a,11-20,0,71.0,6299.0200780000005,58.0
525a,11-20,1,298.0,26160.270079,245.0
525a,21+,0,198.0,17292.44012,151.0
525a,21+,1,448.0,38705.670184,359.0
525a,3-5,0,14.0,1385.160028,14.0
525a,3-5,1,91.0,8534.620072000002,91.0
525a,6-10,0,40.0,3774.330065,40.0
525a,6-10,1,150.0,13216.760054,128.0
525b,11-20,1,61.0,4998.560084,46.0
525b,21+,1,21.0,1932.550017,21.0
525b,6-10,1,24.0,2005.990009,19.0
525c,0-2,0,10.0,176.10001,0.0
525c,0-2,1,101.0,1424.010041,0.0
525c,11-20,0,71.0,2134.070083,5.0
525c,11-20,1,166.0,6495.190145,34.0
525c,21+,1,10.0,176.10001,0.0
525c,3-5,0,14.0,246.540014,0.0
525c,3-5,1,68.0,1061.550045,0.0
525c,6-10,0,57.0,1356.070044,6.0
525c,6-10,1,134.0,4213.830057,21.0
525d,0-2,0,24.0,617.2499829999999,0.0
525d,0-2,1,102.0,3672.0699839999997,0.0
525d,11-20,0,129.0,5357.779845,5.0
525d,11-20,1,238.0,13204.249979,52.0
525d,21+,0,337.0,18026.349753,46.0
525d,21+,1,298.0,16527.890076,64.0
525d,3-5,0,34.0,1095.29995,0.0
525d,3-5,1,123.0,5717.13005,11.0
525d,6-10,0,93.0,4113.269998,6.0
525d,6-10,1,232.0,11914.910116,30.0
525x,0-2,0,206.0,7295.7100959,19.0
525x,0-2,1,336.0,19486.1702125,125.0
525x,11-20,0,65.0,4133.990059000001,30.0
525x,11-20,1,273.0,19038.540126,136.0
525x,21+,0,14.0,1320.840028,14.0
525x,21+,1,59.0,5508.260078,59.0
525x,3-5,0,30.0,1390.780036,7.0
525x,3-5,1,123.0,6908.110111,48.0
525x,6-10,0,39.0,1344.550033,5.0
525x,6-10,1,156.0,10706.750102,81.0
525x,na,0,53.0,974.8000058,0.0
525x,na,1,100.0,2411.300047,0.0
526a,0-2,0,292.0,23532.5401506,197.0
526a,0-2,1,926.0,83035.890204,810.0
526a,11-20,0,991.0,83573.100175,708.0
526a,11-20,1,2377.0,194914.080338,1622.0
526a,21+,0,1192.0,98698.290311,807.0
526a,21+,1,1991.0,163334.2402935,1390.0
526a,3-5,0,478.0,43597.250065,424.0
526a,3-5,1,1116.0,99342.240221,968.0
526a,6-10,0,820.0,72604.750228,680.0
526a,6-10,1,1581.0,136182.840357,1240.0
526b,0-2,0,51.0,2009.000033,0.0
526b,0-2,1,289.0,21177.560154,141.0
526b,11-20,0,96.0,6876.060033,33.0
526b,11-20,1,494.0,37764.430134,299.0
526b,21+,0,57.0,4642.390054,33.0
526b,21+,1,350.0,27699.420068,222.0
526b,3-5,0,47.0,3388.060021,24.0
526b,3-5,1,255.0,18771.30013,140.0
526b,6-10,0,65.0,5048.820071,37.0
526b,6-10,1,285.0,22474.980166,182.0
526x,0-2,0,2387.0,117121.0510504,588.0
526x,0-2,1,2889.0,196823.641338,1498.0
526x,11-20,0,676.0,54299.83034,435.0
526x,11-20,1,1894.0,148762.660263,1228.0
526x,21+,0,172.0,13609.280038,97.0
526x,21+,1,540.0,44161.600132,372.0
526x,3-5,0,367.0,28756.6903098,241.0
526x,3-5,1,1207.0,94443.6206715,771.0
526x,6-10,0,545.0,43405.790307,333.0
526x,6-10,1,1517.0,117342.6405965,953.0
527a,0-2,0,13.0,851.209985,5.0
527a,0-2,1,160.0,11894.810027,88.0
527a,11-20,0,118.0,8804.249951,61.0
527a,11-20,1,506.0,39700.199772,303.0
527a,21+,1,25.0,2192.099997,18.0
527a,3-5,0,33.0,2190.969987,11.0
527a,3-5,1,217.0,17611.120049,150.0
527a,6-10,0,93.0,7369.809926,60.0
527a,6-10,1,352.0,28082.089966,233.0
527b,11-20,0,12.0,937.559964,12.0
527b,11-20,1,118.0,8803.229983,64.0
527b,21+,1,18.0,1365.919984,13.0
527x,0-2,0,172.0,6181.3400689,11.0
527x,0-2,1,203.0,13750.8801338,109.0
527x,11-20,0,37.0,3093.459988,29.0
527x,11-20,1,326.0,25325.219888,210.0
527x,21+,0,131.0,9664.449883,69.0
527x,21+,1,636.0,46113.519678,330.0
527x,3-5,1,90.0,7199.26001,67.0
527x,6-10,1,109.0,9158.279938,91.0
529a,0-2,0,94.0,7272.840080600001,63.0
529a,0-2,1,660.0,56476.560634,526.0
529a,11-20,0,1110.0,89997.49048760001,773.0
529a,11-20,1,3312.0,271578.27118315,2431.0
529a,21+,0,845.0,53843.9501804,378.0
529a,21+,1,1889.0,129043.01004760001,986.0
529a,3-5,0,282.0,24052.480241,218.0
529a,3-5,1,1168.0,101516.6309567,977.0
529a,6-10,0,650.0,55269.0804186,501.0
529a,6-10,1,2113.0,180917.541351,1668.0
529a,na,0,634.0,52258.870097,436.0
529a,na,1,1850.0,158212.230635,1518.0
529b,0-2,1,12.0,563.16,0.0
529b,11-20,0,35.0,2129.0500265,13.0
529b,11-20,1,225.0,13481.8100125,89.0
529b,21+,0,3627.0,234339.9507697,1326.0
529b,21+,1,6324.0,394800.05082,2433.0
529b,3-5,1,22.0,1292.51001,5.0
529b,6-10,1,51.0,3425.990049,21.0
529b,na,0,639.0,42755.5101734,230.0
529b,na,1,895.0,54821.1001159,318.0
529x,0-2,0,1108.0,57090.6305902,297.0
529x,0-2,1,1877.0,126581.8708098,962.0
529x,11-20,0,2323.0,139058.44062758,968.0
529x,11-20,1,5879.0,375109.48080111,2847.0
529x,21+,0,3278.0,156387.48039856,791.0
529x,21+,1,6604.0,340764.50036801,2053.0
529x,3-5,0,457.0,35190.990309,281.0
529x,3-5,1,1599.0,126737.0908211,1121.0
529x,6-10,0,1198.0,87180.4705375,696.0
529x,6-10,1,3078.0,228833.8010143,1935.0
529x,na,0,1781.0,74869.1202382,337.0
529x,na,1,3805.0,162727.88003744,779.0
540a,0-2,1,40.0,3380.690056,32.0
540a,11-20,0,42.0,3546.110021,24.0
540a,11-20,1,337.0,26261.310009,200.0
540a,21+,0,196.0,15746.730089,118.0
540a,21+,1,491.0,39412.860127,326.0
540a,3-5,1,74.0,6382.130077,61.0
540a,6-10,1,66.0,5407.20003,50.0
540b,21+,0,10.0,715.10002,0.0
540b,21+,1,27.0,1740.330017,10.0
540x,0-2,0,75.0,3139.2300501,12.0
540x,0-2,1,204.0,15067.0802105,125.0
540x,11-20,0,14.0,1160.020036,8.0
540x,11-20,1,192.0,15762.190058,146.0
540x,21+,1,82.0,7222.070094,75.0
540x,3-5,1,73.0,6249.840063,61.0
540x,6-10,1,145.0,12178.940064,111.0
541b,11-20,1,22.0,1449.139958,5.0
541b,21+,1,30.0,1814.8500119999999,5.0
541c,11-20,1,10.0,478.69999,0.0
541c,21+,1,14.0,601.629991,0.0
541e,0-2,0,43.0,1386.1600358,0.0
541e,0-2,1,36.0,1716.980067,0.0
541e,11-20,0,52.0,2151.2600776,0.0
541e,11-20,1,46.0,1733.0900517,0.0
541e,3-5,0,43.0,2050.66008,0.0
541e,3-5,1,36.0,1704.220065,0.0
541e,6-10,0,55.0,2330.320075,0.0
541e,6-10,1,49.0,2037.20006,0.0
541x,0-2,0,16.0,465.49999999999994,0.0
541x,0-2,1,36.0,1028.2000154999998,0.0
541x,11-20,1,168.0,10213.119905,50.0
541x,21+,1,74.0,5637.769997,44.0
541x,3-5,1,12.0,379.71001,0.0
541x,6-10,1,21.0,763.260001,0.0
541x,na,0,23.0,533.6800132999999,0.0
541x,na,1,17.0,654.02,0.0
542b,0-2,1,19.0,1544.5800319999998,14.0
542b,11-20,1,21.0,1589.2300109999999,15.0
542b,21+,0,27.0,2097.749997,20.0
542b,21+,1,55.0,3984.770024,32.0
542b,3-5,1,14.0,1055.0800239999999,8.0
542b,6-10,1,23.0,2036.510029,23.0
542c,0-2,0,51.0,2201.170063,0.0
542c,0-2,1,47.0,2094.23005,6.0
542c,11-20,0,62.0,3790.270016,28.0
542c,11-20,1,165.0,10814.909862,109.0
542c,21+,1,48.0,2750.79998,18.0
542c,3-5,0,21.0,1224.5099969999999,9.0
542c,3-5,1,39.0,2012.179983,13.0
542c,6-10,0,96.0,5756.030053,43.0
542c,6-10,1,139.0,8237.969928,70.0
542x,0-2,0,49.0,1941.1600646000002,0.0
542x,0-2,1,65.0,3613.0300780000002,18.0
542x,11-20,1,38.0,1933.5599876,20.0
542x,21+,1,15.0,1282.590021,15.0
542x,3-5,0,33.0,2159.490001,21.0
542x,3-5,1,40.0,2762.469981,26.0
542x,6-10,0,10.0,651.29999,5.0
542x,6-10,1,44.0,3495.690005,38.0
542x,na,0,11.0,107.91000439999999,0.0
542x,na,1,51.0,1114.3600223,0.0
543b,11-20,1,35.0,1586.6300019999999,11.0
543b,21+,0,13.0,889.9100080000001,0.0
543b,21+,1,51.0,2832.98003,17.0
543c,0-2,1,26.0,891.899998,0.0
543c,11-20,0,36.0,1131.580016,0.0
543c,11-20,1,62.0,2083.359956,10.0
543c,21+,0,89.0,4366.0799906,0.0
543c,21+,1,171.0,7215.6399951,0.0
543c,3-5,0,13.0,371.970018,0.0
543c,3-5,1,12.0,225.480012,0.0
543c,6-10,0,21.0,343.35001400000004,0.0
543c,6-10,1,32.0,1116.040021,5.0
543d,11-20,0,11.0,150.69,0.0
543d,11-20,1,37.0,887.61001,0.0
543d,21+,0,13.0,641.230016,0.0
543d,21+,1,74.0,3272.420039,11.0
543x,11-20,0,11.0,834.4000070000001,6.0
543x,11-20,1,76.0,6323.790057,53.0
543x,21+,0,22.0,2048.729966,22.0
543x,21+,1,70.0,6113.540054,65.0
543x,na,1,11.0,312.14999,0.0
544a,21+,0,60.0,5391.750015,54.0
544a,21+,1,105.0,7569.090036,51.0
544a,3-5,1,15.0,1328.05001,15.0
544b,11-20,1,13.0,822.149996,0.0
544c,6-10,0,12.0,139.01999519999998,0.0
544c,6-10,1,78.0,911.87998777,0.0
544x,0-2,1,54.0,3857.489991,26.0
544x,11-20,0,10.0,949.1999800000001,10.0
544x,11-20,1,144.0,9573.3700794,60.0
544x,21+,0,19.0,1599.850003,14.0
544x,21+,1,55.0,4842.280015,50.0
544x,3-5,1,50.0,2845.0200059999997,7.0
544x,6-10,1,79.0,5389.260022,30.0
580a,0-2,1,40.0,2785.069974,5.0
580a,11-20,0,179.0,14411.379953,94.0
580a,11-20,1,478.0,37455.209634,196.0
580a,21+,0,447.0,35623.599913,229.0
580a,21+,1,807.0,62781.639632,411.0
580a,3-5,0,19.0,1428.530014,11.0
580a,3-5,1,56.0,3952.619975,11.0
580a,6-10,0,39.0,3042.730016,21.0
580a,6-10,1,162.0,11687.299843,41.0
580b,0-2,1,79.0,5436.779934,15.0
580b,11-20,0,76.0,5665.049924,29.0
580b,11-20,1,531.0,42350.219457,290.0
580b,21+,0,41.0,3027.309976,18.0
580b,21+,1,171.0,13496.969862,90.0
580b,3-5,1,101.0,7770.619930000001,35.0
580b,6-10,1,224.0,16948.199814,84.0
580x,0-2,0,282.0,12887.100107600001,28.0
580x,0-2,1,584.0,35863.5698354,122.0
580x,11-20,0,62.0,4581.169963,26.0
580x,11-20,1,325.0,24727.319739,145.0
580x,21+,0,14.0,1179.4600130000001,9.0
580x,21+,1,99.0,8164.299925,58.0
580x,3-5,0,90.0,5669.219897,13.0
580x,3-5,1,373.0,27057.489636000002,151.0
580x,6-10,0,84.0,5475.619899,17.0
580x,6-10,1,372.0,27656.359572,160.0
580x,na,0,58.0,1506.5799731999998,0.0
580x,na,1,46.0,1049.3899799,0.0
581a,0-2,0,66.0,4594.689984,30.0
581a,0-2,1,398.0,28678.929818,182.0
581a,11-20,0,171.0,14408.409927,114.0
581a,11-20,1,601.0,48986.37968,363.0
581a,21+,0,39.0,3268.899965,32.0
581a,21+,1,230.0,18901.149937,140.0
581a,3-5,0,133.0,9858.129897,66.0
581a,3-5,1,337.0,27108.199718,222.0
581a,6-10,0,210.0,16972.839864,129.0
581a,6-10,1,489.0,40350.329595,323.0
581b,0-2,1,89.0,3552.799999,0.0
581b,3-5,0,18.0,851.749989,0.0
581b,3-5,1,50.0,2027.599982,0.0
581b,6-10,0,13.0,562.749994,0.0
581b,6-10,1,72.0,3796.5100540000003,13.0
581c,0-2,0,128.0,9871.4497505,97.0
581c,0-2,1,287.0,24782.239225999998,255.0
581c,11-20,0,522.0,45693.958478,455.0
581c,11-20,1,1059.0,92629.77726,908.0
581c,21+,0,853.0,72422.797863,654.0
581c,21+,1,1383.0,113218.177069,1026.0
581c,3-5,0,218.0,19376.249366,213.0
581c,3-5,1,365.0,32375.608944,346.0
581c,6-10,0,342.0,30169.358989,319.0
581c,6-10,1,634.0,56521.02832599999,598.0
581c,na,1,14.0,1259.299958,14.0
581d,0-2,0,24.0,1296.9800300000002,10.0
581d,0-2,1,120.0,10613.34001,112.0
581d,11-20,0,54.0,4714.890058,49.0
581d,11-20,1,370.0,32603.709674,318.0
581d,21+,0,88.0,7931.460016000001,83.0
581d,21+,1,247.0,21699.439792,203.0
581d,3-5,0,48.0,4329.120096000001,48.0
581d,3-5,1,150.0,13341.470003,142.0
581d,6-10,0,86.0,7754.1801270000005,86.0
581d,6-10,1,295.0,26283.41983,275.0
581e,0-2,1,19.0,1364.649998,14.0
581e,11-20,0,12.0,478.020012,0.0
581e,11-20,1,112.0,7438.149976000001,44.0
581e,21+,1,25.0,1910.969974,13.0
581e,3-5,1,31.0,2102.5100030000003,16.0
581e,6-10,1,74.0,5508.519972,41.0
581x,0-2,0,2078.0,94833.0303841,402.0
581x,0-2,1,2694.0,167230.529365,1046.0
581x,11-20,0,450.0,35564.7594864,256.0
581x,11-20,1,1470.0,117464.2784987,961.0
581x,21+,0,125.0,10461.199849,93.0
581x,21+,1,318.0,27626.949454999998,258.0
581x,3-5,0,488.0,35463.329659,254.0
581x,3-5,1,1334.0,103358.239042,816.0
581x,6-10,0,646.0,51300.799293000004,374.0
581x,6-10,1,1892.0,149426.968363,1221.0
581x,na,0,51.0,2994.6099083,32.0
581x,na,1,69.0,4450.1598539999995,44.0
582a,0-2,0,16.0,1221.759976,8.0
582a,0-2,1,240.0,17307.789836,114.0
582a,11-20,0,532.0,39805.989672,234.0
582a,11-20,1,1590.0,124293.72872,824.0
582a,21+,0,1923.0,147496.82892600002,977.0
582a,21+,1,3424.0,264929.8883111,1935.0
582a,3-5,0,94.0,6965.799868000001,50.0
582a,3-5,1,439.0,32567.289775999998,240.0
582a,6-10,0,212.0,16926.739835,127.0
582a,6-10,1,787.0,62086.719429000004,470.0
582b,0-2,0,360.0,19119.829888199998,62.0
582b,0-2,1,1124.0,69438.7193325,273.0
582b,11-20,0,935.0,62873.5594006,257.0
582b,11-20,1,2679.0,189700.2686064,1046.0
582b,21+,0,4244.0,275027.88903406,1210.0
582b,21+,1,7119.0,468905.21872399,2560.0
582b,3-5,0,447.0,28110.899757,116.0
582b,3-5,1,1363.0,92588.69922000001,506.0
582b,6-10,0,889.0,58789.1093259,266.0
582b,6-10,1,2405.0,170870.8188128,990.0
582b,na,1,12.0,693.5999879999999,0.0
582c,0-2,0,450.0,17128.63996565,32.0
582c,0-2,1,1156.0,59383.849965400004,206.0
582c,11-20,0,126.0,7313.709966,15.0
582c,11-20,1,317.0,19406.270006,59.0
582c,21+,0,140.0,8171.8599864,22.0
582c,21+,1,231.0,13768.649934,43.0
582c,3-5,0,384.0,19851.099907300002,56.0
582c,3-5,1,921.0,53005.630073,203.0
582c,6-10,0,429.0,25358.829832,80.0
582c,6-10,1,911.0,55318.070092,226.0
582d,0-2,1,25.0,1249.6999609999998,0.0
582d,3-5,1,11.0,566.049984,0.0
582d,6-10,0,14.0,739.449981,0.0
582d,6-10,1,36.0,1962.549934,5.0
582e,21+,0,14.0,324.4000091,0.0
582f,0-2,0,151.0,5259.7900895,0.0
582f,0-2,1,372.0,20709.380300999997,78.0
582f,11-20,0,30.0,1890.100021,7.0
582f,11-20,1,59.0,3841.54004,24.0
582f,21+,0,65.0,3570.0700269999998,13.0
582f,21+,1,59.0,3006.69998,10.0
582f,3-5,0,100.0,5362.73009,19.0
582f,3-5,1,273.0,17871.610292,107.0
582f,6-10,0,163.0,8897.180140999999,31.0
582f,6-10,1,334.0,22052.480209,133.0
582g,0-2,0,111.0,3967.8699984600003,5.0
582g,0-2,1,591.0,28129.5099836,86.0
582g,11-20,0,36.0,2060.019965,6.0
582g,11-20,1,172.0,9934.4900385,44.0
582g,3-5,0,105.0,4572.6599773,10.0
582g,3-5,1,404.0,23244.3199806,98.0
582g,6-10,0,142.0,7774.499953300001,26.0
582g,6-10,1,593.0,34582.77001056,171.0
582x,0-2,0,3333.0,130077.23066331001,305.0
582x,0-2,1,4768.0,224669.2502956,728.0
582x,11-20,0,1333.0,85530.0794666,328.0
582x,11-20,1,2865.0,191164.929202,991.0
582x,21+,0,514.0,35756.51986,161.0
582x,21+,1,1226.0,87630.09959,508.0
582x,3-5,0,580.0,31402.6399274,118.0
582x,3-5,1,1421.0,85630.66986338,385.0
582x,6-10,0,837.0,52330.8096795,200.0
582x,6-10,1,1851.0,118282.0596854,562.0
582x,na,0,130.0,3483.5399306,0.0
582x,na,1,114.0,3571.1799249,7.0
589z,0-2,0,27.0,971.570018,0.0
589z,0-2,1,29.0,2193.739994,17.0
589z,11-20,0,23.0,1309.599971,6.0
589z,11-20,1,112.0,6297.9199648,26.0
589z,3-5,1,11.0,635.799989,0.0
589z,6-10,1,39.0,2604.889988,10.0
589z,na,0,22.0,474.6799801,0.0
589z,na,1,32.0,1031.8699784,0.0
620z,11-20,1,53.0,4180.730004,34.0
620z,21+,1,15.0,1364.9100239999998,15.0
620z,6-10,1,17.0,1261.790027,7.0
621a,0-2,1,44.0,3080.790053,16.0
621a,11-20,0,58.0,3101.3800535,11.0
621a,11-20,1,414.0,28052.4401584,183.0
621a,21+,0,360.0,20933.3200767,140.0
621a,21+,1,1156.0,69215.4802172,458.0
621a,3-5,1,40.0,2999.480035,21.0
621a,6-10,1,70.0,5457.830063,41.0
621b,11-20,0,93.0,2828.2800462,0.0
621b,11-20,1,201.0,6789.5100933,17.0
621b,21+,0,641.0,23438.4201522,99.0
621b,21+,1,1207.0,38738.5902092,152.0
621b,3-5,1,24.0,675.4100131,0.0
621b,6-10,0,23.0,932.9600206,0.0
621b,6-10,1,31.0,855.9300107,0.0
621b,na,0,44.0,538.100003,0.0
621b,na,1,118.0,1923.270004,0.0
621c,0-2,0,20.0,339.27,0.0
621c,0-2,1,25.0,505.80000060000003,0.0
621c,3-5,0,14.0,357.23,0.0
621c,3-5,1,22.0,760.0400106,0.0
621c,6-10,0,30.0,646.6300000000001,0.0
621c,6-10,1,84.0,2038.110012,0.0
621d,11-20,0,30.0,613.9900006,0.0
621d,11-20,1,84.0,2058.7199953,0.0
621e,0-2,0,11.0,443.410011,0.0
621e,0-2,1,42.0,2721.73005,15.0
621e,11-20,1,10.0,463.35001,0.0
621e,3-5,1,51.0,3045.220029,12.0
621e,6-10,0,15.0,791.850021,0.0
621e,6-10,1,95.0,5640.020002,21.0
621f,0-2,0,23.0,846.7300130000001,0.0
621f,0-2,1,99.0,3283.170011,0.0
621f,11-20,0,54.0,2429.190025,5.0
621f,11-20,1,141.0,5222.580026,5.0
621f,21+,0,11.0,403.210006,0.0
621f,21+,1,11.0,483.609996,0.0
621f,3-5,0,38.0,1395.1000210000002,0.0
621f,3-5,1,78.0,2480.000007,0.0
621f,6-10,0,69.0,2388.2100385,0.0
621f,6-10,1,192.0,6532.380021800001,5.0
621x,0-2,0,281.0,8368.6701025,11.0
621x,0-2,1,260.0,13399.4901817,51.0
621x,11-20,0,65.0,2437.930019,7.0
621x,11-20,1,273.0,14787.9200489,83.0
621x,21+,0,46.0,3454.120039,27.0
621x,21+,1,131.0,6988.7800258,44.0
621x,3-5,0,33.0,1091.1800175,0.0
621x,3-5,1,80.0,4806.630046,21.0
621x,6-10,0,39.0,1640.330038,0.0
621x,6-10,1,165.0,8101.120084200001,25.0
621x,na,1,44.0,1274.3100016,0.0
622a,11-20,1,17.0,947.870017,5.0
622a,21+,0,17.0,1228.220028,6.0
622a,21+,1,87.0,4749.4900225,21.0
622b,11-20,1,20.0,253.0,0.0
622b,21+,0,66.0,2285.630028,6.0
622b,21+,1,104.0,5007.430011,20.0
622c,0-2,0,68.0,1722.420036,0.0
622c,0-2,1,198.0,3636.98999,0.0
622c,11-20,0,93.0,1695.650009,0.0
622c,11-20,1,311.0,9094.0599475,20.0
622c,3-5,0,61.0,1099.600003,0.0
622c,3-5,1,172.0,3771.440006,5.0
622c,6-10,0,91.0,1853.090002,0.0
622c,6-10,1,215.0,4747.8099884,5.0
622x,0-2,0,116.0,3422.2500425000003,0.0
622x,0-2,1,116.0,2664.1400200000003,0.0
622x,11-20,0,76.0,2058.530025,0.0
622x,11-20,1,156.0,4427.9900603999995,0.0
622x,3-5,0,18.0,335.519994,0.0
622x,3-5,1,24.0,462.48,0.0
622x,6-10,0,10.0,109.94999999999999,0.0
622x,6-10,1,42.0,926.12001,0.0
623a,0-2,1,52.0,3159.640022,22.0
623a,11-20,0,30.0,1234.7500049999999,7.0
623a,11-20,1,221.0,11701.46006,63.0
623a,21+,0,122.0,7720.810023,48.0
623a,21+,1,381.0,18602.840061,84.0
623a,3-5,1,82.0,4569.450043,28.0
623a,6-10,0,45.0,1975.55001,11.0
623a,6-10,1,170.0,10414.100062,73.0
623b,0-2,1,79.0,4105.610036,23.0
623b,11-20,0,40.0,2022.4499819999999,14.0
623b,11-20,1,143.0,6683.8800175,38.0
623b,21+,0,324.0,14522.560048899999,58.0
623b,21+,1,1157.0,50519.1503252,195.0
623b,3-5,0,17.0,1122.119988,7.0
623b,3-5,1,78.0,3858.389996,33.0
623b,6-10,0,40.0,1480.610003,9.0
623b,6-10,1,153.0,6933.00001,44.0
623b,na,0,12.0,160.32,0.0
623b,na,1,192.0,5590.6900329,0.0
623c,11-20,0,37.0,330.590006,0.0
623c,11-20,1,96.0,1420.3500182,0.0
623c,21+,0,11.0,14.3,0.0
623c,21+,1,19.0,193.48,0.0
623c,6-10,1,13.0,16.900000000000002,0.0
623x,0-2,0,130.0,4534.2600338,13.0
623x,0-2,1,283.0,15749.080122,91.0
623x,11-20,0,39.0,1578.1200059999999,8.0
623x,11-20,1,320.0,17176.590035999998,108.0
623x,21+,0,36.0,2809.959994,27.0
623x,21+,1,158.0,8749.1500665,64.0
623x,3-5,0,23.0,1132.280005,6.0
623x,3-5,1,114.0,6801.960048999999,47.0
623x,6-10,0,32.0,1878.569994,7.0
623x,6-10,1,176.0,10023.500023999999,59.0
624z,21+,1,12.0,1127.6400119999998,12.0
629z,11-20,0,94.0,2067.2699885,5.0
629z,11-20,1,374.0,12335.939948,24.0
629z,21+,0,220.0,6064.9499961,5.0
629z,21+,1,553.0,15834.6899716,27.0
629z,3-5,1,35.0,2601.860046,24.0
629z,6-10,0,14.0,221.0600008,0.0
629z,6-10,1,90.0,3330.3900296,7.0
629z,na,0,104.0,2617.3500242,0.0
629z,na,1,402.0,12174.859932,22.0
640a,0-2,0,20.0,752.3000000000001,0.0
640a,0-2,1,196.0,8039.920000000001,0.0
640a,11-20,0,85.0,3486.7000000000003,0.0
640a,11-20,1,412.0,18167.459998000002,34.0
640a,21+,0,249.0,9918.8900106,0.0
640a,21+,1,662.0,26532.9699836,27.0
640a,3-5,0,28.0,1148.5600000000002,0.0
640a,3-5,1,193.0,8207.620018000001,6.0
640a,6-10,0,45.0,1845.9,0.0
640a,6-10,1,273.0,11759.140014,13.0
640a,na,0,217.0,8901.34,0.0
640a,na,1,966.0,39786.199995999996,12.0
640b,0-2,1,104.0,3085.6800000000003,0.0
640b,11-20,0,27.0,801.09,0.0
640b,11-20,1,105.0,3115.3500000000004,0.0
640b,21+,1,10.0,296.70000000000005,0.0
640b,na,1,92.0,2729.6400000000003,0.0
640x,0-2,0,187.0,7441.6000324,18.0
640x,0-2,1,251.0,8602.7099965,6.0
640x,11-20,0,11.0,394.47,0.0
640x,11-20,1,123.0,6971.599953,43.0
640x,21+,0,35.0,1635.430014,7.0
640x,21+,1,146.0,7395.24999,46.0
640x,3-5,0,30.0,900.749995,0.0
640x,3-5,1,205.0,7106.989989,12.0
640x,6-10,0,44.0,1305.48,0.0
640x,6-10,1,220.0,8175.419974,14.0
640x,na,1,10.0,261.2500005,0.0
720z,0-2,0,193.0,8609.8500601,34.0
720z,0-2,1,774.0,41251.0702345,190.0
720z,11-20,0,205.0,14254.400118,96.0
720z,11-20,1,1294.0,87571.2600559,599.0
720z,21+,1,36.0,2994.280022,30.0
720z,3-5,0,81.0,4491.820069,27.0
720z,3-5,1,569.0,36343.370293,225.0
720z,6-10,0,278.0,15775.140221,73.0
720z,6-10,1,1283.0,78362.6301153,429.0
720z,na,0,122.0,3020.7299909,0.0
720z,na,1,469.0,13195.579917199999,0.0
721a,0-2,0,126.0,7584.970007,5.0
721a,0-2,1,3905.0,256579.222545,74.0
721a,11-20,0,194.0,10958.279876,0.0
721a,11-20,1,1564.0,90201.2888415,47.0
721a,21+,0,204.0,10371.3499785,0.0
721a,21+,1,767.0,40123.840032,24.0
721a,3-5,0,266.0,17278.970035,0.0
721a,3-5,1,3745.0,245494.71366799998,69.0
721a,6-10,0,294.0,18900.949695,5.0
721a,6-10,1,4074.0,261299.11318870002,63.0
721a,na,1,39.0,2163.40997,0.0
721b,11-20,1,28.0,1836.7999439999999,0.0
721b,3-5,0,16.0,1047.070023,0.0
721b,3-5,1,239.0,15597.159505,0.0
721b,6-10,0,36.0,2264.489978,0.0
721b,6-10,1,443.0,28717.579163000002,0.0
721b,na,0,271.0,17219.329537,0.0
721b,na,1,2375.0,153758.39528199998,7.0
721c,21+,0,26.0,1361.3600259999998,0.0
721c,21+,1,32.0,1675.520032,0.0
721c,na,0,925.0,49743.420772000005,8.0
721c,na,1,5511.0,293021.27498550003,20.0
721d,21+,0,15.0,785.4000149999999,0.0
721d,21+,1,32.0,1675.520032,0.0
721d,na,0,386.0,21010.620284,5.0
721d,na,1,2916.0,155593.592561,13.0
721e,na,0,131.0,6989.210096,0.0
721e,na,1,1101.0,58830.730987999996,0.0
721f,na,0,196.0,10328.760181,0.0
721f,na,1,1489.0,80805.751212,9.0
721g,21+,0,20.0,1047.20002,0.0
721g,21+,1,33.0,1727.880033,0.0
721g,na,0,1662.0,90060.150984,7.0
721g,na,1,4955.0,265101.6035548,41.0
721h,na,0,414.0,22290.220334999998,6.0
721h,na,1,1719.0,91818.531481,14.0
721i,na,0,196.0,10551.980147,0.0
721i,na,1,1225.0,64613.631196999995,0.0
721j,na,0,21.0,1099.560021,0.0
721j,na,1,393.0,20989.660348999998,0.0
721k,na,0,65.0,3403.400065,0.0
721k,na,1,510.0,27132.330468,0.0
721l,na,0,186.0,9972.600143,0.0
721l,na,1,628.0,33402.900489,0.0
721m,21+,0,65.0,3403.400065,0.0
721m,21+,1,72.0,3535.680039,0.0
721x,0-2,0,3490.0,144295.0111637,535.0
721x,0-2,1,3558.0,195974.0999646,898.0
721x,11-20,0,1099.0,77335.2199275,514.0
721x,11-20,1,5579.0,380825.5896148,2202.0
721x,21+,0,1466.0,99381.200745,568.0
721x,21+,1,3601.0,239043.2715111,1450.0
721x,3-5,0,314.0,21672.8499965,148.0
721x,3-5,1,2150.0,145195.379805,782.0
721x,6-10,0,555.0,38086.4700426,225.0
721x,6-10,1,3251.0,217091.4292147,1107.0
721x,na,0,55.0,1776.2699859,0.0
721x,na,1,196.0,6645.1999023,5.0
723a,0-2,0,1163.0,40344.8798836,5.0
723a,0-2,1,11305.0,421533.26770799997,0.0
723a,11-20,0,1977.0,84708.6897298,152.0
723a,11-20,1,15905.0,677959.2358535,756.0
723a,21+,0,1860.0,86364.679788,211.0
723a,21+,1,8349.0,360003.588467,546.0
723a,3-5,0,1480.0,55347.41975849999,10.0
723a,3-5,1,8819.0,335498.15786569996,60.0
723a,6-10,0,1484.0,58229.399748899996,53.0
723a,6-10,1,9931.0,393315.6772473,202.0
723a,na,0,319.0,11807.5598926,5.0
723a,na,1,1828.0,69150.8594265,18.0
723b,0-2,0,73.0,2741.58996,0.0
723b,0-2,1,509.0,19515.729119,0.0
723b,11-20,0,74.0,3009.719913,0.0
723b,11-20,1,870.0,38674.398926,49.0
723b,3-5,0,42.0,1580.3199719999998,0.0
723b,3-5,1,479.0,19205.179215,7.0
723b,6-10,0,52.0,1966.9299339999998,0.0
723b,6-10,1,760.0,32705.168904,44.0
723c,0-2,0,43.0,1584.280014,0.0
723c,0-2,1,607.0,22191.380455,0.0
723c,11-20,0,194.0,7774.180077999999,0.0
723c,11-20,1,1250.0,55475.450498000006,64.0
723c,21+,0,381.0,17067.460113,27.0
723c,21+,1,1110.0,49406.990414,68.0
723c,3-5,0,66.0,2407.360053,0.0
723c,3-5,1,589.0,22252.790398,6.0
723c,6-10,0,97.0,3543.940068,0.0
723c,6-10,1,754.0,30471.480485999997,23.0
723c,na,1,32.0,1424.120034,0.0
723d,0-2,0,43.0,1618.639975,0.0
723d,0-2,1,624.0,23710.979431,0.0
723d,11-20,0,124.0,5288.519969,0.0
723d,11-20,1,1375.0,61431.259359,79.0
723d,21+,0,404.0,18390.469929,32.0
723d,21+,1,1445.0,64410.589463000004,84.0
723d,3-5,0,41.0,1548.439969,0.0
723d,3-5,1,567.0,21857.939527000002,0.0
723d,6-10,0,88.0,3361.669929,0.0
723d,6-10,1,739.0,30496.209423999997,29.0
723d,na,0,10.0,375.849995,0.0
723d,na,1,79.0,3230.389964,0.0
723e,0-2,0,26.0,974.219987,0.0
723e,0-2,1,399.0,15063.359622000002,0.0
723e,11-20,0,141.0,5484.689912,0.0
723e,11-20,1,790.0,33252.279469,26.0
723e,21+,0,319.0,14786.979869000003,27.0
723e,21+,1,1017.0,43458.909375,41.0
723e,3-5,0,53.0,1995.269954,0.0
723e,3-5,1,334.0,12602.209684000001,0.0
723e,6-10,0,86.0,3236.819927,0.0
723e,6-10,1,586.0,23692.229589,10.0
723e,na,0,11.0,414.80998900000003,0.0
723e,na,1,15.0,563.24999,0.0
723f,0-2,1,114.0,4536.199987,0.0
723f,11-20,1,76.0,3093.5699989999994,0.0
723f,21+,1,22.0,860.429993,0.0
723f,3-5,1,87.0,3665.9899859999996,0.0
723f,6-10,1,116.0,5031.019998,5.0
723g,0-2,1,53.0,2026.3799909999998,0.0
723g,3-5,1,98.0,3930.3599959999992,0.0
723g,6-10,1,60.0,2298.809989,0.0
723h,0-2,0,126.0,4658.919968,0.0
723h,0-2,1,1190.0,44586.73906,7.0
723h,11-20,0,553.0,22144.819713,11.0
723h,11-20,1,4173.0,171981.73769100002,151.0
723h,21+,0,1323.0,54005.98926,57.0
723h,21+,1,3307.0,132106.53815469999,112.0
723h,3-5,0,127.0,4659.139931,0.0
723h,3-5,1,1499.0,58192.788988,26.0
723h,6-10,0,238.0,8967.569860000001,0.0
723h,6-10,1,2621.0,106366.36847,96.0
723h,na,0,72.0,2628.929949,0.0
723h,na,1,186.0,7257.749902,7.0
723i,0-2,0,58.0,2143.7200000000003,0.0
723i,0-2,1,738.0,27623.379995000003,0.0
723i,11-20,0,115.0,4516.990007,0.0
723i,11-20,1,1297.0,52751.180063,25.0
723i,21+,0,338.0,14069.729984,15.0
723i,21+,1,1245.0,51363.499941,36.0
723i,3-5,0,66.0,2441.13,0.0
723i,3-5,1,703.0,26979.850012,6.0
723i,6-10,0,63.0,2334.66,0.0
723i,6-10,1,963.0,37256.400025,7.0
723i,na,0,16.0,587.87,0.0
723i,na,1,101.0,4005.750009,0.0
723j,0-2,1,115.0,4792.329899,0.0
723j,11-20,0,28.0,1101.53999,0.0
723j,11-20,1,234.0,10695.859901,6.0
723j,21+,0,26.0,1032.989989,0.0
723j,21+,1,124.0,5542.339934,6.0
723j,3-5,1,98.0,4249.499942,0.0
723j,6-10,1,170.0,8005.329947,9.0
723k,0-2,0,36.0,1336.83,0.0
723k,0-2,1,537.0,20632.939998,0.0
723k,11-20,0,76.0,3005.0100119999997,0.0
723k,11-20,1,851.0,37656.120071,40.0
723k,21+,0,397.0,16867.660008,17.0
723k,21+,1,1381.0,61376.5900376,79.0
723k,3-5,0,33.0,1223.07,0.0
723k,3-5,1,509.0,20758.060015,9.0
723k,6-10,0,33.0,1223.07,0.0
723k,6-10,1,767.0,33448.200026,48.0
723k,na,1,25.0,927.0699999999999,0.0
723l,0-2,1,264.0,10642.45972,5.0
723l,11-20,0,39.0,1443.5099639999999,0.0
723l,11-20,1,254.0,11130.999758,12.0
723l,21+,0,12.0,444.40999,0.0
723l,21+,1,20.0,740.839984,0.0
723l,3-5,0,16.0,592.8599879999999,0.0
723l,3-5,1,224.0,10037.889821,13.0
723l,6-10,0,19.0,705.0199899999999,0.0
723l,6-10,1,275.0,12338.149762000001,20.0
723m,0-2,0,24.0,923.0699949999998,0.0
723m,0-2,1,526.0,21501.199714000002,0.0
723m,21+,0,3552.0,167779.6893779,406.0
723m,21+,1,12778.0,579605.0769942,1073.0
723m,3-5,0,38.0,1493.269982,0.0
723m,3-5,1,470.0,20152.749786,7.0
723m,6-10,0,18.0,704.439995,0.0
723m,6-10,1,209.0,9587.319965,16.0
723m,na,0,35.0,1358.900014,0.0
723m,na,1,103.0,4024.90001,0.0
723n,0-2,0,66.0,2735.7200379999995,0.0
723n,0-2,1,886.0,39206.600839,0.0
723n,11-20,0,166.0,7501.700143999999,5.0
723n,11-20,1,1691.0,79135.971516,32.0
723n,21+,0,684.0,31950.690461000002,31.0
723n,21+,1,2316.0,107797.86186399999,72.0
723n,3-5,0,83.0,3647.170076,0.0
723n,3-5,1,904.0,39890.240818,0.0
723n,6-10,0,98.0,4286.250087,0.0
723n,6-10,1,1130.0,51690.961082,18.0
723n,na,0,31.0,1381.360031,0.0
723n,na,1,211.0,9299.790192,0.0
723o,11-20,0,13.0,393.49998700000003,0.0
723o,11-20,1,298.0,10509.869921,17.0
723o,6-10,1,67.0,2033.149983,0.0
723p,0-2,0,65.0,1168.8999878000002,0.0
723p,0-2,1,845.0,17001.0698013,0.0
723p,11-20,0,15.0,378.79999,0.0
723p,11-20,1,207.0,5169.389968,0.0
723p,3-5,0,31.0,626.47999,0.0
723p,3-5,1,459.0,9643.9699046,0.0
723p,6-10,0,21.0,413.039994,0.0
723p,6-10,1,339.0,6684.9099553,0.0
723q,0-2,0,33.0,1024.259987,0.0
723q,0-2,1,428.0,11272.8898242,0.0
723q,11-20,0,47.0,1383.639981,0.0
723q,11-20,1,488.0,15299.589874000001,13.0
723q,21+,1,33.0,851.0199930000001,0.0
723q,3-5,0,12.0,278.03999400000004,0.0
723q,3-5,1,311.0,8762.039927000002,6.0
723q,6-10,0,34.0,1093.2199990000001,0.0
723q,6-10,1,455.0,14117.2899096,23.0
723r,0-2,0,18.0,542.519982,0.0
723r,0-2,1,703.0,20258.209405,0.0
723r,11-20,0,44.0,1361.439962,0.0
723r,11-20,1,501.0,17316.109665,23.0
723r,3-5,0,22.0,663.079978,0.0
723r,3-5,1,430.0,13470.729666,14.0
723r,6-10,0,32.0,964.479968,0.0
723r,6-10,1,589.0,20186.969571999998,42.0
723t,0-2,0,21.0,717.179989,0.0
723t,0-2,1,1005.0,35109.059401000006,16.0
723t,11-20,1,258.0,10384.23994,20.0
723t,3-5,0,16.0,486.079984,0.0
723t,3-5,1,540.0,19625.139762,16.0
723t,6-10,0,10.0,303.79999000000004,0.0
723t,6-10,1,464.0,18372.669822,14.0
723u,0-2,0,19.0,572.659981,0.0
723u,0-2,1,200.0,6126.659952,0.0
723u,11-20,1,82.0,2598.8599990000002,0.0
723u,3-5,0,10.0,301.39999,0.0
723u,3-5,1,137.0,4020.999968,0.0
723u,6-10,0,16.0,607.040008,0.0
723u,6-10,1,190.0,6167.790013,5.0
723x,0-2,0,4281.0,147960.8606289,282.0
723x,0-2,1,7787.0,231002.12909180002,302.0
723x,11-20,0,311.0,16630.1999866,94.0
723x,11-20,1,2026.0,96698.6094587,472.0
723x,21+,0,75.0,3962.0100208,19.0
723x,21+,1,339.0,13737.419944,49.0
723x,3-5,0,190.0,6374.0100083,12.0
723x,3-5,1,1368.0,58557.7896037,228.0
723x,6-10,0,267.0,11228.979952,40.0
723x,6-10,1,2023.0,96097.2793359,389.0
723x,na,0,50.0,1270.0499935999999,0.0
723x,na,1,175.0,5120.429961,0.0
724a,0-2,0,102.0,3416.859817,0.0
724a,0-2,1,634.0,21505.278732,0.0
724a,11-20,0,576.0,20381.718975,5.0
724a,11-20,1,827.0,31124.458616,27.0
724a,21+,0,1216.0,46524.448031,41.0
724a,21+,1,1340.0,51324.778072999994,70.0
724a,3-5,0,227.0,7656.8595669999995,0.0
724a,3-5,1,541.0,18764.278981000003,5.0
724a,6-10,0,434.0,15185.699192,10.0
724a,6-10,1,746.0,27235.958752000002,16.0
724a,na,0,286.0,9651.999452,0.0
724a,na,1,583.0,19947.958854,0.0
724b,na,0,58.0,1967.359884,0.0
724b,na,1,257.0,9491.079564,0.0
724c,na,0,96.0,3256.319808,0.0
724c,na,1,429.0,15804.079224,7.0
724d,0-2,0,17.0,474.790006,0.0
724d,0-2,1,199.0,5573.990000000001,0.0
724d,11-20,0,157.0,4613.920015000001,0.0
724d,11-20,1,547.0,17363.150059,13.0
724d,21+,0,434.0,13215.510030000001,9.0
724d,21+,1,981.0,31185.760076,27.0
724d,3-5,0,35.0,980.35,0.0
724d,3-5,1,98.0,2744.98,0.0
724d,6-10,0,63.0,1764.63,0.0
724d,6-10,1,148.0,4145.4800000000005,0.0
724d,na,0,35.0,980.35,0.0
724d,na,1,58.0,1624.5800000000002,0.0
724e,0-2,0,300.0,9322.0401884,0.0
724e,0-2,1,1313.0,37603.2811754,5.0
724e,11-20,0,120.0,3333.60012,0.0
724e,11-20,1,490.0,14484.150425,16.0
724e,3-5,0,287.0,9176.660253,17.0
724e,3-5,1,1111.0,32895.59097,19.0
724e,6-10,0,246.0,7417.780225999999,10.0
724e,6-10,1,1056.0,31198.560911,23.0
724f,0-2,1,43.0,2037.850012,0.0
724f,11-20,0,121.0,5591.95002,0.0
724f,11-20,1,192.0,9087.460061,16.0
724f,21+,0,39.0,1830.27,0.0
724f,21+,1,38.0,1687.590005,0.0
724f,3-5,0,11.0,516.23,0.0
724f,3-5,1,21.0,985.53,0.0
724f,6-10,0,55.0,2427.950008,0.0
724f,6-10,1,68.0,2812.240013,0.0
724x,0-2,0,812.0,29644.1102388,66.0
724x,0-2,1,885.0,30760.9402102,45.0
724x,11-20,0,168.0,5302.819964,5.0
724x,11-20,1,598.0,23518.5298978,78.0
724x,21+,0,88.0,4577.529953,24.0
724x,21+,1,192.0,9747.8798962,65.0
724x,3-5,0,88.0,2502.779995,0.0
724x,3-5,1,293.0,9838.139945,20.0
724x,6-10,0,122.0,3414.690011,0.0
724x,6-10,1,483.0,17784.699902,56.0
724x,na,0,65.0,2109.7300302,0.0
724x,na,1,109.0,3686.3500666,0.0
725a,0-2,0,34.0,1685.150042,0.0
725a,0-2,1,97.0,5171.070097,0.0
725a,11-20,0,178.0,9489.180178,0.0
725a,11-20,1,288.0,15354.650182000001,0.0
725a,21+,0,146.0,7783.260146,0.0
725a,21+,1,208.0,11280.660117,0.0
725a,3-5,0,44.0,2345.6400439999998,0.0
725a,3-5,1,75.0,3998.250075,0.0
725a,6-10,0,64.0,3376.38007,0.0
725a,6-10,1,109.0,5883.590067,0.0
725a,na,0,77.0,4104.870077,0.0
725a,na,1,113.0,6042.450068,0.0
725b,0-2,1,123.0,6934.740123,0.0
725b,11-20,0,38.0,2008.390031,0.0
725b,11-20,1,245.0,13976.770242,0.0
725b,21+,0,50.0,2704.1000440000003,0.0
725b,21+,1,226.0,13173.660212,6.0
725b,3-5,0,21.0,1183.980021,0.0
725b,3-5,1,122.0,6878.360122,0.0
725b,6-10,0,20.0,1127.60002,0.0
725b,6-10,1,180.0,10148.40018,0.0
725c,0-2,1,23.0,1079.39,0.0
725c,11-20,0,14.0,657.02,0.0
725c,11-20,1,88.0,4367.89001,0.0
725c,21+,0,32.0,1269.1399988,0.0
725c,21+,1,119.0,5959.089998,0.0
725c,3-5,0,10.0,469.3,0.0
725c,3-5,1,30.0,1407.9,0.0
725c,6-10,1,42.0,1971.06,0.0
725d,0-2,0,47.0,2289.4500420000004,0.0
725d,0-2,1,655.0,33421.370639,0.0
725d,11-20,0,109.0,5886.5101159999995,0.0
725d,11-20,1,1367.0,74611.10122,85.0
725d,21+,0,949.0,56728.690674,195.0
725d,21+,1,3492.0,192970.682482,404.0
725d,3-5,0,87.0,4448.0000820000005,0.0
725d,3-5,1,748.0,38614.660724,5.0
725d,6-10,0,103.0,5387.4900959999995,0.0
725d,6-10,1,1075.0,56554.381035,32.0
725d,na,0,46.0,2808.920028,11.0
725d,na,1,287.0,13892.670248999999,0.0
725e,0-2,1,47.0,4627.619952999999,47.0
725e,11-20,0,16.0,1440.6099989999998,11.0
725e,11-20,1,88.0,8664.479911999999,88.0
725e,21+,1,24.0,2363.039976,24.0
725e,3-5,1,51.0,4897.179993,51.0
725e,6-10,1,66.0,6498.359934,66.0
725f,0-2,0,16.0,618.400032,0.0
725f,0-2,1,365.0,14107.25073,0.0
725f,11-20,0,74.0,3001.950138,0.0
725f,11-20,1,698.0,28618.8913,8.0
725f,21+,0,285.0,13680.620375999999,32.0
725f,21+,1,821.0,35960.5108835,39.0
725f,3-5,0,52.0,2009.800104,0.0
725f,3-5,1,369.0,14254.750727999999,0.0
725f,6-10,0,82.0,3470.750164,5.0
725f,6-10,1,620.0,24476.701157,0.0
725f,na,0,17.0,657.050034,0.0
725f,na,1,113.0,4389.900211,0.0
725x,0-2,0,552.0,21007.9702273,41.0
725x,0-2,1,1383.0,56981.5803816,86.0
725x,11-20,0,102.0,5951.210119,18.0
725x,11-20,1,586.0,31119.6401646,81.0
725x,21+,0,20.0,1019.00002,0.0
725x,21+,1,212.0,12129.290125,30.0
725x,3-5,0,48.0,2321.8000260000003,0.0
725x,3-5,1,387.0,17238.230069,19.0
725x,6-10,0,47.0,2392.170057,0.0
725x,6-10,1,435.0,20335.690067,32.0
726a,0-2,0,138.0,5635.0899385,0.0
726a,0-2,1,1261.0,52843.73876300001,0.0
726a,11-20,0,362.0,17435.129792,32.0
726a,11-20,1,2865.0,136435.737911,192.0
726a,21+,0,1087.0,52990.999346000004,111.0
726a,21+,1,3725.0,184054.577705,359.0
726a,3-5,0,184.0,7737.229837,0.0
726a,3-5,1,1136.0,48054.49888800001,0.0
726a,6-10,0,275.0,11998.429776,6.0
726a,6-10,1,1748.0,77145.29845300001,44.0
726a,na,0,96.0,4028.159904,0.0
726a,na,1,383.0,16613.949654,5.0
726b,0-2,0,58.0,2902.23999,0.0
726b,0-2,1,971.0,56164.309989,6.0
726b,11-20,0,182.0,11011.720012,19.0
726b,11-20,1,3003.0,179864.469871,208.0
726b,21+,0,662.0,39869.030039000005,90.0
726b,21+,1,3270.0,198210.809989,360.0
726b,3-5,0,75.0,4370.25,0.0
726b,3-5,1,1021.0,59140.549936,0.0
726b,6-10,0,113.0,6701.56,5.0
726b,6-10,1,1552.0,91711.39992,45.0
726b,na,1,70.0,4078.9,0.0
726c,0-2,0,13.0,732.940013,0.0
726c,0-2,1,267.0,14923.460257,0.0
726c,11-20,0,49.0,2666.8700440000002,0.0
726c,11-20,1,612.0,36063.020563,31.0
726c,21+,0,43.0,2424.340043,0.0
726c,21+,1,316.0,18391.650287,11.0
726c,3-5,0,41.0,2311.580041,0.0
726c,3-5,1,317.0,17906.57029,0.0
726c,6-10,0,51.0,2875.380051,0.0
726c,6-10,1,474.0,27342.800407000002,13.0
726c,na,1,23.0,1296.740023,0.0
726d,0-2,0,15.0,1069.199985,0.0
726d,0-2,1,185.0,13186.799815,0.0
726d,11-20,0,45.0,3473.6900060000003,12.0
726d,11-20,1,330.0,24080.799801999998,54.0
726d,21+,0,26.0,1854.889995,0.0
726d,21+,1,217.0,15237.569818,23.0
726d,3-5,0,21.0,1496.879979,0.0
726d,3-5,1,158.0,11391.299854,6.0
726d,6-10,0,26.0,1853.279974,0.0
726d,6-10,1,197.0,14042.159803,0.0
726d,na,1,25.0,1781.9999750000002,0.0
726e,11-20,0,56.0,3161.590056,0.0
726e,11-20,1,66.0,3633.9200659999997,0.0
726e,21+,0,16.0,928.640016,0.0
726e,21+,1,14.0,812.5600139999999,0.0
726e,3-5,1,39.0,2140.6100389999997,0.0
726e,6-10,0,41.0,2379.6400409999997,0.0
726e,6-10,1,52.0,2772.1800519999997,0.0
726e,na,0,146.0,8473.840145999999,0.0
726e,na,1,140.0,8125.60014,0.0
726f,0-2,0,54.0,2716.440056,0.0
726f,0-2,1,43.0,2348.180043,0.0
726f,11-20,0,110.0,6295.75011,0.0
726f,11-20,1,99.0,5745.960099,0.0
726f,21+,0,23.0,1334.920023,0.0
726f,21+,1,42.0,2437.680042,0.0
726f,3-5,0,76.0,4328.780081999999,0.0
726f,3-5,1,34.0,1973.3600339999998,0.0
726f,6-10,0,91.0,5281.640090999999,0.0
726f,6-10,1,68.0,4115.490075,7.0
726f,na,0,179.0,10414.600175,0.0
726f,na,1,251.0,14093.910229999998,0.0
726x,0-2,0,1279.0,51812.3404929,99.0
726x,0-2,1,1568.0,71124.3201274,138.0
726x,11-20,0,240.0,13055.089934000001,46.0
726x,11-20,1,1411.0,80250.7394922,268.0
726x,21+,0,22.0,923.1199780000001,0.0
726x,21+,1,131.0,7087.039931,23.0
726x,3-5,0,76.0,3260.539975,5.0
726x,3-5,1,664.0,37007.2296806,134.0
726x,6-10,0,149.0,6994.8099238,20.0
726x,6-10,1,1077.0,59522.7195344,196.0
726x,na,1,32.0,952.2799932,0.0
727a,0-2,0,98.0,4597.620086,0.0
727a,0-2,1,383.0,21683.160122999998,46.0
727a,11-20,0,283.0,18724.230139,74.0
727a,11-20,1,994.0,66373.480405,316.0
727a,21+,0,264.0,17509.940055,80.0
727a,21+,1,556.0,37421.560198,190.0
727a,3-5,0,116.0,6841.140079,14.0
727a,3-5,1,379.0,22926.400178,70.0
727a,6-10,0,175.0,10119.610104,10.0
727a,6-10,1,609.0,37992.310227999995,130.0
727a,na,0,239.0,12895.280202,0.0
727a,na,1,667.0,35350.400122,14.0
727b,0-2,0,101.0,4830.3300899999995,0.0
727b,0-2,1,384.0,18806.159673,0.0
727b,11-20,0,280.0,15355.08016,0.0
727b,11-20,1,1088.0,57529.399135,54.0
727b,21+,0,551.0,29697.190096,24.0
727b,21+,1,1005.0,51567.779264699995,74.0
727b,3-5,0,152.0,8084.910081999999,0.0
727b,3-5,1,350.0,17792.639653,5.0
727b,6-10,0,147.0,8064.46001,0.0
727b,6-10,1,415.0,21072.449596000002,0.0
727b,na,1,31.0,1520.549969,0.0
727x,0-2,0,471.0,17258.5102706,26.0
727x,0-2,1,867.0,34078.9204987,77.0
727x,11-20,0,100.0,4857.97008,13.0
727x,11-20,1,386.0,23138.750014,142.0
727x,21+,0,45.0,3414.970021,29.0
727x,21+,1,233.0,15195.989991,98.0
727x,3-5,0,65.0,2071.9700709999997,0.0
727x,3-5,1,165.0,7418.520127,35.0
727x,6-10,0,150.0,5149.50012,0.0
727x,6-10,1,413.0,15923.000201,30.0
727x,na,0,29.0,772.0300096999999,0.0
727x,na,1,45.0,1489.7100136,0.0
729z,0-2,0,244.0,10619.45013,32.0
729z,0-2,1,533.0,25948.8000497,127.0
729z,11-20,0,432.0,19386.710130800002,68.0
729z,11-20,1,1770.0,80379.0699543,294.0
729z,21+,0,296.0,12416.3200897,26.0
729z,21+,1,929.0,36317.7899561,116.0
729z,3-5,0,26.0,940.9399990000001,0.0
729z,3-5,1,299.0,16420.3600231,89.0
729z,6-10,0,112.0,4582.410056,15.0
729z,6-10,1,661.0,33581.8300532,127.0
729z,na,0,467.0,17463.9800651,45.0
729z,na,1,1867.0,68338.8096719,97.0
760z,11-20,1,120.0,4727.570028,0.0
760z,na,0,23.0,283.8200001,0.0
760z,na,1,83.0,2270.9099817,0.0
761a,11-20,1,10.0,615.80002,0.0
761a,21+,1,11.0,677.380022,0.0
761c,0-2,0,19.0,809.39,0.0
761c,0-2,1,393.0,18221.980073,13.0
761c,11-20,0,185.0,8482.230099,6.0
761c,11-20,1,1323.0,61825.940203,97.0
761c,21+,0,1474.0,82167.6203183,356.0
761c,21+,1,4714.0,241110.1500051,830.0
761c,3-5,0,31.0,1325.979994,0.0
761c,3-5,1,466.0,21237.27007,13.0
761c,6-10,0,83.0,3759.20003,0.0
761c,6-10,1,699.0,31934.530152799998,24.0
761c,na,0,353.0,19853.050059,80.0
761c,na,1,352.0,18030.340018,58.0
761x,11-20,1,13.0,573.1700000000001,0.0
761x,3-5,1,17.0,1315.270027,10.0
761x,6-10,1,11.0,848.120011,6.0
761x,na,0,16.0,330.7400025,0.0
761x,na,1,66.0,1894.6500058,0.0
762a,0-2,1,22.0,1490.060066,0.0
762a,11-20,0,15.0,808.819992,0.0
762a,11-20,1,210.0,12426.159906,31.0
762a,21+,0,153.0,8745.349967,27.0
762a,21+,1,447.0,25969.529884,90.0
762a,3-5,1,50.0,2789.630089,0.0
762a,6-10,1,20.0,796.239998,0.0
762b,11-20,0,35.0,2087.999994,7.0
762b,11-20,1,591.0,35532.039834,74.0
762b,21+,0,363.0,22225.819852,86.0
762b,21+,1,2031.0,121001.329359,387.0
762b,6-10,1,10.0,608.69999,0.0
762b,na,0,32.0,1995.9399979999998,9.0
762b,na,1,41.0,1286.859995,0.0
762c,0-2,0,298.0,12177.6800932,16.0
762c,0-2,1,1738.0,73969.1006598,34.0
762c,11-20,0,316.0,14990.3300948,26.0
762c,11-20,1,2413.0,120252.2901761,249.0
762c,21+,0,194.0,11032.570007,34.0
762c,21+,1,1032.0,57339.940053,102.0
762c,3-5,0,209.0,8484.4701062,0.0
762c,3-5,1,971.0,41293.4203426,26.0
762c,6-10,0,212.0,9018.44008,12.0
762c,6-10,1,1430.0,63054.2903422,61.0
762d,0-2,0,352.0,17287.2502055,18.0
762d,0-2,1,5577.0,306270.363128,173.0
762d,11-20,0,1186.0,69514.26027500001,148.0
762d,11-20,1,12622.0,748075.5926764,1538.0
762d,21+,0,2890.0,181782.990297,737.0
762d,21+,1,8749.0,527943.8813626,1496.0
762d,3-5,0,378.0,20271.050197,21.0
762d,3-5,1,5069.0,285035.78252199996,260.0
762d,6-10,0,709.0,39498.270245,52.0
762d,6-10,1,9386.0,544137.9734187999,832.0
762d,na,1,23.0,1503.9100159999998,6.0
762e,0-2,1,32.0,1724.770007,0.0
762e,11-20,1,17.0,902.19,0.0
762e,21+,1,94.0,4988.58,0.0
762e,3-5,1,11.0,583.77,0.0
762e,na,1,14.0,742.98,0.0
762f,0-2,0,17.0,1448.7400169999999,17.0
762f,0-2,1,411.0,34095.650369,370.0
762f,11-20,0,79.0,6576.880079,71.0
762f,11-20,1,1234.0,99893.800815,999.0
762f,21+,0,228.0,17853.600103,162.0
762f,21+,1,855.0,66410.93044499999,606.0
762f,3-5,0,20.0,1704.40002,20.0
762f,3-5,1,543.0,45416.140444,498.0
762f,6-10,0,39.0,3393.5800389999995,39.0
762f,6-10,1,759.0,62505.410548,664.0
762x,0-2,0,2909.0,119022.9111265,276.0
762x,0-2,1,5873.0,280620.2221854,645.0
762x,11-20,0,421.0,24201.4100764,114.0
762x,11-20,1,2569.0,148355.7899404,539.0
762x,21+,0,194.0,12705.840094,73.0
762x,21+,1,766.0,45295.620066,174.0
762x,3-5,0,155.0,7141.5400925,11.0
762x,3-5,1,1289.0,71684.5502648,219.0
762x,6-10,0,257.0,13848.960022000001,46.0
762x,6-10,1,1911.0,108416.8902195,340.0
769z,0-2,0,34.0,991.8199926,0.0
769z,0-2,1,110.0,5220.490042,17.0
769z,11-20,1,96.0,4973.360003,19.0
769z,21+,1,55.0,2648.10998,5.0
769z,3-5,1,13.0,553.8199989999999,0.0
769z,6-10,1,39.0,1933.990016,0.0
769z,na,0,13.0,95.6300037,0.0
769z,na,1,29.0,763.759998,0.0
811b,0-2,0,63.0,3045.6900058,6.0
811b,0-2,1,155.0,8206.7700466,6.0
811b,11-20,0,57.0,4080.840024,24.0
811b,11-20,1,118.0,8368.000033,49.0
811b,3-5,0,35.0,2338.06,11.0
811b,3-5,1,86.0,5317.080048,26.0
811b,6-10,0,56.0,3909.020021,21.0
811b,6-10,1,126.0,9135.120036,60.0
811c,0-2,0,80.0,1863.1400006000001,0.0
811c,0-2,1,107.0,2627.5300025,0.0
811c,11-20,0,110.0,3871.1200335999997,5.0
811c,11-20,1,187.0,7078.150087399999,11.0
811c,21+,1,30.0,1024.8,0.0
811c,3-5,0,29.0,555.4199937000001,0.0
811c,3-5,1,32.0,904.920004,0.0
811c,6-10,0,54.0,1716.040016,0.0
811c,6-10,1,108.0,4307.829978,15.0
811d,0-2,1,79.0,2810.7299847,8.0
811d,3-5,1,50.0,2035.1999839999999,8.0
811x,0-2,0,236.0,6919.3300313,5.0
811x,0-2,1,377.0,14332.2800061,27.0
811x,11-20,0,206.0,9728.190088,40.0
811x,11-20,1,436.0,22951.4001247,128.0
811x,21+,0,26.0,1293.110042,0.0
811x,21+,1,51.0,2199.1400297,5.0
811x,3-5,0,108.0,3670.6800342,5.0
811x,3-5,1,193.0,8212.0100573,27.0
811x,6-10,0,119.0,4134.6000289,0.0
811x,6-10,1,286.0,13022.8100346,53.0
811x,na,0,230.0,5983.800040099999,0.0
811x,na,1,399.0,10610.730106199999,0.0
812z,0-2,0,1034.0,48720.1604915,176.0
812z,0-2,1,1388.0,83787.1005076,496.0
812z,11-20,0,1201.0,84181.20011220001,583.0
812z,11-20,1,2743.0,187835.33038528002,1335.0
812z,21+,0,309.0,23957.460028,181.0
812z,21+,1,781.0,58043.590107,450.0
812z,3-5,0,761.0,49049.8602228,323.0
812z,3-5,1,1108.0,77505.8404724,576.0
812z,6-10,0,1151.0,79993.6303594,529.0
812z,6-10,1,2003.0,140665.6003974,1015.0
812z,na,0,65.0,1922.1300139999998,6.0
812z,na,1,119.0,3895.5700121,5.0
813z,0-2,0,725.0,31911.8203451,82.0
813z,0-2,1,1033.0,52472.270429899996,180.0
813z,11-20,0,621.0,36841.7503194,179.0
813z,11-20,1,1587.0,91413.1201554,440.0
813z,21+,0,171.0,11199.96008,56.0
813z,21+,1,548.0,35826.8500366,232.0
813z,3-5,0,263.0,12294.5002446,29.0
813z,3-5,1,585.0,32102.8501803,129.0
813z,6-10,0,497.0,26438.560295,92.0
813z,6-10,1,957.0,54183.3801907,257.0
813z,na,0,28.0,781.8400133,0.0
813z,na,1,71.0,2640.9000321,5.0
814a,11-20,1,58.0,4248.339942,18.0
814a,21+,1,42.0,2726.500005,11.0
814x,na,1,15.0,147.150006,0.0
815a,0-2,0,57.0,2155.0700487,0.0
815a,0-2,1,66.0,2984.210048,5.0
815a,11-20,0,41.0,2240.580019,9.0
815a,11-20,1,87.0,4578.809992,13.0
815a,3-5,0,61.0,2531.5900245000003,0.0
815a,3-5,1,71.0,3074.89002,0.0
815a,6-10,0,162.0,8159.820035600001,21.0
815a,6-10,1,217.0,10514.409984,30.0
815b,0-2,1,13.0,582.399987,0.0
815b,11-20,0,11.0,420.960006,0.0
815b,11-20,1,60.0,2288.560016,0.0
815b,6-10,0,186.0,8546.490044799999,27.0
815b,6-10,1,787.0,34008.300388,62.0
815x,na,0,51.0,1522.8099834,0.0
815x,na,1,85.0,2865.1299718,0.0
819z,0-2,0,93.0,4245.430098,12.0
819z,0-2,1,188.0,11238.650020500001,76.0
819z,11-20,0,645.0,22094.4200749,73.0
819z,11-20,1,1381.0,45946.14994525,98.0
819z,21+,0,580.0,16540.4900519,17.0
819z,21+,1,1248.0,34997.2899823,41.0
819z,3-5,0,22.0,747.0500059999999,0.0
819z,3-5,1,49.0,1703.1600374,10.0
819z,6-10,0,167.0,5726.0100258,7.0
819z,6-10,1,294.0,11434.9500602,27.0
819z,na,0,255.0,6398.6600015,5.0
819z,na,1,577.0,16551.4999294,17.0
840a,0-2,0,77.0,4606.920141,22.0
840a,0-2,1,177.0,12384.890346999999,44.0
840a,11-20,0,58.0,3982.9701,11.0
840a,11-20,1,196.0,14030.780262,80.0
840a,3-5,0,118.0,8367.140259,37.0
840a,3-5,1,295.0,21370.860542,115.0
840a,6-10,0,129.0,8489.490281,22.0
840a,6-10,1,315.0,22673.300499,131.0
840b,0-2,0,18.0,185.04,0.0
840b,0-2,1,507.0,5358.060006,0.0
840b,11-20,0,60.0,616.8,0.0
840b,11-20,1,638.0,9395.410133,0.0
840b,21+,1,16.0,164.48,0.0
840b,3-5,0,37.0,380.35999999999996,0.0
840b,3-5,1,488.0,5309.7900199999995,0.0
840b,6-10,0,60.0,616.8,0.0
840b,6-10,1,546.0,6550.960064,0.0
840c,0-2,0,38.0,886.5399910000001,0.0
840c,0-2,1,34.0,634.739982,0.0
840c,11-20,0,237.0,9836.959894000001,5.0
840c,11-20,1,428.0,18615.86995,64.0
840c,21+,0,386.0,15349.789791000001,22.0
840c,21+,1,512.0,21291.969837,71.0
840c,3-5,0,89.0,2072.72994,0.0
840c,3-5,1,75.0,1757.379963,0.0
840c,6-10,0,113.0,3200.4899060000002,0.0
840c,6-10,1,170.0,5257.2299760000005,6.0
840c,na,1,20.0,533.809994,0.0
840d,0-2,0,29.0,963.500023,0.0
840d,0-2,1,44.0,1746.0700270000002,0.0
840d,11-20,0,183.0,6289.720148,5.0
840d,11-20,1,166.0,7386.3701839,6.0
840d,21+,0,142.0,5514.330092,7.0
840d,21+,1,367.0,17531.430306,29.0
840d,3-5,0,33.0,1223.2700280000001,5.0
840d,3-5,1,25.0,910.7500299999999,0.0
840d,6-10,0,93.0,3320.800114,0.0
840d,6-10,1,53.0,2653.9501020000002,0.0
840x,0-2,0,300.0,10533.9201681,22.0
840x,0-2,1,293.0,12203.4602642,37.0
840x,11-20,0,265.0,17021.120382,81.0
840x,11-20,1,726.0,48065.640709,296.0
840x,21+,0,14.0,995.4600360000001,0.0
840x,21+,1,49.0,2948.070032,11.0
840x,3-5,0,46.0,1758.760058,5.0
840x,3-5,1,97.0,4090.4100940000003,12.0
840x,6-10,0,41.0,1457.5000240000002,0.0
840x,6-10,1,100.0,4106.700051,10.0
840x,na,0,127.0,2986.0200446,0.0
840x,na,1,186.0,4653.84003904,0.0
851z,0-2,0,55.0,3323.440023,20.0
851z,0-2,1,266.0,19639.849851,163.0
851z,11-20,0,39.0,3245.0799890000003,34.0
851z,11-20,1,333.0,25975.509729,249.0
851z,21+,0,50.0,3485.309973,18.0
851z,21+,1,85.0,4538.119926,13.0
851z,3-5,0,12.0,980.1600000000001,12.0
851z,3-5,1,149.0,11917.48991,108.0
851z,6-10,0,31.0,2575.8300000000004,31.0
851z,6-10,1,310.0,23533.649822000003,192.0
859z,11-20,1,10.0,816.8000000000001,10.0
860z,11-20,1,12.0,833.3400119999999,7.0
860z,na,1,11.0,302.9600024,0.0
861a,0-2,0,1901.0,79309.1311943,163.0
861a,0-2,1,210.0,7604.5601068,8.0
861a,11-20,0,1033.0,79589.398596,977.0
861a,11-20,1,894.0,64768.150536,573.0
861a,21+,0,1947.0,143585.1089618,1499.0
861a,21+,1,1823.0,106733.6707822,750.0
861a,3-5,0,34.0,1454.2600464,0.0
861a,3-5,1,18.0,966.2200170000001,0.0
861a,6-10,0,49.0,3820.9399619999995,44.0
861a,6-10,1,92.0,6997.670061999999,65.0
861a,na,0,23.0,1877.659978,23.0
861a,na,1,24.0,657.92,0.0
861c,0-2,1,1377.0,12501.9003018,17.0
861c,11-20,0,115.0,3414.6400328,13.0
861c,11-20,1,1595.0,49634.6302281,217.0
861c,21+,1,108.0,3414.4400074,23.0
861c,3-5,0,22.0,137.7200044,0.0
861c,3-5,1,1013.0,17045.4302708,39.0
861c,6-10,0,38.0,477.64001240000005,0.0
861c,6-10,1,883.0,22609.91014,88.0
861x,0-2,0,171.0,6988.8501056,11.0
861x,0-2,1,621.0,11672.8203139,24.0
861x,11-20,0,74.0,3453.4100206000003,14.0
861x,11-20,1,1170.0,27034.0700281,132.0
861x,21+,1,21.0,1689.5,16.0
861x,3-5,1,554.0,8404.4501994,29.0
861x,6-10,0,12.0,163.7999957,0.0
861x,6-10,1,569.0,9813.9301405,49.0
861x,na,1,12.0,235.44000239999997,0.0
863a,11-20,0,59.0,3730.499973,11.0
863a,11-20,1,293.0,19336.619896,100.0
863a,21+,0,278.0,20229.040009,126.0
863a,21+,1,805.0,57354.5698524,359.0
863a,3-5,1,10.0,275.40001,0.0
863a,6-10,0,15.0,687.7800010000001,0.0
863a,6-10,1,43.0,1568.700001,0.0
863a,na,0,170.0,12254.030047,71.0
863a,na,1,514.0,32778.2399585,160.0
863b,0-2,0,37.0,2078.459983,0.0
863b,11-20,0,237.0,17498.469887,106.0
863b,11-20,1,210.0,15691.139969,91.0
863b,21+,0,50.0,4060.4300000000003,30.0
863b,21+,1,56.0,3894.9900039999998,25.0
863b,3-5,0,27.0,1528.379987,0.0
863b,6-10,0,37.0,2811.34998,16.0
863b,6-10,1,13.0,677.170023,5.0
863b,na,0,422.0,29734.449975,211.0
863b,na,1,328.0,20928.4000273,139.0
863x,0-2,0,33.0,1356.0999927,0.0
863x,0-2,1,32.0,1976.3900119999998,12.0
863x,11-20,0,36.0,2277.9799949999997,7.0
863x,11-20,1,138.0,9502.220008,66.0
863x,21+,0,198.0,14249.470041,92.0
863x,21+,1,337.0,22631.1300396,139.0
863x,6-10,1,22.0,938.030022,5.0
863x,na,0,556.0,30478.5900807,143.0
863x,na,1,784.0,36414.45007412,143.0
869z,0-2,0,14.0,491.5400139999999,0.0
869z,0-2,1,98.0,6695.2900718,57.0
869z,11-20,0,10.0,344.00002,0.0
869z,11-20,1,29.0,2120.400001,20.0
869z,3-5,0,14.0,785.840014,5.0
869z,3-5,1,34.0,2253.220034,18.0
869z,6-10,0,11.0,696.810007,0.0
869z,6-10,1,86.0,6221.110052,45.0
869z,na,0,22.0,412.09000319999996,0.0
869z,na,1,55.0,1490.4699898,0.0
999z,0-2,0,15.0,687.40002,0.0
999z,0-2,1,32.0,1624.1600495,10.0
999z,11-20,0,1167.0,48375.1901406,227.0
999z,11-20,1,3185.0,141311.78996952,639.0
999z,21+,0,2236.0,107156.36020252,645.0
999z,21+,1,4567.0,204003.6001351,1041.0
999z,3-5,0,15.0,287.8500125,0.0
999z,3-5,1,78.0,4125.1200382,34.0
999z,6-10,0,143.0,5145.4600496,13.0
999z,6-10,1,415.0,18414.0800083,83.0
999z,na,0,6792.0,284048.77076442,1455.0
999z,na,1,13292.0,640102.31062578,4080.0
