inr,expband,fresh,n,ws,wh
010c,0-2,0,1075.0,41193.8605171,94.0
010c,0-2,1,758.0,31578.350548,76.0
010c,11-20,0,80.0,6130.040069000001,47.0
010c,11-20,1,172.0,11385.350085,86.0
010c,21+,0,18.0,1432.850022,7.0
010c,21+,1,100.0,6844.460033,51.0
010c,3-5,0,37.0,1660.010034,0.0
010c,3-5,1,88.0,4924.0301,27.0
010c,6-10,0,33.0,1617.410044,5.0
010c,6-10,1,72.0,4231.560061,25.0
140z,0-2,1,31.0,2689.930023,26.0
140z,11-20,0,18.0,1532.859946,18.0
140z,11-20,1,150.0,10652.469815800001,92.0
140z,3-5,1,40.0,3489.34991,40.0
140z,6-10,1,111.0,9250.939786,104.0
140z,na,0,131.0,4095.1200254,5.0
140z,na,1,337.0,12974.9400038,39.0
142z,0-2,0,379.0,22404.070037,142.0
142z,0-2,1,1753.0,118321.7000899,843.0
142z,11-20,0,685.0,51513.249896,406.0
142z,11-20,1,3868.0,276653.0089086,2036.0
142z,21+,0,313.0,23993.540065,206.0
142z,21+,1,1276.0,92972.969832,764.0
142z,3-5,0,252.0,18706.239952,165.0
142z,3-5,1,1558.0,115039.2097161,900.0
142z,6-10,0,449.0,34496.400017,300.0
142z,6-10,1,2636.0,191911.7290132,1453.0
142z,na,0,20.0,352.2600056,0.0
142z,na,1,107.0,3799.3199950000003,13.0
143a,0-2,0,685.0,37857.480751,18.0
143a,0-2,1,6816.0,418327.242641,104.0
143a,11-20,0,678.0,42200.3408428,38.0
143a,11-20,1,6016.0,376557.4168168,585.0
143a,21+,0,5849.0,368102.8643914,947.0
143a,21+,1,27102.0,1667946.2563346,2818.0
143a,3-5,0,824.0,49916.921347,19.0
143a,3-5,1,7182.0,442603.22266780003,179.0
143a,6-10,0,994.0,61461.59145100001,41.0
143a,6-10,1,8507.0,528373.1929323,426.0
143a,na,0,474.0,30050.86024,88.0
143a,na,1,768.0,38864.3904858,53.0
143b,0-2,0,32.0,2103.789973,9.0
143b,0-2,1,1721.0,109494.519273,262.0
143b,11-20,0,39.0,2408.820018,0.0
143b,11-20,1,1095.0,70762.689333,255.0
143b,21+,0,1230.0,76345.2198996,269.0
143b,21+,1,7810.0,489566.5764683,1675.0
143b,3-5,0,40.0,2542.5499849999997,5.0
143b,3-5,1,1641.0,105738.78903900001,319.0
143b,6-10,0,57.0,3746.9399519999997,16.0
143b,6-10,1,1730.0,111716.178877,368.0
143b,na,0,37.0,2342.4899490000003,17.0
143b,na,1,87.0,4284.799949,17.0
143x,0-2,0,3224.0,143906.6311613,227.0
143x,0-2,1,6984.0,345283.42204088,634.0
143x,11-20,0,60.0,3445.710093,0.0
143x,11-20,1,627.0,35894.1705224,48.0
143x,21+,0,69.0,4157.170014,22.0
143x,21+,1,376.0,19566.8700572,44.0
143x,3-5,0,191.0,9290.4601265,15.0
143x,3-5,1,745.0,36476.2702179,77.0
143x,6-10,0,197.0,10574.070135,27.0
143x,6-10,1,1064.0,55307.7904779,98.0
143x,na,0,59.0,1709.3400264000002,0.0
143x,na,1,182.0,6906.0700453,9.0
144a,0-2,0,78.0,5526.779856,52.0
144a,0-2,1,3256.0,243435.36110500002,3018.0
144a,11-20,0,259.0,17778.3397794,132.0
144a,11-20,1,3540.0,253953.6633,2406.0
144a,21+,0,1184.0,84295.138191,699.0
144a,21+,1,4099.0,284707.2026291,2575.0
144a,3-5,0,59.0,4312.029838,54.0
144a,3-5,1,3413.0,254978.650621,3163.0
144a,6-10,0,81.0,5898.059826000001,64.0
144a,6-10,1,2770.0,205867.25261,2473.0
144a,na,0,780.0,54943.8686877,478.0
144a,na,1,1295.0,63781.568908400004,389.0
144b,0-2,0,18.0,1363.859946,18.0
144b,0-2,1,881.0,66298.667499,834.0
144b,11-20,0,366.0,26373.759636000003,205.0
144b,11-20,1,6568.0,473779.107517,4609.0
144b,21+,0,176.0,13725.459755,138.0
144b,21+,1,3930.0,290702.791326,3013.0
144b,3-5,0,15.0,1136.549955,15.0
144b,3-5,1,1029.0,77074.557104,957.0
144b,6-10,0,54.0,3665.879988,24.0
144b,6-10,1,1920.0,139378.096127,1443.0
144c,0-2,0,15.0,1136.549955,15.0
144c,0-2,1,965.0,72675.67724599999,918.0
144c,11-20,0,329.0,23402.64966,183.0
144c,11-20,1,6140.0,443783.847729,4314.0
144c,21+,0,637.0,46883.029098,418.0
144c,21+,1,8127.0,594580.8829600001,5875.0
144c,3-5,0,22.0,1666.939934,22.0
144c,3-5,1,928.0,69528.897367,868.0
144c,6-10,0,53.0,3863.949915,37.0
144c,6-10,1,1652.0,122089.06586,1399.0
144d,0-2,1,262.0,19841.779238,256.0
144d,11-20,0,109.0,7099.709997,33.0
144d,11-20,1,1875.0,132607.98732500002,1135.0
144d,21+,1,104.0,7650.279706,86.0
144d,3-5,1,358.0,26863.619022000003,335.0
144d,6-10,0,33.0,2301.749971,19.0
144d,6-10,1,819.0,59083.93851000001,584.0
144x,0-2,0,2446.0,118834.8404804,427.0
144x,0-2,1,5335.0,300620.4769132,1968.0
144x,11-20,0,808.0,52113.6302316,212.0
144x,11-20,1,10028.0,677789.0429307,4487.0
144x,21+,0,45.0,2972.9799314,32.0
144x,21+,1,417.0,25208.759566700002,183.0
144x,3-5,0,87.0,5355.01999,36.0
144x,3-5,1,720.0,44171.479568,299.0
144x,6-10,0,315.0,18988.210189,58.0
144x,6-10,1,3450.0,229109.0582394,1442.0
144x,na,0,88.0,4087.359925,32.0
144x,na,1,467.0,27962.7191961,289.0
145a,0-2,0,28.0,2108.279948,20.0
145a,0-2,1,836.0,62493.958580000006,556.0
145a,11-20,0,250.0,18125.1197914,129.0
145a,11-20,1,4600.0,337668.624771,2380.0
145a,21+,0,459.0,35115.649839,223.0
145a,21+,1,3949.0,286714.5159148,2015.0
145a,3-5,0,36.0,2704.479948,22.0
145a,3-5,1,782.0,58380.178912,457.0
145a,6-10,0,55.0,3907.729901,37.0
145a,6-10,1,1174.0,87133.1686182,637.0
145a,na,1,50.0,2222.4499690000002,13.0
145b,0-2,0,37.0,2778.589949,22.0
145b,0-2,1,1112.0,83056.10809400001,738.0
145b,11-20,0,273.0,19949.649924,116.0
145b,11-20,1,5160.0,371933.0141458,2516.0
145b,21+,0,333.0,24734.259755,166.0
145b,21+,1,3576.0,259827.5562596,1726.0
145b,3-5,0,34.0,2534.499965,16.0
145b,3-5,1,1095.0,81370.198242,674.0
145b,6-10,0,43.0,3231.549935,27.0
145b,6-10,1,1721.0,127078.697689,939.0
145c,0-2,0,51.0,3814.2899340000004,28.0
145c,0-2,1,1470.0,109500.15743600001,985.0
145c,11-20,0,290.0,21034.759872399998,141.0
145c,11-20,1,5641.0,411973.4335468,2922.0
145c,21+,0,453.0,34479.009843,236.0
145c,21+,1,4379.0,318108.1457407,2196.0
145c,3-5,0,73.0,5309.109896000001,41.0
145c,3-5,1,1431.0,106688.037808,875.0
145c,6-10,0,109.0,8103.859926,45.0
145c,6-10,1,2281.0,168068.876991,1238.0
145c,na,1,39.0,2605.749964,17.0
145d,0-2,1,58.0,4356.479918,35.0
145d,11-20,1,441.0,32633.339595,184.0
145d,21+,1,134.0,9890.279968,34.0
145d,3-5,1,87.0,6525.5898990000005,47.0
145d,6-10,1,124.0,9233.969851999998,63.0
145e,0-2,1,101.0,7571.24986,59.0
145e,11-20,0,10.0,757.69997,10.0
145e,11-20,1,394.0,29216.619698000002,153.0
145e,21+,1,60.0,4486.439964,24.0
145e,3-5,1,94.0,7052.479853000001,59.0
145e,6-10,1,145.0,10883.549780000001,90.0
145f,0-2,0,28.0,2098.3199720000002,14.0
145f,0-2,1,991.0,73906.038443,618.0
145f,11-20,0,173.0,13409.369858999999,94.0
145f,11-20,1,4267.0,313442.235835,1940.0
145f,21+,0,122.0,9206.479906,46.0
145f,21+,1,1491.0,110115.83922499999,597.0
145f,3-5,0,31.0,2327.2899589999997,18.0
145f,3-5,1,1084.0,80783.03860700001,594.0
145f,6-10,0,70.0,5223.339943999999,30.0
145f,6-10,1,1544.0,114861.368217,792.0
145g,0-2,1,106.0,7986.799790000001,79.0
145g,11-20,0,13.0,985.0099610000001,13.0
145g,11-20,1,692.0,51299.318934999996,409.0
145g,21+,1,293.0,21753.859459,189.0
145g,3-5,1,142.0,10699.579718,106.0
145g,6-10,1,275.0,20592.959578,169.0
145h,0-2,1,326.0,24613.039234000003,273.0
145h,11-20,0,23.0,1552.129983,10.0
145h,11-20,1,1161.0,85278.348165,686.0
145h,21+,1,159.0,11689.349683999999,108.0
145h,3-5,0,10.0,757.69997,10.0
145h,3-5,1,342.0,25806.219192,286.0
145h,6-10,1,637.0,47211.078771,436.0
145i,0-2,1,327.0,24648.089289,258.0
145i,11-20,0,41.0,3078.349945,24.0
145i,11-20,1,1275.0,94396.958094,746.0
145i,21+,0,32.0,2409.69994,23.0
145i,21+,1,565.0,41527.388986,358.0
145i,3-5,1,276.0,20773.679433,208.0
145i,6-10,0,14.0,1060.779958,14.0
145i,6-10,1,609.0,45572.518839000004,431.0
145x,0-2,0,3092.0,147590.4103377,607.0
145x,0-2,1,5854.0,319977.97864640004,1693.0
145x,11-20,0,246.0,17679.980028,119.0
145x,11-20,1,1931.0,130344.2687728,777.0
145x,21+,0,934.0,65267.6398676,358.0
145x,21+,1,2689.0,164971.8394263,924.0
145x,3-5,0,150.0,8785.0799404,56.0
145x,3-5,1,690.0,41864.6797223,262.0
145x,6-10,0,163.0,10427.4200226,63.0
145x,6-10,1,946.0,60385.7595469,365.0
145x,na,0,58.0,2612.089962,13.0
145x,na,1,176.0,9280.4898854,59.0
146a,11-20,0,31.0,1663.369932,6.0
146a,11-20,1,347.0,19589.929361,61.0
146a,21+,0,289.0,15994.459614,50.0
146a,21+,1,1055.0,52126.96901088,145.0
146a,6-10,1,106.0,5710.07981,11.0
146a,na,1,19.0,414.54,0.0
146b,11-20,1,38.0,2294.6299390000004,6.0
146b,21+,0,21.0,1358.529977,5.0
146b,21+,1,95.0,5540.209908,15.0
146c,11-20,1,96.0,5661.739807,25.0
146c,21+,1,22.0,1144.049956,0.0
146c,6-10,1,21.0,1152.449953,5.0
146d,11-20,1,43.0,2264.5499339999997,5.0
146d,21+,0,54.0,2174.7799947,5.0
146d,21+,1,269.0,9582.2299023,11.0
146e,0-2,1,27.0,1537.289973,0.0
146e,11-20,1,241.0,13812.769706,13.0
146e,21+,0,345.0,18737.159832,73.0
146e,21+,1,716.0,37284.029659,105.0
146e,3-5,1,10.0,483.49998,0.0
146e,6-10,1,37.0,1917.749941,0.0
146e,na,1,35.0,1003.92,0.0
146f,11-20,1,59.0,4240.989971,23.0
146f,3-5,1,13.0,973.389989,6.0
146f,6-10,1,19.0,1418.0499949999999,6.0
146g,0-2,1,372.0,27539.979368,224.0
146g,11-20,0,93.0,6715.719975,35.0
146g,11-20,1,1272.0,92697.968929,502.0
146g,21+,0,632.0,44994.439812,166.0
146g,21+,1,2984.0,210392.488701,906.0
146g,3-5,0,21.0,1555.429983,8.0
146g,3-5,1,446.0,32996.419362,237.0
146g,6-10,0,60.0,4317.949955,20.0
146g,6-10,1,933.0,68604.94881500001,463.0
146g,na,0,84.0,5847.0,10.0
146g,na,1,123.0,7639.989992,7.0
146h,0-2,1,121.0,9087.869777,84.0
146h,11-20,1,296.0,21640.919573,171.0
146h,21+,0,107.0,8316.329979,54.0
146h,21+,1,750.0,52587.749302,353.0
146h,3-5,1,116.0,8719.419787,81.0
146h,6-10,1,209.0,15544.629631,138.0
146h,na,1,44.0,2337.970007,0.0
146i,0-2,1,20.0,1463.320012,0.0
146i,11-20,1,40.0,2962.1999450000003,20.0
146i,21+,0,23.0,1457.560001,0.0
146i,21+,1,78.0,5322.699971,22.0
146i,3-5,1,30.0,2206.59999,7.0
146i,6-10,1,89.0,6399.369953,23.0
146j,0-2,1,161.0,12198.969517000001,161.0
146j,11-20,0,16.0,1212.319952,16.0
146j,11-20,1,262.0,19859.699276000003,247.0
146j,21+,0,256.0,18997.00937,214.0
146j,21+,1,1410.0,96071.70701499999,1001.0
146j,3-5,1,155.0,11744.349535000001,155.0
146j,6-10,0,13.0,985.0099610000001,13.0
146j,6-10,1,201.0,15229.769397,201.0
146j,na,0,32.0,2424.639904,32.0
146j,na,1,168.0,6516.039873000001,41.0
146k,0-2,1,241.0,17814.809445,187.0
146k,11-20,0,43.0,2464.92996,20.0
146k,11-20,1,774.0,54724.118717,468.0
146k,21+,0,436.0,30573.549706,190.0
146k,21+,1,1997.0,136846.9478674,954.0
146k,3-5,1,194.0,14639.619562000002,158.0
146k,6-10,1,352.0,26119.879302999998,256.0
146k,na,1,16.0,1199.039984,8.0
146l,0-2,1,56.0,4243.119832,56.0
146l,11-20,1,69.0,5216.509821000001,62.0
146l,21+,0,94.0,6341.9798086,60.0
146l,21+,1,542.0,37493.158911,361.0
146l,3-5,1,38.0,2879.2598860000003,38.0
146l,6-10,1,65.0,4925.049805000001,65.0
146l,na,0,14.0,1060.779958,14.0
146l,na,1,62.0,1721.9599825,6.0
146x,0-2,0,524.0,24479.7199422,51.0
146x,0-2,1,1889.0,100387.4775676,230.0
146x,11-20,0,216.0,12866.349787000001,27.0
146x,11-20,1,1304.0,83938.358257,467.0
146x,21+,0,40.0,2179.6599760000004,12.0
146x,21+,1,234.0,15213.879719,87.0
146x,3-5,0,228.0,13093.609758999999,8.0
146x,3-5,1,1026.0,57606.598363,158.0
146x,6-10,0,404.0,23322.5196654,17.0
146x,6-10,1,1406.0,82973.268084,294.0
146x,na,0,12.0,79.44000299999999,0.0
146x,na,1,50.0,2104.0799749,15.0
149a,0-2,0,16.0,975.410004,0.0
149a,0-2,1,1331.0,83212.787789,128.0
149a,11-20,0,368.0,23547.869398,46.0
149a,11-20,1,2973.0,187200.955189,304.0
149a,21+,0,740.0,46652.90898,134.0
149a,21+,1,1730.0,99867.308048,222.0
149a,3-5,1,1361.0,84414.91753800001,85.0
149a,6-10,0,57.0,3523.1999319999995,0.0
149a,6-10,1,1585.0,99664.04714800001,119.0
149a,na,1,43.0,1280.75999,0.0
149b,21+,0,32.0,2416.339924,27.0
149b,21+,1,173.0,12942.639550000002,146.0
149b,na,1,21.0,1591.1699370000001,21.0
149d,0-2,0,12.0,815.6399700000001,6.0
149d,0-2,1,1325.0,83948.52741299999,199.0
149d,11-20,0,21.0,1341.569953,5.0
149d,11-20,1,389.0,24866.21927,61.0
149d,21+,1,23.0,1493.109947,7.0
149d,3-5,0,13.0,782.209974,0.0
149d,3-5,1,1821.0,114825.41643399998,249.0
149d,6-10,0,44.0,2756.679905,7.0
149d,6-10,1,1775.0,112276.92672,199.0
149x,0-2,0,650.0,35072.9800475,151.0
149x,0-2,1,3251.0,193186.2387911,998.0
149x,11-20,0,2651.0,144948.9003763,726.0
149x,11-20,1,9056.0,481821.6990143,2337.0
149x,21+,0,1217.0,58284.8301359,243.0
149x,21+,1,3889.0,181776.29937176,788.0
149x,3-5,0,279.0,16400.9600242,79.0
149x,3-5,1,1467.0,87904.1497204,434.0
149x,6-10,0,514.0,29283.5799806,166.0
149x,6-10,1,2090.0,120565.1693997,662.0
149x,na,0,492.0,19625.7000401,66.0
149x,na,1,2143.0,86956.6495477,280.0
210z,0-2,0,16.0,707.8400200000001,0.0
210z,0-2,1,10.0,430.30001,0.0
210z,3-5,1,11.0,742.920006,6.0
210z,na,0,18.0,469.5400108,0.0
210z,na,1,63.0,1976.329984,8.0
211a,0-2,0,84.0,3106.750054,5.0
211a,0-2,1,225.0,9604.810085100002,24.0
211a,11-20,0,82.0,3744.3300429,18.0
211a,11-20,1,410.0,23170.540039,124.0
211a,21+,0,290.0,15877.189953000001,96.0
211a,21+,1,1152.0,58605.8098396,267.0
211a,3-5,0,51.0,1917.000023,0.0
211a,3-5,1,199.0,8691.5400808,19.0
211a,6-10,0,85.0,3296.0800387,10.0
211a,6-10,1,345.0,16644.0200438,63.0
211a,na,1,171.0,8893.559953,41.0
211b,0-2,0,30.0,2017.8000580000003,16.0
211b,0-2,1,99.0,7959.260182999999,74.0
211b,11-20,0,66.0,5010.740097,48.0
211b,11-20,1,371.0,29748.43033,285.0
211b,21+,0,31.0,2762.7900489999997,31.0
211b,21+,1,217.0,17610.380203,182.0
211b,3-5,0,14.0,1270.22003,14.0
211b,3-5,1,61.0,5128.300093,51.0
211b,6-10,0,47.0,3744.390057,29.0
211b,6-10,1,191.0,15864.090177,155.0
211x,0-2,0,11.0,242.2300106,0.0
211x,0-2,1,27.0,1458.360012,7.0
211x,11-20,1,12.0,413.009993,0.0
211x,na,0,17.0,458.289988,5.0
211x,na,1,90.0,3887.5600509,16.0
212a,0-2,0,169.0,7711.2500871,5.0
212a,0-2,1,605.0,35025.3301148,25.0
212a,11-20,0,116.0,7895.110015,18.0
212a,11-20,1,760.0,51706.630025,129.0
212a,21+,0,316.0,20427.770016,25.0
212a,21+,1,1552.0,101970.4799405,219.0
212a,3-5,0,169.0,9373.5700877,31.0
212a,3-5,1,631.0,38512.3300481,68.0
212a,6-10,0,234.0,15077.460148,61.0
212a,6-10,1,851.0,55169.960062,126.0
212a,na,0,13.0,819.0,0.0
212a,na,1,54.0,3463.25,0.0
212b,0-2,0,118.0,5166.4000834,10.0
212b,0-2,1,166.0,7829.7801499,8.0
212b,11-20,0,322.0,20972.860256,98.0
212b,11-20,1,440.0,29922.180117,152.0
212b,21+,0,381.0,26118.400352,86.0
212b,21+,1,474.0,31967.960160000002,165.0
212b,3-5,0,101.0,4629.2900866,13.0
212b,3-5,1,139.0,6581.6700951,13.0
212b,6-10,0,102.0,4356.150066,0.0
212b,6-10,1,110.0,5678.620077,5.0
212c,0-2,1,19.0,1507.480024,14.0
212c,11-20,0,38.0,3283.4900509999998,38.0
212c,11-20,1,217.0,17674.120115,164.0
212c,21+,0,44.0,3873.320054,44.0
212c,21+,1,152.0,12719.870085,130.0
212c,3-5,1,46.0,4133.840017,46.0
212c,6-10,0,49.0,3748.710064,29.0
212c,6-10,1,108.0,8529.130046,73.0
212x,0-2,0,298.0,13634.260113600001,34.0
212x,0-2,1,499.0,25330.7900894,41.0
212x,11-20,0,118.0,7570.100103000001,13.0
212x,11-20,1,250.0,14676.600021,16.0
212x,21+,0,19.0,1258.50002,0.0
212x,21+,1,74.0,4795.150012,0.0
212x,3-5,0,38.0,2304.280041,0.0
212x,3-5,1,79.0,4617.40003,0.0
212x,6-10,0,83.0,5199.490069,9.0
212x,6-10,1,132.0,7784.660019,0.0
212x,na,0,61.0,1798.4900108,0.0
212x,na,1,171.0,7718.6099878,12.0
213a,0-2,0,89.0,5509.7200707,41.0
213a,0-2,1,124.0,8621.410100000001,71.0
213a,11-20,0,152.0,13158.94017,140.0
213a,11-20,1,227.0,18449.650196,175.0
213a,21+,1,15.0,1320.240006,15.0
213a,3-5,0,162.0,12867.390213,127.0
213a,3-5,1,218.0,16071.0402138,140.0
213a,6-10,0,296.0,23508.050281,216.0
213a,6-10,1,441.0,33974.25029,314.0
213b,0-2,0,159.0,7843.380042,31.0
213b,0-2,1,225.0,13130.4000596,73.0
213b,11-20,0,245.0,17107.420174,138.0
213b,11-20,1,412.0,28967.3501696,246.0
213b,21+,0,47.0,3570.44,34.0
213b,21+,1,115.0,9089.870012,97.0
213b,3-5,0,94.0,5859.400006,35.0
213b,3-5,1,173.0,11787.62012,97.0
213b,6-10,0,124.0,7566.980038,42.0
213b,6-10,1,196.0,13039.980113000001,110.0
213c,11-20,0,98.0,7482.870115,67.0
213c,11-20,1,173.0,12474.40012,109.0
213c,21+,0,52.0,4125.94005,33.0
213c,21+,1,124.0,9517.440088,91.0
213c,6-10,0,11.0,318.559989,0.0
213d,0-2,0,512.0,30460.210443699998,245.0
213d,0-2,1,495.0,32991.1703068,274.0
213d,11-20,0,683.0,57141.440637,555.0
213d,11-20,1,1024.0,78015.88039,674.0
213d,21+,0,147.0,12246.990127000001,120.0
213d,21+,1,393.0,29020.350159999998,245.0
213d,3-5,0,499.0,39553.5205288,395.0
213d,3-5,1,432.0,33564.620279,329.0
213d,6-10,0,682.0,54572.370517999996,526.0
213d,6-10,1,681.0,51199.8703815,450.0
213x,0-2,0,1105.0,51255.720664500004,222.0
213x,0-2,1,1247.0,61673.450674,316.0
213x,11-20,0,775.0,61008.1906507,540.0
213x,11-20,1,1497.0,107739.6606009,888.0
213x,21+,0,202.0,17168.100227,169.0
213x,21+,1,403.0,31880.860214,305.0
213x,3-5,0,214.0,14810.6101937,121.0
213x,3-5,1,261.0,16252.1801362,119.0
213x,6-10,0,402.0,30538.6003892,283.0
213x,6-10,1,646.0,43160.5104655,337.0
213x,na,0,32.0,2897.4100590000003,32.0
213x,na,1,66.0,4678.3200798,48.0
214a,11-20,0,22.0,1529.799959,17.0
214a,11-20,1,72.0,5283.929869,62.0
214a,21+,1,32.0,2456.499904,32.0
214a,6-10,0,13.0,772.009996,6.0
214a,6-10,1,22.0,1497.179964,16.0
214b,0-2,1,16.0,698.6300269999999,0.0
214b,11-20,0,30.0,2379.159945,23.0
214b,11-20,1,78.0,5419.789895,38.0
214b,21+,0,44.0,3957.799868,44.0
214b,21+,1,118.0,9601.939718,94.0
214b,6-10,0,15.0,893.050005,5.0
214b,6-10,1,20.0,1250.600015,5.0
214c,0-2,0,11.0,781.210022,6.0
214c,0-2,1,20.0,875.950035,0.0
214c,11-20,0,80.0,7002.270008,70.0
214c,11-20,1,212.0,17359.080014,170.0
214c,21+,0,25.0,2015.899955,20.0
214c,21+,1,98.0,8501.279886,98.0
214c,3-5,0,27.0,1831.800044,13.0
214c,3-5,1,17.0,1544.050006,17.0
214c,6-10,0,46.0,4045.3100919999997,41.0
214c,6-10,1,61.0,5081.600074,49.0
214x,0-2,0,379.0,19741.1102366,107.0
214x,0-2,1,593.0,38371.4500902,299.0
214x,11-20,0,450.0,35243.2299334,337.0
214x,11-20,1,909.0,72896.439569,704.0
214x,21+,0,55.0,4817.709946999999,50.0
214x,21+,1,169.0,13957.119837,142.0
214x,3-5,0,263.0,18908.650115,163.0
214x,3-5,1,453.0,35206.089922,340.0
214x,6-10,0,408.0,32826.96006,338.0
214x,6-10,1,747.0,60602.939829,595.0
214x,na,0,85.0,6570.4899639,74.0
214x,na,1,178.0,15076.7998775,168.0
215z,0-2,0,101.0,3417.8300811000004,0.0
215z,0-2,1,135.0,6293.200025,21.0
215z,11-20,0,169.0,7892.130054,21.0
215z,11-20,1,456.0,21784.950027,95.0
215z,21+,1,88.0,4306.319998,13.0
215z,3-5,0,52.0,2449.3400284,11.0
215z,3-5,1,131.0,5502.890028,12.0
215z,6-10,0,119.0,4672.120038200001,12.0
215z,6-10,1,227.0,10866.0700222,47.0
215z,na,1,18.0,466.4800007,0.0
219z,0-2,0,923.0,46221.810425100004,206.0
219z,0-2,1,1413.0,76457.4702979,378.0
219z,11-20,0,1220.0,80275.450367,593.0
219z,11-20,1,2645.0,159137.1802982,1046.0
219z,21+,0,652.0,40406.960169800004,288.0
219z,21+,1,1513.0,83090.2600651,490.0
219z,3-5,0,388.0,23382.1002521,164.0
219z,3-5,1,652.0,41535.5901474,279.0
219z,6-10,0,756.0,49185.0703741,336.0
219z,6-10,1,1359.0,87873.1102509,600.0
219z,na,0,209.0,10933.6600266,75.0
219z,na,1,594.0,27411.6999287,111.0
220z,0-2,0,11.0,401.11001,0.0
220z,0-2,1,60.0,2210.9900243,6.0
220z,na,0,25.0,395.39000469999996,0.0
220z,na,1,66.0,1793.0099811,5.0
221a,0-2,0,43.0,2226.150021,0.0
221a,0-2,1,259.0,16090.890143999999,43.0
221a,11-20,0,134.0,8552.690129,8.0
221a,11-20,1,1006.0,64533.370726999994,112.0
221a,21+,0,504.0,31571.530475999996,18.0
221a,21+,1,1368.0,85998.29119,98.0
221a,3-5,0,30.0,1683.660021,0.0
221a,3-5,1,249.0,16218.000198999998,51.0
221a,6-10,0,53.0,3192.970021,5.0
221a,6-10,1,404.0,25839.710264,75.0
221b,0-2,1,48.0,2536.32,0.0
221b,11-20,0,24.0,1400.460014,0.0
221b,11-20,1,123.0,7352.440099,0.0
221b,21+,0,169.0,9288.760065,14.0
221b,21+,1,282.0,14380.950059,5.0
221b,3-5,1,91.0,4808.4400000000005,0.0
221b,6-10,0,15.0,858.750007,0.0
221b,6-10,1,86.0,4752.140022,0.0
221x,0-2,0,121.0,4838.9600077,8.0
221x,0-2,1,154.0,6395.6399982,29.0
221x,11-20,0,27.0,1592.090002,6.0
221x,11-20,1,238.0,14890.3199404,98.0
221x,21+,0,49.0,3794.860073,26.0
221x,21+,1,172.0,11377.800019,66.0
221x,3-5,1,23.0,1603.200011,10.0
221x,6-10,1,55.0,3682.8699500000002,22.0
221x,na,0,22.0,1370.3800219999998,0.0
221x,na,1,27.0,1314.4700228,0.0
222a,0-2,1,37.0,3230.920031,32.0
222a,11-20,0,38.0,3465.0600600000002,33.0
222a,11-20,1,202.0,17525.340008,183.0
222a,21+,0,14.0,1337.8600330000002,14.0
222a,21+,1,64.0,5756.110033,59.0
222a,3-5,0,13.0,1142.460018,13.0
222a,3-5,1,70.0,6166.240033,63.0
222a,6-10,0,45.0,3809.3600699999997,31.0
222a,6-10,1,83.0,7205.170023,83.0
222b,0-2,0,17.0,931.599999,6.0
222b,0-2,1,89.0,7093.56005,67.0
222b,11-20,0,227.0,15374.5701288,105.0
222b,11-20,1,1166.0,76715.9501678,540.0
222b,21+,0,259.0,19941.390219,154.0
222b,21+,1,980.0,67423.1402655,516.0
222b,3-5,1,124.0,9571.540066,94.0
222b,6-10,0,37.0,2899.4999740000003,30.0
222b,6-10,1,460.0,32155.5901349,239.0
222c,11-20,1,90.0,7376.589977,70.0
222c,21+,1,76.0,6209.990040000001,63.0
222c,6-10,1,29.0,2261.849986,23.0
222d,11-20,1,119.0,9265.639957,86.0
222d,21+,0,43.0,3451.2500529999998,33.0
222d,21+,1,149.0,11602.100084,103.0
222d,3-5,1,11.0,886.6700020000001,11.0
222d,6-10,1,32.0,2486.320005,26.0
222e,11-20,1,50.0,4140.659936,44.0
222e,21+,1,28.0,2429.140024,28.0
222e,6-10,1,31.0,2423.269967,21.0
222f,21+,1,39.0,2908.390014,23.0
222h,11-20,0,25.0,1754.729984,16.0
222h,11-20,1,105.0,6426.8999969999995,34.0
222h,21+,1,72.0,4449.679988,25.0
222h,6-10,1,23.0,1535.109985,13.0
222i,11-20,1,10.0,848.6999900000001,10.0
222k,0-2,0,20.0,1475.2500599999998,15.0
222k,0-2,1,82.0,5719.2701720000005,58.0
222k,11-20,0,12.0,1036.920048,12.0
222k,11-20,1,124.0,9662.200217000001,101.0
222k,21+,0,15.0,1316.2500400000001,15.0
222k,21+,1,48.0,3400.090051,35.0
222k,3-5,0,63.0,4860.140203,52.0
222k,3-5,1,158.0,10041.420313,90.0
222k,6-10,0,77.0,6400.620288,72.0
222k,6-10,1,194.0,13413.870385,132.0
222x,0-2,0,147.0,6503.9300769,23.0
222x,0-2,1,347.0,17770.840199,101.0
222x,11-20,0,71.0,5158.8300770000005,45.0
222x,11-20,1,420.0,29620.130012999998,233.0
222x,21+,0,73.0,6145.860076,62.0
222x,21+,1,341.0,24502.370123,202.0
222x,3-5,1,64.0,5111.150048,44.0
222x,6-10,0,38.0,2697.700043,26.0
222x,6-10,1,229.0,17677.3600155,166.0
222x,na,0,42.0,1254.6800135,0.0
222x,na,1,210.0,9280.7400651,41.0
223a,0-2,0,24.0,1355.84003,8.0
223a,0-2,1,104.0,8790.150016,99.0
223a,11-20,0,27.0,2284.7700370000002,22.0
223a,11-20,1,214.0,18386.200083,202.0
223a,21+,0,51.0,4462.350081,46.0
223a,21+,1,160.0,13590.660119,145.0
223a,3-5,1,90.0,7572.409978,84.0
223a,6-10,0,48.0,4087.490073,48.0
223a,6-10,1,221.0,18699.970089000002,198.0
223c,0-2,1,17.0,1468.970068,17.0
223c,11-20,0,27.0,2333.070108,27.0
223c,11-20,1,154.0,11585.950402,109.0
223c,21+,0,11.0,950.510044,11.0
223c,21+,1,27.0,2333.070108,27.0
223c,3-5,1,23.0,1987.430092,23.0
223c,6-10,0,23.0,1987.430092,23.0
223c,6-10,1,64.0,5460.9602270000005,59.0
223c,na,1,10.0,864.10004,10.0
223d,0-2,0,39.0,2527.8700470000003,18.0
223d,0-2,1,137.0,9542.090095,77.0
223d,11-20,0,84.0,7571.890007,77.0
223d,11-20,1,409.0,33905.880168,340.0
223d,21+,0,139.0,12250.010106,126.0
223d,21+,1,376.0,30320.190197,295.0
223d,3-5,0,22.0,1795.80001,17.0
223d,3-5,1,128.0,9637.350143399999,78.0
223d,6-10,0,58.0,4938.840005,46.0
223d,6-10,1,249.0,21150.080192999998,214.0
223x,0-2,0,108.0,4753.88007,20.0
223x,0-2,1,209.0,11713.9601323,75.0
223x,11-20,1,17.0,1321.610017,9.0
223x,3-5,1,21.0,1816.450042,21.0
223x,6-10,1,29.0,2545.5400179999997,29.0
225a,0-2,0,31.0,1293.0900225,6.0
225a,0-2,1,131.0,10057.150064,93.0
225a,11-20,0,86.0,6923.760032,66.0
225a,11-20,1,790.0,61257.970251,550.0
225a,21+,0,165.0,13433.340089000001,127.0
225a,21+,1,751.0,54334.570255,466.0
225a,3-5,1,166.0,13488.180114,125.0
225a,6-10,0,23.0,2039.6399900000001,23.0
225a,6-10,1,372.0,30992.310215,304.0
225b,0-2,0,11.0,283.13001249999996,0.0
225b,0-2,1,83.0,6737.880091999999,59.0
225b,11-20,0,51.0,4881.280044,51.0
225b,11-20,1,518.0,40831.750455,356.0
225b,21+,0,57.0,5355.100073,57.0
225b,21+,1,352.0,29338.010428,303.0
225b,3-5,0,13.0,1261.520013,13.0
225b,3-5,1,115.0,9772.850159,87.0
225b,6-10,0,27.0,2558.900041,27.0
225b,6-10,1,200.0,16414.73023,150.0
225c,0-2,0,42.0,2523.270053,15.0
225c,0-2,1,110.0,8139.580175,81.0
225c,11-20,0,30.0,2407.1400350000004,24.0
225c,11-20,1,309.0,23180.680232,215.0
225c,21+,0,213.0,18083.200153,185.0
225c,21+,1,589.0,48008.350574,472.0
225c,3-5,0,34.0,2287.81006,17.0
225c,3-5,1,147.0,10748.480183,99.0
225c,6-10,0,66.0,5155.890056,49.0
225c,6-10,1,352.0,26142.560412,227.0
225x,0-2,0,312.0,12259.160140599999,38.0
225x,0-2,1,430.0,20494.7802304,101.0
225x,11-20,0,96.0,6876.210101,50.0
225x,11-20,1,520.0,33816.460293000004,259.0
225x,21+,0,52.0,4555.350031,45.0
225x,21+,1,232.0,17166.630148,157.0
225x,3-5,0,12.0,539.500007,0.0
225x,3-5,1,95.0,6050.120079,46.0
225x,6-10,0,30.0,1811.1700270000001,11.0
225x,6-10,1,127.0,8012.420078,56.0
225x,na,1,35.0,723.3300049,0.0
226z,0-2,0,71.0,3543.0400686000003,18.0
226z,0-2,1,185.0,12112.360115,99.0
226z,11-20,0,12.0,1125.290007,12.0
226z,11-20,1,248.0,20035.179952,198.0
226z,21+,0,55.0,4944.180053,55.0
226z,21+,1,234.0,18309.220063,186.0
226z,3-5,1,115.0,9841.070111,97.0
226z,6-10,1,175.0,14853.740087,153.0
229z,0-2,0,2658.0,129283.7209825,602.0
229z,0-2,1,4711.0,262252.74083,1547.0
229z,11-20,0,2770.0,182898.7808282,1333.0
229z,11-20,1,7086.0,439279.79160854,3089.0
229z,21+,0,2544.0,175997.1707185,1333.0
229z,21+,1,6181.0,386968.39176008,2815.0
229z,3-5,0,669.0,39476.0602255,268.0
229z,3-5,1,1857.0,117034.1908207,814.0
229z,6-10,0,1226.0,76732.3905906,523.0
229z,6-10,1,3158.0,197768.5310099,1415.0
229z,na,0,543.0,30561.1802153,173.0
229z,na,1,1809.0,93644.7104104,540.0
310a,21+,0,19.0,1718.790003,19.0
310a,21+,1,108.0,8216.579998,57.0
310b,21+,0,415.0,31528.510089,256.0
310b,21+,1,1358.0,90055.1701707,719.0
310b,na,1,66.0,4630.960007,41.0
310x,0-2,0,825.0,38430.0304988,153.0
310x,0-2,1,1364.0,71248.7605653,364.0
310x,11-20,0,115.0,9376.440065,79.0
310x,11-20,1,601.0,46194.260118,360.0
310x,21+,0,58.0,5002.97002,41.0
310x,21+,1,315.0,25226.480014,209.0
310x,3-5,0,21.0,1346.480035,11.0
310x,3-5,1,139.0,9934.250104,71.0
310x,6-10,0,22.0,1787.2000309999999,13.0
310x,6-10,1,185.0,13881.970056,103.0
310x,na,0,33.0,832.8000033999999,0.0
310x,na,1,110.0,2906.300003,0.0
311a,0-2,0,146.0,10614.76989,120.0
311a,0-2,1,1369.0,110611.668672,1356.0
311a,11-20,0,370.0,30085.849681,355.0
311a,11-20,1,2360.0,190523.82802,2228.0
311a,21+,0,318.0,25870.989797,298.0
311a,21+,1,1310.0,103658.129452,1206.0
311a,3-5,0,248.0,20210.979752,248.0
311a,3-5,1,1323.0,107701.948777,1317.0
311a,6-10,0,333.0,26937.669676999998,328.0
311a,6-10,1,1978.0,160927.048273,1940.0
311b,11-20,1,17.0,1380.5699829999999,17.0
311b,21+,0,15.0,1218.149985,15.0
311b,21+,1,65.0,5282.789989,65.0
311b,6-10,1,25.0,2030.249975,25.0
311b,na,0,89.0,7227.6899109999995,89.0
311b,na,1,556.0,45139.939472,550.0
311c,0-2,0,57.0,3783.5700070000003,26.0
311c,0-2,1,397.0,28317.160216,255.0
311c,11-20,0,289.0,21706.480206,219.0
311c,11-20,1,1073.0,81618.840828,838.0
311c,21+,0,43.0,3089.980019,32.0
311c,21+,1,170.0,13207.600254,153.0
311c,3-5,0,56.0,4130.950028,41.0
311c,3-5,1,386.0,28538.740170999998,283.0
311c,6-10,0,173.0,13168.79018,142.0
311c,6-10,1,760.0,56709.300427,553.0
311c,na,0,57.0,4441.650076,50.0
311c,na,1,201.0,15628.610329000001,178.0
311x,0-2,0,1749.0,82776.4506517,354.0
311x,0-2,1,3174.0,179025.6805497,1033.0
311x,11-20,0,779.0,57821.240051,447.0
311x,11-20,1,5046.0,360388.3990649,2775.0
311x,21+,0,304.0,22955.250025,212.0
311x,21+,1,1617.0,115126.1596973,957.0
311x,3-5,0,398.0,26975.980102700003,220.0
311x,3-5,1,1680.0,116837.0100144,855.0
311x,6-10,0,685.0,49867.259966000005,419.0
311x,6-10,1,3256.0,227037.42971700002,1617.0
311x,na,0,24.0,591.2900044,0.0
311x,na,1,59.0,1771.8999809,8.0
312a,0-2,0,418.0,25791.130152,167.0
312a,0-2,1,2219.0,146318.8103903,965.0
312a,11-20,0,634.0,47284.480009,372.0
312a,11-20,1,4540.0,327669.0193416,2361.0
312a,21+,0,240.0,19124.520035,183.0
312a,21+,1,1448.0,106621.44997100001,863.0
312a,3-5,0,372.0,26891.1400748,223.0
312a,3-5,1,2180.0,152155.1003672,1016.0
312a,6-10,0,497.0,37649.499971000005,323.0
312a,6-10,1,3405.0,245820.900172,1731.0
312b,0-2,0,19.0,1077.690027,5.0
312b,0-2,1,112.0,8341.890156,69.0
312b,11-20,0,93.0,8017.840054,76.0
312b,11-20,1,514.0,41833.450197,399.0
312b,21+,0,61.0,5481.4500960000005,61.0
312b,21+,1,313.0,25947.840294,259.0
312b,3-5,0,22.0,1188.69003,0.0
312b,3-5,1,147.0,11337.530154,90.0
312b,6-10,0,26.0,2170.2400239999997,21.0
312b,6-10,1,336.0,26571.650147999997,226.0
312c,0-2,0,189.0,10639.5600933,64.0
312c,0-2,1,652.0,49735.8100156,402.0
312c,11-20,0,128.0,10648.200006,86.0
312c,11-20,1,1052.0,88319.2199065,780.0
312c,21+,0,50.0,4555.590036,50.0
312c,21+,1,365.0,31504.250058,309.0
312c,3-5,0,74.0,5317.08005,42.0
312c,3-5,1,625.0,50894.679925000004,439.0
312c,6-10,0,125.0,10448.160075,89.0
312c,6-10,1,979.0,84273.999838,777.0
312x,0-2,0,960.0,40967.990469000004,129.0
312x,0-2,1,1729.0,80769.83074240001,358.0
312x,11-20,0,132.0,10375.940109000001,82.0
312x,11-20,1,802.0,57459.970109,405.0
312x,21+,1,36.0,2581.560007,19.0
312x,3-5,0,34.0,1771.910045,6.0
312x,3-5,1,181.0,11965.8600372,85.0
312x,6-10,0,23.0,1673.2000240000002,11.0
312x,6-10,1,309.0,21109.420043,139.0
312x,na,1,48.0,1252.5399951,0.0
313z,0-2,0,1755.0,89863.1907404,470.0
313z,0-2,1,4413.0,295741.1221973,2173.0
313z,11-20,0,1012.0,82502.440281,699.0
313z,11-20,1,5238.0,422766.4608248,3589.0
313z,21+,0,666.0,54804.520092,481.0
313z,21+,1,2435.0,193574.6303886,1686.0
313z,3-5,0,609.0,43761.5603475,348.0
313z,3-5,1,2765.0,222049.151103,1867.0
313z,6-10,0,868.0,67940.7304652,558.0
313z,6-10,1,4293.0,351271.00109810004,3053.0
313z,na,0,30.0,1693.8000225,10.0
313z,na,1,53.0,2695.920023,20.0
314a,0-2,0,535.0,42061.230054,401.0
314a,0-2,1,1298.0,115285.6400216,1206.0
314a,11-20,0,669.0,57289.6799834,527.0
314a,11-20,1,2455.0,208123.22005530001,1957.0
314a,21+,0,433.0,36984.989935,321.0
314a,21+,1,1506.0,125782.150015,1143.0
314a,3-5,0,476.0,41740.229794,410.0
314a,3-5,1,1313.0,117363.279966,1214.0
314a,6-10,0,743.0,65395.039771,630.0
314a,6-10,1,1691.0,150774.639967,1512.0
314b,0-2,1,69.0,5917.73004,63.0
314b,11-20,0,12.0,1049.6400119999998,12.0
314b,11-20,1,126.0,11285.979972000001,121.0
314b,21+,1,67.0,5890.880029,60.0
314b,3-5,1,61.0,5425.960018,61.0
314b,6-10,1,105.0,9199.979973,105.0
314x,0-2,0,387.0,19781.2902017,101.0
314x,0-2,1,624.0,40198.7604453,314.0
314x,11-20,1,122.0,10520.200028,100.0
314x,3-5,0,30.0,2474.989966,17.0
314x,3-5,1,84.0,6456.970072,49.0
314x,6-10,0,77.0,5938.989923,24.0
314x,6-10,1,121.0,10360.060013,100.0
319z,0-2,0,3798.0,186920.421487,828.0
319z,0-2,1,6934.0,384944.52232638,2158.0
319z,11-20,0,2815.0,195013.5102376,1351.0
319z,11-20,1,8048.0,537133.3604828,3834.0
319z,21+,0,2143.0,150789.820213,1107.0
319z,21+,1,5234.0,345644.550404,2500.0
319z,3-5,0,762.0,48815.2900546,324.0
319z,3-5,1,2613.0,175350.8806662,1286.0
319z,6-10,0,1292.0,90947.2504385,700.0
319z,6-10,1,3924.0,269589.0104266,2029.0
319z,na,0,588.0,33764.2401637,235.0
319z,na,1,2113.0,101865.4000492,530.0
320z,11-20,1,43.0,3570.3300480000003,38.0
320z,21+,0,104.0,8819.860053,89.0
320z,21+,1,368.0,30456.200114,320.0
320z,na,1,44.0,1695.3100102,10.0
321a,0-2,0,178.0,14299.7500735,135.0
321a,0-2,1,287.0,24660.740024,257.0
321a,11-20,0,496.0,43318.32008,454.0
321a,11-20,1,1293.0,106680.3205017,1106.0
321a,21+,0,539.0,46120.840009,462.0
321a,21+,1,1215.0,100118.390226,1025.0
321a,3-5,0,186.0,16515.800043,174.0
321a,3-5,1,349.0,30654.390043,324.0
321a,6-10,0,420.0,36575.120231,379.0
321a,6-10,1,856.0,73497.160353,772.0
321a,na,0,30.0,2692.230009,30.0
321a,na,1,79.0,7211.080014,79.0
321b,0-2,0,871.0,54459.650665,420.0
321b,0-2,1,1162.0,88543.85082379999,846.0
321b,11-20,0,1087.0,88637.5806676,851.0
321b,11-20,1,3156.0,250269.41136539998,2445.0
321b,21+,0,293.0,25124.420195,251.0
321b,21+,1,1255.0,103125.520556,1039.0
321b,3-5,0,890.0,69109.5407533,664.0
321b,3-5,1,1274.0,104376.520865,1047.0
321b,6-10,0,1330.0,111094.0209926,1121.0
321b,6-10,1,2522.0,204080.671503,2051.0
321x,0-2,0,1296.0,65950.3707561,342.0
321x,0-2,1,1469.0,87665.5307939,608.0
321x,11-20,0,580.0,47402.880366,452.0
321x,11-20,1,1329.0,106286.930562,1006.0
321x,21+,0,109.0,9747.740046,102.0
321x,21+,1,334.0,28922.920162,308.0
321x,3-5,0,157.0,12692.900146,119.0
321x,3-5,1,304.0,23660.550141699998,225.0
321x,6-10,0,323.0,27192.510222,266.0
321x,6-10,1,556.0,45330.240229,434.0
321x,na,1,10.0,453.900007,5.0
322a,0-2,0,18.0,1262.620032,10.0
322a,0-2,1,435.0,35122.9714776,414.0
322a,11-20,0,81.0,6976.230237000001,81.0
322a,11-20,1,1828.0,148773.74565,1756.0
322a,21+,0,269.0,21251.300751,243.0
322a,21+,1,1679.0,130576.71453900001,1484.0
322a,3-5,1,470.0,38466.111678,451.0
322a,6-10,0,34.0,2921.18012,34.0
322a,6-10,1,911.0,75130.773021,888.0
322b,0-2,1,42.0,3533.940124,42.0
322b,11-20,1,74.0,6285.520232000001,74.0
322b,21+,1,10.0,819.10004,10.0
322b,3-5,1,47.0,3917.170163,47.0
322b,6-10,1,54.0,4526.040181,54.0
322x,0-2,0,14.0,720.610001,0.0
322x,0-2,1,154.0,10787.680298,88.0
322x,11-20,1,69.0,5392.59018,59.0
322x,21+,0,41.0,3613.830018,36.0
322x,21+,1,173.0,14225.270199999999,157.0
322x,3-5,1,27.0,2211.570108,27.0
322x,6-10,1,49.0,3414.860133,35.0
329z,0-2,0,511.0,30424.4203806,202.0
329z,0-2,1,605.0,40484.2205127,349.0
329z,11-20,0,507.0,42684.79032,408.0
329z,11-20,1,1090.0,88137.0407534,859.0
329z,21+,0,166.0,14016.590118,135.0
329z,21+,1,489.0,40031.200357,398.0
329z,3-5,0,148.0,11790.890108,116.0
329z,3-5,1,220.0,18718.250244,200.0
329z,6-10,0,233.0,19892.890199,201.0
329z,6-10,1,469.0,39048.200375,411.0
340a,0-2,0,2835.0,204744.9308725,1729.0
340a,0-2,1,6939.0,581532.7194525,5794.0
340a,11-20,0,13084.0,1024748.01854483,8927.0
340a,11-20,1,30612.0,2383180.64011867,21548.0
340a,21+,0,16498.0,1295977.0781706,11129.0
340a,21+,1,33569.0,2588868.93684094,23176.0
340a,3-5,0,3982.0,324724.9499322,3024.0
340a,3-5,1,8564.0,722899.7400208,7134.0
340a,6-10,0,8472.0,696043.909687,6353.0
340a,6-10,1,16607.0,1367108.06042992,12990.0
340a,na,0,535.0,40900.3799713,356.0
340a,na,1,1089.0,69432.3898779,581.0
340b,0-2,1,31.0,2600.420019,31.0
340b,11-20,0,293.0,23855.409903,205.0
340b,11-20,1,393.0,28646.599933,236.0
340b,21+,0,90.0,7765.139916,68.0
340b,21+,1,107.0,9026.789927,77.0
340b,6-10,0,17.0,826.8500035999999,8.0
340b,6-10,1,84.0,3737.2700047999997,18.0
340c,0-2,0,39.0,2549.0700620000002,16.0
340c,0-2,1,119.0,9787.9200495,102.0
340c,11-20,1,29.0,1460.6699982,10.0
340c,21+,0,20.0,1554.100011,8.0
340c,21+,1,47.0,4041.2600300000004,37.0
340c,3-5,0,13.0,1155.4200230000001,13.0
340c,3-5,1,34.0,2482.0600464999998,29.0
340d,0-2,0,103.0,7717.070103,67.0
340d,0-2,1,324.0,26874.510056,264.0
340d,11-20,0,109.0,7210.180025000001,60.0
340d,11-20,1,463.0,27982.6401223,201.0
340d,21+,1,18.0,624.609995,0.0
340d,3-5,0,15.0,640.7500188,0.0
340d,3-5,1,101.0,7361.0500214,68.0
340d,6-10,0,72.0,3103.6500107,19.0
340d,6-10,1,240.0,13027.6600276,98.0
340e,0-2,0,52.0,4711.169977,52.0
340e,0-2,1,290.0,26184.0098634,284.0
340e,11-20,0,47.0,2769.8899982000003,24.0
340e,11-20,1,175.0,8275.0499873,47.0
340e,21+,0,19.0,1756.5899719999998,19.0
340e,21+,1,65.0,3410.0399629,25.0
340e,3-5,0,20.0,1847.499965,20.0
340e,3-5,1,67.0,6180.019951,67.0
340e,6-10,0,18.0,633.360003,6.0
340e,6-10,1,76.0,3745.4600081,30.0
340f,0-2,0,21.0,1188.37002,5.0
340f,0-2,1,72.0,5364.360056,49.0
340f,11-20,1,14.0,1173.239991,14.0
340f,21+,1,31.0,2739.360002,25.0
340g,11-20,0,695.0,33580.6001859,181.0
340g,11-20,1,1906.0,83417.51013124001,398.0
340g,21+,0,721.0,27940.730113,110.0
340g,21+,1,2289.0,85311.99003068,300.0
340g,3-5,1,43.0,2189.7300066,22.0
340g,6-10,0,107.0,4476.5300527,30.0
340g,6-10,1,258.0,13270.1900447,95.0
340g,na,0,52.0,888.190007,0.0
340g,na,1,297.0,8122.6699846,6.0
340x,0-2,0,6790.0,350223.53368068,1912.0
340x,0-2,1,9303.0,595363.81370678,4648.0
340x,11-20,0,3499.0,274203.4002539,2198.0
340x,11-20,1,7158.0,560304.8012501,4852.0
340x,21+,0,1735.0,140300.1499776,1198.0
340x,21+,1,3740.0,297767.9307059,2662.0
340x,3-5,0,1011.0,76275.4303907,637.0
340x,3-5,1,1772.0,133039.7004914,1181.0
340x,6-10,0,1641.0,131614.3803579,1124.0
340x,6-10,1,3036.0,241813.8308542,2177.0
340x,na,0,1067.0,51559.160188300004,318.0
340x,na,1,2743.0,143291.5002089,969.0
341z,0-2,0,2275.0,122222.41176548,486.0
341z,0-2,1,3336.0,209695.871934,1490.0
341z,11-20,0,2084.0,152063.7705071,868.0
341z,11-20,1,3409.0,245277.6011993,1740.0
341z,21+,0,148.0,10978.469963,32.0
341z,21+,1,152.0,10456.710104,62.0
341z,3-5,0,1029.0,72545.7406685,446.0
341z,3-5,1,1724.0,127028.5006832,1105.0
341z,6-10,0,2038.0,150326.3408605,944.0
341z,6-10,1,3201.0,232680.8512258,1754.0
341z,na,0,118.0,5810.1000529,28.0
341z,na,1,213.0,9941.3400748,61.0
342z,0-2,0,724.0,42563.660669100005,280.0
342z,0-2,1,829.0,55294.9906293,419.0
342z,11-20,0,761.0,59048.67047,457.0
342z,11-20,1,1206.0,92263.63062000001,728.0
342z,21+,0,2754.0,210593.0911474,1578.0
342z,21+,1,3514.0,262248.6312473,2105.0
342z,3-5,0,424.0,32767.8804217,300.0
342z,3-5,1,430.0,35267.4403785,347.0
342z,6-10,0,428.0,33861.150373000004,290.0
342z,6-10,1,567.0,41672.2104827,323.0
342z,na,0,191.0,12103.8201718,87.0
342z,na,1,348.0,17613.2601468,119.0
343z,0-2,0,33.0,2308.9300009999997,22.0
343z,0-2,1,166.0,13928.209949,166.0
343z,11-20,0,81.0,6485.789942,64.0
343z,11-20,1,442.0,34383.059810499995,345.0
343z,21+,0,33.0,2961.849929,33.0
343z,21+,1,187.0,14897.949812,152.0
343z,3-5,0,32.0,2690.339968,32.0
343z,3-5,1,87.0,7236.129982,87.0
343z,6-10,0,64.0,5432.239947,64.0
343z,6-10,1,310.0,25263.119951,276.0
343z,na,0,56.0,1333.1000312,0.0
343z,na,1,177.0,7056.7499754,40.0
344z,0-2,0,1126.0,72737.8299834,592.0
344z,0-2,1,1272.0,95965.5298472,929.0
344z,11-20,0,1059.0,92352.2293246,1005.0
344z,11-20,1,1419.0,117016.8895035,1180.0
344z,21+,0,525.0,44249.759738,454.0
344z,21+,1,914.0,71759.3999285,702.0
344z,3-5,0,714.0,60936.2396868,647.0
344z,3-5,1,915.0,79526.55976799999,831.0
344z,6-10,0,1070.0,93885.30941650001,1013.0
344z,6-10,1,1407.0,121541.829576,1262.0
344z,na,0,67.0,3862.5299882,37.0
344z,na,1,215.0,10410.1600009,79.0
345a,0-2,0,140.0,10315.610115,87.0
345a,0-2,1,445.0,32980.620059,273.0
345a,11-20,0,472.0,35370.830249,274.0
345a,11-20,1,1455.0,100879.6203472,697.0
345a,3-5,0,201.0,16750.1201085,168.0
345a,3-5,1,531.0,42640.200161,378.0
345a,6-10,0,280.0,22178.5601805,187.0
345a,6-10,1,712.0,54372.8701886,434.0
345b,0-2,1,125.0,9338.069981,52.0
345b,11-20,0,65.0,4773.8799874999995,50.0
345b,11-20,1,694.0,52371.5398713,435.0
345b,21+,0,1354.0,109425.229959,951.0
345b,21+,1,3516.0,272099.9897941,2336.0
345b,3-5,1,100.0,7916.200023,55.0
345b,6-10,1,93.0,7501.530021999999,76.0
345b,na,0,12.0,992.880018,6.0
345b,na,1,98.0,6385.089997,58.0
345c,0-2,0,252.0,19378.619788,187.0
345c,0-2,1,1016.0,88303.408363,931.0
345c,11-20,0,182.0,15668.699765,172.0
345c,11-20,1,895.0,75292.679057,775.0
345c,21+,0,517.0,41163.309855,392.0
345c,21+,1,1833.0,139803.4194815,1331.0
345c,3-5,0,387.0,33557.989388,355.0
345c,3-5,1,1545.0,134346.67757600002,1393.0
345c,6-10,0,466.0,40831.939366,443.0
345c,6-10,1,1791.0,150418.118039,1537.0
345c,na,1,20.0,1619.3999800000001,20.0
345x,0-2,0,1409.0,73311.7107868,382.0
345x,0-2,1,2426.0,148757.760113,1079.0
345x,11-20,0,723.0,57890.760269,508.0
345x,11-20,1,2019.0,153237.439976,1279.0
345x,21+,0,196.0,15777.47002,130.0
345x,21+,1,778.0,62218.099835,567.0
345x,3-5,0,107.0,7524.6900125,67.0
345x,3-5,1,393.0,27487.4300925,229.0
345x,6-10,0,257.0,20944.690058,200.0
345x,6-10,1,644.0,49010.050132000004,437.0
345x,na,0,57.0,3207.7000402,24.0
345x,na,1,108.0,3661.5400401,10.0
346a,0-2,0,54.0,4426.4400000000005,54.0
346a,0-2,1,1615.0,129596.569975,1602.0
346a,11-20,0,98.0,8102.719999999999,98.0
346a,11-20,1,1567.0,126995.440114,1439.0
346a,21+,0,65.0,5442.4400000000005,65.0
346a,21+,1,285.0,23115.320022,264.0
346a,3-5,0,122.0,9880.1,122.0
346a,3-5,1,2130.0,169527.090058,2015.0
346a,6-10,0,129.0,10562.999979999999,129.0
346a,6-10,1,2162.0,174219.660114,2032.0
346a,na,0,83.0,6805.319992,83.0
346a,na,1,470.0,37379.120047000004,418.0
346x,0-2,0,129.0,5108.3100303,19.0
346x,0-2,1,300.0,19127.2499898,176.0
346x,11-20,1,39.0,3139.5,39.0
346x,21+,0,228.0,19241.12007,183.0
346x,21+,1,584.0,44775.960196,382.0
346x,3-5,1,70.0,6017.680008,65.0
346x,6-10,1,27.0,2173.5,27.0
346x,na,0,133.0,9807.5800108,84.0
346x,na,1,388.0,20828.7900573,159.0
349z,0-2,0,1733.0,98718.5809378,592.0
349z,0-2,1,3056.0,201016.58182038,1453.0
349z,11-20,0,1941.0,153202.4599427,1233.0
349z,11-20,1,4378.0,338903.96053638,2885.0
349z,21+,0,2018.0,157980.7500014,1325.0
349z,21+,1,4234.0,317363.8103474,2778.0
349z,3-5,0,443.0,35833.300177,323.0
349z,3-5,1,955.0,74817.630512,637.0
349z,6-10,0,889.0,72583.460298,608.0
349z,6-10,1,1546.0,124503.260365,1109.0
349z,na,0,986.0,56602.6402559,394.0
349z,na,1,2661.0,132766.0800395,792.0
380a,0-2,0,719.0,50997.5504095,556.0
380a,0-2,1,2470.0,196744.0936864,2373.0
380a,11-20,0,2538.0,202430.748685,2366.0
380a,11-20,1,6861.0,545763.514213,6078.0
380a,21+,0,3946.0,310492.6080706,3356.0
380a,21+,1,9669.0,746500.8733715,7801.0
380a,3-5,0,1081.0,84402.7902698,1035.0
380a,3-5,1,2596.0,210340.843039,2470.0
380a,6-10,0,1846.0,146857.229653,1795.0
380a,6-10,1,4208.0,339505.71354,3918.0
380a,na,1,62.0,4872.790012,56.0
380c,0-2,0,87.0,6458.130026000001,69.0
380c,0-2,1,509.0,41655.4101738,409.0
380c,11-20,0,346.0,29006.419837,316.0
380c,11-20,1,1941.0,158637.630367,1597.0
380c,21+,0,113.0,9361.71005,97.0
380c,21+,1,466.0,36995.500067,362.0
380c,3-5,0,81.0,6839.089975000001,75.0
380c,3-5,1,635.0,52038.440259200004,491.0
380c,6-10,0,264.0,21868.379979,250.0
380c,6-10,1,1323.0,107313.1402404,1027.0
380x,0-2,0,3040.0,151312.1316841,840.0
380x,0-2,1,4138.0,244000.3825931,1806.0
380x,11-20,0,977.0,63615.2400206,494.0
380x,11-20,1,2926.0,180332.37045078,1298.0
380x,21+,0,854.0,56447.3099442,430.0
380x,21+,1,2260.0,136033.0700995,973.0
380x,3-5,0,173.0,12000.0500502,107.0
380x,3-5,1,636.0,45221.5003252,404.0
380x,6-10,0,377.0,25595.669984300002,217.0
380x,6-10,1,1212.0,81318.6003718,663.0
380x,na,0,366.0,12874.7800645,48.0
380x,na,1,907.0,33746.9999177,116.0
420z,na,1,21.0,561.8600031999999,0.0
421a,0-2,0,183.0,10073.2300383,54.0
421a,0-2,1,1086.0,76061.1502067,560.0
421a,11-20,0,446.0,34263.839850000004,287.0
421a,11-20,1,3130.0,224856.32943379998,1664.0
421a,21+,0,511.0,41437.799897,376.0
421a,21+,1,2587.0,191588.1497073,1570.0
421a,3-5,0,119.0,8421.239923,64.0
421a,3-5,1,1027.0,77529.4103217,659.0
421a,6-10,0,210.0,14549.569950000001,109.0
421a,6-10,1,1524.0,109713.0498545,817.0
421b,0-2,1,60.0,4732.670034,35.0
421b,11-20,0,41.0,3547.420012,31.0
421b,11-20,1,420.0,30800.619815000002,222.0
421b,21+,0,40.0,3296.6199930000002,25.0
421b,21+,1,271.0,20448.039976,154.0
421b,3-5,0,10.0,942.0999899999999,10.0
421b,3-5,1,86.0,7242.140034,64.0
421b,6-10,1,123.0,9551.059909,66.0
421x,0-2,0,370.0,13788.5601226,31.0
421x,0-2,1,548.0,24355.7101761,82.0
421x,11-20,0,16.0,953.900032,0.0
421x,11-20,1,183.0,11811.6799775,80.0
421x,21+,1,22.0,1825.0400069999996,17.0
421x,3-5,1,45.0,2109.3400017999998,6.0
421x,6-10,1,65.0,4041.9399639999997,25.0
421x,na,1,68.0,3868.1400115,24.0
422z,0-2,0,361.0,18549.6700884,102.0
422z,0-2,1,1059.0,66433.1999601,439.0
422z,11-20,0,270.0,20984.179879,188.0
422z,11-20,1,1835.0,138192.2493533,1115.0
422z,21+,0,49.0,4331.969945,49.0
422z,21+,1,391.0,30657.669959,270.0
422z,3-5,0,121.0,9210.229984,80.0
422z,3-5,1,768.0,54604.809902,402.0
422z,6-10,0,208.0,16390.17995,146.0
422z,6-10,1,1447.0,107118.299663,848.0
423z,0-2,1,98.0,5874.259904,27.0
423z,11-20,0,30.0,2650.799984,30.0
423z,11-20,1,488.0,33322.269645,200.0
423z,21+,0,36.0,2890.2399480000004,31.0
423z,21+,1,416.0,30295.489789,206.0
423z,3-5,1,100.0,6123.689945,32.0
423z,6-10,0,18.0,1103.739966,8.0
423z,6-10,1,274.0,17931.509764,106.0
429z,0-2,0,59.0,2169.5600429,6.0
429z,0-2,1,232.0,12891.7900277,70.0
429z,11-20,0,32.0,2243.5200409999998,13.0
429z,11-20,1,292.0,17591.999998,120.0
429z,21+,1,82.0,5593.649979,45.0
429z,3-5,1,29.0,2349.990027,22.0
429z,6-10,0,11.0,436.57001,0.0
429z,6-10,1,86.0,5593.869962,33.0
441z,0-2,0,53.0,4963.440052,53.0
441z,0-2,1,359.0,31368.8103535,325.0
441z,11-20,0,135.0,12365.910128000001,117.0
441z,11-20,1,835.0,73155.349883,712.0
441z,21+,0,304.0,26389.620192000002,252.0
441z,21+,1,1260.0,105370.100397,996.0
441z,3-5,0,71.0,6665.780078,71.0
441z,3-5,1,321.0,28255.860241,282.0
441z,6-10,0,80.0,7812.960064000001,80.0
441z,6-10,1,412.0,35719.029994000004,339.0
441z,na,1,17.0,1676.700001,17.0
442z,0-2,0,85.0,4889.2200266,32.0
442z,0-2,1,451.0,31451.9601591,257.0
442z,11-20,0,257.0,19883.860001,154.0
442z,11-20,1,1648.0,125381.63974,1002.0
442z,21+,0,614.0,48615.920108,420.0
442z,21+,1,2377.0,178116.450086,1397.0
442z,3-5,0,59.0,4656.880027,42.0
442z,3-5,1,348.0,28571.160084,264.0
442z,6-10,0,69.0,5557.779983,46.0
442z,6-10,1,583.0,44308.9599995,357.0
442z,na,1,77.0,3811.2400159,22.0
443z,0-2,0,197.0,9564.690065499999,52.0
443z,0-2,1,535.0,35290.1299404,276.0
443z,11-20,0,94.0,7749.98993,78.0
443z,11-20,1,1065.0,81894.6295974,698.0
443z,21+,0,202.0,16896.619868,173.0
443z,21+,1,1055.0,82879.739858,747.0
443z,3-5,0,59.0,4923.419948,54.0
443z,3-5,1,452.0,36338.169919,333.0
443z,6-10,0,134.0,10641.179928,104.0
443z,6-10,1,724.0,58549.659633999996,545.0
443z,na,1,12.0,1005.7199759999999,12.0
449z,0-2,0,179.0,7465.660068,31.0
449z,0-2,1,268.0,14623.080067,79.0
449z,11-20,0,44.0,3859.88005,31.0
449z,11-20,1,196.0,15168.719989000001,129.0
449z,21+,0,18.0,1601.220026,13.0
449z,21+,1,107.0,8802.35004,71.0
449z,3-5,1,66.0,5040.519995000001,44.0
449z,6-10,0,14.0,1248.0100280000001,9.0
449z,6-10,1,78.0,5561.589996,41.0
460z,na,1,34.0,924.6300045,0.0
461z,0-2,0,64.0,4741.030102,37.0
461z,0-2,1,278.0,23366.7302147,229.0
461z,11-20,0,97.0,9089.040135,92.0
461z,11-20,1,569.0,49130.2500746,477.0
461z,21+,0,206.0,18107.700225,168.0
461z,21+,1,785.0,65621.260299,629.0
461z,3-5,0,35.0,3420.560081,35.0
461z,3-5,1,189.0,17283.150139,183.0
461z,6-10,0,54.0,5346.520124,54.0
461z,6-10,1,271.0,24413.060052,242.0
461z,na,0,18.0,857.4600144000001,6.0
461z,na,1,46.0,1718.2800248,8.0
462z,0-2,0,58.0,3736.7400836,28.0
462z,0-2,1,341.0,28354.7103647,287.0
462z,11-20,0,52.0,4825.430084,47.0
462z,11-20,1,466.0,43002.000343,433.0
462z,21+,0,70.0,6554.950065999999,65.0
462z,21+,1,416.0,35230.59017,339.0
462z,3-5,0,37.0,3626.2500670000004,37.0
462z,3-5,1,267.0,25037.620227,255.0
462z,6-10,0,41.0,3981.7600650000004,41.0
462z,6-10,1,324.0,30375.030310000002,313.0
469z,0-2,0,165.0,8405.1400754,41.0
469z,0-2,1,889.0,69303.4905647,641.0
469z,11-20,0,1219.0,88700.0705405,761.0
469z,11-20,1,3896.0,275711.9002909,2294.0
469z,21+,0,1090.0,76751.4303965,627.0
469z,21+,1,3055.0,191492.02037758,1445.0
469z,3-5,0,84.0,7664.980074,78.0
469z,3-5,1,1211.0,101014.7806952,996.0
469z,6-10,0,383.0,31879.800187200002,297.0
469z,6-10,1,1911.0,149277.3700045,1334.0
469z,na,0,553.0,31692.2402168,201.0
469z,na,1,1918.0,109512.7198934,760.0
480z,0-2,1,49.0,4341.620067,43.0
480z,11-20,0,201.0,18340.450104,172.0
480z,11-20,1,729.0,61205.1101296,586.0
480z,21+,0,1780.0,151842.5210456,1398.0
480z,21+,1,4502.0,378612.5619489,3513.0
480z,3-5,1,29.0,2345.529977,21.0
480z,6-10,0,13.0,1286.2200260000002,13.0
480z,6-10,1,96.0,8006.499957,77.0
480z,na,0,132.0,7486.740023400001,53.0
480z,na,1,352.0,18509.750068100002,133.0
481a,0-2,0,2879.0,193466.0221085,1489.0
481a,0-2,1,5160.0,442609.2940934,4158.0
481a,11-20,0,2762.0,249527.5822862,2408.0
481a,11-20,1,5864.0,504530.4423081,4775.0
481a,21+,0,2070.0,185544.71141800002,1762.0
481a,21+,1,5541.0,483460.4628032,4668.0
481a,3-5,0,2357.0,208162.2322757,1978.0
481a,3-5,1,4058.0,365595.9832513,3564.0
481a,6-10,0,3148.0,292714.103307,2875.0
481a,6-10,1,4968.0,441674.6234323,4265.0
481a,na,0,90.0,8186.410085,75.0
481a,na,1,225.0,17776.760107,167.0
481b,0-2,1,101.0,9224.880122999999,101.0
481b,11-20,0,641.0,58269.8406671,566.0
481b,11-20,1,1583.0,137391.5906506,1308.0
481b,21+,0,554.0,52391.390599,507.0
481b,21+,1,1416.0,126862.85073800001,1237.0
481b,3-5,1,89.0,7986.270018,83.0
481b,6-10,0,54.0,5307.300090000001,54.0
481b,6-10,1,218.0,19472.149977,199.0
481x,0-2,0,3839.0,194287.62203928,1026.0
481x,0-2,1,5359.0,336457.76222368,2391.0
481x,11-20,0,1975.0,172870.9415206,1605.0
481x,11-20,1,3840.0,306063.19153088,2726.0
481x,21+,0,696.0,63165.760537,601.0
481x,21+,1,1547.0,132009.430611,1241.0
481x,3-5,0,947.0,77574.2306599,687.0
481x,3-5,1,1669.0,130803.9607726,1149.0
481x,6-10,0,1631.0,141382.4413489,1313.0
481x,6-10,1,2507.0,201904.3413345,1797.0
481x,na,0,1974.0,181773.1518829,1794.0
481x,na,1,7151.0,650466.7458959001,6340.0
482z,na,0,12.0,85.8200033,0.0
482z,na,1,30.0,985.8500178,6.0
489z,0-2,0,640.0,37549.6804556,249.0
489z,0-2,1,1190.0,87247.4905668,716.0
489z,11-20,0,688.0,61829.74051,596.0
489z,11-20,1,1304.0,111286.6306814,1052.0
489z,21+,0,310.0,28319.190294,271.0
489z,21+,1,767.0,67192.570374,635.0
489z,3-5,0,285.0,25219.500195,239.0
489z,3-5,1,664.0,57223.600192,534.0
489z,6-10,0,555.0,49396.7502757,479.0
489z,6-10,1,1086.0,90252.960229,838.0
489z,na,0,201.0,13748.7201472,109.0
489z,na,1,618.0,37945.0201257,282.0
520a,0-2,0,121.0,10760.2401,102.0
520a,0-2,1,672.0,60138.640487,596.0
520a,11-20,0,755.0,68654.880556,660.0
520a,11-20,1,1999.0,174535.250726,1594.0
520a,21+,0,1384.0,123128.960738,1134.0
520a,21+,1,3114.0,266936.5805129,2442.0
520a,3-5,0,233.0,21994.600269000002,222.0
520a,3-5,1,696.0,62813.750607,620.0
520a,6-10,0,475.0,44760.690492,441.0
520a,6-10,1,952.0,85918.62055600001,828.0
520b,21+,0,87.0,6637.940057,37.0
520b,21+,1,285.0,21484.710112,156.0
520x,0-2,0,704.0,38198.5704116,224.0
520x,0-2,1,1052.0,72445.8606585,548.0
520x,11-20,0,227.0,19805.110258,172.0
520x,11-20,1,772.0,60228.9002494,500.0
520x,21+,0,215.0,15849.330073000001,113.0
520x,21+,1,846.0,60574.480166,468.0
520x,3-5,0,88.0,8123.8801140000005,75.0
520x,3-5,1,284.0,24084.790308,228.0
520x,6-10,0,172.0,15503.960224,144.0
520x,6-10,1,375.0,30878.240254,268.0
520x,na,0,151.0,4122.2799983,8.0
520x,na,1,307.0,10069.6800556,26.0
521a,0-2,0,181.0,14499.100162,124.0
521a,0-2,1,1168.0,100151.410646,930.0
521a,11-20,0,1244.0,102405.240645,846.0
521a,11-20,1,4265.0,346847.550951,2910.0
521a,21+,0,2978.0,237963.9410998,1886.0
521a,21+,1,7438.0,591117.7121821999,5011.0
521a,3-5,0,461.0,39470.840357,359.0
521a,3-5,1,1473.0,127774.700771,1213.0
521a,6-10,0,817.0,70059.390588,640.0
521a,6-10,1,2235.0,189135.750739,1714.0
521b,0-2,0,184.0,9716.3201039,50.0
521b,0-2,1,938.0,63214.7703657,446.0
521b,11-20,0,901.0,66816.610581,461.0
521b,11-20,1,3368.0,254681.070846,1952.0
521b,21+,0,5288.0,344699.7622949,1943.0
521b,21+,1,12299.0,813844.3531147,5369.0
521b,3-5,0,254.0,17810.250208,118.0
521b,3-5,1,1075.0,78174.040511,593.0
521b,6-10,0,592.0,44545.190459,337.0
521b,6-10,1,1811.0,135869.7806164,1086.0
521b,na,0,15.0,1181.40003,5.0
521b,na,1,25.0,1442.650025,10.0
521c,0-2,0,171.0,6157.8500845,11.0
521c,0-2,1,704.0,35332.380095399996,186.0
521c,11-20,0,280.0,13340.9201332,56.0
521c,11-20,1,1262.0,71532.0302117,429.0
521c,21+,0,294.0,13489.7700938,37.0
521c,21+,1,759.0,39703.0301196,185.0
521c,3-5,0,116.0,4447.1700484,13.0
521c,3-5,1,477.0,24248.770080399998,139.0
521c,6-10,0,211.0,9441.8200999,53.0
521c,6-10,1,776.0,40906.5701171,230.0
521x,0-2,0,2531.0,109899.0111361,411.0
521x,0-2,1,4313.0,267781.4218242,1888.0
521x,11-20,0,1285.0,94368.5606159,667.0
521x,11-20,1,4420.0,326783.5310359,2552.0
521x,21+,0,974.0,72827.870726,517.0
521x,21+,1,3001.0,226910.94084952,1810.0
521x,3-5,0,402.0,29078.850289500002,220.0
521x,3-5,1,1682.0,129619.8307228,1121.0
521x,6-10,0,740.0,56335.040556,421.0
521x,6-10,1,2323.0,178152.9405479,1500.0
521x,na,0,127.0,2819.1000009,0.0
521x,na,1,202.0,5699.42003718,12.0
522a,0-2,0,104.0,8238.980042000001,69.0
522a,0-2,1,539.0,45120.910216,404.0
522a,11-20,0,710.0,62149.730389000004,564.0
522a,11-20,1,1938.0,165118.020524,1462.0
522a,21+,0,2069.0,179705.95073,1620.0
522a,21+,1,4502.0,377768.1904408,3433.0
522a,3-5,0,208.0,16965.640113,148.0
522a,3-5,1,626.0,52526.580248,479.0
522a,6-10,0,369.0,30859.570241,264.0
522a,6-10,1,880.0,74035.5102,658.0
522b,0-2,0,46.0,3545.990027,27.0
522b,0-2,1,331.0,23981.430031,165.0
522b,11-20,0,475.0,35461.200176,234.0
522b,11-20,1,1984.0,149110.22013980002,1143.0
522b,21+,0,2425.0,162615.8004382,938.0
522b,21+,1,6242.0,425941.65032286,2812.0
522b,3-5,0,109.0,8056.110078,58.0
522b,3-5,1,413.0,30923.080146,225.0
522b,6-10,0,247.0,18348.560236,125.0
522b,6-10,1,884.0,66804.46021409999,515.0
522c,0-2,0,246.0,10218.879913499999,17.0
522c,0-2,1,867.0,45209.5897944,192.0
522c,11-20,0,247.0,11334.799949,35.0
522c,11-20,1,679.0,39112.019846,207.0
522c,21+,1,22.0,1249.599998,10.0
522c,3-5,0,200.0,9394.9199585,28.0
522c,3-5,1,689.0,41689.879825,248.0
522c,6-10,0,306.0,14964.989905,52.0
522c,6-10,1,783.0,48472.329813000004,298.0
522d,0-2,0,88.0,3262.860011,0.0
522d,0-2,1,240.0,6555.590004,0.0
522d,11-20,0,314.0,11522.520004,13.0
522d,11-20,1,797.0,36668.910108,102.0
522d,21+,0,330.0,18893.940126,59.0
522d,21+,1,1045.0,60312.960074999995,268.0
522d,3-5,0,55.0,1501.9700039999998,0.0
522d,3-5,1,162.0,5261.050052,0.0
522d,6-10,0,310.0,9529.700019,8.0
522d,6-10,1,835.0,33687.0700704,78.0
522x,0-2,0,1384.0,59719.290326,215.0
522x,0-2,1,2532.0,152356.50062258,989.0
522x,11-20,0,998.0,77277.730357,596.0
522x,11-20,1,2993.0,219971.8703692,1728.0
522x,21+,0,1028.0,80903.290465,631.0
522x,21+,1,3014.0,232376.0303905,1874.0
522x,3-5,0,273.0,19215.750077,144.0
522x,3-5,1,1122.0,79763.3803236,612.0
522x,6-10,0,489.0,33222.610182000004,232.0
522x,6-10,1,1606.0,113446.350376,860.0
522x,na,0,55.0,1717.5599668,5.0
522x,na,1,146.0,5065.0799897,16.0
523a,0-2,0,316.0,28452.200416000003,263.0
523a,0-2,1,856.0,81657.211009,817.0
523a,11-20,0,1628.0,153645.74175500002,1520.0
523a,11-20,1,2679.0,246465.292014,2408.0
523a,21+,0,1122.0,104100.201063,1000.0
523a,21+,1,2212.0,200163.111076,1933.0
523a,3-5,0,584.0,56387.64084600001,564.0
523a,3-5,1,805.0,76619.89096199999,768.0
523a,6-10,0,909.0,87395.93117000001,877.0
523a,6-10,1,1135.0,106505.43124,1059.0
523b,0-2,0,11.0,1088.340022,11.0
523b,0-2,1,126.0,11294.190072000001,110.0
523b,11-20,0,165.0,14553.370135000001,133.0
523b,11-20,1,504.0,43277.020221,382.0
523b,21+,1,41.0,3685.340032,36.0
523b,3-5,0,59.0,5450.920036,54.0
523b,3-5,1,151.0,13466.290167,128.0
523b,6-10,0,83.0,7662.330073,77.0
523b,6-10,1,200.0,17653.940178,168.0
523c,0-2,0,143.0,11602.6902048,98.0
523c,0-2,1,486.0,42992.700446,397.0
523c,11-20,0,963.0,87557.340895,840.0
523c,11-20,1,2211.0,188495.7411776,1737.0
523c,21+,0,710.0,64041.75064300001,590.0
523c,21+,1,2015.0,173499.930945,1605.0
523c,3-5,0,240.0,22069.490314000002,206.0
523c,3-5,1,504.0,45063.370452,416.0
523c,6-10,0,424.0,39999.710445000004,388.0
523c,6-10,1,702.0,63332.41059300001,604.0
523d,11-20,0,26.0,1853.7400220000002,12.0
523d,11-20,1,79.0,6196.470063,45.0
523d,21+,0,4496.0,334599.691785,2433.0
523d,21+,1,10077.0,727358.20076884,5516.0
523d,3-5,1,36.0,2552.090027,17.0
523d,6-10,1,19.0,1239.590021,7.0
523d,na,1,20.0,1413.75003,10.0
523e,0-2,0,24.0,1341.920048,8.0
523e,0-2,1,71.0,4655.059988,35.0
523e,11-20,0,153.0,9752.070038,59.0
523e,11-20,1,542.0,37016.3699905,283.0
523e,21+,0,69.0,4546.5400150000005,29.0
523e,21+,1,265.0,19891.309993,169.0
523e,3-5,0,33.0,1999.0200320000001,12.0
523e,3-5,1,63.0,3843.519983,25.0
523e,6-10,0,57.0,3957.9200130000004,30.0
523e,6-10,1,187.0,13207.3299908,103.0
523f,0-2,0,98.0,4343.410044,7.0
523f,0-2,1,348.0,19015.739963,96.0
523f,11-20,0,65.0,3242.300039,15.0
523f,11-20,1,368.0,19499.520024999998,111.0
523f,21+,1,59.0,3418.810037,18.0
523f,3-5,0,59.0,3087.70007,9.0
523f,3-5,1,259.0,14065.809985,81.0
523f,6-10,0,182.0,8787.370112,29.0
523f,6-10,1,457.0,24702.720073,137.0
523x,0-2,0,3685.0,197763.1420481,1146.0
523x,0-2,1,5665.0,379729.7231394,2888.0
523x,11-20,0,3370.0,289890.9325319,2670.0
523x,11-20,1,6623.0,531809.1721035,4729.0
523x,21+,0,1353.0,118712.581005,1095.0
523x,21+,1,3376.0,282277.4912254,2575.0
523x,3-5,0,912.0,79198.55087210001,742.0
523x,3-5,1,2098.0,168380.7912718,1498.0
523x,6-10,0,1752.0,154999.261482,1467.0
523x,6-10,1,3134.0,256458.6014518,2309.0
523x,na,0,142.0,7047.970034,48.0
523x,na,1,393.0,20661.810091800002,133.0
524a,0-2,0,80.0,6362.709928,52.0
524a,0-2,1,672.0,52290.830238,419.0
524a,11-20,0,537.0,43794.180021,363.0
524a,11-20,1,2292.0,179561.700075,1410.0
524a,21+,0,850.0,68902.999886,552.0
524a,21+,1,2640.0,204089.5700896,1646.0
524a,3-5,0,128.0,10430.20001,88.0
524a,3-5,1,808.0,64022.150235,528.0
524a,6-10,0,296.0,24315.060024,203.0
524a,6-10,1,996.0,79553.490231,670.0
524b,0-2,1,44.0,2741.619989,6.0
524b,11-20,0,47.0,3572.240036,22.0
524b,11-20,1,455.0,31893.130002,203.0
524b,21+,0,530.0,38052.020101,244.0
524b,21+,1,2058.0,140184.660103,906.0
524b,3-5,1,41.0,2763.21997,15.0
524b,6-10,0,12.0,648.24,0.0
524b,6-10,1,104.0,7299.969984,48.0
524c,11-20,1,15.0,908.160012,0.0
524d,0-2,1,173.0,5184.0599226,5.0
524d,11-20,1,102.0,2071.8399995,0.0
524d,3-5,0,20.0,359.09999300000004,0.0
524d,3-5,1,119.0,3035.229966,0.0
524d,6-10,1,125.0,5158.360019,19.0
524x,0-2,0,977.0,43181.5002834,152.0
524x,0-2,1,1433.0,86101.3704269,556.0
524x,11-20,0,236.0,18518.850017,139.0
524x,11-20,1,1235.0,90143.669966,685.0
524x,21+,0,143.0,11745.390059000001,100.0
524x,21+,1,666.0,52716.430071,439.0
524x,3-5,0,78.0,6529.829999,59.0
524x,3-5,1,413.0,32625.29019,288.0
524x,6-10,0,114.0,9524.639991,82.0
524x,6-10,1,556.0,43405.3101,354.0
525a,0-2,1,79.0,7216.130045,73.0
525a,11-20,0,74.0,6819.740073,67.0
525a,11-20,1,271.0,23765.180029,220.0
525a,21+,0,170.0,15214.090099000001,138.0
525a,21+,1,472.0,40715.260205,379.0
525a,3-5,0,24.0,2334.360048,24.0
525a,3-5,1,68.0,6424.540057,68.0
525a,6-10,0,44.0,3921.880066,38.0
525a,6-10,1,141.0,12601.299996000002,121.0
525b,11-20,1,55.0,4415.600056,39.0
525b,21+,1,26.0,2385.390031,26.0
525b,6-10,1,22.0,1933.1599930000002,17.0
525c,0-2,0,14.0,402.590009,0.0
525c,0-2,1,108.0,1553.1900489999998,0.0
525c,11-20,0,87.0,2899.6000910000002,9.0
525c,11-20,1,200.0,8352.430134,46.0
525c,21+,1,10.0,176.10001,0.0
525c,3-5,0,22.0,357.870017,0.0
525c,3-5,1,79.0,1405.410041,0.0
525c,6-10,0,32.0,516.2400240000001,0.0
525c,6-10,1,117.0,3165.410041,13.0
525d,0-2,0,29.0,758.989994,0.0
525d,0-2,1,111.0,4077.900017,0.0
525d,11-20,0,108.0,5313.169978999999,13.0
525d,11-20,1,254.0,14207.610054,55.0
525d,21+,0,218.0,11276.55985,27.0
525d,21+,1,339.0,19198.28002,92.0
525d,3-5,0,36.0,1208.300015,0.0
525d,3-5,1,144.0,6408.300029,6.0
525d,6-10,0,65.0,3271.359999,5.0
525d,6-10,1,204.0,10940.270083,39.0
525x,0-2,0,141.0,4994.6800613000005,11.0
525x,0-2,1,418.0,22788.770247200002,146.0
525x,11-20,0,58.0,3314.910088,17.0
525x,11-20,1,239.0,16738.580125,128.0
525x,21+,0,13.0,931.800019,6.0
525x,21+,1,94.0,7649.440076,65.0
525x,3-5,0,12.0,536.40001,5.0
525x,3-5,1,127.0,7678.7500820000005,55.0
525x,6-10,0,33.0,1680.490029,15.0
525x,6-10,1,172.0,11446.790076000001,82.0
525x,na,0,54.0,1032.1400467,0.0
525x,na,1,100.0,2330.2200245999998,0.0
526a,0-2,0,264.0,23214.47001,222.0
526a,0-2,1,898.0,80816.250081,786.0
526a,11-20,0,1002.0,85292.330097,739.0
526a,11-20,1,2350.0,193964.710348,1640.0
526a,21+,0,1063.0,88565.73027,720.0
526a,21+,1,2169.0,177312.6303285,1508.0
526a,3-5,0,533.0,49319.870026000004,488.0
526a,3-5,1,1112.0,99212.050279,945.0
526a,6-10,0,895.0,79241.54031,731.0
526a,6-10,1,1557.0,135036.910387,1246.0
526b,0-2,0,43.0,1888.150028,0.0
526b,0-2,1,208.0,15524.470125,114.0
526b,11-20,0,67.0,5075.400016,33.0
526b,11-20,1,464.0,35697.120173,285.0
526b,21+,0,86.0,6887.900054,49.0
526b,21+,1,405.0,31821.200102,261.0
526b,3-5,0,49.0,3868.200035,30.0
526b,3-5,1,299.0,22120.920112,161.0
526b,6-10,0,85.0,6705.0700449999995,49.0
526b,6-10,1,341.0,26144.580126999997,201.0
526x,0-2,0,2149.0,111795.4810329,614.0
526x,0-2,1,2979.0,197521.0714581,1443.0
526x,11-20,0,667.0,53692.230327,418.0
526x,11-20,1,1986.0,156040.21041,1279.0
526x,21+,0,198.0,16008.000091,118.0
526x,21+,1,635.0,51734.320169,446.0
526x,3-5,0,373.0,30723.470358,261.0
526x,3-5,1,1190.0,95138.780657,815.0
526x,6-10,0,637.0,51272.950437,412.0
526x,6-10,1,1691.0,129430.4706689,1024.0
527a,0-2,0,12.0,690.84,0.0
527a,0-2,1,141.0,10882.840015,88.0
527a,11-20,0,113.0,8697.01993,66.0
527a,11-20,1,532.0,41363.819749,317.0
527a,21+,1,42.0,3812.5100429999998,37.0
527a,3-5,0,42.0,3067.6999450000003,19.0
527a,3-5,1,218.0,17557.260035,149.0
527a,6-10,0,96.0,7365.899911,57.0
527a,6-10,1,347.0,28447.51003,244.0
527b,11-20,1,99.0,7503.119984,55.0
527b,21+,1,44.0,3610.110007,36.0
527x,0-2,0,189.0,7790.0001099,26.0
527x,0-2,1,216.0,14026.8001228,106.0
527x,11-20,0,18.0,1501.37997,18.0
527x,11-20,1,318.0,24499.40985,199.0
527x,21+,0,109.0,8552.479872,78.0
527x,21+,1,633.0,46145.369676,334.0
527x,3-5,1,93.0,7455.840003,69.0
527x,6-10,1,108.0,9064.819973,88.0
529a,0-2,0,73.0,6829.890093000001,68.0
529a,0-2,1,745.0,65134.940479000004,626.0
529a,11-20,0,1138.0,95711.02047855001,854.0
529a,11-20,1,3940.0,323597.3714142,2886.0
529a,21+,0,758.0,50049.1702646,379.0
529a,21+,1,2119.0,145797.5600109,1122.0
529a,3-5,0,265.0,24222.520272,232.0
529a,3-5,1,1227.0,105101.37081960001,993.0
529a,6-10,0,606.0,52706.9205057,491.0
529a,6-10,1,2341.0,199437.6114812,1843.0
529a,na,0,525.0,45888.150182,434.0
529a,na,1,2133.0,179814.080913,1692.0
529b,0-2,1,14.0,657.02,0.0
529b,11-20,0,11.0,1088.340022,11.0
529b,11-20,1,247.0,15274.0100634,102.0
529b,21+,0,2525.0,166423.9206531,963.0
529b,21+,1,6234.0,387759.16089846,2414.0
529b,3-5,1,28.0,1797.4800180000002,9.0
529b,6-10,1,51.0,3751.490038,27.0
529b,na,0,382.0,27497.940158,165.0
529b,na,1,863.0,51521.8401298,286.0
529x,0-2,0,867.0,46523.7505191,254.0
529x,0-2,1,1948.0,132867.2009372,1042.0
529x,11-20,0,2131.0,135533.83066805,998.0
529x,11-20,1,6408.0,424572.85122012,3327.0
529x,21+,0,2964.0,144486.24034786,780.0
529x,21+,1,7122.0,370028.58034843,2243.0
529x,3-5,0,413.0,33087.7903361,289.0
529x,3-5,1,1524.0,120888.3408226,1069.0
529x,6-10,0,1110.0,83083.76053340001,686.0
529x,6-10,1,3217.0,242006.2510892,2046.0
529x,na,0,1408.0,59089.60018013,270.0
529x,na,1,3805.0,161244.49006888,754.0
540a,0-2,1,32.0,2488.950013,20.0
540a,11-20,0,40.0,3350.800047,22.0
540a,11-20,1,295.0,23731.080079,190.0
540a,21+,0,156.0,12519.260077,102.0
540a,21+,1,534.0,42802.620079,359.0
540a,3-5,1,89.0,7617.73006,73.0
540a,6-10,0,11.0,1040.100022,11.0
540a,6-10,1,63.0,5250.330067,47.0
540b,21+,1,25.0,1602.970029,6.0
540x,0-2,0,31.0,1346.2700505,5.0
540x,0-2,1,226.0,16278.6002248,140.0
540x,11-20,0,23.0,2003.190053,15.0
540x,11-20,1,168.0,13970.220051,125.0
540x,21+,0,22.0,2040.200022,22.0
540x,21+,1,110.0,9168.820067,86.0
540x,3-5,0,11.0,1042.240017,11.0
540x,3-5,1,76.0,6488.290102,65.0
540x,6-10,0,33.0,2929.430071,28.0
540x,6-10,1,142.0,11574.800081,101.0
541b,11-20,1,12.0,828.589978,5.0
541b,21+,1,29.0,1525.129985,0.0
541e,0-2,0,38.0,1471.1400496,0.0
541e,0-2,1,44.0,1764.5100575000001,0.0
541e,11-20,0,36.0,1716.980067,0.0
541e,11-20,1,46.0,2030.000062,0.0
541e,3-5,0,30.0,1457.40006,0.0
541e,3-5,1,37.0,1659.900054,0.0
541e,6-10,0,53.0,2435.520086,0.0
541e,6-10,1,56.0,2230.220058,0.0
541x,0-2,0,11.0,306.28,0.0
541x,0-2,1,16.0,536.900006,0.0
541x,11-20,1,168.0,10436.049942,53.0
541x,21+,1,96.0,7004.669978,57.0
541x,3-5,0,24.0,729.82001,0.0
541x,3-5,1,22.0,781.130016,0.0
541x,6-10,0,11.0,378.38000999999997,0.0
541x,6-10,1,12.0,458.16000599999995,0.0
541x,na,0,11.0,254.010002,0.0
541x,na,1,12.0,483.21999999999997,0.0
542b,0-2,1,15.0,1181.450025,10.0
542b,11-20,1,27.0,2084.770005,19.0
542b,21+,0,16.0,1169.010017,5.0
542b,21+,1,52.0,3808.7800389999998,33.0
542b,3-5,1,11.0,818.320018,6.0
542b,6-10,1,25.0,2166.970043,25.0
542c,0-2,0,40.0,1528.2200465,0.0
542c,0-2,1,59.0,2925.7100490000003,14.0
542c,11-20,0,69.0,4740.749987,44.0
542c,11-20,1,218.0,14430.879848,139.0
542c,21+,1,42.0,2367.069977,16.0
542c,3-5,0,24.0,1196.710004,6.0
542c,3-5,1,32.0,1261.9400260000002,0.0
542c,6-10,0,75.0,4307.4400160000005,26.0
542c,6-10,1,123.0,7490.059925,62.0
542x,0-2,0,30.0,1335.310042,0.0
542x,0-2,1,38.0,1601.5300295000002,0.0
542x,11-20,1,32.0,1738.9999846,20.0
542x,21+,1,19.0,1648.070033,19.0
542x,3-5,0,12.0,693.860009,5.0
542x,3-5,1,27.0,1650.759994,10.0
542x,6-10,0,20.0,1288.690005,12.0
542x,6-10,1,59.0,4321.0799449999995,48.0
542x,na,0,18.0,410.64000480000004,0.0
542x,na,1,53.0,938.4400114,0.0
543b,11-20,0,10.0,431.44999,0.0
543b,11-20,1,22.0,1313.250015,6.0
543b,21+,0,15.0,1075.530006,0.0
543b,21+,1,66.0,3163.3600300000003,18.0
543c,0-2,1,19.0,484.71002400000003,0.0
543c,11-20,0,48.0,1718.599998,0.0
543c,11-20,1,56.0,1694.1999854,8.0
543c,21+,0,62.0,2962.3100135,0.0
543c,21+,1,155.0,7083.4300081,18.0
543c,3-5,0,13.0,371.970018,0.0
543c,3-5,1,21.0,557.740006,0.0
543c,6-10,0,15.0,409.55002,0.0
543c,6-10,1,23.0,844.770008,5.0
543d,11-20,0,11.0,150.69,0.0
543d,11-20,1,22.0,304.26,0.0
543d,21+,1,70.0,2801.010038,5.0
543x,11-20,1,66.0,5289.760042,44.0
543x,21+,0,20.0,1881.3400000000001,20.0
543x,21+,1,90.0,7867.17005,85.0
543x,na,1,13.0,500.349984,0.0
544a,21+,0,25.0,2280.7500099999997,25.0
544a,21+,1,85.0,6106.250051999999,45.0
544a,3-5,1,18.0,1651.550031,18.0
544b,11-20,1,22.0,1294.800021,5.0
544b,6-10,1,10.0,754.14999,5.0
544c,6-10,0,22.0,194.33999365,0.0
544c,6-10,1,60.0,998.86998902,0.0
544x,0-2,1,35.0,2364.970006,16.0
544x,11-20,0,14.0,1143.2799770000001,9.0
544x,11-20,1,158.0,10864.16009,72.0
544x,21+,1,73.0,6243.640012,63.0
544x,3-5,1,24.0,1842.8400029999998,13.0
544x,6-10,1,91.0,6374.160001,45.0
580a,0-2,1,36.0,2459.049989,0.0
580a,11-20,0,142.0,11303.679926,70.0
580a,11-20,1,459.0,35629.769586,175.0
580a,21+,0,370.0,29119.259902,175.0
580a,21+,1,846.0,65094.219592,417.0
580a,3-5,0,19.0,1308.4100019999998,7.0
580a,3-5,1,56.0,3998.249984,11.0
580a,6-10,0,45.0,3385.7200369999996,20.0
580a,6-10,1,147.0,10597.599896,35.0
580b,0-2,1,54.0,3932.1099440000003,15.0
580b,11-20,0,67.0,4869.609956,22.0
580b,11-20,1,552.0,43890.349464,298.0
580b,21+,0,37.0,2820.959965,18.0
580b,21+,1,209.0,16317.709826,104.0
580b,3-5,1,91.0,6788.9799060000005,29.0
580b,6-10,0,14.0,930.239994,0.0
580b,6-10,1,234.0,17355.789822000002,74.0
580x,0-2,0,274.0,12376.2900768,34.0
580x,0-2,1,630.0,39752.1098541,157.0
580x,11-20,0,56.0,3686.9899619999997,15.0
580x,11-20,1,349.0,26210.869703,155.0
580x,21+,0,20.0,1665.970014,13.0
580x,21+,1,138.0,10964.68987,69.0
580x,3-5,0,86.0,5222.3799070000005,7.0
580x,3-5,1,369.0,26928.229626,142.0
580x,6-10,0,111.0,7361.339867000001,27.0
580x,6-10,1,452.0,33824.979498,200.0
580x,na,0,43.0,880.0199675,0.0
580x,na,1,53.0,1373.8599779,0.0
581a,0-2,0,29.0,1895.159973,8.0
581a,0-2,1,457.0,32696.909776,204.0
581a,11-20,0,159.0,13350.689924,109.0
581a,11-20,1,645.0,52562.97965,394.0
581a,21+,0,37.0,3380.519972,37.0
581a,21+,1,299.0,24477.869962,184.0
581a,3-5,0,151.0,11648.909877,83.0
581a,3-5,1,362.0,28289.879824,220.0
581a,6-10,0,204.0,16704.269893,131.0
581a,6-10,1,515.0,42345.149548,339.0
581b,0-2,0,11.0,497.300006,0.0
581b,0-2,1,89.0,3388.9700040000002,0.0
581b,11-20,1,14.0,794.350013,0.0
581b,21+,1,11.0,1019.4699909999999,11.0
581b,3-5,0,12.0,626.250003,0.0
581b,3-5,1,57.0,2654.919969,6.0
581b,6-10,0,25.0,1138.650004,0.0
581b,6-10,1,60.0,3091.760004,8.0
581c,0-2,0,107.0,9168.449729,97.0
581c,0-2,1,201.0,17051.009506,174.0
581c,11-20,0,456.0,39873.198671000006,399.0
581c,11-20,1,1097.0,96302.427188,965.0
581c,21+,0,630.0,53288.448332,469.0
581c,21+,1,1416.0,117631.516917,1088.0
581c,3-5,0,253.0,22641.549233,245.0
581c,3-5,1,322.0,28271.809079,296.0
581c,6-10,0,338.0,30166.828974,321.0
581c,6-10,1,631.0,55832.238358,587.0
581c,na,1,11.0,989.449967,11.0
581d,0-2,0,24.0,1276.1800320000002,9.0
581d,0-2,1,118.0,10483.259943000001,112.0
581d,11-20,0,53.0,4784.770081000001,53.0
581d,11-20,1,371.0,32750.409698,321.0
581d,21+,0,65.0,5918.090056,65.0
581d,21+,1,281.0,24445.489808000002,223.0
581d,3-5,0,33.0,2976.270066,33.0
581d,3-5,1,164.0,14586.170021,155.0
581d,6-10,0,84.0,7597.690108000001,84.0
581d,6-10,1,309.0,27562.389874,290.0
581e,0-2,1,27.0,1718.100015,12.0
581e,11-20,1,110.0,7736.929961,49.0
581e,21+,1,36.0,2298.799984,12.0
581e,3-5,1,35.0,2580.739983,22.0
581e,6-10,0,12.0,873.750024,5.0
581e,6-10,1,71.0,5408.63995,41.0
581x,0-2,0,1764.0,83030.240337,343.0
581x,0-2,1,2948.0,174684.0498747,1044.0
581x,11-20,0,546.0,43564.089387500004,311.0
581x,11-20,1,1698.0,134734.7284265,1079.0
581x,21+,0,106.0,8844.069803,79.0
581x,21+,1,380.0,32232.389342,287.0
581x,3-5,0,437.0,30818.7597176,206.0
581x,3-5,1,1412.0,106690.1591186,822.0
581x,6-10,0,690.0,53691.7093437,406.0
581x,6-10,1,1921.0,152133.888302,1251.0
581x,na,0,47.0,3144.2398988,29.0
581x,na,1,73.0,4594.3898734,45.0
582a,0-2,0,14.0,994.799981,5.0
582a,0-2,1,197.0,13609.259849,79.0
582a,11-20,0,506.0,39013.549639000004,262.0
582a,11-20,1,1506.0,118791.71879900001,817.0
582a,21+,0,1486.0,113164.279327,740.0
582a,21+,1,3549.0,274234.5481088,2006.0
582a,3-5,0,93.0,6481.259895,38.0
582a,3-5,1,422.0,32317.349758,249.0
582a,6-10,0,192.0,15081.549832,113.0
582a,6-10,1,792.0,61792.349476,459.0
582b,0-2,0,267.0,14638.4699078,43.0
582b,0-2,1,1015.0,64346.9095155,286.0
582b,11-20,0,1016.0,67458.0693751,277.0
582b,11-20,1,2966.0,211065.2886171,1187.0
582b,21+,0,3435.0,224745.0992052,1029.0
582b,21+,1,7192.0,473942.28864618,2596.0
582b,3-5,0,476.0,29925.569682,112.0
582b,3-5,1,1341.0,89729.089306,479.0
582b,6-10,0,905.0,59603.6394041,270.0
582b,6-10,1,2353.0,169444.6986545,1016.0
582b,na,1,14.0,667.3499909999999,0.0
582c,0-2,0,509.0,19850.37998454,33.0
582c,0-2,1,1168.0,60214.199939800004,234.0
582c,11-20,0,165.0,9667.029916,17.0
582c,11-20,1,391.0,24032.730038,86.0
582c,21+,0,148.0,8569.9500215,25.0
582c,21+,1,254.0,15081.999936,47.0
582c,3-5,0,371.0,20427.749897,71.0
582c,3-5,1,955.0,54576.040164,213.0
582c,6-10,0,492.0,29365.569894,95.0
582c,6-10,1,1042.0,64962.780159,286.0
582d,0-2,1,16.0,785.299974,0.0
582d,11-20,1,11.0,552.0999830000001,0.0
582d,3-5,1,12.0,609.8999819999999,0.0
582d,6-10,0,20.0,1243.949968,5.0
582d,6-10,1,27.0,1558.1999469999998,6.0
582e,21+,0,19.0,613.4000040999999,0.0
582f,0-2,0,181.0,6870.150094,0.0
582f,0-2,1,457.0,24801.450363,100.0
582f,11-20,0,59.0,3148.650044,8.0
582f,11-20,1,115.0,7623.110056,46.0
582f,21+,0,41.0,1893.720006,6.0
582f,21+,1,73.0,4300.75,23.0
582f,3-5,0,99.0,5166.190108999999,13.0
582f,3-5,1,262.0,17717.120285,112.0
582f,6-10,0,187.0,10506.520179,33.0
582f,6-10,1,354.0,23862.660205,148.0
582g,0-2,0,121.0,5118.90999068,12.0
582g,0-2,1,710.0,33966.1499223,105.0
582g,11-20,0,64.0,4004.519959,16.0
582g,11-20,1,251.0,15154.0700599,65.0
582g,3-5,0,70.0,3334.459964,6.0
582g,3-5,1,418.0,23873.17996898,109.0
582g,6-10,0,142.0,7021.3499577,25.0
582g,6-10,1,652.0,39397.60002324,198.0
582x,0-2,0,3071.0,123225.10063711999,297.0
582x,0-2,1,5113.0,242816.60054547,830.0
582x,11-20,0,1264.0,82217.42934300001,329.0
582x,11-20,1,2903.0,191674.099369,963.0
582x,21+,0,509.0,35461.31983,156.0
582x,21+,1,1382.0,97943.58957730001,569.0
582x,3-5,0,638.0,34944.109894,105.0
582x,3-5,1,1592.0,92062.9498659,393.0
582x,6-10,0,902.0,54936.0296893,209.0
582x,6-10,1,1929.0,124673.69957556001,629.0
582x,na,0,102.0,2674.6699317,0.0
582x,na,1,150.0,4911.5399232,12.0
589z,0-2,0,13.0,561.380019,0.0
589z,0-2,1,30.0,1951.1299800000002,11.0
589z,11-20,0,20.0,1219.850005,0.0
589z,11-20,1,114.0,6876.0899752,40.0
589z,21+,0,11.0,796.5499789999999,5.0
589z,6-10,1,42.0,2847.769987,11.0
589z,na,0,13.0,570.049974,0.0
589z,na,1,24.0,909.1799760000001,0.0
620z,11-20,1,48.0,3766.389996,30.0
620z,21+,1,14.0,1285.82002,14.0
620z,6-10,1,14.0,1047.020022,6.0
620z,na,1,11.0,76.0100029,0.0
621a,0-2,1,79.0,5643.050069,27.0
621a,11-20,0,65.0,3879.0400295,19.0
621a,11-20,1,401.0,27266.1001222,182.0
621a,21+,0,319.0,19211.9700691,128.0
621a,21+,1,1159.0,68346.9102544,449.0
621a,3-5,1,31.0,2233.150033,11.0
621a,6-10,1,64.0,5024.480047999999,38.0
621b,11-20,0,56.0,925.6000023,0.0
621b,11-20,1,192.0,6667.890081,12.0
621b,21+,0,504.0,15837.1801379,56.0
621b,21+,1,1224.0,39662.350262780004,163.0
621b,3-5,1,17.0,280.7400011,0.0
621b,6-10,1,23.0,778.6200120000001,0.0
621b,na,0,30.0,402.8700017,0.0
621b,na,1,109.0,1773.4900039,0.0
621c,0-2,0,11.0,200.12,0.0
621c,0-2,1,26.0,538.0700006000001,0.0
621c,11-20,1,13.0,419.51000000000005,0.0
621c,3-5,1,13.0,484.5000127,0.0
621c,6-10,0,38.0,647.1000005000001,0.0
621c,6-10,1,67.0,1483.4000017,0.0
621d,11-20,0,20.0,475.21000000000004,0.0
621d,11-20,1,79.0,1817.4499954000003,0.0
621e,11-20,1,40.0,1734.5500000000002,0.0
621e,3-5,1,69.0,3864.600054,12.0
621e,6-10,0,11.0,443.410011,0.0
621e,6-10,1,98.0,5985.290015999999,24.0
621f,0-2,0,21.0,798.270015,0.0
621f,0-2,1,124.0,4035.5700160000006,0.0
621f,11-20,0,70.0,2781.720053,0.0
621f,11-20,1,155.0,6017.420035,5.0
621f,21+,1,27.0,1320.510026,0.0
621f,3-5,0,34.0,1266.020021,0.0
621f,3-5,1,80.0,2547.1200110000004,0.0
621f,6-10,0,50.0,1782.130017,0.0
621f,6-10,1,228.0,7752.3200377,6.0
621x,0-2,0,149.0,4264.6800564000005,0.0
621x,0-2,1,300.0,13586.1401895,47.0
621x,11-20,0,30.0,863.6099909000001,5.0
621x,11-20,1,302.0,16148.560052,81.0
621x,21+,0,12.0,1066.439989,12.0
621x,21+,1,170.0,8221.1200237,45.0
621x,3-5,0,13.0,467.750006,0.0
621x,3-5,1,92.0,4916.8300627,19.0
621x,6-10,0,51.0,1862.7800441000002,0.0
621x,6-10,1,173.0,8433.2300728,23.0
621x,na,1,45.0,846.4999982,0.0
622a,11-20,1,13.0,579.550016,0.0
622a,21+,1,88.0,4625.5000376,18.0
622b,11-20,1,23.0,566.11001,0.0
622b,21+,0,30.0,336.949995,0.0
622b,21+,1,111.0,5165.190045,20.0
622c,0-2,0,65.0,1610.000019,0.0
622c,0-2,1,231.0,5146.440014,10.0
622c,11-20,0,107.0,1816.470006,0.0
622c,11-20,1,365.0,10770.5799482,27.0
622c,3-5,0,78.0,1515.830008,0.0
622c,3-5,1,179.0,3514.1300185,0.0
622c,6-10,0,77.0,1372.68,0.0
622c,6-10,1,188.0,3621.61,0.0
622x,0-2,0,75.0,2142.6200425,0.0
622x,0-2,1,102.0,2566.96004,0.0
622x,11-20,0,64.0,1434.440007,0.0
622x,11-20,1,166.0,4982.6100295,0.0
622x,21+,1,13.0,456.16000999999994,0.0
622x,3-5,0,13.0,250.51,0.0
622x,3-5,1,39.0,569.4799999999999,0.0
622x,6-10,1,40.0,884.7600040000001,0.0
623a,0-2,1,58.0,3620.840052,22.0
623a,11-20,0,31.0,1342.200005,8.0
623a,11-20,1,265.0,14681.100062,82.0
623a,21+,0,100.0,6103.300047,34.0
623a,21+,1,388.0,19941.68003,111.0
623a,3-5,1,75.0,4139.040032,25.0
623a,6-10,0,31.0,1308.670013,5.0
623a,6-10,1,181.0,11187.240054,83.0
623b,0-2,0,14.0,837.539991,9.0
623b,0-2,1,95.0,4679.38003,27.0
623b,11-20,0,28.0,1815.6499800000001,9.0
623b,11-20,1,157.0,7171.830023,39.0
623b,21+,0,233.0,9928.5200385,31.0
623b,21+,1,1145.0,48298.3703222,178.0
623b,3-5,0,18.0,845.3799969999999,8.0
623b,3-5,1,83.0,4075.2600049999996,31.0
623b,6-10,0,49.0,2046.219985,13.0
623b,6-10,1,152.0,6925.7400199,45.0
623b,na,1,172.0,4958.0500247,0.0
623c,11-20,0,49.0,550.7200179,0.0
623c,11-20,1,110.0,2140.2100148,6.0
623c,21+,1,16.0,189.57999999999998,0.0
623x,0-2,0,105.0,3831.7200644,10.0
623x,0-2,1,280.0,15050.520101799999,94.0
623x,11-20,0,41.0,1866.80999,6.0
623x,11-20,1,307.0,16798.940090499997,118.0
623x,21+,0,35.0,2181.919963,18.0
623x,21+,1,179.0,10547.410072499999,82.0
623x,3-5,0,17.0,924.030007,5.0
623x,3-5,1,150.0,8911.890056999999,66.0
623x,6-10,0,34.0,2104.76999,13.0
623x,6-10,1,193.0,10627.160036,62.0
624z,21+,1,11.0,1033.670011,11.0
629z,0-2,1,12.0,1074.960026,12.0
629z,11-20,0,71.0,1400.609983,0.0
629z,11-20,1,390.0,12574.3299761,31.0
629z,21+,0,221.0,6959.62001718,11.0
629z,21+,1,585.0,15856.03993758,26.0
629z,3-5,1,42.0,2829.630056,26.0
629z,6-10,1,79.0,3449.200025,9.0
629z,na,0,80.0,1883.2800354,0.0
629z,na,1,383.0,11537.40990688,21.0
640a,0-2,0,18.0,738.36,0.0
640a,0-2,1,205.0,8698.419988,6.0
640a,11-20,0,87.0,3568.7400000000002,0.0
640a,11-20,1,440.0,19413.649992,36.0
640a,21+,0,200.0,7778.6800007,0.0
640a,21+,1,639.0,25583.610002500005,27.0
640a,3-5,0,27.0,1107.5400000000002,0.0
640a,3-5,1,177.0,7502.840015000001,5.0
640a,6-10,0,57.0,2338.1400000000003,0.0
640a,6-10,1,278.0,11566.410015000001,5.0
640a,na,0,240.0,9881.61,0.0
640a,na,1,1041.0,42950.359971,14.0
640b,0-2,0,19.0,563.73,0.0
640b,0-2,1,141.0,5013.390039,0.0
640b,11-20,0,33.0,979.11,0.0
640b,11-20,1,84.0,2939.160021,0.0
640b,21+,1,18.0,640.460005,0.0
640b,na,0,11.0,326.37,0.0
640b,na,1,89.0,3193.910026,0.0
640x,0-2,0,156.0,5700.3200378,6.0
640x,0-2,1,331.0,12884.279984,16.0
640x,11-20,0,18.0,534.0600000000001,0.0
640x,11-20,1,172.0,8339.909973,34.0
640x,21+,0,35.0,1528.10001,5.0
640x,21+,1,146.0,7530.499994,47.0
640x,3-5,0,37.0,1196.4000070000002,0.0
640x,3-5,1,163.0,5747.940027000001,0.0
640x,6-10,0,57.0,1760.719994,0.0
640x,6-10,1,221.0,8940.8,18.0
640x,na,1,11.0,442.47,0.0
720z,0-2,0,197.0,9055.0101116,32.0
720z,0-2,1,802.0,42426.2702718,215.0
720z,11-20,0,232.0,15141.790109,102.0
720z,11-20,1,1483.0,99095.5601346,668.0
720z,21+,1,62.0,4955.960016,44.0
720z,3-5,0,48.0,2847.520041,15.0
720z,3-5,1,602.0,37559.5003297,219.0
720z,6-10,0,204.0,12930.700085,96.0
720z,6-10,1,1259.0,78001.9501468,456.0
720z,na,0,102.0,2776.7099936,0.0
720z,na,1,486.0,13368.4699628,0.0
721a,0-2,0,128.0,7308.870051,0.0
721a,0-2,1,3879.0,254808.38289500002,69.0
721a,11-20,0,198.0,11488.889916,6.0
721a,11-20,1,1617.0,93823.48877089999,46.0
721a,21+,0,202.0,10239.3499438,0.0
721a,21+,1,844.0,43808.3400793,26.0
721a,3-5,0,232.0,15068.749994,0.0
721a,3-5,1,3868.0,254423.953458,90.0
721a,6-10,0,261.0,16616.719637000002,0.0
721a,6-10,1,4224.0,271823.812813,57.0
721a,na,1,35.0,2116.359953,0.0
721b,11-20,1,45.0,2951.99991,0.0
721b,3-5,0,21.0,1373.920038,0.0
721b,3-5,1,175.0,11386.459638,0.0
721b,6-10,0,25.0,1560.559968,0.0
721b,6-10,1,476.0,30791.109121,0.0
721b,na,0,280.0,17812.639505,0.0
721b,na,1,2320.0,149689.225452,6.0
721c,21+,0,21.0,1099.560021,0.0
721c,21+,1,27.0,1413.7200269999998,0.0
721c,na,0,762.0,40667.740639999996,0.0
721c,na,1,5653.0,300757.795188,26.0
721d,21+,0,15.0,785.4000149999999,0.0
721d,21+,1,31.0,1623.160031,0.0
721d,na,0,326.0,17444.380239,0.0
721d,na,1,2989.0,159495.122589,10.0
721e,na,0,82.0,4293.520082,0.0
721e,na,1,1135.0,60601.95099299999,0.0
721f,na,0,198.0,10499.680168,0.0
721f,na,1,1574.0,85201.231246,6.0
721g,21+,0,11.0,575.960011,0.0
721g,21+,1,30.0,1570.8000299999999,0.0
721g,na,0,1346.0,72861.390884,6.0
721g,na,1,5122.0,274441.20368679997,45.0
721h,na,0,339.0,18129.320262999998,0.0
721h,na,1,1763.0,93954.98155799998,12.0
721i,na,0,124.0,6492.640124,0.0
721i,na,1,1297.0,68408.18121999998,0.0
721j,na,0,13.0,680.6800129999999,0.0
721j,na,1,405.0,21555.790362,0.0
721k,na,0,46.0,2408.560046,0.0
721k,na,1,529.0,28032.580488000003,0.0
721l,na,0,126.0,6597.360126,0.0
721l,na,1,690.0,36758.730566,5.0
721m,21+,0,26.0,1361.3600259999998,0.0
721m,21+,1,75.0,3394.9100559999997,0.0
721x,0-2,0,3003.0,120820.2809697,453.0
721x,0-2,1,3762.0,214874.6001208,924.0
721x,11-20,0,998.0,70677.3399121,487.0
721x,11-20,1,5620.0,381332.4397257,2164.0
721x,21+,0,1126.0,75077.8504745,416.0
721x,21+,1,3927.0,262147.4115331,1606.0
721x,3-5,0,285.0,20266.780007,141.0
721x,3-5,1,2151.0,146009.2998574,787.0
721x,6-10,0,479.0,34029.019881,216.0
721x,6-10,1,3312.0,219712.5793617,1095.0
721x,na,0,51.0,1682.4199887,0.0
721x,na,1,179.0,6208.0399245,5.0
723a,0-2,0,1065.0,36799.539854999995,5.0
723a,0-2,1,11296.0,421699.00770629995,11.0
723a,11-20,0,1850.0,80202.9497391,149.0
723a,11-20,1,15779.0,674546.9160834,788.0
723a,21+,0,1630.0,73756.7898436,167.0
723a,21+,1,9256.0,400141.2283509,595.0
723a,3-5,0,1593.0,59814.1498155,11.0
723a,3-5,1,8923.0,338896.09766719997,41.0
723a,6-10,0,1430.0,55564.5597806,37.0
723a,6-10,1,10020.0,398769.5173086,219.0
723a,na,0,301.0,10953.3799067,6.0
723a,na,1,1932.0,73453.6794175,16.0
723b,0-2,0,61.0,2296.019958,0.0
723b,0-2,1,537.0,20618.99909,0.0
723b,11-20,0,83.0,3363.5398959999998,0.0
723b,11-20,1,955.0,42933.928861,62.0
723b,21+,1,34.0,1327.45995,0.0
723b,3-5,0,32.0,1216.349958,0.0
723b,3-5,1,474.0,19344.349241,15.0
723b,6-10,0,49.0,1868.299926,0.0
723b,6-10,1,704.0,29638.598985,26.0
723c,0-2,0,28.0,1026.4600169999999,0.0
723c,0-2,1,633.0,23202.220475999995,0.0
723c,11-20,0,173.0,7019.040105,0.0
723c,11-20,1,1271.0,56204.15051,70.0
723c,21+,0,306.0,13554.540082,15.0
723c,21+,1,1171.0,51844.050436,69.0
723c,3-5,0,73.0,2676.3000389999997,0.0
723c,3-5,1,607.0,22241.750389999997,0.0
723c,6-10,0,96.0,3503.580075,0.0
723c,6-10,1,775.0,30935.650464,23.0
723c,na,1,32.0,1391.970033,0.0
723d,0-2,0,40.0,1505.5299770000001,0.0
723d,0-2,1,670.0,25445.359394,0.0
723d,11-20,0,116.0,4627.759958,0.0
723d,11-20,1,1360.0,60567.25935,74.0
723d,21+,0,343.0,14870.279911,17.0
723d,21+,1,1435.0,64693.49945,97.0
723d,3-5,0,55.0,2105.599955,0.0
723d,3-5,1,593.0,22931.699495,0.0
723d,6-10,0,70.0,2670.479944,0.0
723d,6-10,1,736.0,30613.399435000003,30.0
723d,na,1,80.0,3253.439969,0.0
723e,0-2,0,26.0,975.659984,0.0
723e,0-2,1,378.0,14245.73964,0.0
723e,11-20,0,137.0,5369.859908,0.0
723e,11-20,1,879.0,36860.589401000005,30.0
723e,21+,0,252.0,10688.079889,7.0
723e,21+,1,1009.0,43804.729426000005,44.0
723e,3-5,0,50.0,1881.179959,0.0
723e,3-5,1,367.0,14115.559696000002,0.0
723e,6-10,0,67.0,2517.929951,0.0
723e,6-10,1,568.0,23133.099612,11.0
723e,na,1,10.0,377.09999000000005,0.0
723f,0-2,1,99.0,3973.499994999999,0.0
723f,11-20,1,105.0,4683.9100020000005,5.0
723f,21+,1,21.0,817.289994,0.0
723f,3-5,1,101.0,4129.039973999999,0.0
723f,6-10,1,121.0,5486.4700139999995,6.0
723g,0-2,1,65.0,2496.779987,0.0
723g,3-5,1,62.0,2361.449991,0.0
723g,6-10,1,101.0,4092.6500019999994,0.0
723h,0-2,0,113.0,4169.249951999999,0.0
723h,0-2,1,1276.0,47556.209037,6.0
723h,11-20,0,462.0,18189.789783,11.0
723h,11-20,1,4312.0,178819.297621,166.0
723h,21+,0,1215.0,48582.12925,47.0
723h,21+,1,3072.0,123051.6783578,114.0
723h,3-5,0,121.0,4427.4699279999995,0.0
723h,3-5,1,1459.0,56580.719033,18.0
723h,6-10,0,229.0,8366.509849,0.0
723h,6-10,1,2632.0,107380.298475,104.0
723h,na,0,65.0,2375.399955,0.0
723h,na,1,170.0,6719.009913,8.0
723i,0-2,0,39.0,1440.6100000000001,0.0
723i,0-2,1,744.0,28030.99997,5.0
723i,11-20,0,109.0,4088.3699850000003,0.0
723i,11-20,1,1435.0,58813.100061000005,34.0
723i,21+,0,279.0,11443.209962,13.0
723i,21+,1,1187.0,48743.839991,31.0
723i,3-5,0,52.0,1919.6499999999999,0.0
723i,3-5,1,765.0,29803.900049000003,5.0
723i,6-10,0,65.0,2395.3599999999997,0.0
723i,6-10,1,1011.0,39955.130033,18.0
723i,na,1,93.0,3637.900012,0.0
723j,0-2,1,131.0,5432.939881,0.0
723j,11-20,0,18.0,717.419992,0.0
723j,11-20,1,252.0,11427.249876,5.0
723j,21+,0,25.0,995.7599889999999,0.0
723j,21+,1,127.0,5717.169941,6.0
723j,3-5,1,91.0,4009.939953,0.0
723j,6-10,1,171.0,7898.789942,8.0
723k,0-2,0,38.0,1410.83,0.0
723k,0-2,1,550.0,21528.929985,6.0
723k,11-20,0,59.0,2185.24999,0.0
723k,11-20,1,930.0,41255.340082,44.0
723k,21+,0,295.0,12425.819972,14.0
723k,21+,1,1313.0,58497.4700507,77.0
723k,3-5,0,35.0,1297.07,0.0
723k,3-5,1,538.0,21667.70003,5.0
723k,6-10,0,46.0,1704.239988,0.0
723k,6-10,1,773.0,34579.460029,59.0
723k,na,1,22.0,816.0699999999999,0.0
723l,0-2,0,17.0,662.4599949999999,0.0
723l,0-2,1,310.0,12939.229734,6.0
723l,11-20,0,30.0,1111.7299779999998,0.0
723l,11-20,1,280.0,12308.239742,13.0
723l,21+,0,10.0,369.94998999999996,0.0
723l,21+,1,30.0,1250.019977,0.0
723l,3-5,0,10.0,372.29999999999995,0.0
723l,3-5,1,238.0,10072.64975,8.0
723l,6-10,0,32.0,1221.649972,0.0
723l,6-10,1,267.0,12325.159781,25.0
723m,0-2,0,43.0,1671.809988,0.0
723m,0-2,1,584.0,24553.739669000002,10.0
723m,21+,0,2908.0,138765.939534,375.0
723m,21+,1,11997.0,543084.8973366,985.0
723m,3-5,0,21.0,811.389989,0.0
723m,3-5,1,500.0,21650.819804000002,15.0
723m,6-10,0,11.0,439.079995,0.0
723m,6-10,1,331.0,15425.109954000001,27.0
723m,na,0,14.0,550.769995,0.0
723m,na,1,85.0,3039.120017,0.0
723n,0-2,0,74.0,3121.52005,0.0
723n,0-2,1,860.0,38055.370813999994,0.0
723n,11-20,0,139.0,6359.110118,6.0
723n,11-20,1,1809.0,85140.201654,42.0
723n,21+,0,531.0,24752.780373,22.0
723n,21+,1,2278.0,106462.83187100002,75.0
723n,3-5,0,87.0,3796.0900759999995,0.0
723n,3-5,1,898.0,39911.090829,0.0
723n,6-10,0,95.0,4130.580081,0.0
723n,6-10,1,1192.0,54054.211135,11.0
723n,na,0,28.0,1203.700022,0.0
723n,na,1,212.0,9153.330173999999,0.0
723o,11-20,1,318.0,11285.039916,25.0
723o,6-10,1,35.0,1191.330002,0.0
723p,0-2,0,68.0,1316.519982,0.0
723p,0-2,1,907.0,18837.419835,0.0
723p,11-20,0,13.0,289.199994,0.0
723p,11-20,1,215.0,5236.969971,0.0
723p,3-5,0,35.0,616.5399938,0.0
723p,3-5,1,616.0,13040.0998814,5.0
723p,6-10,0,15.0,233.40000000000003,0.0
723p,6-10,1,394.0,8242.669945,0.0
723q,0-2,0,37.0,1055.699983,0.0
723q,0-2,1,506.0,13726.059807200001,0.0
723q,11-20,0,32.0,969.099993,0.0
723q,11-20,1,565.0,18318.189819,23.0
723q,21+,1,45.0,1235.679992,0.0
723q,3-5,1,271.0,7809.849905,6.0
723q,6-10,0,20.0,606.15998,0.0
723q,6-10,1,467.0,13878.539897600001,17.0
723r,0-2,0,31.0,934.339969,0.0
723r,0-2,1,968.0,28900.049194000003,12.0
723r,11-20,0,41.0,1237.179959,0.0
723r,11-20,1,569.0,20316.599647000003,43.0
723r,3-5,0,27.0,813.779973,0.0
723r,3-5,1,461.0,14372.969620999998,14.0
723r,6-10,0,33.0,994.619967,0.0
723r,6-10,1,655.0,23279.989527,63.0
723t,0-2,0,37.0,1151.259968,0.0
723t,0-2,1,1111.0,39606.479359000004,29.0
723t,11-20,0,17.0,549.099989,0.0
723t,11-20,1,280.0,11122.999943,16.0
723t,3-5,0,17.0,516.4599830000001,0.0
723t,3-5,1,667.0,24190.48965,21.0
723t,6-10,0,26.0,822.51998,0.0
723t,6-10,1,580.0,23293.639780999998,29.0
723u,0-2,0,12.0,361.679988,0.0
723u,0-2,1,211.0,6247.1298910000005,0.0
723u,11-20,1,100.0,3867.87002,7.0
723u,3-5,0,20.0,602.79998,0.0
723u,3-5,1,223.0,7146.07999,0.0
723u,6-10,0,13.0,469.820002,0.0
723u,6-10,1,229.0,7559.589978,8.0
723x,0-2,0,4035.0,138825.90065250001,237.0
723x,0-2,1,7798.0,256288.180798,307.0
723x,11-20,0,283.0,14581.0399601,75.0
723x,11-20,1,2260.0,109116.6394434,535.0
723x,21+,0,78.0,4084.9800087999997,21.0
723x,21+,1,400.0,15994.3299682,57.0
723x,3-5,0,181.0,5863.290002,0.0
723x,3-5,1,1259.0,52382.0497199,193.0
723x,6-10,0,228.0,9272.4499595,24.0
723x,6-10,1,2103.0,99574.4693805,392.0
723x,na,0,52.0,1416.409991,0.0
723x,na,1,193.0,5428.0399697,0.0
724a,0-2,0,88.0,2935.8398479999996,0.0
724a,0-2,1,632.0,21437.438736,0.0
724a,11-20,0,503.0,17818.199084,5.0
724a,11-20,1,891.0,34498.238626,34.0
724a,21+,0,923.0,34190.538454,26.0
724a,21+,1,1361.0,52423.99802600001,66.0
724a,3-5,0,205.0,6916.759607999999,0.0
724a,3-5,1,528.0,18211.979005,0.0
724a,6-10,0,388.0,13650.439295,7.0
724a,6-10,1,789.0,28646.468624,10.0
724a,na,0,276.0,9312.799472,0.0
724a,na,1,623.0,21428.238818,0.0
724b,na,0,51.0,1729.9198979999999,0.0
724b,na,1,283.0,10282.439504999998,0.0
724c,na,0,106.0,3687.719803,0.0
724c,na,1,447.0,16290.039182,6.0
724d,0-2,0,20.0,558.820006,0.0
724d,0-2,1,208.0,5826.08,0.0
724d,11-20,0,129.0,3613.2900000000004,0.0
724d,11-20,1,514.0,16453.240046000003,14.0
724d,21+,0,393.0,13045.620030000002,26.0
724d,21+,1,996.0,31678.280076000003,28.0
724d,3-5,0,42.0,1176.42,0.0
724d,3-5,1,127.0,3557.27,0.0
724d,6-10,0,51.0,1428.51,0.0
724d,6-10,1,129.0,3613.2900000000004,0.0
724d,na,0,23.0,644.23,0.0
724d,na,1,51.0,1428.51,0.0
724e,0-2,0,287.0,8885.730193899999,0.0
724e,0-2,1,1207.0,34976.401032999995,5.0
724e,11-20,0,140.0,3889.20014,0.0
724e,11-20,1,663.0,20283.640577,20.0
724e,3-5,0,283.0,8378.750253,0.0
724e,3-5,1,1140.0,34493.470991,32.0
724e,6-10,0,316.0,9488.850311,11.0
724e,6-10,1,1317.0,40358.681153,37.0
724f,0-2,1,41.0,1924.1299999999999,0.0
724f,11-20,0,111.0,5387.390038,5.0
724f,11-20,1,193.0,8509.530057,6.0
724f,21+,0,38.0,1783.34,0.0
724f,21+,1,60.0,2626.4100089999997,0.0
724f,3-5,0,23.0,1095.94001,0.0
724f,3-5,1,25.0,1173.25,0.0
724f,6-10,0,40.0,1877.2,0.0
724f,6-10,1,56.0,2417.430011,0.0
724x,0-2,0,839.0,30599.7702735,62.0
724x,0-2,1,977.0,34188.400308000004,47.0
724x,11-20,0,178.0,5212.459987,0.0
724x,11-20,1,676.0,26283.9998767,93.0
724x,21+,0,61.0,3155.010012,15.0
724x,21+,1,221.0,10197.3798844,53.0
724x,3-5,0,58.0,1624.5800000000002,0.0
724x,3-5,1,282.0,9460.339931,20.0
724x,6-10,0,127.0,3624.2599970000006,0.0
724x,6-10,1,475.0,18167.739921,64.0
724x,na,0,59.0,1959.820031,0.0
724x,na,1,112.0,3633.0600608,0.0
725a,0-2,0,42.0,2164.570052,0.0
725a,0-2,1,99.0,5277.690099,0.0
725a,11-20,0,166.0,8829.580178,0.0
725a,11-20,1,268.0,14526.280130000001,0.0
725a,21+,0,158.0,8393.430163,0.0
725a,21+,1,225.0,12282.650107,0.0
725a,3-5,0,50.0,2665.50005,0.0
725a,3-5,1,84.0,4478.040084,0.0
725a,6-10,0,67.0,3571.770067,0.0
725a,6-10,1,93.0,5020.230057,0.0
725a,na,0,90.0,4738.32009,0.0
725a,na,1,92.0,4977.32005,0.0
725b,0-2,0,14.0,789.320014,0.0
725b,0-2,1,110.0,6201.80011,0.0
725b,11-20,0,38.0,1989.24003,0.0
725b,11-20,1,247.0,14258.530259,5.0
725b,21+,0,65.0,3685.970068,0.0
725b,21+,1,222.0,12880.070197000001,6.0
725b,3-5,0,34.0,1916.920034,0.0
725b,3-5,1,114.0,6427.320114,0.0
725b,6-10,0,42.0,2367.960042,0.0
725b,6-10,1,162.0,9133.560162,0.0
725c,0-2,1,22.0,1032.46,0.0
725c,11-20,0,15.0,703.95,0.0
725c,11-20,1,91.0,4573.93001,0.0
725c,21+,0,17.0,797.81,0.0
725c,21+,1,128.0,6157.819995999999,0.0
725c,3-5,1,34.0,1595.62,0.0
725c,6-10,0,11.0,516.23,0.0
725c,6-10,1,38.0,1783.34,0.0
725d,0-2,0,36.0,1834.200036,0.0
725d,0-2,1,689.0,35099.940662,0.0
725d,11-20,0,103.0,5864.950116,5.0
725d,11-20,1,1428.0,78146.87133600001,90.0
725d,21+,0,654.0,40147.690476,148.0
725d,21+,1,3420.0,189229.842411,400.0
725d,3-5,0,69.0,3530.900064,0.0
725d,3-5,1,702.0,35967.030688,0.0
725d,6-10,0,113.0,5881.640111000001,0.0
725d,6-10,1,1102.0,58917.531033,46.0
725d,na,0,29.0,1495.9700229999999,0.0
725d,na,1,297.0,14225.5602605,0.0
725e,0-2,1,48.0,4681.179972,48.0
725e,11-20,1,94.0,9219.789926,94.0
725e,21+,1,26.0,2559.959974,26.0
725e,3-5,1,59.0,5720.539971,59.0
725e,6-10,1,56.0,5513.759943999999,56.0
725f,0-2,1,386.0,14918.900772,0.0
725f,11-20,0,48.0,1855.200096,0.0
725f,11-20,1,817.0,33687.281505000006,12.0
725f,21+,0,178.0,8210.590217,11.0
725f,21+,1,784.0,34325.0908835,42.0
725f,3-5,0,42.0,1623.300084,0.0
725f,3-5,1,362.0,13982.780712,0.0
725f,6-10,0,63.0,2434.950126,0.0
725f,6-10,1,633.0,25252.711194,6.0
725f,na,0,16.0,618.400032,0.0
725f,na,1,123.0,4780.890228,0.0
725x,0-2,0,537.0,19927.830256100002,38.0
725x,0-2,1,1382.0,57741.3404219,92.0
725x,11-20,0,129.0,7894.10013,32.0
725x,11-20,1,638.0,33239.720140800004,83.0
725x,21+,0,22.0,1148.0500220000001,0.0
725x,21+,1,231.0,13604.540156000001,43.0
725x,3-5,0,67.0,3442.5100380000003,5.0
725x,3-5,1,429.0,18764.57002,30.0
725x,6-10,0,40.0,1837.38004,0.0
725x,6-10,1,487.0,23089.900018,50.0
726a,0-2,0,124.0,5010.029935500001,0.0
726a,0-2,1,1277.0,53573.018735000005,0.0
726a,11-20,0,355.0,17350.899806,34.0
726a,11-20,1,2910.0,139370.437891,212.0
726a,21+,0,810.0,39861.259494000005,94.0
726a,21+,1,3893.0,192230.27759840002,375.0
726a,3-5,0,197.0,8256.219815,0.0
726a,3-5,1,1113.0,47286.14891900001,5.0
726a,6-10,0,253.0,11349.969807000001,6.0
726a,6-10,1,1748.0,77497.548485,48.0
726a,na,0,77.0,3230.9199230000004,0.0
726a,na,1,404.0,17496.099635000002,8.0
726b,0-2,0,54.0,2979.239994,0.0
726b,0-2,1,951.0,55242.729994,5.0
726b,11-20,0,205.0,12310.620025,17.0
726b,11-20,1,2954.0,177286.09987600002,224.0
726b,21+,0,487.0,29401.180033,57.0
726b,21+,1,3420.0,207133.899932,396.0
726b,3-5,0,71.0,4137.17,0.0
726b,3-5,1,1035.0,60109.96995300001,16.0
726b,6-10,0,124.0,7225.4800000000005,0.0
726b,6-10,1,1539.0,91030.45990799999,55.0
726b,na,1,67.0,3904.09,0.0
726c,0-2,0,25.0,1409.500025,0.0
726c,0-2,1,260.0,14658.80026,0.0
726c,11-20,0,39.0,2103.070034,0.0
726c,11-20,1,650.0,38924.990579,53.0
726c,21+,0,42.0,2367.960042,0.0
726c,21+,1,341.0,20008.510318,12.0
726c,3-5,0,25.0,1409.500025,0.0
726c,3-5,1,317.0,17891.410302,0.0
726c,6-10,0,51.0,2875.380051,0.0
726c,6-10,1,489.0,28029.100423000004,10.0
726c,na,1,27.0,1522.260027,0.0
726d,0-2,0,13.0,926.639987,0.0
726d,0-2,1,196.0,13970.879804,0.0
726d,11-20,0,41.0,3020.069988,5.0
726d,11-20,1,334.0,23997.289782000003,46.0
726d,21+,0,25.0,1783.379993,0.0
726d,21+,1,239.0,17053.469833,20.0
726d,3-5,0,25.0,1781.9999750000002,0.0
726d,3-5,1,147.0,10478.159853000001,0.0
726d,6-10,0,19.0,1354.319981,0.0
726d,6-10,1,196.0,13970.879804,0.0
726d,na,1,29.0,2067.119971,0.0
726e,11-20,0,52.0,3018.080052,0.0
726e,11-20,1,73.0,3966.4300729999995,0.0
726e,21+,0,19.0,1102.7600189999998,0.0
726e,21+,1,30.0,1741.20003,0.0
726e,3-5,1,27.0,1567.080027,0.0
726e,6-10,0,35.0,2031.400035,0.0
726e,6-10,1,44.0,2258.6800439999997,0.0
726e,na,0,137.0,7951.480137,0.0
726e,na,1,138.0,7886.570137999999,0.0
726f,0-2,0,54.0,2724.950044,0.0
726f,0-2,1,36.0,1875.7000259999998,0.0
726f,11-20,0,114.0,6510.180114,0.0
726f,11-20,1,112.0,6500.480111999999,0.0
726f,21+,0,22.0,1276.8800219999998,0.0
726f,21+,1,41.0,2379.6400409999997,0.0
726f,3-5,0,78.0,4527.120078,0.0
726f,3-5,1,37.0,2147.480037,0.0
726f,6-10,0,94.0,5455.760093999999,0.0
726f,6-10,1,64.0,3883.330071,7.0
726f,na,0,167.0,9673.220146,0.0
726f,na,1,232.0,13084.530201,6.0
726x,0-2,0,1128.0,45697.0104642,83.0
726x,0-2,1,1638.0,71828.8002115,149.0
726x,11-20,0,176.0,9789.679933,43.0
726x,11-20,1,1528.0,86210.599488,283.0
726x,21+,0,29.0,1331.009978,0.0
726x,21+,1,196.0,10521.609903,27.0
726x,3-5,0,75.0,3260.3599870000003,0.0
726x,3-5,1,684.0,38547.419718000005,146.0
726x,6-10,0,122.0,5304.779945,5.0
726x,6-10,1,1032.0,57902.0695317,211.0
726x,na,0,11.0,416.470005,0.0
726x,na,1,24.0,633.3399956000001,0.0
727a,0-2,0,75.0,3470.110057,0.0
727a,0-2,1,394.0,21473.090171,24.0
727a,11-20,0,166.0,11136.81011,49.0
727a,11-20,1,1143.0,75602.240505,337.0
727a,21+,0,178.0,12281.740091,77.0
727a,21+,1,600.0,39989.560228,193.0
727a,3-5,0,87.0,4972.03006,7.0
727a,3-5,1,414.0,25153.270215999997,84.0
727a,6-10,0,148.0,9315.350054,28.0
727a,6-10,1,617.0,38132.160216,113.0
727a,na,0,116.0,6064.0101159999995,0.0
727a,na,1,861.0,45717.520292,5.0
727b,0-2,0,66.0,2980.3399870000003,0.0
727b,0-2,1,442.0,21928.779845,0.0
727b,11-20,0,126.0,6680.18996,5.0
727b,11-20,1,1239.0,67480.19931899999,75.0
727b,21+,0,235.0,12620.449934,16.0
727b,21+,1,1181.0,61743.759404,92.0
727b,3-5,0,80.0,4032.79998,0.0
727b,3-5,1,461.0,23489.929757,0.0
727b,6-10,0,75.0,3856.09996,0.0
727b,6-10,1,516.0,27023.389642,5.0
727b,na,1,44.0,2349.479961,0.0
727x,0-2,0,436.0,16183.1502271,29.0
727x,0-2,1,880.0,35750.8307916,73.0
727x,11-20,0,74.0,3059.6000884,0.0
727x,11-20,1,423.0,24456.730121,143.0
727x,21+,0,45.0,3361.299998,29.0
727x,21+,1,292.0,18475.479988,106.0
727x,3-5,0,84.0,2663.780086,0.0
727x,3-5,1,304.0,13907.460251,57.0
727x,6-10,0,102.0,3608.120082,5.0
727x,6-10,1,387.0,16209.5002558,38.0
727x,na,1,37.0,710.7900114,0.0
729z,0-2,0,187.0,8446.6900487,40.0
729z,0-2,1,564.0,28000.800142699998,129.0
729z,11-20,0,369.0,16549.7200909,63.0
729z,11-20,1,1752.0,78080.1599806,254.0
729z,21+,0,283.0,12500.220092900001,38.0
729z,21+,1,1086.0,43942.929986,147.0
729z,3-5,0,16.0,388.6599974,0.0
729z,3-5,1,302.0,17303.070077,103.0
729z,6-10,0,103.0,4587.0300272,25.0
729z,6-10,1,589.0,30204.8100797,121.0
729z,na,0,376.0,13870.1800956,32.0
729z,na,1,1872.0,69493.8397004,104.0
760z,11-20,1,111.0,4409.020031200001,0.0
760z,na,0,38.0,760.6099979,0.0
760z,na,1,77.0,2066.1599848,0.0
761a,11-20,1,10.0,777.7500150000001,5.0
761a,21+,1,12.0,738.960024,0.0
761c,0-2,0,32.0,1512.610022,0.0
761c,0-2,1,352.0,15974.560043999998,7.0
761c,11-20,0,144.0,6631.9600315,18.0
761c,11-20,1,1171.0,54264.1502586,72.0
761c,21+,0,1264.0,68965.940228,290.0
761c,21+,1,4763.0,243744.6099454,828.0
761c,3-5,0,37.0,1675.3700159999999,0.0
761c,3-5,1,390.0,18211.020121999998,9.0
761c,6-10,0,67.0,3116.820026,0.0
761c,6-10,1,724.0,33178.8501778,34.0
761c,na,0,206.0,11623.750052,50.0
761c,na,1,295.0,14808.380019,47.0
761x,0-2,1,23.0,1531.059996,8.0
761x,11-20,1,11.0,484.99,0.0
761x,6-10,1,18.0,1357.470018,9.0
761x,na,1,61.0,1694.7600061,0.0
762a,0-2,1,15.0,1015.9500449999999,0.0
762a,11-20,1,218.0,12938.719922,39.0
762a,21+,0,100.0,6007.499973,30.0
762a,21+,1,419.0,24010.419894,81.0
762a,3-5,1,24.0,1625.5200719999998,0.0
762a,6-10,1,27.0,1262.3100180000001,0.0
762b,11-20,1,457.0,27610.959879000002,66.0
762b,21+,0,290.0,17473.739898,63.0
762b,21+,1,2071.0,123348.88935099999,386.0
762b,na,1,37.0,1178.37,0.0
762c,0-2,0,376.0,15605.6701446,12.0
762c,0-2,1,1800.0,77804.5708164,50.0
762c,11-20,0,268.0,12260.6300376,21.0
762c,11-20,1,2496.0,122705.500251,237.0
762c,21+,0,157.0,9167.240007,29.0
762c,21+,1,1128.0,64267.120046,135.0
762c,3-5,0,209.0,8532.690091,0.0
762c,3-5,1,1269.0,54500.3404356,41.0
762c,6-10,0,222.0,9219.670084000001,6.0
762c,6-10,1,1455.0,66309.9404108,84.0
762d,0-2,0,313.0,15102.440154,5.0
762d,0-2,1,5913.0,324301.87330499996,169.0
762d,11-20,0,1244.0,73622.87027479999,186.0
762d,11-20,1,13614.0,808876.7828645,1696.0
762d,21+,0,1907.0,119288.3202796,464.0
762d,21+,1,9106.0,547427.4814973,1503.0
762d,3-5,0,358.0,19654.690167,26.0
762d,3-5,1,5224.0,293899.5724984,284.0
762d,6-10,0,667.0,37613.7202595,54.0
762d,6-10,1,9038.0,523806.3132628,833.0
762d,na,1,17.0,1129.430011,5.0
762e,0-2,1,39.0,2088.680005,0.0
762e,11-20,1,25.0,1326.75,0.0
762e,21+,1,96.0,5117.460006,0.0
762e,3-5,1,22.0,1167.54,0.0
762e,na,1,20.0,1061.4,0.0
762f,0-2,0,18.0,1533.960018,18.0
762f,0-2,1,416.0,34891.640395999995,391.0
762f,11-20,0,85.0,6964.110091,70.0
762f,11-20,1,1226.0,98985.330755,988.0
762f,21+,0,159.0,12511.050075,120.0
762f,21+,1,911.0,70550.040459,644.0
762f,3-5,0,29.0,2453.680024,29.0
762f,3-5,1,505.0,41909.92041399999,458.0
762f,6-10,0,27.0,2300.940027,27.0
762f,6-10,1,786.0,65674.050602,715.0
762x,0-2,0,2850.0,117317.8510494,273.0
762x,0-2,1,5907.0,274677.2922866,573.0
762x,11-20,0,353.0,19627.3000724,70.0
762x,11-20,1,2687.0,154871.6899377,558.0
762x,21+,0,144.0,9296.39007,52.0
762x,21+,1,920.0,53786.9500695,217.0
762x,3-5,0,147.0,6948.170082,11.0
762x,3-5,1,1186.0,66133.7200806,229.0
762x,6-10,0,238.0,12996.340091,40.0
762x,6-10,1,1854.0,104976.510286,350.0
769z,0-2,0,34.0,1282.810005,0.0
769z,0-2,1,104.0,4428.580034,5.0
769z,11-20,1,99.0,4876.29999,18.0
769z,21+,1,49.0,2211.939979,5.0
769z,3-5,1,12.0,496.95999800000004,0.0
769z,6-10,1,47.0,2377.950004,5.0
769z,na,0,12.0,421.53999999999996,0.0
769z,na,1,32.0,765.5499998,0.0
810z,na,1,14.0,267.3900036,0.0
811b,0-2,0,44.0,1980.9799949,0.0
811b,0-2,1,144.0,7649.679982799999,11.0
811b,11-20,0,42.0,3199.130007,23.0
811b,11-20,1,164.0,11580.470027,75.0
811b,3-5,0,31.0,1994.030036,8.0
811b,3-5,1,91.0,5586.080033,25.0
811b,6-10,0,49.0,3450.0700190000002,21.0
811b,6-10,1,120.0,8134.410042,42.0
811c,0-2,0,57.0,1285.9099949,0.0
811c,0-2,1,96.0,2589.5500018,0.0
811c,11-20,0,99.0,3299.1300485,0.0
811c,11-20,1,199.0,7738.6100544,17.0
811c,21+,0,12.0,409.91999999999996,0.0
811c,21+,1,37.0,1201.2699949999999,0.0
811c,3-5,0,24.0,409.9199826,0.0
811c,3-5,1,61.0,1642.6600127,0.0
811c,6-10,0,51.0,1464.610011,0.0
811c,6-10,1,78.0,3116.5400077,8.0
811d,0-2,1,82.0,2902.8199809999996,10.0
811d,3-5,1,76.0,3127.859974,13.0
811x,0-2,0,183.0,5762.9800397,0.0
811x,0-2,1,364.0,14126.61999,35.0
811x,11-20,0,179.0,8112.6800779000005,28.0
811x,11-20,1,455.0,24336.8500918,134.0
811x,21+,0,45.0,2505.2200709999997,7.0
811x,21+,1,79.0,4052.3200329,19.0
811x,3-5,0,69.0,1885.4300008,0.0
811x,3-5,1,186.0,7751.0500551,22.0
811x,6-10,0,108.0,4331.4800517,5.0
811x,6-10,1,342.0,15727.000078,69.0
811x,na,0,180.0,4621.360039,5.0
811x,na,1,430.0,10995.0600841,0.0
812z,0-2,0,877.0,45621.1403997,222.0
812z,0-2,1,1302.0,76402.6303855,425.0
812z,11-20,0,1190.0,85292.6001421,610.0
812z,11-20,1,2968.0,204946.5805531,1465.0
812z,21+,0,284.0,22214.060053,165.0
812z,21+,1,945.0,69474.2000943,537.0
812z,3-5,0,678.0,45604.9402441,325.0
812z,3-5,1,1106.0,75367.7404587,534.0
812z,6-10,0,983.0,70695.6101919,508.0
812z,6-10,1,1961.0,139199.4804276,1048.0
812z,na,0,47.0,1132.5200333999999,0.0
812z,na,1,107.0,3573.7999967000005,11.0
813z,0-2,0,590.0,26375.5602649,73.0
813z,0-2,1,1070.0,52107.890402,170.0
813z,11-20,0,581.0,35576.3702885,173.0
813z,11-20,1,1700.0,99848.9902371,509.0
813z,21+,0,178.0,11509.770124,53.0
813z,21+,1,637.0,40426.4400938,254.0
813z,3-5,0,252.0,12548.79021,31.0
813z,3-5,1,549.0,30485.4802106,139.0
813z,6-10,0,407.0,22087.310257,71.0
813z,6-10,1,966.0,53390.6103571,226.0
813z,na,0,25.0,730.4200105,0.0
813z,na,1,68.0,2156.1800077,6.0
814a,11-20,1,43.0,3010.849976,6.0
814a,21+,1,64.0,4010.6699909999998,20.0
814x,na,1,18.0,176.5800072,0.0
815a,0-2,0,43.0,2095.640015,6.0
815a,0-2,1,87.0,3434.0800296,0.0
815a,11-20,0,56.0,3163.820028,10.0
815a,11-20,1,121.0,6071.450003,17.0
815a,21+,1,10.0,466.89999,0.0
815a,3-5,0,49.0,2128.4800250000003,0.0
815a,3-5,1,82.0,3512.1400310000004,0.0
815a,6-10,0,129.0,6760.84003,20.0
815a,6-10,1,165.0,7243.490018,9.0
815b,11-20,0,44.0,1982.110009,7.0
815b,11-20,1,237.0,9541.260095,8.0
815b,6-10,0,102.0,5231.320035,18.0
815b,6-10,1,565.0,24438.6502955,45.0
815x,na,0,37.0,1100.5699868,0.0
815x,na,1,93.0,3203.6699668,0.0
819z,0-2,0,63.0,2924.3900167,15.0
819z,0-2,1,228.0,13293.700029,78.0
819z,11-20,0,589.0,20260.1400898,56.0
819z,11-20,1,1380.0,47631.90006084,128.0
819z,21+,0,552.0,15334.1299762,10.0
819z,21+,1,1435.0,40911.45994974,57.0
819z,3-5,0,29.0,954.990016,0.0
819z,3-5,1,67.0,3006.7600325,17.0
819z,6-10,0,127.0,4010.8500158,6.0
819z,6-10,1,280.0,11287.4200596,31.0
819z,na,0,190.0,4834.1600327,0.0
819z,na,1,641.0,18916.8099482,23.0
840a,0-2,0,64.0,3872.530115,11.0
840a,0-2,1,169.0,11834.290334,57.0
840a,11-20,0,86.0,6285.320139,28.0
840a,11-20,1,260.0,19369.770322,123.0
840a,21+,1,18.0,1423.3800019999999,13.0
840a,3-5,0,85.0,5777.220216,18.0
840a,3-5,1,270.0,19905.190536000002,117.0
840a,6-10,0,100.0,7068.3102420000005,20.0
840a,6-10,1,319.0,23557.140592,144.0
840b,0-2,0,18.0,185.04,0.0
840b,0-2,1,321.0,3299.8799999999997,0.0
840b,11-20,0,82.0,842.9599999999999,0.0
840b,11-20,1,715.0,11338.120132,10.0
840b,21+,1,37.0,380.35999999999996,0.0
840b,3-5,0,58.0,596.24,0.0
840b,3-5,1,690.0,7386.350019999999,0.0
840b,6-10,0,51.0,524.28,0.0
840b,6-10,1,540.0,7024.05009,0.0
840c,0-2,0,32.0,663.119981,0.0
840c,0-2,1,42.0,776.579978,0.0
840c,11-20,0,136.0,5577.629967,6.0
840c,11-20,1,467.0,20801.759907,65.0
840c,21+,0,255.0,10451.559868999999,15.0
840c,21+,1,612.0,25588.589732,79.0
840c,3-5,0,56.0,1088.639969,0.0
840c,3-5,1,84.0,2221.129945,0.0
840c,6-10,0,89.0,2423.849929,0.0
840c,6-10,1,182.0,5957.979957,9.0
840c,na,1,11.0,243.38,0.0
840d,0-2,0,19.0,625.880019,0.0
840d,11-20,0,134.0,5250.170153,0.0
840d,11-20,1,217.0,9800.910225,17.0
840d,21+,0,105.0,4435.990083,11.0
840d,21+,1,348.0,17069.4502702,33.0
840d,3-5,0,22.0,605.880022,0.0
840d,3-5,1,61.0,2362.730046,0.0
840d,6-10,0,55.0,2000.770066,0.0
840d,6-10,1,52.0,1900.860066,0.0
840x,0-2,0,219.0,8202.3601309,15.0
840x,0-2,1,331.0,12086.230279,37.0
840x,11-20,0,210.0,13650.880269,57.0
840x,11-20,1,732.0,48673.910636,327.0
840x,21+,0,11.0,769.350038,0.0
840x,21+,1,83.0,5223.930069,31.0
840x,3-5,0,32.0,656.180024,0.0
840x,3-5,1,82.0,3712.490105,11.0
840x,6-10,0,59.0,2503.570065,0.0
840x,6-10,1,92.0,3719.460049,12.0
840x,na,0,100.0,2787.5000313,0.0
840x,na,1,237.0,5641.9800403,0.0
851z,0-2,0,66.0,3985.9900290000005,23.0
851z,0-2,1,279.0,20878.229886,171.0
851z,11-20,0,39.0,3310.629981,39.0
851z,11-20,1,348.0,27016.709782,248.0
851z,21+,0,24.0,1277.2899810000001,0.0
851z,21+,1,72.0,4270.609925,17.0
851z,3-5,0,14.0,1143.52,14.0
851z,3-5,1,163.0,12965.749902,114.0
851z,6-10,0,42.0,3448.260005,37.0
851z,6-10,1,339.0,25574.659747,207.0
860z,11-20,1,15.0,1115.250015,10.0
860z,na,1,15.0,420.2200032,0.0
861a,0-2,1,35.0,1592.510024,0.0
861a,11-20,0,65.0,5008.41997,55.0
861a,11-20,1,1965.0,146197.4888531,1651.0
861a,21+,0,596.0,39214.3301132,279.0
861a,21+,1,2583.0,163774.0302429,1446.0
861a,3-5,1,53.0,3940.3399259999997,45.0
861a,6-10,1,397.0,30255.239457,376.0
861a,na,1,22.0,907.55999,5.0
861c,0-2,0,21.0,131.46000420000001,0.0
861c,0-2,1,1870.0,16982.130465,14.0
861c,11-20,0,104.0,2841.9900248000004,11.0
861c,11-20,1,1669.0,54234.4201744,252.0
861c,21+,1,120.0,4002.9000083,27.0
861c,3-5,0,24.0,150.2400048,0.0
861c,3-5,1,1042.0,19213.170231,55.0
861c,6-10,0,44.0,595.8400068000001,0.0
861c,6-10,1,1071.0,27634.6502238,103.0
861x,0-2,1,556.0,10166.210205700001,32.0
861x,11-20,0,46.0,1885.8600243,5.0
861x,11-20,1,1290.0,32481.8501035,176.0
861x,21+,1,15.0,1429.429994,15.0
861x,3-5,1,627.0,11430.0202838,41.0
861x,6-10,1,597.0,10550.8901304,58.0
863a,0-2,1,11.0,302.940011,0.0
863a,11-20,0,15.0,1214.549995,10.0
863a,11-20,1,355.0,23630.179926,140.0
863a,21+,0,245.0,18534.119972,122.0
863a,21+,1,767.0,55124.3499572,354.0
863a,6-10,1,16.0,440.640016,0.0
863a,na,0,91.0,7290.1800410000005,51.0
863a,na,1,509.0,32945.180033,183.0
863b,11-20,0,45.0,3727.769966,33.0
863b,11-20,1,157.0,11776.33,68.0
863b,21+,0,34.0,2757.1799840000003,21.0
863b,21+,1,103.0,7338.080017,51.0
863b,6-10,1,23.0,1478.810037,13.0
863b,na,0,144.0,11345.399998,90.0
863b,na,1,360.0,23169.290038400002,159.0
863x,0-2,0,26.0,1035.229994,0.0
863x,0-2,1,41.0,1786.4800247,9.0
863x,11-20,1,146.0,9864.190024,68.0
863x,21+,0,121.0,9210.640049000001,59.0
863x,21+,1,342.0,22714.28003,136.0
863x,6-10,1,12.0,330.480012,0.0
863x,na,0,265.0,13584.2800322,48.0
863x,na,1,776.0,36445.4800151,160.0
869z,0-2,0,15.0,526.6500149999999,0.0
869z,0-2,1,100.0,6736.010077,54.0
869z,11-20,0,11.0,378.40002200000004,0.0
869z,11-20,1,58.0,4050.0300199999997,29.0
869z,3-5,1,72.0,5492.92005,45.0
869z,6-10,1,71.0,5306.520023,42.0
869z,na,1,71.0,1865.4499842999999,0.0
999z,0-2,0,22.0,1189.1600389999999,5.0
999z,0-2,1,21.0,1283.820043,7.0
999z,11-20,0,928.0,37705.9301651,157.0
999z,11-20,1,3065.0,134887.15995862,642.0
999z,21+,0,1941.0,89740.29019531001,526.0
999z,21+,1,4974.0,219393.08007129,1080.0
999z,3-5,1,65.0,2340.5600255,14.0
999z,6-10,0,110.0,3867.0100085,11.0
999z,6-10,1,332.0,15015.0899896,67.0
999z,na,0,6034.0,264588.23085113,1463.0
999z,na,1,14313.0,687505.69057486,4347.0
