year_month,age_group,final_quartile,n_emp_sum,n_emp_total_age,share,halfyear
2019-01,22-25,1,103593,342236,0.3026946317745649,2019H1
2019-01,22-25,2,159172,342236,0.46509426243878493,2019H1
2019-01,22-25,3,35420,342236,0.10349583328463399,2019H1
2019-01,22-25,4,44051,342236,0.12871527250201614,2019H1
2019-02,22-25,1,102106,340201,0.30013433235058096,2019H1
2019-02,22-25,2,157608,340201,0.46327906149599796,2019H1
2019-02,22-25,3,35711,340201,0.10497029697149626,2019H1
2019-02,22-25,4,44776,340201,0.1316163091819248,2019H1
2019-03,22-25,1,102605,340272,0.3015381812197301,2019H1
2019-03,22-25,2,156923,340272,0.46116929985423427,2019H1
2019-03,22-25,3,35900,340272,0.10550383222833498,2019H1
2019-03,22-25,4,44844,340272,0.13178868669770066,2019H1
2019-04,22-25,1,106049,350886,0.3022320639751942,2019H1
2019-04,22-25,2,161923,350886,0.46146896712892504,2019H1
2019-04,22-25,3,36629,350886,0.10439002981025176,2019H1
2019-04,22-25,4,46285,350886,0.13190893908562895,2019H1
2019-05,22-25,1,109645,360895,0.3038141287632137,2019H1
2019-05,22-25,2,166468,360895,0.4612643566688372,2019H1
2019-05,22-25,3,37607,360895,0.1042048241178182,2019H1
2019-05,22-25,4,47175,360895,0.13071669045013093,2019H1
2019-06,22-25,1,117526,385738,0.3046783049634726,2019H1
2019-06,22-25,2,177668,385738,0.46059242283622565,2019H1
2019-06,22-25,3,39868,385738,0.10335512705515143,2019H1
2019-06,22-25,4,50676,385738,0.13137414514515033,2019H1
2019-07,22-25,1,123611,405892,0.3045416021995999,2019H2
2019-07,22-25,2,187343,405892,0.46155873976328676,2019H2
2019-07,22-25,3,41954,405892,0.10336247080504174,2019H2
2019-07,22-25,4,52984,405892,0.13053718723207158,2019H2
2019-08,22-25,1,122137,397548,0.307225794117943,2019H2
2019-08,22-25,2,181363,397548,0.4562040307082415,2019H2
2019-08,22-25,3,41230,397548,0.10371074687836437,2019H2
2019-08,22-25,4,52818,397548,0.1328594282954511,2019H2
2019-09,22-25,1,120522,397986,0.30282974778007266,2019H2
2019-09,22-25,2,181485,397986,0.45600850281165667,2019H2
2019-09,22-25,3,41757,397986,0.10492077610770228,2019H2
2019-09,22-25,4,54222,397986,0.13624097330056836,2019H2
2019-10,22-25,1,109171,361503,0.30199196133918665,2019H2
2019-10,22-25,2,163743,361503,0.4529505979203492,2019H2
2019-10,22-25,3,38340,361503,0.106057211143476,2019H2
2019-10,22-25,4,50249,361503,0.13900022959698813,2019H2
2019-11,22-25,1,109546,362212,0.302436142369662,2019H2
2019-11,22-25,2,164106,362212,0.45306616014930484,2019H2
2019-11,22-25,3,38445,362212,0.1061394984152927,2019H2
2019-11,22-25,4,50115,362212,0.1383581990657405,2019H2
2019-12,22-25,1,109145,364523,0.29941869237332075,2019H2
2019-12,22-25,2,165893,364523,0.45509611190514726,2019H2
2019-12,22-25,3,38696,364523,0.1061551671636632,2019H2
2019-12,22-25,4,50789,364523,0.13933002855786877,2019H2
2020-01,22-25,1,96195,323074,0.29774912249206065,2020H1
2020-01,22-25,2,152143,323074,0.47092307025634994,2020H1
2020-01,22-25,3,33342,323074,0.10320236230708754,2020H1
2020-01,22-25,4,41394,323074,0.12812544494450187,2020H1
2020-02,22-25,1,94479,320219,0.29504495360987326,2020H1
2020-02,22-25,2,150364,320219,0.46956614067247726,2020H1
2020-02,22-25,3,33507,320219,0.10463776353058375,2020H1
2020-02,22-25,4,41869,320219,0.13075114218706574,2020H1
2020-03,22-25,1,94933,320731,0.2959894740452279,2020H1
2020-03,22-25,2,150308,320731,0.4686419460544818,2020H1
2020-03,22-25,3,33617,320731,0.10481369122410993,2020H1
2020-03,22-25,4,41873,320731,0.13055488867618034,2020H1
2020-04,22-25,1,96049,324153,0.29630760782716803,2020H1
2020-04,22-25,2,152314,324153,0.4698830490539961,2020H1
2020-04,22-25,3,33439,324153,0.10315807658729056,2020H1
2020-04,22-25,4,42351,324153,0.1306512665315453,2020H1
2020-05,22-25,1,92648,315066,0.29405902255400457,2020H1
2020-05,22-25,2,148961,315066,0.47279300210114705,2020H1
2020-05,22-25,3,32316,315066,0.10256898554588563,2020H1
2020-05,22-25,4,41141,315066,0.13057898979896276,2020H1
2020-06,22-25,1,98050,333118,0.29434014373285144,2020H1
2020-06,22-25,2,156785,333118,0.47065904574355033,2020H1
2020-06,22-25,3,34232,333118,0.10276238450038724,2020H1
2020-06,22-25,4,44051,333118,0.13223842602321098,2020H1
2020-07,22-25,1,104842,355440,0.29496398829619624,2020H2
2020-07,22-25,2,167949,355440,0.4725101282916948,2020H2
2020-07,22-25,3,36432,355440,0.1024983119513842,2020H2
2020-07,22-25,4,46217,355440,0.13002757146072474,2020H2
2020-08,22-25,1,105982,355530,0.2980958006356707,2020H2
2020-08,22-25,2,166725,355530,0.46894776812083366,2020H2
2020-08,22-25,3,36236,355530,0.10192107557730712,2020H2
2020-08,22-25,4,46587,355530,0.1310353556661885,2020H2
2020-09,22-25,1,105798,358497,0.2951154402965715,2020H2
2020-09,22-25,2,168317,358497,0.4695074156826975,2020H2
2020-09,22-25,3,36819,358497,0.10270378831622022,2020H2
2020-09,22-25,4,47563,358497,0.13267335570451078,2020H2
2020-10,22-25,1,96210,326926,0.2942867804946685,2020H2
2020-10,22-25,2,151819,326926,0.46438337727803847,2020H2
2020-10,22-25,3,34210,326926,0.10464141732379804,2020H2
2020-10,22-25,4,44687,326926,0.13668842490349498,2020H2
2020-11,22-25,1,96614,328244,0.2943359208393756,2020H2
2020-11,22-25,2,152220,328244,0.4637403882477669,2020H2
2020-11,22-25,3,34392,328244,0.10477571562618053,2020H2
2020-11,22-25,4,45018,328244,0.137147975286677,2020H2
2020-12,22-25,1,97680,337830,0.28913950803658645,2020H2
2020-12,22-25,2,159011,337830,0.4706834798567327,2020H2
2020-12,22-25,3,35144,337830,0.10402865346476038,2020H2
2020-12,22-25,4,45995,337830,0.13614835864192049,2020H2
2021-01,22-25,1,86939,299508,0.2902727139174914,2021H1
2021-01,22-25,2,144425,299508,0.4822074869452569,2021H1
2021-01,22-25,3,29627,299508,0.09891889365225637,2021H1
2021-01,22-25,4,38517,299508,0.1286009054849954,2021H1
2021-02,22-25,1,86211,298854,0.2884719628982714,2021H1
2021-02,22-25,2,143918,298854,0.481566249740676,2021H1
2021-02,22-25,3,29888,298854,0.10000869990028576,2021H1
2021-02,22-25,4,38837,298854,0.1299530874607668,2021H1
2021-03,22-25,1,87363,300338,0.29088227263949284,2021H1
2021-03,22-25,2,143553,300338,0.4779714854597154,2021H1
2021-03,22-25,3,30191,300338,0.10052341029107206,2021H1
2021-03,22-25,4,39231,300338,0.13062283160971971,2021H1
2021-04,22-25,1,91087,311799,0.2921337143480255,2021H1
2021-04,22-25,2,148702,311799,0.47691621846125226,2021H1
2021-04,22-25,3,31153,311799,0.09991372647122024,2021H1
2021-04,22-25,4,40857,311799,0.131036340719502,2021H1
2021-05,22-25,1,94907,323249,0.2936033831504506,2021H1
2021-05,22-25,2,154282,323249,0.47728531256090506,2021H1
2021-05,22-25,3,31779,323249,0.09831120900606034,2021H1
2021-05,22-25,4,42281,323249,0.13080009528258402,2021H1
2021-06,22-25,1,103820,352163,0.2948066662312622,2021H1
2021-06,22-25,2,167016,352163,0.4742576590953621,2021H1
2021-06,22-25,3,34493,352163,0.09794612154030946,2021H1
2021-06,22-25,4,46834,352163,0.13298955313306624,2021H1
2021-07,22-25,1,112801,378997,0.2976303242505877,2021H2
2021-07,22-25,2,180238,378997,0.47556576964989167,2021H2
2021-07,22-25,3,37051,378997,0.09776066829025032,2021H2
2021-07,22-25,4,48907,378997,0.12904323780927027,2021H2
2021-08,22-25,1,113991,378365,0.3012725807091036,2021H2
2021-08,22-25,2,178219,378365,0.4710240112061105,2021H2
2021-08,22-25,3,36823,378365,0.09732136957699576,2021H2
2021-08,22-25,4,49332,378365,0.1303820385077901,2021H2
2021-09,22-25,1,113148,381722,0.29641466826643476,2021H2
2021-09,22-25,2,180110,381722,0.47183552428206915,2021H2
2021-09,22-25,3,37625,381722,0.0985664960363825,2021H2
2021-09,22-25,4,50839,381722,0.1331833114151136,2021H2
2021-10,22-25,1,102336,344999,0.2966269467447732,2021H2
2021-10,22-25,2,161298,344999,0.4675317899472172,2021H2
2021-10,22-25,3,34379,344999,0.09964956420163537,2021H2
2021-10,22-25,4,46986,344999,0.13619169910637421,2021H2
2021-11,22-25,1,103214,346935,0.29750241399685823,2021H2
2021-11,22-25,2,162131,346935,0.467323850288959,2021H2
2021-11,22-25,3,34316,346935,0.09891189992361682,2021H2
2021-11,22-25,4,47274,346935,0.13626183579056594,2021H2
2021-12,22-25,1,105010,353795,0.2968102997498551,2021H2
2021-12,22-25,2,165692,353795,0.46832770389632417,2021H2
2021-12,22-25,3,34970,353795,0.09884255006430277,2021H2
2021-12,22-25,4,48123,353795,0.13601944628951795,2021H2
2022-01,22-25,1,98485,331548,0.2970459782595582,2022H1
2022-01,22-25,2,157249,331548,0.47428728268606657,2022H1
2022-01,22-25,3,32800,331548,0.09892986837501659,2022H1
2022-01,22-25,4,43014,331548,0.12973687067935866,2022H1
2022-02,22-25,1,96483,328199,0.2939771297292192,2022H1
2022-02,22-25,2,155649,328199,0.47425190204723355,2022H1
2022-02,22-25,3,32654,328199,0.09949451399912858,2022H1
2022-02,22-25,4,43413,328199,0.13227645422441872,2022H1
2022-03,22-25,1,98017,330132,0.2969024511407558,2022H1
2022-03,22-25,2,155416,330132,0.4707692680503556,2022H1
2022-03,22-25,3,33015,330132,0.10000545236450874,2022H1
2022-03,22-25,4,43684,330132,0.13232282844437981,2022H1
2022-04,22-25,1,102345,341989,0.29926401141557185,2022H1
2022-04,22-25,2,160788,341989,0.4701554728368456,2022H1
2022-04,22-25,3,33669,341989,0.09845053495872674,2022H1
2022-04,22-25,4,45187,341989,0.1321299807888558,2022H1
2022-05,22-25,1,106850,355705,0.3003893675939332,2022H1
2022-05,22-25,2,167498,355705,0.47089020396114756,2022H1
2022-05,22-25,3,34707,355705,0.09757242658944912,2022H1
2022-05,22-25,4,46650,355705,0.13114800185547013,2022H1
2022-06,22-25,1,114910,383752,0.29943817882382373,2022H1
2022-06,22-25,2,180222,383752,0.46963142863099083,2022H1
2022-06,22-25,3,37548,383752,0.09784444120160937,2022H1
2022-06,22-25,4,51072,383752,0.13308595134357606,2022H1
2022-07,22-25,1,121475,404655,0.3001939924132903,2022H2
2022-07,22-25,2,190590,404655,0.47099380954146125,2022H2
2022-07,22-25,3,39547,404655,0.0977301652024564,2022H2
2022-07,22-25,4,53043,404655,0.13108203284279202,2022H2
2022-08,22-25,1,119783,397474,0.30136059213936006,2022H2
2022-08,22-25,2,185352,397474,0.46632484137327224,2022H2
2022-08,22-25,3,39277,397474,0.09881652636398859,2022H2
2022-08,22-25,4,53062,397474,0.13349804012337915,2022H2
2022-09,22-25,1,118799,400282,0.29678826427368704,2022H2
2022-09,22-25,2,186812,400282,0.4667009758120525,2022H2
2022-09,22-25,3,39920,400282,0.09972969056814945,2022H2
2022-09,22-25,4,54751,400282,0.13678106934611098,2022H2
2022-10,22-25,1,107429,363137,0.29583600679633304,2022H2
2022-10,22-25,2,168346,363137,0.46358812238907077,2022H2
2022-10,22-25,3,36538,363137,0.10061767321974902,2022H2
2022-10,22-25,4,50824,363137,0.13995819759484712,2022H2
2022-11,22-25,1,105854,357670,0.2959543713478905,2022H2
2022-11,22-25,2,165504,357670,0.4627282131573797,2022H2
2022-11,22-25,3,36337,357670,0.1015936477758828,2022H2
2022-11,22-25,4,49975,357670,0.13972376771884698,2022H2
2022-12,22-25,1,106145,361028,0.2940076669953577,2022H2
2022-12,22-25,2,167794,361028,0.46476727566836923,2022H2
2022-12,22-25,3,36394,361028,0.10080658563878701,2022H2
2022-12,22-25,4,50695,361028,0.14041847169748606,2022H2
2023-01,22-25,1,98942,340089,0.2909297272184634,2023H1
2023-01,22-25,2,161150,340089,0.47384655193199426,2023H1
2023-01,22-25,3,34620,340089,0.10179688258073621,2023H1
2023-01,22-25,4,45377,340089,0.1334268382688061,2023H1
2023-02,22-25,1,96551,333656,0.2893728870453401,2023H1
2023-02,22-25,2,157807,333656,0.472963171649843,2023H1
2023-02,22-25,3,33985,333656,0.10185640300189416,2023H1
2023-02,22-25,4,45313,333656,0.13580753830292278,2023H1
2023-03,22-25,1,97004,334150,0.2903007631303307,2023H1
2023-03,22-25,2,157923,334150,0.47261110279814456,2023H1
2023-03,22-25,3,33949,334150,0.10159808469250337,2023H1
2023-03,22-25,4,45274,334150,0.1354900493790214,2023H1
2023-04,22-25,1,100118,344648,0.2904934890090759,2023H1
2023-04,22-25,2,163185,344648,0.4734830899932685,2023H1
2023-04,22-25,3,34677,344648,0.10061570065690212,2023H1
2023-04,22-25,4,46668,344648,0.13540772034075346,2023H1
2023-05,22-25,1,103057,352815,0.2920992588183609,2023H1
2023-05,22-25,2,166996,352815,0.47332454685883535,2023H1
2023-05,22-25,3,35534,352815,0.10071567251959242,2023H1
2023-05,22-25,4,47228,352815,0.1338605218032113,2023H1
2023-06,22-25,1,110602,380404,0.2907487828729456,2023H1
2023-06,22-25,2,180196,380404,0.4736963859475715,2023H1
2023-06,22-25,3,38133,380404,0.10024342541087897,2023H1
2023-06,22-25,4,51473,380404,0.1353114057686039,2023H1
2023-07,22-25,1,116439,399837,0.2912161705895152,2023H2
2023-07,22-25,2,189970,399837,0.4751186108339148,2023H2
2023-07,22-25,3,40400,399837,0.1010411742785185,2023H2
2023-07,22-25,4,53028,399837,0.13262404429805147,2023H2
2023-08,22-25,1,114819,391415,0.2933433823435484,2023H2
2023-08,22-25,2,183876,391415,0.46977249211195277,2023H2
2023-08,22-25,3,39892,391415,0.1019174022456983,2023H2
2023-08,22-25,4,52828,391415,0.1349667232988005,2023H2
2023-09,22-25,1,113164,392877,0.2880392591065397,2023H2
2023-09,22-25,2,184819,392877,0.47042458581184443,2023H2
2023-09,22-25,3,40189,392877,0.10229410222537842,2023H2
2023-09,22-25,4,54705,392877,0.13924205285623745,2023H2
2023-10,22-25,1,102075,355278,0.2873102190397379,2023H2
2023-10,22-25,2,166153,355278,0.4676703876963955,2023H2
2023-10,22-25,3,36810,355278,0.10360900477935589,2023H2
2023-10,22-25,4,50240,355278,0.1414103884845107,2023H2
2023-11,22-25,1,99724,348881,0.28583958427085454,2023H2
2023-11,22-25,2,163263,348881,0.46796185518844535,2023H2
2023-11,22-25,3,36400,348881,0.10433356932593062,2023H2
2023-11,22-25,4,49494,348881,0.1418649912147695,2023H2
2023-12,22-25,1,99972,351069,0.28476453346777986,2023H2
2023-12,22-25,2,164752,351069,0.4692866644448812,2023H2
2023-12,22-25,3,36394,351069,0.10366623085490316,2023H2
2023-12,22-25,4,49951,351069,0.1422825712324358,2023H2
2024-01,22-25,1,123582,329605,0.3749397005506591,2024H1
2024-01,22-25,2,165743,329605,0.5028534154518287,2024H1
2024-01,22-25,3,12531,329605,0.03801823394669377,2024H1
2024-01,22-25,4,27749,329605,0.08418865005081841,2024H1
2024-02,22-25,1,120352,323258,0.37230942467007777,2024H1
2024-02,22-25,2,162386,323258,0.5023417827246348,2024H1
2024-02,22-25,3,12363,323258,0.038244993163355584,2024H1
2024-02,22-25,4,28157,323258,0.08710379944193183,2024H1
2024-03,22-25,1,120146,323032,0.37193219247628717,2024H1
2024-03,22-25,2,162600,323032,0.5033557046979866,2024H1
2024-03,22-25,3,12060,323032,0.03733376259937096,2024H1
2024-03,22-25,4,28226,323032,0.08737834022635528,2024H1
2024-04,22-25,1,123258,331940,0.37132614327890584,2024H1
2024-04,22-25,2,167382,331940,0.5042537808037597,2024H1
2024-04,22-25,3,12097,331940,0.03644333313249382,2024H1
2024-04,22-25,4,29203,331940,0.08797674278484063,2024H1
2024-05,22-25,1,128229,340616,0.37646205697912016,2024H1
2024-05,22-25,2,170778,340616,0.5013798529722621,2024H1
2024-05,22-25,3,12353,340616,0.036266646311388775,2024H1
2024-05,22-25,4,29256,340616,0.08589144373722903,2024H1
2024-06,22-25,1,139318,369733,0.3768070472476084,2024H1
2024-06,22-25,2,184857,369733,0.49997430578282165,2024H1
2024-06,22-25,3,13288,369733,0.035939448196401186,2024H1
2024-06,22-25,4,32270,369733,0.08727919877316874,2024H1
2024-07,22-25,1,148307,389228,0.38102860020347973,2024H2
2024-07,22-25,2,192666,389228,0.49499522130987494,2024H2
2024-07,22-25,3,14926,389228,0.03834770365955173,2024H2
2024-07,22-25,4,33329,389228,0.08562847482709363,2024H2
2024-08,22-25,1,147828,379879,0.38914496458082704,2024H2
2024-08,22-25,2,183501,379879,0.48305118208692766,2024H2
2024-08,22-25,3,15479,379879,0.04074718528794695,2024H2
2024-08,22-25,4,33071,379879,0.08705666804429832,2024H2
2024-09,22-25,1,144466,383334,0.3768671706657901,2024H2
2024-09,22-25,2,189815,383334,0.49516870405442776,2024H2
2024-09,22-25,3,14667,383334,0.038261672588395496,2024H2
2024-09,22-25,4,34386,383334,0.08970245269138663,2024H2
2024-10,22-25,1,126541,341235,0.370832417542163,2024H2
2024-10,22-25,2,168562,341235,0.49397629199818305,2024H2
2024-10,22-25,3,13825,341235,0.04051460137441939,2024H2
2024-10,22-25,4,32307,341235,0.09467668908523452,2024H2
2024-11,22-25,1,124676,337138,0.36980702264354653,2024H2
2024-11,22-25,2,166206,337138,0.49299100071780694,2024H2
2024-11,22-25,3,13875,337138,0.04115525393162444,2024H2
2024-11,22-25,4,32381,337138,0.09604672270702205,2024H2
2024-12,22-25,1,125141,340094,0.3679600345786753,2024H2
2024-12,22-25,2,168046,340094,0.4941163325433557,2024H2
2024-12,22-25,3,14004,340094,0.04117685110587073,2024H2
2024-12,22-25,4,32903,340094,0.0967467817720983,2024H2
2025-01,22-25,1,118290,315604,0.3748051355496128,2025H1
2025-01,22-25,2,159406,315604,0.5050823183483099,2025H1
2025-01,22-25,3,12241,315604,0.03878594694617305,2025H1
2025-01,22-25,4,25667,315604,0.08132659915590423,2025H1
2025-02,22-25,1,115636,312411,0.3701406160474503,2025H1
2025-02,22-25,2,158204,312411,0.5063970218718291,2025H1
2025-02,22-25,3,12068,312411,0.038628601425686034,2025H1
2025-02,22-25,4,26503,312411,0.08483376065503455,2025H1
2025-03,22-25,1,115256,311055,0.37053254247641093,2025H1
2025-03,22-25,2,157782,311055,0.507247914355982,2025H1
2025-03,22-25,3,11780,311055,0.037871116040571605,2025H1
2025-03,22-25,4,26237,311055,0.08434842712703541,2025H1
2025-04,22-25,1,119197,321211,0.37108629530121945,2025H1
2025-04,22-25,2,163081,321211,0.5077067721840162,2025H1
2025-04,22-25,3,11631,321211,0.03620984337398159,2025H1
2025-04,22-25,4,27302,321211,0.08499708914078286,2025H1
2025-05,22-25,1,124036,331890,0.3737262345957998,2025H1
2025-05,22-25,2,168225,331890,0.5068697460001808,2025H1
2025-05,22-25,3,12082,331890,0.03640362770797553,2025H1
2025-05,22-25,4,27547,331890,0.08300039169604387,2025H1
2025-06,22-25,1,134972,359664,0.37527247653365364,2025H1
2025-06,22-25,2,180569,359664,0.502049134747987,2025H1
2025-06,22-25,3,13523,359664,0.03759898127140887,2025H1
2025-06,22-25,4,30600,359664,0.08507940744695049,2025H1
2019-01,26-30,1,145032,583752,0.24844797105620195,2019H1
2019-01,26-30,2,209588,583752,0.35903602899861586,2019H1
2019-01,26-30,3,88118,583752,0.1509510888185394,2019H1
2019-01,26-30,4,141014,583752,0.24156491112664283,2019H1
2019-02,26-30,1,144435,585706,0.2465998299488139,2019H1
2019-02,26-30,2,210122,585706,0.3587499530481163,2019H1
2019-02,26-30,3,88863,585706,0.15171946334850592,2019H1
2019-02,26-30,4,142286,585706,0.2429307536545639,2019H1
2019-03,26-30,1,145113,585826,0.2477066569254352,2019H1
2019-03,26-30,2,209331,585826,0.35732623680068826,2019H1
2019-03,26-30,3,89107,585826,0.152104891213432,2019H1
2019-03,26-30,4,142275,585826,0.24286221506044456,2019H1
2019-04,26-30,1,148699,596618,0.24923652990690862,2019H1
2019-04,26-30,2,213671,596618,0.35813703240599515,2019H1
2019-04,26-30,3,90192,596618,0.1511721067751895,2019H1
2019-04,26-30,4,144056,596618,0.2414543309119068,2019H1
2019-05,26-30,1,151556,605872,0.25014524520030634,2019H1
2019-05,26-30,2,217207,605872,0.358503116169752,2019H1
2019-05,26-30,3,91257,605872,0.15062092323130957,2019H1
2019-05,26-30,4,145852,605872,0.24073071539863206,2019H1
2019-06,26-30,1,156626,625164,0.25053585939049594,2019H1
2019-06,26-30,2,224272,625164,0.3587410663441913,2019H1
2019-06,26-30,3,94333,625164,0.15089320562284456,2019H1
2019-06,26-30,4,149933,625164,0.23982986864246822,2019H1
2019-07,26-30,1,157523,622591,0.25301200948937586,2019H2
2019-07,26-30,2,225162,622591,0.3616531559241942,2019H2
2019-07,26-30,3,92393,622591,0.14840079602821113,2019H2
2019-07,26-30,4,147513,622591,0.2369340385582188,2019H2
2019-08,26-30,1,155454,615866,0.2524152981330354,2019H2
2019-08,26-30,2,220730,615866,0.3584058869948982,2019H2
2019-08,26-30,3,92016,615866,0.1494091247121939,2019H2
2019-08,26-30,4,147666,615866,0.23976969015987243,2019H2
2019-09,26-30,1,156296,622693,0.25100009153788466,2019H2
2019-09,26-30,2,222736,622693,0.35769793461625554,2019H2
2019-09,26-30,3,93266,622693,0.14977846225989372,2019H2
2019-09,26-30,4,150395,622693,0.2415235115859661,2019H2
2019-10,26-30,1,151555,605077,0.2504722539445393,2019H2
2019-10,26-30,2,214304,605077,0.35417641060559235,2019H2
2019-10,26-30,3,91501,605077,0.15122207586803002,2019H2
2019-10,26-30,4,147717,605077,0.24412925958183834,2019H2
2019-11,26-30,1,151113,605234,0.24967698443907646,2019H2
2019-11,26-30,2,214500,605234,0.3544083775861898,2019H2
2019-11,26-30,3,91663,605234,0.1514505133551651,2019H2
2019-11,26-30,4,147958,605234,0.24446412461956862,2019H2
2019-12,26-30,1,151075,609435,0.2478935407385529,2019H2
2019-12,26-30,2,215747,609435,0.354011502457194,2019H2
2019-12,26-30,3,92553,609435,0.15186689310590956,2019H2
2019-12,26-30,4,150060,609435,0.24622806369834355,2019H2
2020-01,26-30,1,138603,576544,0.24040316090359104,2020H1
2020-01,26-30,2,206620,576544,0.3583768107898096,2020H1
2020-01,26-30,3,89787,576544,0.15573312704667813,2020H1
2020-01,26-30,4,141534,576544,0.24548690125992118,2020H1
2020-02,26-30,1,137865,578459,0.23833149799726513,2020H1
2020-02,26-30,2,207067,578459,0.3579631399978218,2020H1
2020-02,26-30,3,90774,578459,0.15692382692636817,2020H1
2020-02,26-30,4,142753,578459,0.2467815350785449,2020H1
2020-03,26-30,1,138912,579818,0.2395786263965589,2020H1
2020-03,26-30,2,206976,579818,0.35696718625499724,2020H1
2020-03,26-30,3,91010,579818,0.15696304702510097,2020H1
2020-03,26-30,4,142920,579818,0.24649114032334285,2020H1
2020-04,26-30,1,139676,580860,0.24046413937954067,2020H1
2020-04,26-30,2,207496,580860,0.35722205006369867,2020H1
2020-04,26-30,3,90605,580860,0.15598423027924113,2020H1
2020-04,26-30,4,143083,580860,0.24632958027751953,2020H1
2020-05,26-30,1,136150,571322,0.2383069442451017,2020H1
2020-05,26-30,2,204058,571322,0.35716811185286057,2020H1
2020-05,26-30,3,89011,571322,0.15579830638414063,2020H1
2020-05,26-30,4,142103,571322,0.2487266375178971,2020H1
2020-06,26-30,1,139627,585682,0.23840070208748093,2020H1
2020-06,26-30,2,209176,585682,0.357149442871729,2020H1
2020-06,26-30,3,91902,585682,0.15691450309212165,2020H1
2020-06,26-30,4,144977,585682,0.24753535194866838,2020H1
2020-07,26-30,1,141238,586979,0.24061848890675816,2020H2
2020-07,26-30,2,212210,586979,0.3615291177367504,2020H2
2020-07,26-30,3,90692,586979,0.15450637927421595,2020H2
2020-07,26-30,4,142839,586979,0.24334601408227552,2020H2
2020-08,26-30,1,141216,587300,0.2404495147284182,2020H2
2020-08,26-30,2,211075,587300,0.3593989443214711,2020H2
2020-08,26-30,3,91176,587300,0.15524604120551677,2020H2
2020-08,26-30,4,143833,587300,0.2449054997445939,2020H2
2020-09,26-30,1,142449,595376,0.23925888850071214,2020H2
2020-09,26-30,2,214292,595376,0.3599271720727742,2020H2
2020-09,26-30,3,92755,595376,0.155792306038537,2020H2
2020-09,26-30,4,145880,595376,0.24502163338797667,2020H2
2020-10,26-30,1,138734,580500,0.23899052540913007,2020H2
2020-10,26-30,2,206640,580500,0.355968992248062,2020H2
2020-10,26-30,3,91171,580500,0.15705598621877692,2020H2
2020-10,26-30,4,143955,580500,0.247984496124031,2020H2
2020-11,26-30,1,139132,582313,0.2389299225674165,2020H2
2020-11,26-30,2,207159,582313,0.35575197531224617,2020H2
2020-11,26-30,3,91661,582313,0.1574084727629299,2020H2
2020-11,26-30,4,144361,582313,0.24790962935740743,2020H2
2020-12,26-30,1,140341,594819,0.23593899993107148,2020H2
2020-12,26-30,2,214622,594819,0.36081900544535395,2020H2
2020-12,26-30,3,92740,594819,0.15591297520758415,2020H2
2020-12,26-30,4,147116,594819,0.24732901941599042,2020H2
2021-01,26-30,1,126076,541551,0.23280540521575993,2021H1
2021-01,26-30,2,194433,541551,0.35902989746118097,2021H1
2021-01,26-30,3,84526,541551,0.1560813293669479,2021H1
2021-01,26-30,4,136516,541551,0.25208336795611125,2021H1
2021-02,26-30,1,125990,545355,0.23102382851537073,2021H1
2021-02,26-30,2,196006,545355,0.3594099256447635,2021H1
2021-02,26-30,3,85349,545355,0.156501728232069,2021H1
2021-02,26-30,4,138010,545355,0.25306451760779675,2021H1
2021-03,26-30,1,127185,546899,0.2325566512281061,2021H1
2021-03,26-30,2,195275,546899,0.35705861594188326,2021H1
2021-03,26-30,3,85777,546899,0.15684248828394273,2021H1
2021-03,26-30,4,138662,546899,0.25354224454606794,2021H1
2021-04,26-30,1,130500,556471,0.2345135685417569,2021H1
2021-04,26-30,2,198888,556471,0.3574094606906739,2021H1
2021-04,26-30,3,86601,556471,0.15562536053091716,2021H1
2021-04,26-30,4,140482,556471,0.252451610236652,2021H1
2021-05,26-30,1,133296,566193,0.2354250229162141,2021H1
2021-05,26-30,2,203050,566193,0.35862329629649253,2021H1
2021-05,26-30,3,87578,566193,0.15467870496456154,2021H1
2021-05,26-30,4,142269,566193,0.25127297582273184,2021H1
2021-06,26-30,1,139533,590011,0.23649220099286283,2021H1
2021-06,26-30,2,211308,590011,0.3581424753097824,2021H1
2021-06,26-30,3,91344,590011,0.1548174525559693,2021H1
2021-06,26-30,4,147826,590011,0.2505478711413855,2021H1
2021-07,26-30,1,141573,591619,0.2392975884817763,2021H2
2021-07,26-30,2,214039,591619,0.3617852029769159,2021H2
2021-07,26-30,3,90473,591619,0.1529244327852892,2021H2
2021-07,26-30,4,145534,591619,0.24599277575601866,2021H2
2021-08,26-30,1,141670,593120,0.23885554356622607,2021H2
2021-08,26-30,2,213145,593120,0.3593623550040464,2021H2
2021-08,26-30,3,90979,593120,0.15339054491502563,2021H2
2021-08,26-30,4,147326,593120,0.2483915565147019,2021H2
2021-09,26-30,1,143224,602549,0.23769685121044098,2021H2
2021-09,26-30,2,216385,602549,0.35911602209944754,2021H2
2021-09,26-30,3,92612,602549,0.1537003629580333,2021H2
2021-09,26-30,4,150328,602549,0.24948676373207823,2021H2
2021-10,26-30,1,139075,585289,0.2376176555513601,2021H2
2021-10,26-30,2,208193,585289,0.3557097433917261,2021H2
2021-10,26-30,3,90417,585289,0.1544826572855461,2021H2
2021-10,26-30,4,147604,585289,0.25218994377136766,2021H2
2021-11,26-30,1,140400,587581,0.23894577939041595,2021H2
2021-11,26-30,2,208718,587581,0.3552157064302624,2021H2
2021-11,26-30,3,90458,587581,0.15394983840525817,2021H2
2021-11,26-30,4,148005,587581,0.2518886757740635,2021H2
2021-12,26-30,1,141869,595046,0.23841686188966904,2021H2
2021-12,26-30,2,211667,595046,0.3557153564598367,2021H2
2021-12,26-30,3,91609,595046,0.15395280364879355,2021H2
2021-12,26-30,4,149901,595046,0.2519149780017007,2021H2
2022-01,26-30,1,128772,549784,0.23422289480959796,2022H1
2022-01,26-30,2,193304,549784,0.3515999010520495,2022H1
2022-01,26-30,3,84839,549784,0.1543133303260917,2022H1
2022-01,26-30,4,142869,549784,0.25986387381226084,2022H1
2022-02,26-30,1,127627,550745,0.23173519505397236,2022H1
2022-02,26-30,2,193724,550745,0.35174899454375436,2022H1
2022-02,26-30,3,85284,550745,0.1548520640223697,2022H1
2022-02,26-30,4,144110,550745,0.2616637463799036,2022H1
2022-03,26-30,1,129110,552871,0.23352644649475193,2022H1
2022-03,26-30,2,193469,552871,0.3499351566640319,2022H1
2022-03,26-30,3,85733,552871,0.155068723083685,2022H1
2022-03,26-30,4,144559,552871,0.26146967375753116,2022H1
2022-04,26-30,1,132981,564117,0.23573301283244433,2022H1
2022-04,26-30,2,197682,564117,0.3504273049739682,2022H1
2022-04,26-30,3,87048,564117,0.15430841474374996,2022H1
2022-04,26-30,4,146406,564117,0.2595312674498375,2022H1
2022-05,26-30,1,136378,576228,0.23667367778032306,2022H1
2022-05,26-30,2,202886,576228,0.3520932686367202,2022H1
2022-05,26-30,3,88572,576228,0.15370998979570585,2022H1
2022-05,26-30,4,148392,576228,0.25752306378725087,2022H1
2022-06,26-30,1,141711,597105,0.23733011781847413,2022H1
2022-06,26-30,2,211025,597105,0.353413553730081,2022H1
2022-06,26-30,3,91338,597105,0.15296807094229659,2022H1
2022-06,26-30,4,153031,597105,0.2562882575091483,2022H1
2022-07,26-30,1,141977,594748,0.23871791077901902,2022H2
2022-07,26-30,2,212238,594748,0.35685365902869787,2022H2
2022-07,26-30,3,90136,594748,0.15155326289453686,2022H2
2022-07,26-30,4,150397,594748,0.2528751672977463,2022H2
2022-08,26-30,1,140170,591701,0.23689329576931592,2022H2
2022-08,26-30,2,208799,591701,0.35287924137359916,2022H2
2022-08,26-30,3,90431,591701,0.15283225818445464,2022H2
2022-08,26-30,4,152301,591701,0.2573952046726303,2022H2
2022-09,26-30,1,141121,600769,0.2349006023945976,2022H2
2022-09,26-30,2,211964,600769,0.35282113424627437,2022H2
2022-09,26-30,3,92074,600769,0.15326023812813244,2022H2
2022-09,26-30,4,155610,600769,0.2590180252309956,2022H2
2022-10,26-30,1,136954,584312,0.23438505455989267,2022H2
2022-10,26-30,2,204278,584312,0.3496043209792029,2022H2
2022-10,26-30,3,90329,584312,0.15459035583729241,2022H2
2022-10,26-30,4,152751,584312,0.26142026862361206,2022H2
2022-11,26-30,1,136512,579806,0.2354442692900729,2022H2
2022-11,26-30,2,202375,579806,0.3490391613746667,2022H2
2022-11,26-30,3,89511,579806,0.15438094811022998,2022H2
2022-11,26-30,4,151408,579806,0.2611356212250304,2022H2
2022-12,26-30,1,136816,583994,0.23427637955184472,2022H2
2022-12,26-30,2,203360,583994,0.3482227557132436,2022H2
2022-12,26-30,3,90640,583994,0.15520707404528128,2022H2
2022-12,26-30,4,153178,583994,0.2622937906896304,2022H2
2023-01,26-30,1,120979,536121,0.22565614851871127,2023H1
2023-01,26-30,2,185661,536121,0.34630428578623107,2023H1
2023-01,26-30,3,84312,536121,0.15726300592590106,2023H1
2023-01,26-30,4,145169,536121,0.2707765597691566,2023H1
2023-02,26-30,1,119877,535359,0.22391890301648054,2023H1
2023-02,26-30,2,185226,535359,0.3459846570245387,2023H1
2023-02,26-30,3,84536,535359,0.1579052560991783,2023H1
2023-02,26-30,4,145720,535359,0.2721911838598025,2023H1
2023-03,26-30,1,120457,535704,0.2248573839284381,2023H1
2023-03,26-30,2,185372,535704,0.34603437719337543,2023H1
2023-03,26-30,3,84539,535704,0.1578091632692681,2023H1
2023-03,26-30,4,145336,535704,0.27129907560891836,2023H1
2023-04,26-30,1,122710,542576,0.22616186488160184,2023H1
2023-04,26-30,2,188511,542576,0.34743704107811624,2023H1
2023-04,26-30,3,84938,542576,0.15654581109374538,2023H1
2023-04,26-30,4,146417,542576,0.26985528294653655,2023H1
2023-05,26-30,1,124810,549962,0.22694295242216736,2023H1
2023-05,26-30,2,191473,549962,0.34815678174128395,2023H1
2023-05,26-30,3,86191,549962,0.15672173713820228,2023H1
2023-05,26-30,4,147488,549962,0.2681785286983464,2023H1
2023-06,26-30,1,129177,568591,0.2271879083559184,2023H1
2023-06,26-30,2,199515,568591,0.35089370039272516,2023H1
2023-06,26-30,3,88866,568591,0.15629160503771602,2023H1
2023-06,26-30,4,151033,568591,0.2656267862136404,2023H1
2023-07,26-30,1,129401,566127,0.22857238746782965,2023H2
2023-07,26-30,2,200070,566127,0.35340126861993865,2023H2
2023-07,26-30,3,87793,566127,0.15507651110086607,2023H2
2023-07,26-30,4,148863,566127,0.26294983281136564,2023H2
2023-08,26-30,1,127076,559681,0.22705076641872782,2023H2
2023-08,26-30,2,195884,559681,0.34999222771543076,2023H2
2023-08,26-30,3,87406,559681,0.15617110461137684,2023H2
2023-08,26-30,4,149315,559681,0.2667859012544646,2023H2
2023-09,26-30,1,127483,566309,0.2251120854515821,2023H2
2023-09,26-30,2,198127,566309,0.34985670367237676,2023H2
2023-09,26-30,3,89013,566309,0.15718097363806685,2023H2
2023-09,26-30,4,151686,566309,0.2678502372379743,2023H2
2023-10,26-30,1,123373,549905,0.2243532973877306,2023H2
2023-10,26-30,2,190700,549905,0.346787172329766,2023H2
2023-10,26-30,3,87112,549905,0.15841281675925842,2023H2
2023-10,26-30,4,148720,549905,0.2704467135232449,2023H2
2023-11,26-30,1,121781,544332,0.2237255939389931,2023H2
2023-11,26-30,2,188518,544332,0.34632907857704487,2023H2
2023-11,26-30,3,86319,544332,0.15857785322193074,2023H2
2023-11,26-30,4,147714,544332,0.2713674742620313,2023H2
2023-12,26-30,1,121508,546482,0.22234584121709405,2023H2
2023-12,26-30,2,188915,546482,0.3456929962926501,2023H2
2023-12,26-30,3,87154,546482,0.15948192255188642,2023H2
2023-12,26-30,4,148905,546482,0.2724792399383694,2023H2
2024-01,26-30,1,143959,505209,0.2849493971801769,2024H1
2024-01,26-30,2,170830,505209,0.33813728575698376,2024H1
2024-01,26-30,3,71276,505209,0.14108220558224419,2024H1
2024-01,26-30,4,119144,505209,0.23583111148059516,2024H1
2024-02,26-30,1,140513,502487,0.27963509503728456,2024H1
2024-02,26-30,2,170218,502487,0.33875105226602875,2024H1
2024-02,26-30,3,71112,502487,0.14152007912642517,2024H1
2024-02,26-30,4,120644,502487,0.24009377357026152,2024H1
2024-03,26-30,1,140959,502741,0.2803809516232016,2024H1
2024-03,26-30,2,171069,502741,0.3402726254671889,2024H1
2024-03,26-30,3,70609,502741,0.14044806371471594,2024H1
2024-03,26-30,4,120104,502741,0.2388983591948936,2024H1
2024-04,26-30,1,141941,509275,0.2787118943596289,2024H1
2024-04,26-30,2,170231,509275,0.33426145010063324,2024H1
2024-04,26-30,3,74639,509275,0.1465593245299691,2024H1
2024-04,26-30,4,122464,509275,0.24046733100976878,2024H1
2024-05,26-30,1,143920,515597,0.27913273351086215,2024H1
2024-05,26-30,2,172689,515597,0.3349301877241334,2024H1
2024-05,26-30,3,75731,515597,0.14688021846519667,2024H1
2024-05,26-30,4,123257,515597,0.2390568602998078,2024H1
2024-06,26-30,1,146773,535234,0.274222115934339,2024H1
2024-06,26-30,2,175048,535234,0.32704947742482726,2024H1
2024-06,26-30,3,84714,535234,0.15827469854306714,2024H1
2024-06,26-30,4,128699,535234,0.2404537080977666,2024H1
2024-07,26-30,1,149664,531905,0.281373553548096,2024H2
2024-07,26-30,2,173389,531905,0.3259773831793271,2024H2
2024-07,26-30,3,83067,531905,0.15616886474088418,2024H2
2024-07,26-30,4,125785,531905,0.2364801985316927,2024H2
2024-08,26-30,1,148594,524553,0.2832773809319554,2024H2
2024-08,26-30,2,173293,524553,0.3303631854169169,2024H2
2024-08,26-30,3,77277,524553,0.1473197179312672,2024H2
2024-08,26-30,4,125389,524553,0.23903971571986052,2024H2
2024-09,26-30,1,148106,532483,0.27814221299083725,2024H2
2024-09,26-30,2,178222,532483,0.33469988713254695,2024H2
2024-09,26-30,3,78949,532483,0.1482657662310346,2024H2
2024-09,26-30,4,127206,532483,0.23889213364558118,2024H2
2024-10,26-30,1,141417,514879,0.27466064842419285,2024H2
2024-10,26-30,2,168486,514879,0.3272341656971832,2024H2
2024-10,26-30,3,79356,514879,0.15412553240664312,2024H2
2024-10,26-30,4,125620,514879,0.2439796534719808,2024H2
2024-11,26-30,1,140006,510603,0.2741973705599066,2024H2
2024-11,26-30,2,166085,510603,0.32527227611275294,2024H2
2024-11,26-30,3,78770,510603,0.1542685804822925,2024H2
2024-11,26-30,4,125742,510603,0.2462617728450479,2024H2
2024-12,26-30,1,140171,512849,0.2733182671702587,2024H2
2024-12,26-30,2,164840,512849,0.3214201451109391,2024H2
2024-12,26-30,3,81763,512849,0.1594289937193989,2024H2
2024-12,26-30,4,126075,512849,0.24583259399940333,2024H2
2025-01,26-30,1,134664,479632,0.28076525336091,2025H1
2025-01,26-30,2,158326,479632,0.33009890916369217,2025H1
2025-01,26-30,3,73964,479632,0.15420989425226006,2025H1
2025-01,26-30,4,112678,479632,0.23492594322313773,2025H1
2025-02,26-30,1,132476,479193,0.27645645908850924,2025H1
2025-02,26-30,2,161081,479193,0.33615056981216335,2025H1
2025-02,26-30,3,72084,479193,0.15042790691850674,2025H1
2025-02,26-30,4,113552,479193,0.23696506418082067,2025H1
2025-03,26-30,1,132975,477644,0.27839771880312536,2025H1
2025-03,26-30,2,162041,477644,0.33925057155538435,2025H1
2025-03,26-30,3,70690,477644,0.14799725318438,2025H1
2025-03,26-30,4,111938,477644,0.2343544564571103,2025H1
2025-04,26-30,1,134023,484417,0.2766686553114362,2025H1
2025-04,26-30,2,162070,484417,0.3345671188253096,2025H1
2025-04,26-30,3,74555,484417,0.1539066548036093,2025H1
2025-04,26-30,4,113769,484417,0.2348575710596449,2025H1
2025-05,26-30,1,135739,491260,0.2763078614175793,2025H1
2025-05,26-30,2,162461,491260,0.33070268289704025,2025H1
2025-05,26-30,3,78115,491260,0.15900948581199364,2025H1
2025-05,26-30,4,114945,491260,0.2339799698733868,2025H1
2025-06,26-30,1,137914,510232,0.2702966493673466,2025H1
2025-06,26-30,2,165407,510232,0.3241799808714467,2025H1
2025-06,26-30,3,87113,510232,0.17073213753743396,2025H1
2025-06,26-30,4,119798,510232,0.2347912322237727,2025H1
2019-01,31-34,1,101139,450213,0.2246470004198013,2019H1
2019-01,31-34,2,143469,450213,0.3186691632627223,2019H1
2019-01,31-34,3,79478,450213,0.17653421824780716,2019H1
2019-01,31-34,4,126127,450213,0.28014961806966926,2019H1
2019-02,31-34,1,100957,452605,0.22305763303542825,2019H1
2019-02,31-34,2,144581,452605,0.31944189746025786,2019H1
2019-02,31-34,3,80022,452605,0.17680317274444604,2019H1
2019-02,31-34,4,127045,452605,0.2806972967598679,2019H1
2019-03,31-34,1,101693,453263,0.2243576025398058,2019H1
2019-03,31-34,2,144619,453263,0.3190620015311199,2019H1
2019-03,31-34,3,80085,453263,0.17668550047102896,2019H1
2019-03,31-34,4,126866,453263,0.27989489545804536,2019H1
2019-04,31-34,1,103838,459549,0.22595631804225447,2019H1
2019-04,31-34,2,146973,459549,0.31982008447412574,2019H1
2019-04,31-34,3,80938,459549,0.1761248528448544,2019H1
2019-04,31-34,4,127800,459549,0.2780987446387654,2019H1
2019-05,31-34,1,105511,464914,0.22694734940225503,2019H1
2019-05,31-34,2,148656,464914,0.3197494590397364,2019H1
2019-05,31-34,3,81706,464914,0.17574433120964308,2019H1
2019-05,31-34,4,129041,464914,0.2775588603483655,2019H1
2019-06,31-34,1,107713,474449,0.22702756249881442,2019H1
2019-06,31-34,2,151789,474449,0.31992690468311663,2019H1
2019-06,31-34,3,83196,474449,0.17535288302852362,2019H1
2019-06,31-34,4,131751,474449,0.27769264978954533,2019H1
2019-07,31-34,1,106895,465624,0.22957364740649108,2019H2
2019-07,31-34,2,150347,465624,0.32289357936876106,2019H2
2019-07,31-34,3,80533,465624,0.17295714997508718,2019H2
2019-07,31-34,4,127849,465624,0.27457562324966067,2019H2
2019-08,31-34,1,105150,460629,0.22827481552399,2019H2
2019-08,31-34,2,147755,460629,0.32076790649307796,2019H2
2019-08,31-34,3,80264,460629,0.17424869037772264,2019H2
2019-08,31-34,4,127460,460629,0.2767085876052094,2019H2
2019-09,31-34,1,106721,468158,0.2279593641462925,2019H2
2019-09,31-34,2,150054,468158,0.32051999538617304,2019H2
2019-09,31-34,3,81716,468158,0.174547909039256,2019H2
2019-09,31-34,4,129667,468158,0.2769727314282785,2019H2
2019-10,31-34,1,105862,463761,0.22826843999387617,2019H2
2019-10,31-34,2,147820,463761,0.3187417656939674,2019H2
2019-10,31-34,3,81295,463761,0.17529503343316924,2019H2
2019-10,31-34,4,128784,463761,0.27769476087898726,2019H2
2019-11,31-34,1,105638,463823,0.22775498412109793,2019H2
2019-11,31-34,2,148131,463823,0.31936967334522004,2019H2
2019-11,31-34,3,81384,463823,0.17546348499319783,2019H2
2019-11,31-34,4,128670,463823,0.2774118575404842,2019H2
2019-12,31-34,1,105723,467489,0.22615077574017783,2019H2
2019-12,31-34,2,148702,467489,0.31808662877629207,2019H2
2019-12,31-34,3,82322,467489,0.17609398296002687,2019H2
2019-12,31-34,4,130742,467489,0.2796686125235032,2019H2
2020-01,31-34,1,101172,464318,0.2178937710793034,2020H1
2020-01,31-34,2,147555,464318,0.3177886706955147,2020H1
2020-01,31-34,3,83920,464318,0.18073820097433224,2020H1
2020-01,31-34,4,131671,464318,0.28357935725084965,2020H1
2020-02,31-34,1,101133,466633,0.21672920689278297,2020H1
2020-02,31-34,2,148334,466633,0.31788150430852513,2020H1
2020-02,31-34,3,84570,466633,0.18123450334631283,2020H1
2020-02,31-34,4,132596,466633,0.28415478545237904,2020H1
2020-03,31-34,1,101578,466686,0.21765812559193976,2020H1
2020-03,31-34,2,148114,466686,0.3173739945059419,2020H1
2020-03,31-34,3,84739,466686,0.18157604899225605,2020H1
2020-03,31-34,4,132255,466686,0.2833918309098623,2020H1
2020-04,31-34,1,102152,467596,0.21846209120693932,2020H1
2020-04,31-34,2,148455,467596,0.3174856072335948,2020H1
2020-04,31-34,3,84342,467596,0.1803736558909828,2020H1
2020-04,31-34,4,132647,467596,0.28367864566848305,2020H1
2020-05,31-34,1,99785,461781,0.2160872794679729,2020H1
2020-05,31-34,2,146388,461781,0.31700741260467624,2020H1
2020-05,31-34,3,82918,461781,0.1795613071997332,2020H1
2020-05,31-34,4,132690,461781,0.2873440007276176,2020H1
2020-06,31-34,1,101394,469034,0.2161762260305223,2020H1
2020-06,31-34,2,148611,469034,0.3168448342764064,2020H1
2020-06,31-34,3,84575,469034,0.1803174183534669,2020H1
2020-06,31-34,4,134454,469034,0.2866615213396044,2020H1
2020-07,31-34,1,101139,462735,0.21856786281565044,2020H2
2020-07,31-34,2,148365,462735,0.3206262763784888,2020H2
2020-07,31-34,3,82571,462735,0.17844122445892358,2020H2
2020-07,31-34,4,130660,462735,0.28236463634693726,2020H2
2020-08,31-34,1,100878,462359,0.2181811103493173,2020H2
2020-08,31-34,2,147422,462359,0.3188474756628507,2020H2
2020-08,31-34,3,83037,462359,0.1795942114244559,2020H2
2020-08,31-34,4,131022,462359,0.28337720256337606,2020H2
2020-09,31-34,1,102561,469876,0.218272480399084,2020H2
2020-09,31-34,2,150191,469876,0.3196396496096843,2020H2
2020-09,31-34,3,84323,469876,0.17945798465978258,2020H2
2020-09,31-34,4,132801,469876,0.28262988533144917,2020H2
2020-10,31-34,1,101545,465238,0.21826463014629072,2020H2
2020-10,31-34,2,147666,465238,0.3173988367244292,2020H2
2020-10,31-34,3,83846,465238,0.18022173597169622,2020H2
2020-10,31-34,4,132181,465238,0.28411479715758386,2020H2
2020-11,31-34,1,101836,466821,0.2181478553878253,2020H2
2020-11,31-34,2,148133,466821,0.31732291392203865,2020H2
2020-11,31-34,3,84348,466821,0.180685958857892,2020H2
2020-11,31-34,4,132504,466821,0.28384327183224406,2020H2
2020-12,31-34,1,102622,476333,0.2154417182937147,2020H2
2020-12,31-34,2,152718,476333,0.3206118408760258,2020H2
2020-12,31-34,3,85281,476333,0.17903651437124868,2020H2
2020-12,31-34,4,135712,476333,0.2849099264590108,2020H2
2021-01,31-34,1,100057,471035,0.21241945927585,2021H1
2021-01,31-34,2,148911,471035,0.3161357436283928,2021H1
2021-01,31-34,3,85488,471035,0.1814896982177545,2021H1
2021-01,31-34,4,136579,471035,0.2899550988780027,2021H1
2021-02,31-34,1,100104,473602,0.2113673506446341,2021H1
2021-02,31-34,2,150024,473602,0.316772310927741,2021H1
2021-02,31-34,3,85760,473602,0.18108031638379907,2021H1
2021-02,31-34,4,137714,473602,0.2907800220438258,2021H1
2021-03,31-34,1,100893,474600,0.21258533501896335,2021H1
2021-03,31-34,2,149625,474600,0.31526548672566373,2021H1
2021-03,31-34,3,86250,474600,0.18173198482932995,2021H1
2021-03,31-34,4,137832,474600,0.290417193426043,2021H1
2021-04,31-34,1,102878,480311,0.21419038914370064,2021H1
2021-04,31-34,2,151592,480311,0.3156121762774536,2021H1
2021-04,31-34,3,86643,480311,0.18038937271892586,2021H1
2021-04,31-34,4,139198,480311,0.2898080618599199,2021H1
2021-05,31-34,1,104863,486625,0.21549036732596968,2021H1
2021-05,31-34,2,153905,486625,0.31627022861546367,2021H1
2021-05,31-34,3,87556,486625,0.1799249935782173,2021H1
2021-05,31-34,4,140301,486625,0.28831441048034934,2021H1
2021-06,31-34,1,107854,499687,0.21584311779173762,2021H1
2021-06,31-34,2,157948,499687,0.31609387476560324,2021H1
2021-06,31-34,3,89255,499687,0.17862181725760326,2021H1
2021-06,31-34,4,144630,499687,0.2894411901850558,2021H1
2021-07,31-34,1,107856,492775,0.21887473999289736,2021H2
2021-07,31-34,2,157424,492775,0.3194642585358429,2021H2
2021-07,31-34,3,87355,492775,0.1772715742478819,2021H2
2021-07,31-34,4,140140,492775,0.2843894272233778,2021H2
2021-08,31-34,1,107684,493264,0.21830905965162672,2021H2
2021-08,31-34,2,156592,493264,0.3174608323331928,2021H2
2021-08,31-34,3,88212,493264,0.17883324142852508,2021H2
2021-08,31-34,4,140776,493264,0.2853968665866554,2021H2
2021-09,31-34,1,109623,502728,0.21805628490953358,2021H2
2021-09,31-34,2,160028,502728,0.31831925017106666,2021H2
2021-09,31-34,3,89922,502728,0.17886809567002435,2021H2
2021-09,31-34,4,143155,502728,0.2847563692493754,2021H2
2021-10,31-34,1,108651,497196,0.21852750223251996,2021H2
2021-10,31-34,2,157462,497196,0.316700053902284,2021H2
2021-10,31-34,3,89151,497196,0.17930755677841334,2021H2
2021-10,31-34,4,141932,497196,0.2854648870867827,2021H2
2021-11,31-34,1,109538,498993,0.21951810947247757,2021H2
2021-11,31-34,2,157742,498993,0.3161206670233851,2021H2
2021-11,31-34,3,89056,498993,0.17847144148314706,2021H2
2021-11,31-34,4,142657,498993,0.2858897820209903,2021H2
2021-12,31-34,1,110552,505245,0.21880869677087353,2021H2
2021-12,31-34,2,159776,505245,0.31623469801779336,2021H2
2021-12,31-34,3,90456,505245,0.17903393403200427,2021H2
2021-12,31-34,4,144461,505245,0.28592267117932885,2021H2
2022-01,31-34,1,108253,504366,0.21463183481836604,2022H1
2022-01,31-34,2,157360,504366,0.3119956539497111,2022H1
2022-01,31-34,3,90508,504366,0.17944905088764904,2022H1
2022-01,31-34,4,148245,504366,0.2939234603442738,2022H1
2022-02,31-34,1,107788,506735,0.2127107857164001,2022H1
2022-02,31-34,2,158403,506735,0.3125953407599633,2022H1
2022-02,31-34,3,90842,506735,0.17926924329284538,2022H1
2022-02,31-34,4,149702,506735,0.29542463023079124,2022H1
2022-03,31-34,1,109094,508376,0.21459313578925834,2022H1
2022-03,31-34,2,158595,508376,0.3119639794168096,2022H1
2022-03,31-34,3,91222,508376,0.1794380537240153,2022H1
2022-03,31-34,4,149465,508376,0.29400483106991676,2022H1
2022-04,31-34,1,111631,516740,0.2160293377714131,2022H1
2022-04,31-34,2,161534,516740,0.312602082285095,2022H1
2022-04,31-34,3,92074,516740,0.17818245152300963,2022H1
2022-04,31-34,4,151501,516740,0.29318612842048225,2022H1
2022-05,31-34,1,113668,524959,0.21652738594823595,2022H1
2022-05,31-34,2,164506,524959,0.3133692345497458,2022H1
2022-05,31-34,3,93400,524959,0.17791865650460323,2022H1
2022-05,31-34,4,153385,524959,0.29218472299741505,2022H1
2022-06,31-34,1,116682,536629,0.21743513675183412,2022H1
2022-06,31-34,2,168708,536629,0.3143847984361635,2022H1
2022-06,31-34,3,94399,536629,0.1759111043197442,2022H1
2022-06,31-34,4,156840,536629,0.29226896049225815,2022H1
2022-07,31-34,1,115492,527771,0.21882975760320292,2022H2
2022-07,31-34,2,167381,527771,0.3171470202038384,2022H2
2022-07,31-34,3,92498,527771,0.17526161914921434,2022H2
2022-07,31-34,4,152400,527771,0.2887616030437444,2022H2
2022-08,31-34,1,114153,525192,0.2173547959603345,2022H2
2022-08,31-34,2,165119,525192,0.31439740133132266,2022H2
2022-08,31-34,3,92984,525192,0.1770476321040686,2022H2
2022-08,31-34,4,152936,525192,0.2912001706042742,2022H2
2022-09,31-34,1,115797,535144,0.21638474877789904,2022H2
2022-09,31-34,2,168395,535144,0.3146723124990657,2022H2
2022-09,31-34,3,94880,535144,0.17729807304202233,2022H2
2022-09,31-34,4,156072,535144,0.29164486568101294,2022H2
2022-10,31-34,1,114371,529922,0.21582610270945535,2022H2
2022-10,31-34,2,166087,529922,0.31341782375519417,2022H2
2022-10,31-34,3,94350,529922,0.17804507078400217,2022H2
2022-10,31-34,4,155114,529922,0.2927110027513483,2022H2
2022-11,31-34,1,114067,526763,0.21654330315530892,2022H2
2022-11,31-34,2,164955,526763,0.31314841778940433,2022H2
2022-11,31-34,3,93744,526763,0.17796238536115863,2022H2
2022-11,31-34,4,153997,526763,0.2923458936941281,2022H2
2022-12,31-34,1,114200,530996,0.21506753346541216,2022H2
2022-12,31-34,2,166136,530996,0.3128761798582287,2022H2
2022-12,31-34,3,94846,530996,0.17861904797776254,2022H2
2022-12,31-34,4,155814,530996,0.2934372386985966,2022H2
2023-01,31-34,1,108829,520448,0.20910638526807673,2023H1
2023-01,31-34,2,159177,520448,0.30584611719134286,2023H1
2023-01,31-34,3,93923,520448,0.18046567572552877,2023H1
2023-01,31-34,4,158519,520448,0.30458182181505167,2023H1
2023-02,31-34,1,108511,522072,0.20784681040163042,2023H1
2023-02,31-34,2,159939,522072,0.30635429595917807,2023H1
2023-02,31-34,3,93951,522072,0.17995793683629843,2023H1
2023-02,31-34,4,159671,522072,0.3058409568028931,2023H1
2023-03,31-34,1,109048,522340,0.20876823524907148,2023H1
2023-03,31-34,2,159946,522340,0.3062105142244515,2023H1
2023-03,31-34,3,93841,522340,0.17965501397557146,2023H1
2023-03,31-34,4,159505,522340,0.30536623655090556,2023H1
2023-04,31-34,1,110383,527056,0.2094331532133208,2023H1
2023-04,31-34,2,162085,527056,0.3075289912267387,2023H1
2023-04,31-34,3,94230,527056,0.17878555599404997,2023H1
2023-04,31-34,4,160358,527056,0.3042522995658905,2023H1
2023-05,31-34,1,112110,532471,0.2105466776594406,2023H1
2023-05,31-34,2,163938,532471,0.3078815559908427,2023H1
2023-05,31-34,3,95411,532471,0.17918534530519034,2023H1
2023-05,31-34,4,161012,532471,0.30238642104452634,2023H1
2023-06,31-34,1,114308,543183,0.2104410484127817,2023H1
2023-06,31-34,2,168602,543183,0.31039631210844226,2023H1
2023-06,31-34,3,97036,543183,0.17864329332839946,2023H1
2023-06,31-34,4,163237,543183,0.30051934615037657,2023H1
2023-07,31-34,1,113546,535266,0.21213004375394665,2023H2
2023-07,31-34,2,166868,535266,0.3117478038956332,2023H2
2023-07,31-34,3,94964,535266,0.17741459386547997,2023H2
2023-07,31-34,4,159888,535266,0.2987075584849402,2023H2
2023-08,31-34,1,111526,528841,0.21088758246807643,2023H2
2023-08,31-34,2,163576,528841,0.30931035982459754,2023H2
2023-08,31-34,3,94416,528841,0.17853381262042844,2023H2
2023-08,31-34,4,159323,528841,0.3012682450868976,2023H2
2023-09,31-34,1,112710,536895,0.20992931578800325,2023H2
2023-09,31-34,2,166625,536895,0.3103493234245057,2023H2
2023-09,31-34,3,96062,536895,0.17892139058847634,2023H2
2023-09,31-34,4,161498,536895,0.3007999701990147,2023H2
2023-10,31-34,1,111084,530456,0.20941227924653505,2023H2
2023-10,31-34,2,163958,530456,0.309088783989624,2023H2
2023-10,31-34,3,95078,530456,0.17923824030645333,2023H2
2023-10,31-34,4,160336,530456,0.3022606964573876,2023H2
2023-11,31-34,1,110215,526591,0.20929905752282132,2023H2
2023-11,31-34,2,162506,526591,0.308600033042722,2023H2
2023-11,31-34,3,94591,526591,0.17962897201053568,2023H2
2023-11,31-34,4,159279,526591,0.30247193742392103,2023H2
2023-12,31-34,1,110035,529286,0.20789327509134947,2023H2
2023-12,31-34,2,162725,529286,0.3074424791133716,2023H2
2023-12,31-34,3,95874,529286,0.18113836375796827,2023H2
2023-12,31-34,4,160652,529286,0.3035258820373106,2023H2
2024-01,31-34,1,129629,510738,0.253807235803876,2024H1
2024-01,31-34,2,143958,510738,0.2818627163046415,2024H1
2024-01,31-34,3,95500,510738,0.1869843246439466,2024H1
2024-01,31-34,4,141651,510738,0.2773457232475359,2024H1
2024-02,31-34,1,127340,510672,0.24935770905786886,2024H1
2024-02,31-34,2,145217,510672,0.28436452360810854,2024H1
2024-02,31-34,3,95729,510672,0.187456919509979,2024H1
2024-02,31-34,4,142386,510672,0.2788208478240436,2024H1
2024-03,31-34,1,127296,510284,0.2494610844157371,2024H1
2024-03,31-34,2,145777,510284,0.2856781713712364,2024H1
2024-03,31-34,3,95037,510284,0.18624334684215066,2024H1
2024-03,31-34,4,142174,510284,0.2786173973708758,2024H1
2024-04,31-34,1,126347,515030,0.24531969011513893,2024H1
2024-04,31-34,2,143258,515030,0.2781546706017125,2024H1
2024-04,31-34,3,99742,515030,0.19366250509679048,2024H1
2024-04,31-34,4,145683,515030,0.28286313418635806,2024H1
2024-05,31-34,1,126872,519354,0.2442880963658699,2024H1
2024-05,31-34,2,144159,519354,0.2775736780692938,2024H1
2024-05,31-34,3,101208,519354,0.19487286128536604,2024H1
2024-05,31-34,4,147115,519354,0.28326536427947024,2024H1
2024-06,31-34,1,123713,531989,0.2325480414068712,2024H1
2024-06,31-34,2,141866,531989,0.26667092740639375,2024H1
2024-06,31-34,3,111758,531989,0.21007577224341104,2024H1
2024-06,31-34,4,154652,531989,0.290705258943324,2024H1
2024-07,31-34,1,128145,521971,0.24550214475516838,2024H2
2024-07,31-34,2,139910,521971,0.2680417111295455,2024H2
2024-07,31-34,3,106661,521971,0.20434277000063222,2024H2
2024-07,31-34,4,147255,521971,0.28211337411465387,2024H2
2024-08,31-34,1,127434,515242,0.2473284398399199,2024H2
2024-08,31-34,2,141917,515242,0.27543756137892483,2024H2
2024-08,31-34,3,100361,515242,0.19478419849313527,2024H2
2024-08,31-34,4,145530,515242,0.28244980028802,2024H2
2024-09,31-34,1,128889,523764,0.24608220496254038,2024H2
2024-09,31-34,2,145681,523764,0.2781424458343834,2024H2
2024-09,31-34,3,102351,523764,0.19541434691960502,2024H2
2024-09,31-34,4,146843,523764,0.28036100228347116,2024H2
2024-10,31-34,1,125595,516921,0.24296749406582438,2024H2
2024-10,31-34,2,140590,516921,0.2719757951408436,2024H2
2024-10,31-34,3,104294,516921,0.20176003683348132,2024H2
2024-10,31-34,4,146442,516921,0.28329667395985075,2024H2
2024-11,31-34,1,124700,513245,0.2429638866428314,2024H2
2024-11,31-34,2,139315,513245,0.27143956589932683,2024H2
2024-11,31-34,3,103461,513245,0.201582090424651,2024H2
2024-11,31-34,4,145769,513245,0.2840144570331908,2024H2
2024-12,31-34,1,124279,517086,0.24034493295119186,2024H2
2024-12,31-34,2,138688,517086,0.2682107038287635,2024H2
2024-12,31-34,3,106594,517086,0.20614365888846342,2024H2
2024-12,31-34,4,147525,517086,0.2853007043315812,2024H2
2025-01,31-34,1,118184,487666,0.2423461959619904,2025H1
2025-01,31-34,2,129479,487666,0.26550753999663707,2025H1
2025-01,31-34,3,98442,487666,0.201863570558538,2025H1
2025-01,31-34,4,141561,487666,0.2902826934828346,2025H1
2025-02,31-34,1,117054,487640,0.2400418341399393,2025H1
2025-02,31-34,2,133018,487640,0.2727790993355754,2025H1
2025-02,31-34,3,96696,487640,0.19829382331227954,2025H1
2025-02,31-34,4,140872,487640,0.2888852432122057,2025H1
2025-03,31-34,1,118105,485842,0.24309343366773561,2025H1
2025-03,31-34,2,134388,485842,0.27660844472071167,2025H1
2025-03,31-34,3,94779,485842,0.19508194021924824,2025H1
2025-03,31-34,4,138570,485842,0.2852161813923045,2025H1
2025-04,31-34,1,117139,490946,0.23859854240588577,2025H1
2025-04,31-34,2,132961,490946,0.2708261193695437,2025H1
2025-04,31-34,3,99425,490946,0.20251718111564204,2025H1
2025-04,31-34,4,141421,490946,0.28805815710892846,2025H1
2025-05,31-34,1,117296,495136,0.23689652943837652,2025H1
2025-05,31-34,2,130351,495136,0.26326302268467655,2025H1
2025-05,31-34,3,104016,495136,0.2100756155884444,2025H1
2025-05,31-34,4,143473,495136,0.2897648322885025,2025H1
2025-06,31-34,1,113443,507653,0.22346563499083036,2025H1
2025-06,31-34,2,129671,507653,0.25543235241395207,2025H1
2025-06,31-34,3,114039,507653,0.22463966528317572,2025H1
2025-06,31-34,4,150500,507653,0.2964623473120419,2025H1
2019-01,35-40,1,134175,644252,0.20826477837864688,2019H1
2019-01,35-40,2,189334,644252,0.29388189714583735,2019H1
2019-01,35-40,3,126116,644252,0.19575569808087517,2019H1
2019-01,35-40,4,194627,644252,0.3020976263946406,2019H1
2019-02,35-40,1,134082,647193,0.2071746758694856,2019H1
2019-02,35-40,2,190799,647193,0.2948100489343982,2019H1
2019-02,35-40,3,126619,647193,0.1956433397765427,2019H1
2019-02,35-40,4,195693,647193,0.30237193541957347,2019H1
2019-03,35-40,1,134934,648830,0.20796510642232943,2019H1
2019-03,35-40,2,190836,648830,0.2941232680363115,2019H1
2019-03,35-40,3,127129,648830,0.19593576129340506,2019H1
2019-03,35-40,4,195931,648830,0.30197586424795403,2019H1
2019-04,35-40,1,137309,656663,0.2091011675699712,2019H1
2019-04,35-40,2,193657,656663,0.29491078376579766,2019H1
2019-04,35-40,3,128231,656663,0.1952767248954182,2019H1
2019-04,35-40,4,197466,656663,0.30071132376881293,2019H1
2019-05,35-40,1,139177,662001,0.2102368425425339,2019H1
2019-05,35-40,2,194887,662001,0.29439079397161033,2019H1
2019-05,35-40,3,129074,662001,0.19497553629073067,2019H1
2019-05,35-40,4,198863,662001,0.30039682719512506,2019H1
2019-06,35-40,1,141150,671660,0.21015096924038948,2019H1
2019-06,35-40,2,198247,671660,0.2951597534466843,2019H1
2019-06,35-40,3,130533,671660,0.19434386445523033,2019H1
2019-06,35-40,4,201730,671660,0.30034541285769584,2019H1
2019-07,35-40,1,139949,658043,0.21267455166303723,2019H2
2019-07,35-40,2,195422,658043,0.2969745138235647,2019H2
2019-07,35-40,3,126656,658043,0.19247374411702578,2019H2
2019-07,35-40,4,196016,658043,0.2978771903963723,2019H2
2019-08,35-40,1,137251,650919,0.2108572648824201,2019H2
2019-08,35-40,2,192158,650919,0.2952103103458341,2019H2
2019-08,35-40,3,126050,650919,0.19364928662398856,2019H2
2019-08,35-40,4,195460,650919,0.30028313814775726,2019H2
2019-09,35-40,1,139885,663063,0.21096788691270663,2019H2
2019-09,35-40,2,195985,663063,0.2955752319161226,2019H2
2019-09,35-40,3,128635,663063,0.1940011733425029,2019H2
2019-09,35-40,4,198558,663063,0.29945570782866787,2019H2
2019-10,35-40,1,139582,660572,0.21130474800627336,2019H2
2019-10,35-40,2,194586,660572,0.29457197701386073,2019H2
2019-10,35-40,3,128314,660572,0.19424680428477137,2019H2
2019-10,35-40,4,198090,660572,0.29987647069509454,2019H2
2019-11,35-40,1,139163,659955,0.21086740762627754,2019H2
2019-11,35-40,2,194411,659955,0.294582206362555,2019H2
2019-11,35-40,3,128503,659955,0.19471479116000334,2019H2
2019-11,35-40,4,197878,659955,0.2998355948511641,2019H2
2019-12,35-40,1,139077,666679,0.20861164068464733,2019H2
2019-12,35-40,2,195609,666679,0.2934080719506689,2019H2
2019-12,35-40,3,130545,666679,0.1958138774432673,2019H2
2019-12,35-40,4,201448,666679,0.30216640992141647,2019H2
2020-01,35-40,1,133551,652269,0.20474834769090666,2020H1
2020-01,35-40,2,190838,652269,0.29257560914285363,2020H1
2020-01,35-40,3,129408,652269,0.19839667376496506,2020H1
2020-01,35-40,4,198472,652269,0.30427936940127465,2020H1
2020-02,35-40,1,133614,655811,0.20373857712054236,2020H1
2020-02,35-40,2,192153,655811,0.29300057486074493,2020H1
2020-02,35-40,3,130293,655811,0.1986746181445569,2020H1
2020-02,35-40,4,199751,655811,0.3045862298741558,2020H1
2020-03,35-40,1,134493,657192,0.20464795676149436,2020H1
2020-03,35-40,2,192398,657192,0.29275767203496084,2020H1
2020-03,35-40,3,130525,657192,0.19861014741506286,2020H1
2020-03,35-40,4,199776,657192,0.3039842237884819,2020H1
2020-04,35-40,1,134879,658243,0.2049076101075135,2020H1
2020-04,35-40,2,192600,658243,0.29259711079343037,2020H1
2020-04,35-40,3,130140,658243,0.19770814121836464,2020H1
2020-04,35-40,4,200624,658243,0.30478713788069145,2020H1
2020-05,35-40,1,132114,650954,0.20295443303213437,2020H1
2020-05,35-40,2,190063,650954,0.29197608433161176,2020H1
2020-05,35-40,3,128326,650954,0.1971352814484587,2020H1
2020-05,35-40,4,200451,650954,0.30793420118779513,2020H1
2020-06,35-40,1,133480,658016,0.20285221028060108,2020H1
2020-06,35-40,2,192203,658016,0.29209472110100665,2020H1
2020-06,35-40,3,130278,658016,0.1979860672080922,2020H1
2020-06,35-40,4,202055,658016,0.3070670014103001,2020H1
2020-07,35-40,1,132793,647656,0.20503631557493485,2020H2
2020-07,35-40,2,190805,647656,0.2946085576293588,2020H2
2020-07,35-40,3,127402,647656,0.196712452289487,2020H2
2020-07,35-40,4,196656,647656,0.30364267450621935,2020H2
2020-08,35-40,1,132123,645640,0.2046388080044607,2020H2
2020-08,35-40,2,189486,645640,0.2934855337339694,2020H2
2020-08,35-40,3,127610,645640,0.19764884455733844,2020H2
2020-08,35-40,4,196421,645640,0.30422681370423144,2020H2
2020-09,35-40,1,134013,654360,0.2048001100311755,2020H2
2020-09,35-40,2,192222,654360,0.29375573079039063,2020H2
2020-09,35-40,3,129113,654360,0.1973118772541109,2020H2
2020-09,35-40,4,199012,654360,0.304132281924323,2020H2
2020-10,35-40,1,134208,654202,0.20514764552844533,2020H2
2020-10,35-40,2,191540,654202,0.2927841859242252,2020H2
2020-10,35-40,3,129317,654202,0.19767136144493597,2020H2
2020-10,35-40,4,199137,654202,0.3043968071023935,2020H2
2020-11,35-40,1,134574,656927,0.20485381176295084,2020H2
2020-11,35-40,2,192161,656927,0.292514997861254,2020H2
2020-11,35-40,3,130209,656927,0.1982092378605233,2020H2
2020-11,35-40,4,199983,656927,0.3044219525152719,2020H2
2020-12,35-40,1,135679,668851,0.20285384936256357,2020H2
2020-12,35-40,2,196887,668851,0.2943660097689919,2020H2
2020-12,35-40,3,131913,668851,0.19722329786454681,2020H2
2020-12,35-40,4,204372,668851,0.30555684300389774,2020H2
2021-01,35-40,1,129743,649085,0.19988599335988352,2021H1
2021-01,35-40,2,190209,649085,0.2930417433772156,2021H1
2021-01,35-40,3,129159,649085,0.1989862652811265,2021H1
2021-01,35-40,4,199974,649085,0.30808599798177433,2021H1
2021-02,35-40,1,129855,653002,0.19885850273046637,2021H1
2021-02,35-40,2,191970,653002,0.2939807228768059,2021H1
2021-02,35-40,3,129719,653002,0.19865023384308164,2021H1
2021-02,35-40,4,201458,653002,0.3085105405496461,2021H1
2021-03,35-40,1,130745,655361,0.1995007331836957,2021H1
2021-03,35-40,2,192136,655361,0.29317582218044713,2021H1
2021-03,35-40,3,130181,655361,0.19864013879373352,2021H1
2021-03,35-40,4,202299,655361,0.30868330584212367,2021H1
2021-04,35-40,1,133080,661821,0.20108156132851632,2021H1
2021-04,35-40,2,194472,661821,0.29384380368709967,2021H1
2021-04,35-40,3,130799,661821,0.19763501007069886,2021H1
2021-04,35-40,4,203470,661821,0.3074396249136851,2021H1
2021-05,35-40,1,135350,669016,0.20231205232759755,2021H1
2021-05,35-40,2,197073,669016,0.29457143027969435,2021H1
2021-05,35-40,3,131765,669016,0.19695343609121457,2021H1
2021-05,35-40,4,204828,669016,0.30616308130149356,2021H1
2021-06,35-40,1,138362,681755,0.20294974000924085,2021H1
2021-06,35-40,2,200813,681755,0.29455302858064847,2021H1
2021-06,35-40,3,133437,681755,0.195725737251652,2021H1
2021-06,35-40,4,209143,681755,0.30677149415845867,2021H1
2021-07,35-40,1,138379,672338,0.20581760959517387,2021H2
2021-07,35-40,2,199785,672338,0.2971496479449325,2021H2
2021-07,35-40,3,131174,672338,0.19510127346661946,2021H2
2021-07,35-40,4,203000,672338,0.3019314689932742,2021H2
2021-08,35-40,1,137909,671449,0.2053901338746502,2021H2
2021-08,35-40,2,198608,671449,0.29579014936354064,2021H2
2021-08,35-40,3,131414,671449,0.1957170239288464,2021H2
2021-08,35-40,4,203518,671449,0.30310269283296276,2021H2
2021-09,35-40,1,140695,683386,0.20587925418431166,2021H2
2021-09,35-40,2,202263,683386,0.2959718226595219,2021H2
2021-09,35-40,3,133392,683386,0.19519276075307365,2021H2
2021-09,35-40,4,207036,683386,0.3029561624030928,2021H2
2021-10,35-40,1,140429,681603,0.2060275556298901,2021H2
2021-10,35-40,2,201102,681603,0.2950427154810058,2021H2
2021-10,35-40,3,133371,681603,0.19567255425812385,2021H2
2021-10,35-40,4,206701,681603,0.30325717463098023,2021H2
2021-11,35-40,1,141690,684781,0.20691286703340192,2021H2
2021-11,35-40,2,201875,684781,0.2948022798529749,2021H2
2021-11,35-40,3,133769,684781,0.19534566525648345,2021H2
2021-11,35-40,4,207447,684781,0.30293918785713975,2021H2
2021-12,35-40,1,142955,693967,0.20599682693845672,2021H2
2021-12,35-40,2,204528,693967,0.2947229479211548,2021H2
2021-12,35-40,3,136122,693967,0.19615053741748528,2021H2
2021-12,35-40,4,210362,693967,0.3031296877229033,2021H2
2022-01,35-40,1,139675,686778,0.20337721942170542,2022H1
2022-01,35-40,2,201538,686778,0.293454362253887,2022H1
2022-01,35-40,3,134786,686778,0.19625847071397162,2022H1
2022-01,35-40,4,210779,686778,0.306909947610436,2022H1
2022-02,35-40,1,139236,689426,0.20195931107907159,2022H1
2022-02,35-40,2,202623,689426,0.2939010133067218,2022H1
2022-02,35-40,3,135180,689426,0.19607615610667425,2022H1
2022-02,35-40,4,212387,689426,0.30806351950753236,2022H1
2022-03,35-40,1,140705,692737,0.20311460193406733,2022H1
2022-03,35-40,2,203318,692737,0.29349955322149673,2022H1
2022-03,35-40,3,135772,692737,0.19599357331858988,2022H1
2022-03,35-40,4,212942,692737,0.30739227152584603,2022H1
2022-04,35-40,1,143745,702186,0.20471071767309515,2022H1
2022-04,35-40,2,206569,702186,0.2941798896588653,2022H1
2022-04,35-40,3,136924,702186,0.19499676723831008,2022H1
2022-04,35-40,4,214948,702186,0.30611262542972945,2022H1
2022-05,35-40,1,146270,711712,0.20551852434692686,2022H1
2022-05,35-40,2,210034,711712,0.2951109437525291,2022H1
2022-05,35-40,3,138251,711712,0.19425132637920955,2022H1
2022-05,35-40,4,217157,711712,0.3051192055213345,2022H1
2022-06,35-40,1,149323,723422,0.206412025069738,2022H1
2022-06,35-40,2,214258,723422,0.29617291152328795,2022H1
2022-06,35-40,3,138974,723422,0.19210640538993837,2022H1
2022-06,35-40,4,220867,723422,0.3053086580170357,2022H1
2022-07,35-40,1,147758,710270,0.20803074887014797,2022H2
2022-07,35-40,2,211736,710270,0.29810635392174806,2022H2
2022-07,35-40,3,136617,710270,0.19234516451490277,2022H2
2022-07,35-40,4,214159,710270,0.3015177326932012,2022H2
2022-08,35-40,1,145532,705604,0.20625166523999297,2022H2
2022-08,35-40,2,208709,705604,0.29578772229182376,2022H2
2022-08,35-40,3,136557,705604,0.19353206614474974,2022H2
2022-08,35-40,4,214806,705604,0.3044285463234335,2022H2
2022-09,35-40,1,148026,718503,0.2060200166178847,2022H2
2022-09,35-40,2,213079,718503,0.2965596524997112,2022H2
2022-09,35-40,3,138761,718503,0.19312515048649762,2022H2
2022-09,35-40,4,218637,718503,0.3042951803959065,2022H2
2022-10,35-40,1,147649,717550,0.20576823914709777,2022H2
2022-10,35-40,2,212291,717550,0.29585534109121314,2022H2
2022-10,35-40,3,138747,717550,0.19336213504285416,2022H2
2022-10,35-40,4,218863,717550,0.3050142847188349,2022H2
2022-11,35-40,1,147507,715062,0.20628560880035576,2022H2
2022-11,35-40,2,211577,715062,0.2958862308443184,2022H2
2022-11,35-40,3,138347,715062,0.193475530793134,2022H2
2022-11,35-40,4,217631,715062,0.30435262956219183,2022H2
2022-12,35-40,1,147690,721486,0.20470251675015178,2022H2
2022-12,35-40,2,212796,721486,0.29494127398175435,2022H2
2022-12,35-40,3,140762,721486,0.19510011282270204,2022H2
2022-12,35-40,4,220238,721486,0.30525609644539187,2022H2
2023-01,35-40,1,143688,718803,0.19989899875209202,2023H1
2023-01,35-40,2,210171,718803,0.2923902654830322,2023H1
2023-01,35-40,3,141066,718803,0.19625126773260546,2023H1
2023-01,35-40,4,223878,718803,0.3114594680322703,2023H1
2023-02,35-40,1,143302,721046,0.19874182784454805,2023H1
2023-02,35-40,2,211044,721046,0.29269145103086347,2023H1
2023-02,35-40,3,141298,721046,0.19596253221015025,2023H1
2023-02,35-40,4,225402,721046,0.3126041889144382,2023H1
2023-03,35-40,1,143650,722082,0.1989386246991339,2023H1
2023-03,35-40,2,211511,722082,0.292918255821361,2023H1
2023-03,35-40,3,141518,722082,0.19598605144568068,2023H1
2023-03,35-40,4,225403,722082,0.3121570680338244,2023H1
2023-04,35-40,1,145424,727625,0.19986119223501117,2023H1
2023-04,35-40,2,213546,727625,0.29348359388421236,2023H1
2023-04,35-40,3,141898,727625,0.19501528946916338,2023H1
2023-04,35-40,4,226757,727625,0.31163992441161315,2023H1
2023-05,35-40,1,147058,733340,0.2005318133471514,2023H1
2023-05,35-40,2,215564,733340,0.2939482368342106,2023H1
2023-05,35-40,3,143080,733340,0.19510731720620722,2023H1
2023-05,35-40,4,227638,733340,0.3104126326124308,2023H1
2023-06,35-40,1,149550,744839,0.20078164542941496,2023H1
2023-06,35-40,2,220336,744839,0.2958169483606524,2023H1
2023-06,35-40,3,145116,744839,0.19482868109752577,2023H1
2023-06,35-40,4,229837,744839,0.30857272511240685,2023H1
2023-07,35-40,1,147954,732580,0.2019629255507931,2023H2
2023-07,35-40,2,217612,732580,0.2970487864806574,2023H2
2023-07,35-40,3,142005,732580,0.19384231073739386,2023H2
2023-07,35-40,4,225009,732580,0.30714597723115566,2023H2
2023-08,35-40,1,145426,724011,0.20086158911950233,2023H2
2023-08,35-40,2,213527,724011,0.2949223147162129,2023H2
2023-08,35-40,3,140821,724011,0.194501188517854,2023H2
2023-08,35-40,4,224237,724011,0.3097149076464308,2023H2
2023-09,35-40,1,147537,735692,0.20054180281965822,2023H2
2023-09,35-40,2,217822,735692,0.2960777064314958,2023H2
2023-09,35-40,3,143176,735692,0.1946140504450232,2023H2
2023-09,35-40,4,227157,735692,0.3087664403038228,2023H2
2023-10,35-40,1,146261,731608,0.1999171687570393,2023H2
2023-10,35-40,2,216119,731608,0.29540272933046113,2023H2
2023-10,35-40,3,142717,731608,0.19507304458125116,2023H2
2023-10,35-40,4,226511,731608,0.30960705733124844,2023H2
2023-11,35-40,1,145472,728372,0.19972212001559642,2023H2
2023-11,35-40,2,214790,728372,0.294890522974524,2023H2
2023-11,35-40,3,142460,728372,0.1955868704453219,2023H2
2023-11,35-40,4,225650,728372,0.30980048656455766,2023H2
2023-12,35-40,1,145184,732834,0.19811307881457466,2023H2
2023-12,35-40,2,215149,732834,0.2935849046305166,2023H2
2023-12,35-40,3,144366,732834,0.19699686422846102,2023H2
2023-12,35-40,4,228135,732834,0.31130515232644773,2023H2
2024-01,35-40,1,171729,731629,0.2347214230163102,2024H1
2024-01,35-40,2,192477,731629,0.2630800583355772,2024H1
2024-01,35-40,3,165114,731629,0.2256799552778799,2024H1
2024-01,35-40,4,202309,731629,0.27651856337023273,2024H1
2024-02,35-40,1,168113,732103,0.22963025694471953,2024H1
2024-02,35-40,2,194888,732103,0.2662029796353792,2024H1
2024-02,35-40,3,165240,732103,0.22570594574807096,2024H1
2024-02,35-40,4,203862,732103,0.27846081767183034,2024H1
2024-03,35-40,1,168534,733484,0.2297718832312634,2024H1
2024-03,35-40,2,196643,733484,0.26809446422825856,2024H1
2024-03,35-40,3,164787,733484,0.22466338734041916,2024H1
2024-03,35-40,4,203520,733484,0.2774702652000589,2024H1
2024-04,35-40,1,166327,739151,0.2250243860861989,2024H1
2024-04,35-40,2,191845,739151,0.25954777846475213,2024H1
2024-04,35-40,3,172593,739151,0.23350167962973736,2024H1
2024-04,35-40,4,208386,739151,0.28192615581931163,2024H1
2024-05,35-40,1,165515,744670,0.2222662387366216,2024H1
2024-05,35-40,2,192237,744670,0.25815059019431424,2024H1
2024-05,35-40,3,175961,744670,0.23629392885439188,2024H1
2024-05,35-40,4,210957,744670,0.2832892422146723,2024H1
2024-06,35-40,1,157849,757559,0.20836528904019358,2024H1
2024-06,35-40,2,185654,757559,0.24506870091966435,2024H1
2024-06,35-40,3,193551,757559,0.25549297150452965,2024H1
2024-06,35-40,4,220505,757559,0.2910730385356124,2024H1
2024-07,35-40,1,166197,742154,0.2239386973593082,2024H2
2024-07,35-40,2,182966,742154,0.2465337382807342,2024H2
2024-07,35-40,3,183609,742154,0.24740013528189567,2024H2
2024-07,35-40,4,209382,742154,0.282127429078062,2024H2
2024-08,35-40,1,165214,731761,0.22577590224130556,2024H2
2024-08,35-40,2,186005,731761,0.25418818439353835,2024H2
2024-08,35-40,3,174329,731761,0.23823215503422565,2024H2
2024-08,35-40,4,206213,731761,0.28180375833093047,2024H2
2024-09,35-40,1,168255,745341,0.22574231123740676,2024H2
2024-09,35-40,2,191290,745341,0.2566476284009601,2024H2
2024-09,35-40,3,177215,745341,0.2377636544883483,2024H2
2024-09,35-40,4,208581,745341,0.27984640587328485,2024H2
2024-10,35-40,1,164366,740285,0.2220307043908765,2024H2
2024-10,35-40,2,185317,740285,0.2503319667425383,2024H2
2024-10,35-40,3,182040,740285,0.24590529323166077,2024H2
2024-10,35-40,4,208562,740285,0.2817320356349244,2024H2
2024-11,35-40,1,163579,737001,0.22195220902006918,2024H2
2024-11,35-40,2,185316,737001,0.2514460631668071,2024H2
2024-11,35-40,3,180190,737001,0.24449084872340743,2024H2
2024-11,35-40,4,207916,737001,0.28211087908971627,2024H2
2024-12,35-40,1,162377,742930,0.21856298709165062,2024H2
2024-12,35-40,2,184213,742930,0.24795471982555556,2024H2
2024-12,35-40,3,185338,742930,0.24946899438708897,2024H2
2024-12,35-40,4,211002,742930,0.28401329869570485,2024H2
2025-01,35-40,1,165084,744171,0.2218361102488541,2025H1
2025-01,35-40,2,182135,744171,0.2447488547659073,2025H1
2025-01,35-40,3,182792,744171,0.24563171636626527,2025H1
2025-01,35-40,4,214160,744171,0.2877833186189733,2025H1
2025-02,35-40,1,164437,745304,0.22063077616650387,2025H1
2025-02,35-40,2,189586,745304,0.25437405407726243,2025H1
2025-02,35-40,3,177840,745304,0.23861404205532238,2025H1
2025-02,35-40,4,213441,745304,0.2863811277009113,2025H1
2025-03,35-40,1,165522,743830,0.2225266525953511,2025H1
2025-03,35-40,2,192221,743830,0.2584206068590941,2025H1
2025-03,35-40,3,175305,743830,0.23567885135044297,2025H1
2025-03,35-40,4,210782,743830,0.2833738891951118,2025H1
2025-04,35-40,1,163182,750142,0.2175348134086613,2025H1
2025-04,35-40,2,188494,750142,0.25127775807780395,2025H1
2025-04,35-40,3,183433,750142,0.24453103545728674,2025H1
2025-04,35-40,4,215033,750142,0.286656393056248,2025H1
2025-05,35-40,1,161264,755237,0.21352767409435713,2025H1
2025-05,35-40,2,183486,755237,0.242951550308049,2025H1
2025-05,35-40,3,192344,755237,0.2546803188932746,2025H1
2025-05,35-40,4,218143,755237,0.2888404567043193,2025H1
2025-06,35-40,1,152502,769360,0.1982192991577415,2025H1
2025-06,35-40,2,178279,769360,0.2317237704065717,2025H1
2025-06,35-40,3,210471,769360,0.2735663408547364,2025H1
2025-06,35-40,4,228108,769360,0.2964905895809504,2025H1
2019-01,41-49,1,204575,1029234,0.19876432375922287,2019H1
2019-01,41-49,2,284594,1029234,0.2765104922690078,2019H1
2019-01,41-49,3,219904,1029234,0.21365792424268923,2019H1
2019-01,41-49,4,320161,1029234,0.31106725972908006,2019H1
2019-02,41-49,1,204832,1032922,0.198303453697375,2019H1
2019-02,41-49,2,286508,1032922,0.2773762200824457,2019H1
2019-02,41-49,3,220385,1032922,0.21336073779046238,2019H1
2019-02,41-49,4,321197,1032922,0.3109595884297169,2019H1
2019-03,41-49,1,206009,1035992,0.1988519216364605,2019H1
2019-03,41-49,2,287019,1035992,0.2770475061583487,2019H1
2019-03,41-49,3,221186,1035992,0.21350164866137963,2019H1
2019-03,41-49,4,321778,1035992,0.31059892354381113,2019H1
2019-04,41-49,1,208879,1044678,0.1999458206260685,2019H1
2019-04,41-49,2,289450,1044678,0.2770710209270225,2019H1
2019-04,41-49,3,222822,1044678,0.21329251692866127,2019H1
2019-04,41-49,4,323527,1044678,0.3096906415182477,2019H1
2019-05,41-49,1,210767,1050899,0.2005587596905126,2019H1
2019-05,41-49,2,291308,1050899,0.27719885545613804,2019H1
2019-05,41-49,3,223749,1050899,0.21291199249404558,2019H1
2019-05,41-49,4,325075,1050899,0.3093303923593038,2019H1
2019-06,41-49,1,213210,1062334,0.20069959165384899,2019H1
2019-06,41-49,2,294655,1062334,0.27736568725090227,2019H1
2019-06,41-49,3,226130,1062334,0.21286149177189095,2019H1
2019-06,41-49,4,328339,1062334,0.3090732293233578,2019H1
2019-07,41-49,1,210822,1042286,0.2022688590271768,2019H2
2019-07,41-49,2,290459,1042286,0.2786749510211209,2019H2
2019-07,41-49,3,220256,1042286,0.2113201175109327,2019H2
2019-07,41-49,4,320749,1042286,0.3077360724407696,2019H2
2019-08,41-49,1,207695,1030526,0.20154270731645782,2019H2
2019-08,41-49,2,285562,1030526,0.2771031492655207,2019H2
2019-08,41-49,3,218673,1030526,0.21219551956961785,2019H2
2019-08,41-49,4,318596,1030526,0.30915862384840365,2019H2
2019-09,41-49,1,211497,1046628,0.20207466263084878,2019H2
2019-09,41-49,2,290823,1046628,0.27786663456356986,2019H2
2019-09,41-49,3,221885,1046628,0.2119998700588939,2019H2
2019-09,41-49,4,322423,1046628,0.30805883274668744,2019H2
2019-10,41-49,1,211173,1045729,0.20193855195753393,2019H2
2019-10,41-49,2,289778,1045729,0.2771062101175352,2019H2
2019-10,41-49,3,222083,1045729,0.21237146526490133,2019H2
2019-10,41-49,4,322695,1045729,0.3085837726600295,2019H2
2019-11,41-49,1,210499,1045687,0.20130211047856578,2019H2
2019-11,41-49,2,289968,1045687,0.2772990388137177,2019H2
2019-11,41-49,3,222600,1045687,0.2128744069688157,2019H2
2019-11,41-49,4,322620,1045687,0.3085244437389008,2019H2
2019-12,41-49,1,210974,1059255,0.199172059607932,2019H2
2019-12,41-49,2,292416,1059255,0.276058172961185,2019H2
2019-12,41-49,3,227120,1059255,0.2144148481715923,2019H2
2019-12,41-49,4,328745,1059255,0.3103549192592907,2019H2
2020-01,41-49,1,198084,1024174,0.19340854190791798,2020H1
2020-01,41-49,2,280865,1024174,0.2742356279304103,2020H1
2020-01,41-49,3,221308,1024174,0.216084376287623,2020H1
2020-01,41-49,4,323917,1024174,0.31627145387404876,2020H1
2020-02,41-49,1,198368,1027620,0.19303633638893755,2020H1
2020-02,41-49,2,282199,1027620,0.2746141569840992,2020H1
2020-02,41-49,3,222224,1027620,0.21625114341877347,2020H1
2020-02,41-49,4,324829,1027620,0.3160983632081898,2020H1
2020-03,41-49,1,199782,1031830,0.19361910392215773,2020H1
2020-03,41-49,2,282804,1031830,0.27408003256350366,2020H1
2020-03,41-49,3,222960,1031830,0.21608210654855936,2020H1
2020-03,41-49,4,326284,1031830,0.3162187569657792,2020H1
2020-04,41-49,1,200370,1032759,0.19401428600476975,2020H1
2020-04,41-49,2,282844,1032759,0.273872219946764,2020H1
2020-04,41-49,3,222673,1032759,0.21560983733862402,2020H1
2020-04,41-49,4,326872,1032759,0.31650365670984226,2020H1
2020-05,41-49,1,196438,1022591,0.19209830714332515,2020H1
2020-05,41-49,2,279402,1022591,0.2732294729759992,2020H1
2020-05,41-49,3,220366,1022591,0.21549769164798047,2020H1
2020-05,41-49,4,326385,1022591,0.3191745282326952,2020H1
2020-06,41-49,1,197847,1031642,0.19177873719759375,2020H1
2020-06,41-49,2,281571,1031642,0.2729347971486233,2020H1
2020-06,41-49,3,223062,1031642,0.21622035551092336,2020H1
2020-06,41-49,4,329162,1031642,0.3190661101428596,2020H1
2020-07,41-49,1,196890,1015532,0.1938786763981834,2020H2
2020-07,41-49,2,278802,1015532,0.274537877683815,2020H2
2020-07,41-49,3,217788,1015532,0.2144570530519964,2020H2
2020-07,41-49,4,322052,1015532,0.3171263928660052,2020H2
2020-08,41-49,1,195594,1010177,0.1936234937045686,2020H2
2020-08,41-49,2,276665,1010177,0.2738777461771551,2020H2
2020-08,41-49,3,217245,1010177,0.21505637130918642,2020H2
2020-08,41-49,4,320673,1010177,0.31744238880908987,2020H2
2020-09,41-49,1,198657,1022848,0.19421947347015392,2020H2
2020-09,41-49,2,280628,1022848,0.2743594356150669,2020H2
2020-09,41-49,3,219788,1022848,0.2148784570141409,2020H2
2020-09,41-49,4,323775,1022848,0.3165426339006382,2020H2
2020-10,41-49,1,198733,1024447,0.19399051390652713,2020H2
2020-10,41-49,2,280627,1024447,0.27393022772285924,2020H2
2020-10,41-49,3,220534,1024447,0.21527126342309558,2020H2
2020-10,41-49,4,324553,1024447,0.31680799494751805,2020H2
2020-11,41-49,1,199064,1027451,0.19374549248577305,2020H2
2020-11,41-49,2,281446,1027451,0.2739264451540755,2020H2
2020-11,41-49,3,221696,1027451,0.215772820309679,2020H2
2020-11,41-49,4,325245,1027451,0.3165552420504725,2020H2
2020-12,41-49,1,200316,1044170,0.19184232452569983,2020H2
2020-12,41-49,2,286820,1044170,0.2746870720285011,2020H2
2020-12,41-49,3,225624,1044170,0.21607975712767077,2020H2
2020-12,41-49,4,331410,1044170,0.31739084631812825,2020H2
2021-01,41-49,1,190251,1004620,0.1893760824988553,2021H1
2021-01,41-49,2,273807,1004620,0.27254782902988195,2021H1
2021-01,41-49,3,217334,1004620,0.21633453445083714,2021H1
2021-01,41-49,4,323228,1004620,0.32174155402042565,2021H1
2021-02,41-49,1,190269,1008555,0.1886550559959546,2021H1
2021-02,41-49,2,275731,1008555,0.27339213032506904,2021H1
2021-02,41-49,3,218169,1008555,0.21631839612118328,2021H1
2021-02,41-49,4,324386,1008555,0.3216344175577931,2021H1
2021-03,41-49,1,192184,1014038,0.18952346953467228,2021H1
2021-03,41-49,2,276570,1014038,0.2727412582171477,2021H1
2021-03,41-49,3,219238,1014038,0.21620294308497315,2021H1
2021-03,41-49,4,326046,1014038,0.3215323291632069,2021H1
2021-04,41-49,1,194665,1021785,0.19051463859813952,2021H1
2021-04,41-49,2,278952,1021785,0.2730045949001013,2021H1
2021-04,41-49,3,220389,1021785,0.2156901892276751,2021H1
2021-04,41-49,4,327779,1021785,0.32079057727408405,2021H1
2021-05,41-49,1,197410,1029931,0.19167303440715933,2021H1
2021-05,41-49,2,281706,1029931,0.27351929401095804,2021H1
2021-05,41-49,3,221607,1029931,0.2151668412738329,2021H1
2021-05,41-49,4,329208,1029931,0.31964083030804974,2021H1
2021-06,41-49,1,200856,1044524,0.19229428907330037,2021H1
2021-06,41-49,2,285876,1044524,0.2736902167877425,2021H1
2021-06,41-49,3,223813,1044524,0.214272721354416,2021H1
2021-06,41-49,4,333979,1044524,0.3197427727845411,2021H1
2021-07,41-49,1,200340,1031390,0.194242720988181,2021H2
2021-07,41-49,2,284254,1031390,0.2756028272525427,2021H2
2021-07,41-49,3,220071,1031390,0.21337321478781063,2021H2
2021-07,41-49,4,326725,1031390,0.3167812369714657,2021H2
2021-08,41-49,1,199636,1027878,0.19422149321222948,2021H2
2021-08,41-49,2,282334,1027878,0.2746765666742551,2021H2
2021-08,41-49,3,219795,1027878,0.2138337429150152,2021H2
2021-08,41-49,4,326113,1027878,0.3172681971985002,2021H2
2021-09,41-49,1,203236,1043564,0.19475183122453438,2021H2
2021-09,41-49,2,286835,1043564,0.27486095725801196,2021H2
2021-09,41-49,3,222949,1043564,0.2136419040902139,2021H2
2021-09,41-49,4,330544,1043564,0.3167453074272397,2021H2
2021-10,41-49,1,203682,1044998,0.1949113778208188,2021H2
2021-10,41-49,2,286476,1044998,0.27414023758897144,2021H2
2021-10,41-49,3,223520,1044998,0.21389514621080616,2021H2
2021-10,41-49,4,331320,1044998,0.3170532383794036,2021H2
2021-11,41-49,1,204951,1048379,0.1954932328861986,2021H2
2021-11,41-49,2,287349,1048379,0.2740888552708515,2021H2
2021-11,41-49,3,224216,1048379,0.21386922095921418,2021H2
2021-11,41-49,4,331863,1048379,0.3165486908837358,2021H2
2021-12,41-49,1,206983,1064286,0.19448061893137747,2021H2
2021-12,41-49,2,290574,1064286,0.2730224770409458,2021H2
2021-12,41-49,3,228900,1064286,0.21507376776543147,2021H2
2021-12,41-49,4,337829,1064286,0.3174231362622453,2021H2
2022-01,41-49,1,197559,1027712,0.19223187040727363,2022H1
2022-01,41-49,2,278852,1027712,0.2713328247602441,2022H1
2022-01,41-49,3,220996,1027712,0.21503689749657492,2022H1
2022-01,41-49,4,330305,1027712,0.32139840733590735,2022H1
2022-02,41-49,1,196506,1029154,0.19093935407140233,2022H1
2022-02,41-49,2,280274,1029154,0.27233436395330535,2022H1
2022-02,41-49,3,221345,1029154,0.21507471185070456,2022H1
2022-02,41-49,4,331029,1029154,0.3216515701245878,2022H1
2022-03,41-49,1,198809,1035340,0.1920229103482914,2022H1
2022-03,41-49,2,281479,1035340,0.27187107616821526,2022H1
2022-03,41-49,3,222400,1035340,0.21480866188884812,2022H1
2022-03,41-49,4,332652,1035340,0.32129735159464523,2022H1
2022-04,41-49,1,202756,1046532,0.19374085073366126,2022H1
2022-04,41-49,2,284930,1046532,0.2722611444274996,2022H1
2022-04,41-49,3,223956,1046532,0.2139982341677082,2022H1
2022-04,41-49,4,334890,1046532,0.31999977067113095,2022H1
2022-05,41-49,1,205696,1056396,0.19471486071511063,2022H1
2022-05,41-49,2,288238,1056396,0.27285033264041136,2022H1
2022-05,41-49,3,225718,1056396,0.2136679805678931,2022H1
2022-05,41-49,4,336744,1056396,0.3187668260765849,2022H1
2022-06,41-49,1,208949,1069465,0.19537712781624458,2022H1
2022-06,41-49,2,292348,1069465,0.2733591094612727,2022H1
2022-06,41-49,3,227021,1069465,0.21227529652676805,2022H1
2022-06,41-49,4,341147,1069465,0.3189884661957147,2022H1
2022-07,41-49,1,206906,1051279,0.19681359562970438,2022H2
2022-07,41-49,2,288892,1051279,0.27480050490878255,2022H2
2022-07,41-49,3,222564,1051279,0.21170783398127424,2022H2
2022-07,41-49,4,332917,1051279,0.31667806548023886,2022H2
2022-08,41-49,1,204042,1042651,0.19569539567889926,2022H2
2022-08,41-49,2,284683,1042651,0.27303767032305154,2022H2
2022-08,41-49,3,221519,1042651,0.21245747618330582,2022H2
2022-08,41-49,4,332407,1042651,0.3188094578147434,2022H2
2022-09,41-49,1,207241,1058590,0.195770789446339,2022H2
2022-09,41-49,2,289983,1058590,0.2739332508336561,2022H2
2022-09,41-49,3,224749,1058590,0.21230977054383662,2022H2
2022-09,41-49,4,336617,1058590,0.3179861891761683,2022H2
2022-10,41-49,1,207756,1062062,0.19561569851854224,2022H2
2022-10,41-49,2,290319,1062062,0.2733540979716815,2022H2
2022-10,41-49,3,225642,1062062,0.21245652325382133,2022H2
2022-10,41-49,4,338345,1062062,0.31857368025595495,2022H2
2022-11,41-49,1,207165,1057826,0.19584033669053322,2022H2
2022-11,41-49,2,289130,1057826,0.2733247244820982,2022H2
2022-11,41-49,3,224921,1057826,0.21262570592895239,2022H2
2022-11,41-49,4,336610,1057826,0.3182092328984162,2022H2
2022-12,41-49,1,207875,1071101,0.19407600216973003,2022H2
2022-12,41-49,2,291783,1071101,0.2724140860665801,2022H2
2022-12,41-49,3,229456,1071101,0.21422442888205687,2022H2
2022-12,41-49,4,341987,1071101,0.319285482881633,2022H2
2023-01,41-49,1,200046,1038287,0.1926692715983153,2023H1
2023-01,41-49,2,281079,1038287,0.27071416669957343,2023H1
2023-01,41-49,3,222931,1038287,0.21471038354520475,2023H1
2023-01,41-49,4,334231,1038287,0.32190617815690653,2023H1
2023-02,41-49,1,199323,1039991,0.1916583893514463,2023H1
2023-02,41-49,2,282153,1039991,0.27130330935556174,2023H1
2023-02,41-49,3,223290,1039991,0.21470378109041327,2023H1
2023-02,41-49,4,335225,1039991,0.3223345202025787,2023H1
2023-03,41-49,1,200389,1043302,0.19207190247886038,2023H1
2023-03,41-49,2,282732,1043302,0.27099727595653034,2023H1
2023-03,41-49,3,224150,1043302,0.21484670785640209,2023H1
2023-03,41-49,4,336031,1043302,0.3220841137082072,2023H1
2023-04,41-49,1,202479,1049371,0.19295273073107605,2023H1
2023-04,41-49,2,284760,1049371,0.27136255909492446,2023H1
2023-04,41-49,3,224636,1049371,0.21406728411591325,2023H1
2023-04,41-49,4,337496,1049371,0.32161742605808624,2023H1
2023-05,41-49,1,204235,1055424,0.19350990691892547,2023H1
2023-05,41-49,2,286758,1055424,0.27169933600145535,2023H1
2023-05,41-49,3,226090,1055424,0.21421722454672246,2023H1
2023-05,41-49,4,338341,1055424,0.3205735325328967,2023H1
2023-06,41-49,1,206606,1067828,0.19348247095974258,2023H1
2023-06,41-49,2,291241,1067828,0.27274149020254196,2023H1
2023-06,41-49,3,229185,1067828,0.214627262068423,2023H1
2023-06,41-49,4,340796,1067828,0.31914877676929243,2023H1
2023-07,41-49,1,204856,1050725,0.19496633277023007,2023H2
2023-07,41-49,2,287806,1050725,0.27391182278902665,2023H2
2023-07,41-49,3,223771,1050725,0.2129681886316591,2023H2
2023-07,41-49,4,334292,1050725,0.3181536558090842,2023H2
2023-08,41-49,1,201578,1037950,0.19420781347849125,2023H2
2023-08,41-49,2,282669,1037950,0.2723339274531528,2023H2
2023-08,41-49,3,221352,1037950,0.21325882749650754,2023H2
2023-08,41-49,4,332351,1037950,0.3201994315718484,2023H2
2023-09,41-49,1,204758,1054077,0.1942533609973465,2023H2
2023-09,41-49,2,288260,1054077,0.27347148263362164,2023H2
2023-09,41-49,3,224707,1054077,0.2131789233613863,2023H2
2023-09,41-49,4,336352,1054077,0.31909623300764556,2023H2
2023-10,41-49,1,203932,1052508,0.19375814720648205,2023H2
2023-10,41-49,2,287407,1052508,0.2730687082663505,2023H2
2023-10,41-49,3,224965,1052508,0.21374184329240253,2023H2
2023-10,41-49,4,336204,1052508,0.319431301234765,2023H2
2023-11,41-49,1,202981,1049103,0.193480525744374,2023H2
2023-11,41-49,2,285794,1049103,0.2724174842698953,2023H2
2023-11,41-49,3,224763,1049103,0.21424302475543391,2023H2
2023-11,41-49,4,335565,1049103,0.3198589652302967,2023H2
2023-12,41-49,1,202794,1059749,0.19136040703978016,2023H2
2023-12,41-49,2,287355,1059749,0.2711538298219673,2023H2
2023-12,41-49,3,228914,1059749,0.21600775277919582,2023H2
2023-12,41-49,4,340686,1059749,0.3214780103590567,2023H2
2024-01,41-49,1,222694,1023990,0.21747673317122238,2024H1
2024-01,41-49,2,239237,1023990,0.23363216437660525,2024H1
2024-01,41-49,3,285528,1023990,0.2788386605337943,2024H1
2024-01,41-49,4,276531,1023990,0.2700524419183781,2024H1
2024-02,41-49,1,218484,1023949,0.2133739082708221,2024H1
2024-02,41-49,2,241513,1023949,0.23586428620956706,2024H1
2024-02,41-49,3,286681,1023949,0.2799758581726238,2024H1
2024-02,41-49,4,277271,1023949,0.270785947346987,2024H1
2024-03,41-49,1,219668,1026800,0.21393455395403194,2024H1
2024-03,41-49,2,247397,1026800,0.24093981301129724,2024H1
2024-03,41-49,3,283350,1026800,0.2759544215037008,2024H1
2024-03,41-49,4,276385,1026800,0.26917121153097,2024H1
2024-04,41-49,1,216822,1033325,0.2098294341083396,2024H1
2024-04,41-49,2,240067,1033325,0.23232477681271624,2024H1
2024-04,41-49,3,294996,1033325,0.28548230227663124,2024H1
2024-04,41-49,4,281440,1033325,0.2723634868023129,2024H1
2024-05,41-49,1,214360,1039392,0.20623595332656014,2024H1
2024-05,41-49,2,240590,1039392,0.2314718604722761,2024H1
2024-05,41-49,3,299130,1039392,0.28779324836058,2024H1
2024-05,41-49,4,285312,1039392,0.2744989378405837,2024H1
2024-06,41-49,1,200841,1053301,0.19067768852398317,2024H1
2024-06,41-49,2,227635,1053301,0.21611581114989922,2024H1
2024-06,41-49,3,329144,1053301,0.3124880732098422,2024H1
2024-06,41-49,4,295681,1053301,0.2807184271162754,2024H1
2024-07,41-49,1,212703,1033885,0.20573177867944695,2024H2
2024-07,41-49,2,222926,1033885,0.2156197255981081,2024H2
2024-07,41-49,3,313651,1033885,0.3033712646957834,2024H2
2024-07,41-49,4,284605,1033885,0.2752772310266616,2024H2
2024-08,41-49,1,213045,1019413,0.20898791755647614,2024H2
2024-08,41-49,2,228569,1019413,0.22421628917818393,2024H2
2024-08,41-49,3,297508,1019413,0.29184246227976296,2024H2
2024-08,41-49,4,280291,1019413,0.274953330985577,2024H2
2024-09,41-49,1,218262,1036236,0.21062962491169965,2024H2
2024-09,41-49,2,238000,1036236,0.22967740939322703,2024H2
2024-09,41-49,3,298366,1036236,0.2879324787017629,2024H2
2024-09,41-49,4,281608,1036236,0.2717604869933104,2024H2
2024-10,41-49,1,214645,1033883,0.20761053233296223,2024H2
2024-10,41-49,2,232833,1033883,0.22520246488238999,2024H2
2024-10,41-49,3,304962,1033883,0.2949676123894096,2024H2
2024-10,41-49,4,281443,1033883,0.2722193903952381,2024H2
2024-11,41-49,1,213713,1031188,0.20724930856449067,2024H2
2024-11,41-49,2,232560,1031188,0.22552628618641798,2024H2
2024-11,41-49,3,303441,1031188,0.294263509660702,2024H2
2024-11,41-49,4,281474,1031188,0.2729608955883893,2024H2
2024-12,41-49,1,212006,1042178,0.20342590229308238,2024H2
2024-12,41-49,2,229214,1042178,0.21993747709124545,2024H2
2024-12,41-49,3,315029,1042178,0.30227945706011833,2024H2
2024-12,41-49,4,285929,1042178,0.27435716355555384,2024H2
2025-01,41-49,1,207827,1012664,0.20522799270044162,2025H1
2025-01,41-49,2,221557,1012664,0.21878629041814462,2025H1
2025-01,41-49,3,301851,1012664,0.29807616346586824,2025H1
2025-01,41-49,4,281429,1012664,0.2779095534155455,2025H1
2025-02,41-49,1,206974,1013297,0.20425798161841988,2025H1
2025-02,41-49,2,228794,1013297,0.225791648450553,2025H1
2025-02,41-49,3,297845,1013297,0.2939365260135972,2025H1
2025-02,41-49,4,279684,1013297,0.27601384391742995,2025H1
2025-03,41-49,1,210176,1015335,0.20700163000389035,2025H1
2025-03,41-49,2,236049,1015335,0.23248386000679577,2025H1
2025-03,41-49,3,292215,1015335,0.2878015630309208,2025H1
2025-03,41-49,4,276895,1015335,0.27271294695839304,2025H1
2025-04,41-49,1,206985,1022142,0.20250121803037152,2025H1
2025-04,41-49,2,230828,1022142,0.22582772256692318,2025H1
2025-04,41-49,3,303207,1022142,0.2966388231772102,2025H1
2025-04,41-49,4,281122,1022142,0.2750322362254951,2025H1
2025-05,41-49,1,203826,1027834,0.19830634129635719,2025H1
2025-05,41-49,2,224990,1027834,0.21889721491991898,2025H1
2025-05,41-49,3,314105,1027834,0.30559895858669783,2025H1
2025-05,41-49,4,284913,1027834,0.277197485197026,2025H1
2025-06,41-49,1,188462,1041583,0.1809380529444125,2025H1
2025-06,41-49,2,212620,1041583,0.20413159584977866,2025H1
2025-06,41-49,3,344582,1041583,0.3308252918874444,2025H1
2025-06,41-49,4,295919,1041583,0.28410505931836444,2025H1
2019-01,50+,1,393397,1691366,0.23259129011698237,2019H1
2019-01,50+,2,497221,1691366,0.2939759933686736,2019H1
2019-01,50+,3,355557,1691366,0.21021884086590364,2019H1
2019-01,50+,4,445191,1691366,0.2632138756484404,2019H1
2019-02,50+,1,392388,1692642,0.23181984140769282,2019H1
2019-02,50+,2,499537,1692642,0.2951226544065431,2019H1
2019-02,50+,3,355361,1692642,0.20994457185866827,2019H1
2019-02,50+,4,445356,1692642,0.26311293232709576,2019H1
2019-03,50+,1,393636,1698325,0.23177895867987575,2019H1
2019-03,50+,2,500574,1698325,0.29474570532730776,2019H1
2019-03,50+,3,357112,1698325,0.21027306316517747,2019H1
2019-03,50+,4,447003,1698325,0.263202272827639,2019H1
2019-04,50+,1,398739,1710812,0.23307002756585762,2019H1
2019-04,50+,2,503465,1710812,0.2942842346207532,2019H1
2019-04,50+,3,359487,1710812,0.2101265364049352,2019H1
2019-04,50+,4,449121,1710812,0.262519201408454,2019H1
2019-05,50+,1,401007,1714610,0.2338765083605018,2019H1
2019-05,50+,2,503496,1714610,0.2936504511229959,2019H1
2019-05,50+,3,360077,1714610,0.21000519068476214,2019H1
2019-05,50+,4,450030,1714610,0.26246784983174015,2019H1
2019-06,50+,1,405411,1738386,0.23321115103319975,2019H1
2019-06,50+,2,509044,1738386,0.29282564401692146,2019H1
2019-06,50+,3,367201,1738386,0.21123099242630808,2019H1
2019-06,50+,4,456730,1738386,0.2627322125235707,2019H1
2019-07,50+,1,395331,1678325,0.23555092130546826,2019H2
2019-07,50+,2,494838,1678325,0.29484039146172525,2019H2
2019-07,50+,3,349381,1678325,0.20817243382539138,2019H2
2019-07,50+,4,438775,1678325,0.2614362534074151,2019H2
2019-08,50+,1,385298,1630844,0.2362568093576087,2019H2
2019-08,50+,2,480545,1630844,0.2946603108574456,2019H2
2019-08,50+,3,337680,1630844,0.20705843109457434,2019H2
2019-08,50+,4,427321,1630844,0.2620244486903714,2019H2
2019-09,50+,1,391483,1660340,0.2357848392497922,2019H2
2019-09,50+,2,489539,1660340,0.29484262259537203,2019H2
2019-09,50+,3,345526,1660340,0.208105568738933,2019H2
2019-09,50+,4,433792,1660340,0.26126696941590277,2019H2
2019-10,50+,1,391779,1665654,0.23521031378665677,2019H2
2019-10,50+,2,489172,1665654,0.29368164096505034,2019H2
2019-10,50+,3,348519,1665654,0.20923853333285306,2019H2
2019-10,50+,4,436184,1665654,0.26186951191543983,2019H2
2019-11,50+,1,389076,1664369,0.2337678723888753,2019H2
2019-11,50+,2,488866,1664369,0.29372452863517645,2019H2
2019-11,50+,3,350217,1664369,0.21042028540545996,2019H2
2019-11,50+,4,436210,1664369,0.26208731357048826,2019H2
2019-12,50+,1,391800,1700052,0.23046353876234374,2019H2
2019-12,50+,2,494118,1700052,0.2906487566262679,2019H2
2019-12,50+,3,364461,1700052,0.21438226595421786,2019H2
2019-12,50+,4,449673,1700052,0.26450543865717047,2019H2
2020-01,50+,1,388825,1707334,0.22773809928227284,2020H1
2020-01,50+,2,497071,1707334,0.29113869928203856,2020H1
2020-01,50+,3,360332,1707334,0.21104950759488184,2020H1
2020-01,50+,4,461106,1707334,0.27007369384080676,2020H1
2020-02,50+,1,388162,1708325,0.22721788886775057,2020H1
2020-02,50+,2,498792,1708325,0.2919772291572154,2020H1
2020-02,50+,3,360345,1708325,0.21093468748628041,2020H1
2020-02,50+,4,461026,1708325,0.2698701944887536,2020H1
2020-03,50+,1,389403,1714708,0.22709580873244892,2020H1
2020-03,50+,2,499437,1714708,0.2912665013518337,2020H1
2020-03,50+,3,362018,1714708,0.21112515950237593,2020H1
2020-03,50+,4,463850,1714708,0.2705125304133415,2020H1
2020-04,50+,1,389721,1707977,0.22817696022838715,2020H1
2020-04,50+,2,496418,1707977,0.29064677100452757,2020H1
2020-04,50+,3,359282,1707977,0.2103552916696185,2020H1
2020-04,50+,4,462556,1707977,0.2708209770974668,2020H1
2020-05,50+,1,379911,1672719,0.22712182978731035,2020H1
2020-05,50+,2,482803,1672719,0.2886336557425366,2020H1
2020-05,50+,3,352124,1672719,0.21050995415249066,2020H1
2020-05,50+,4,457881,1672719,0.27373456031766247,2020H1
2020-06,50+,1,382833,1688622,0.2267132608718825,2020H1
2020-06,50+,2,484525,1688622,0.2869351459355617,2020H1
2020-06,50+,3,357772,1688622,0.21187216558827257,2020H1
2020-06,50+,4,463492,1688622,0.27447942760428323,2020H1
2020-07,50+,1,376555,1644501,0.22897827365261558,2020H2
2020-07,50+,2,474987,1644501,0.2888335124150122,2020H2
2020-07,50+,3,344353,1644501,0.20939664980440875,2020H2
2020-07,50+,4,448606,1644501,0.27279156412796346,2020H2
2020-08,50+,1,369658,1611686,0.22936105420038394,2020H2
2020-08,50+,2,466792,1611686,0.28962961767987067,2020H2
2020-08,50+,3,335976,1611686,0.20846244243605763,2020H2
2020-08,50+,4,439260,1611686,0.2725468856836878,2020H2
2020-09,50+,1,375706,1635579,0.2297082562199686,2020H2
2020-09,50+,2,473132,1635579,0.2892749295509419,2020H2
2020-09,50+,3,342171,1635579,0.20920481370817307,2020H2
2020-09,50+,4,444570,1635579,0.2718120005209164,2020H2
2020-10,50+,1,375810,1640996,0.22901335530373018,2020H2
2020-10,50+,2,473955,1640996,0.2888215449641559,2020H2
2020-10,50+,3,344802,1640996,0.2101175139975966,2020H2
2020-10,50+,4,446429,1640996,0.2720475857345173,2020H2
2020-11,50+,1,374825,1644062,0.227987144037147,2020H2
2020-11,50+,2,474413,1644062,0.2885615019384914,2020H2
2020-11,50+,3,347308,1644062,0.2112499406956672,2020H2
2020-11,50+,4,447516,1644062,0.2722014133286944,2020H2
2020-12,50+,1,379513,1686780,0.2249925894307497,2020H2
2020-12,50+,2,486673,1686780,0.28852191749961464,2020H2
2020-12,50+,3,359329,1686780,0.21302659505092544,2020H2
2020-12,50+,4,461265,1686780,0.2734588980187102,2020H2
2021-01,50+,1,376776,1689521,0.2230075861738327,2021H1
2021-01,50+,2,485732,1689521,0.2874968704147507,2021H1
2021-01,50+,3,356168,1689521,0.2108100461610125,2021H1
2021-01,50+,4,470845,1689521,0.2786854972504041,2021H1
2021-02,50+,1,375364,1691223,0.22194825874529853,2021H1
2021-02,50+,2,488274,1691223,0.28871059582325925,2021H1
2021-02,50+,3,356677,1691223,0.21089885840010453,2021H1
2021-02,50+,4,470908,1691223,0.27844228703133767,2021H1
2021-03,50+,1,377069,1698503,0.22200078539749415,2021H1
2021-03,50+,2,489289,1698503,0.2880707305197577,2021H1
2021-03,50+,3,358496,1698503,0.2110658621150507,2021H1
2021-03,50+,4,473649,1698503,0.27886262196769745,2021H1
2021-04,50+,1,381180,1708323,0.22313110576863976,2021H1
2021-04,50+,2,492016,1708323,0.2880111079696287,2021H1
2021-04,50+,3,359687,1708323,0.21054976137416637,2021H1
2021-04,50+,4,475440,1708323,0.2783080248875652,2021H1
2021-05,50+,1,383490,1714419,0.22368510848281545,2021H1
2021-05,50+,2,494901,1714419,0.2886698059225895,2021H1
2021-05,50+,3,360438,1714419,0.21023915390578382,2021H1
2021-05,50+,4,475590,1714419,0.27740593168881117,2021H1
2021-06,50+,1,388416,1738553,0.22341337882710507,2021H1
2021-06,50+,2,499975,1738553,0.2875811091177548,2021H1
2021-06,50+,3,366642,1738553,0.21088917047682756,2021H1
2021-06,50+,4,483520,1738553,0.27811634157831255,2021H1
2021-07,50+,1,382456,1696939,0.22537993410487944,2021H2
2021-07,50+,2,491581,1696939,0.28968690094340455,2021H2
2021-07,50+,3,354488,1696939,0.20889849311024145,2021H2
2021-07,50+,4,468414,1696939,0.27603467184147457,2021H2
2021-08,50+,1,375486,1663307,0.22574666011746478,2021H2
2021-08,50+,2,481948,1663307,0.2897528838632916,2021H2
2021-08,50+,3,346587,1663307,0.20837223675485042,2021H2
2021-08,50+,4,459286,1663307,0.2761282192643932,2021H2
2021-09,50+,1,381769,1690464,0.22583681166827568,2021H2
2021-09,50+,2,489733,1690464,0.289703300395631,2021H2
2021-09,50+,3,353186,1690464,0.20892843621632878,2021H2
2021-09,50+,4,465776,1690464,0.2755314517197645,2021H2
2021-10,50+,1,382277,1698348,0.2250875556717469,2021H2
2021-10,50+,2,490280,1698348,0.28868052954989204,2021H2
2021-10,50+,3,356499,1698348,0.20990927654402985,2021H2
2021-10,50+,4,469292,1698348,0.27632263823433123,2021H2
2021-11,50+,1,382725,1699964,0.22513712055078813,2021H2
2021-11,50+,2,489957,1699964,0.2882161033998367,2021H2
2021-11,50+,3,358323,1699964,0.210782698927742,2021H2
2021-11,50+,4,468959,1699964,0.2758640771216332,2021H2
2021-12,50+,1,387398,1741251,0.22248257143858066,2021H2
2021-12,50+,2,498779,1741251,0.2864486509986211,2021H2
2021-12,50+,3,371094,1741251,0.21311918844554864,2021H2
2021-12,50+,4,483980,1741251,0.2779495891172496,2021H2
2022-01,50+,1,388517,1757689,0.22103853412065502,2022H1
2022-01,50+,2,502898,1757689,0.2861131861210942,2022H1
2022-01,50+,3,371754,1757689,0.21150157963098137,2022H1
2022-01,50+,4,494520,1757689,0.28134670012726937,2022H1
2022-02,50+,1,386342,1755174,0.22011606826445698,2022H1
2022-02,50+,2,503783,1755174,0.28702738304008607,2022H1
2022-02,50+,3,370910,1755174,0.2113237775855841,2022H1
2022-02,50+,4,494139,1755174,0.28153277110987285,2022H1
2022-03,50+,1,389008,1763313,0.22061199571488443,2022H1
2022-03,50+,2,504472,1763313,0.2860932800926438,2022H1
2022-03,50+,3,373171,1763313,0.21163060670453857,2022H1
2022-03,50+,4,496662,1763313,0.28166411748793324,2022H1
2022-04,50+,1,394579,1778130,0.22190672223065805,2022H1
2022-04,50+,2,508798,1778130,0.2861421830799773,2022H1
2022-04,50+,3,375784,1778130,0.21133662893039318,2022H1
2022-04,50+,4,498969,1778130,0.2806144657589715,2022H1
2022-05,50+,1,398299,1787726,0.22279644643530386,2022H1
2022-05,50+,2,511360,1787726,0.28603935949916265,2022H1
2022-05,50+,3,377516,1787726,0.2111710631271235,2022H1
2022-05,50+,4,500551,1787726,0.27999313093841005,2022H1
2022-06,50+,1,402851,1808130,0.2227997986870413,2022H1
2022-06,50+,2,515711,1808130,0.2852178770331779,2022H1
2022-06,50+,3,382768,1808130,0.21169274333150825,2022H1
2022-06,50+,4,506800,1808130,0.2802895809482725,2022H1
2022-07,50+,1,393887,1755562,0.22436518903917949,2022H2
2022-07,50+,2,503332,1755562,0.2867070487969095,2022H2
2022-07,50+,3,368396,1755562,0.2098450524675289,2022H2
2022-07,50+,4,489947,1755562,0.2790827096963821,2022H2
2022-08,50+,1,383821,1710550,0.2243845546753968,2022H2
2022-08,50+,2,489337,1710550,0.2860699774926193,2022H2
2022-08,50+,3,357655,1710550,0.20908772032387243,2022H2
2022-08,50+,4,479737,1710550,0.2804577475081114,2022H2
2022-09,50+,1,390091,1742736,0.22383826351208674,2022H2
2022-09,50+,2,499356,1742736,0.2865356542815435,2022H2
2022-09,50+,3,365858,1742736,0.20993311666253522,2022H2
2022-09,50+,4,487431,1742736,0.27969296554383455,2022H2
2022-10,50+,1,391777,1760157,0.2225807129704907,2022H2
2022-10,50+,2,502641,1760157,0.2855660034871889,2022H2
2022-10,50+,3,370884,1760157,0.2107107490979498,2022H2
2022-10,50+,4,494855,1760157,0.2811425344443706,2022H2
2022-11,50+,1,389215,1746166,0.22289690670875506,2022H2
2022-11,50+,2,499007,1746166,0.2857729448402958,2022H2
2022-11,50+,3,368834,1746166,0.21122504962300262,2022H2
2022-11,50+,4,489110,1746166,0.2801050988279465,2022H2
2022-12,50+,1,392274,1783863,0.21990141619619893,2022H2
2022-12,50+,2,505684,1783863,0.28347692619892895,2022H2
2022-12,50+,3,382210,1783863,0.21425972734453264,2022H2
2022-12,50+,4,503695,1783863,0.2823619302603395,2022H2
2023-01,50+,1,394042,1798593,0.2190834724698695,2023H1
2023-01,50+,2,508721,1798593,0.2828438674007961,2023H1
2023-01,50+,3,383636,1798593,0.21329783892186838,2023H1
2023-01,50+,4,512194,1798593,0.28477482120746606,2023H1
2023-02,50+,1,392343,1798278,0.21817705605028812,2023H1
2023-02,50+,2,510146,1798278,0.2836858372287266,2023H1
2023-02,50+,3,383774,1798278,0.2134119418688323,2023H1
2023-02,50+,4,512015,1798278,0.284725164852153,2023H1
2023-03,50+,1,394233,1805653,0.21833264752419207,2023H1
2023-03,50+,2,511045,1805653,0.2830250330489856,2023H1
2023-03,50+,3,386017,1805653,0.21378249309252664,2023H1
2023-03,50+,4,514358,1805653,0.2848598263342957,2023H1
2023-04,50+,1,397796,1814641,0.21921470968637874,2023H1
2023-04,50+,2,513872,1814641,0.283181080996186,2023H1
2023-04,50+,3,387324,1814641,0.2134438712670991,2023H1
2023-04,50+,4,515649,1814641,0.28416033805033614,2023H1
2023-05,50+,1,400874,1820764,0.2201680173817145,2023H1
2023-05,50+,2,514707,1820764,0.2826873773866355,2023H1
2023-05,50+,3,389238,1820764,0.21377729348778865,2023H1
2023-05,50+,4,515945,1820764,0.28336731174386137,2023H1
2023-06,50+,1,404642,1842170,0.2196550806928785,2023H1
2023-06,50+,2,520882,1842170,0.28275457748199134,2023H1
2023-06,50+,3,395887,1842170,0.21490253342525392,2023H1
2023-06,50+,4,520759,1842170,0.28268780839987623,2023H1
2023-07,50+,1,396758,1791571,0.2214581504165897,2023H2
2023-07,50+,2,508499,1791571,0.2838285504732997,2023H2
2023-07,50+,3,380474,1791571,0.2123689209079629,2023H2
2023-07,50+,4,505840,1791571,0.28234437820214775,2023H2
2023-08,50+,1,386480,1743285,0.22169639502433625,2023H2
2023-08,50+,2,493956,1743285,0.2833478174825115,2023H2
2023-08,50+,3,368015,1743285,0.21110432316001113,2023H2
2023-08,50+,4,494834,1743285,0.2838514643331412,2023H2
2023-09,50+,1,393976,1778800,0.221484146615696,2023H2
2023-09,50+,2,505417,1778800,0.2841336856307623,2023H2
2023-09,50+,3,377018,1778800,0.21195075331684282,2023H2
2023-09,50+,4,502389,1778800,0.2824314144366989,2023H2
2023-10,50+,1,393539,1781253,0.22093380333955928,2023H2
2023-10,50+,2,505162,1781253,0.28359924165741757,2023H2
2023-10,50+,3,378575,1781253,0.21253297538305901,2023H2
2023-10,50+,4,503977,1781253,0.28293397961996414,2023H2
2023-11,50+,1,390919,1777389,0.21994003563654327,2023H2
2023-11,50+,2,503471,1777389,0.28326438387994973,2023H2
2023-11,50+,3,379394,1777389,0.21345580511638138,2023H2
2023-11,50+,4,503605,1777389,0.2833397753671256,2023H2
2023-12,50+,1,392029,1808922,0.21671968166676064,2023H2
2023-12,50+,2,507539,1808922,0.28057539241603563,2023H2
2023-12,50+,3,392516,1808922,0.21698890278298347,2023H2
2023-12,50+,4,516838,1808922,0.2857160231342203,2023H2
2024-01,50+,1,455857,1828949,0.24924533160848117,2024H1
2024-01,50+,2,447386,1828949,0.24461370984100705,2024H1
2024-01,50+,3,544133,1828949,0.2975113029395571,2024H1
2024-01,50+,4,381573,1828949,0.2086296556109547,2024H1
2024-02,50+,1,447794,1825885,0.24524764703143956,2024H1
2024-02,50+,2,448381,1825885,0.24556913496742674,2024H1
2024-02,50+,3,546799,1825885,0.2994706676488388,2024H1
2024-02,50+,4,382911,1825885,0.2097125503522949,2024H1
2024-03,50+,1,453695,1830475,0.24785643070787636,2024H1
2024-03,50+,2,461973,1830475,0.25237875414851335,2024H1
2024-03,50+,3,532507,1830475,0.29091192176893976,2024H1
2024-03,50+,4,382300,1830475,0.2088528933746705,2024H1
2024-04,50+,1,447051,1840254,0.24292896524066787,2024H1
2024-04,50+,2,449425,1840254,0.2442190045504588,2024H1
2024-04,50+,3,554232,1840254,0.3011714687211657,2024H1
2024-04,50+,4,389546,1840254,0.21168056148770767,2024H1
2024-05,50+,1,443928,1848145,0.24020193220770014,2024H1
2024-05,50+,2,449958,1848145,0.24346466321636018,2024H1
2024-05,50+,3,563019,1848145,0.3046400580041068,2024H1
2024-05,50+,4,391240,1848145,0.21169334657183284,2024H1
2024-06,50+,1,412590,1873988,0.22016683137778897,2024H1
2024-06,50+,2,424285,1873988,0.22640753302582514,2024H1
2024-06,50+,3,629187,1873988,0.33574761417895954,2024H1
2024-06,50+,4,407926,1873988,0.21767802141742637,2024H1
2024-07,50+,1,432663,1822071,0.2374567182069195,2024H2
2024-07,50+,2,413844,1822071,0.22712836107923345,2024H2
2024-07,50+,3,588226,1822071,0.32283374248314145,2024H2
2024-07,50+,4,387338,1822071,0.2125811782307056,2024H2
2024-08,50+,1,428542,1767285,0.24248607327058172,2024H2
2024-08,50+,2,414780,1767285,0.23469898742987125,2024H2
2024-08,50+,3,547254,1767285,0.30965803478216586,2024H2
2024-08,50+,4,376709,1767285,0.21315690451738117,2024H2
2024-09,50+,1,441785,1800285,0.2453972565454914,2024H2
2024-09,50+,2,435975,1800285,0.24216998975162266,2024H2
2024-09,50+,3,543506,1800285,0.30189997694809434,2024H2
2024-09,50+,4,379019,1800285,0.2105327767547916,2024H2
2024-10,50+,1,439255,1801652,0.24380679509694436,2024H2
2024-10,50+,2,432336,1801652,0.23996643080905747,2024H2
2024-10,50+,3,550121,1801652,0.3053425411788736,2024H2
2024-10,50+,4,379940,1801652,0.21088423291512456,2024H2
2024-11,50+,1,437539,1796202,0.24359119965349108,2024H2
2024-11,50+,2,430672,1796202,0.23976813298281596,2024H2
2024-11,50+,3,549687,1796202,0.30602738444785166,2024H2
2024-11,50+,4,378304,1796202,0.2106132829158413,2024H2
2024-12,50+,1,435163,1829472,0.2378626182854944,2024H2
2024-12,50+,2,422979,1829472,0.23120277325916985,2024H2
2024-12,50+,3,585941,1829472,0.32027874709205717,2024H2
2024-12,50+,4,385389,1829472,0.21065586136327857,2024H2
2025-01,50+,1,432592,1838070,0.23535121078087343,2025H1
2025-01,50+,2,417653,1838070,0.22722366395186255,2025H1
2025-01,50+,3,589071,1838070,0.32048344187109307,2025H1
2025-01,50+,4,398754,1838070,0.21694168339617098,2025H1
2025-02,50+,1,428717,1834474,0.2337002323281769,2025H1
2025-02,50+,2,426528,1834474,0.23250697475134563,2025H1
2025-02,50+,3,581467,1834474,0.3169666073217718,2025H1
2025-02,50+,4,397762,1834474,0.21682618559870567,2025H1
2025-03,50+,1,436833,1838610,0.23758872191492486,2025H1
2025-03,50+,2,443638,1838610,0.24128988746933824,2025H1
2025-03,50+,3,563611,1838610,0.3065418984994099,2025H1
2025-03,50+,4,394528,1838610,0.21457949211632701,2025H1
2025-04,50+,1,432272,1849185,0.23376352284925522,2025H1
2025-04,50+,2,433709,1849185,0.2345406219496697,2025H1
2025-04,50+,3,582291,1849185,0.3148906139731828,2025H1
2025-04,50+,4,400913,1849185,0.2168052412278923,2025H1
2025-05,50+,1,427608,1853817,0.23066354445989004,2025H1
2025-05,50+,2,422659,1853817,0.22799391741471786,2025H1
2025-05,50+,3,602148,1853817,0.3248152325714998,2025H1
2025-05,50+,4,401402,1853817,0.21652730555389232,2025H1
2025-06,50+,1,392533,1878429,0.20896877124448143,2025H1
2025-06,50+,2,395112,1878429,0.21034172704957174,2025H1
2025-06,50+,3,669687,1878429,0.3565144064534779,2025H1
2025-06,50+,4,421097,1878429,0.22417509525246895,2025H1
