ssyk4,year_month,n_ads,n_vacancies
0110,2020-01,42,45
0110,2020-02,45,48
0110,2020-03,54,59
0110,2020-04,44,103
0110,2020-05,28,30
0110,2020-06,29,31
0110,2020-07,4,4
0110,2020-08,8,9
0110,2020-09,24,26
0110,2020-10,28,29
0110,2020-11,24,25
0110,2020-12,48,52
0110,2021-01,24,28
0110,2021-02,35,40
0110,2021-03,37,41
0110,2021-04,29,35
0110,2021-05,26,27
0110,2021-06,46,48
0110,2021-07,52,63
0110,2021-08,20,21
0110,2021-09,31,31
0110,2021-10,47,56
0110,2021-11,22,30
0110,2021-12,60,61
0110,2022-01,33,33
0110,2022-02,22,22
0110,2022-03,48,82
0110,2022-04,44,62
0110,2022-05,34,45
0110,2022-06,33,38
0110,2022-07,12,12
0110,2022-08,30,50
0110,2022-09,33,36
0110,2022-10,42,46
0110,2022-11,20,21
0110,2022-12,41,60
0110,2023-01,26,27
0110,2023-02,35,41
0110,2023-03,58,62
0110,2023-04,39,89
0110,2023-05,49,54
0110,2023-06,55,76
0110,2023-07,22,30
0110,2023-08,19,19
0110,2023-09,37,42
0110,2023-10,47,53
0110,2023-11,31,41
0110,2023-12,62,67
0110,2024-01,20,20
0110,2024-02,31,38
0110,2024-03,42,43
0110,2024-04,37,38
0110,2024-05,37,49
0110,2024-06,35,39
0110,2024-07,23,25
0110,2024-08,21,22
0110,2024-09,38,45
0110,2024-10,53,73
0110,2024-11,59,82
0110,2024-12,71,93
0110,2025-01,42,45
0110,2025-02,38,43
0110,2025-03,55,64
0110,2025-04,42,48
0110,2025-05,37,45
0110,2025-06,41,69
0110,2025-07,20,27
0110,2025-08,18,18
0110,2025-09,38,44
0110,2025-10,35,47
0110,2025-11,49,51
0110,2025-12,79,94
0110,2026-01,10,10
0110,2026-02,38,39
0210,2020-01,16,20
0210,2020-02,11,13
0210,2020-03,22,30
0210,2020-04,11,14
0210,2020-05,16,16
0210,2020-06,19,20
0210,2020-07,11,12
0210,2020-08,3,4
0210,2020-09,16,16
0210,2020-10,15,15
0210,2020-11,12,12
0210,2020-12,19,22
0210,2021-01,7,7
0210,2021-02,17,20
0210,2021-03,22,22
0210,2021-04,8,8
0210,2021-05,15,15
0210,2021-06,17,17
0210,2021-07,23,23
0210,2021-08,14,14
0210,2021-09,11,12
0210,2021-10,14,14
0210,2021-11,21,33
0210,2021-12,32,38
0210,2022-01,14,14
0210,2022-02,12,13
0210,2022-03,34,39
0210,2022-04,26,27
0210,2022-05,29,31
0210,2022-06,30,36
0210,2022-07,23,23
0210,2022-08,20,23
0210,2022-09,33,35
0210,2022-10,41,53
0210,2022-11,20,22
0210,2022-12,39,51
0210,2023-01,22,24
0210,2023-02,23,26
0210,2023-03,35,46
0210,2023-04,22,27
0210,2023-05,42,48
0210,2023-06,28,33
0210,2023-07,13,13
0210,2023-08,22,25
0210,2023-09,29,39
0210,2023-10,34,38
0210,2023-11,31,33
0210,2023-12,38,41
0210,2024-01,11,11
0210,2024-02,23,26
0210,2024-03,51,52
0210,2024-04,27,29
0210,2024-05,25,28
0210,2024-06,22,22
0210,2024-07,3,3
0210,2024-08,18,19
0210,2024-09,43,43
0210,2024-10,38,43
0210,2024-11,28,33
0210,2024-12,53,62
0210,2025-01,47,51
0210,2025-02,30,37
0210,2025-03,53,53
0210,2025-04,31,39
0210,2025-05,25,36
0210,2025-06,33,34
0210,2025-07,12,23
0210,2025-08,21,23
0210,2025-09,47,50
0210,2025-10,39,48
0210,2025-11,31,36
0210,2025-12,44,65
0210,2026-01,11,14
0210,2026-02,27,58
0310,2020-01,20,107
0310,2020-02,20,412
0310,2020-03,31,288
0310,2020-04,14,64
0310,2020-05,5,9
0310,2020-06,7,14
0310,2020-07,4,7
0310,2020-08,4,38
0310,2020-09,3,6
0310,2020-10,14,513
0310,2020-11,8,8
0310,2020-12,11,88
0310,2021-01,3,6
0310,2021-02,11,26
0310,2021-03,23,142
0310,2021-04,26,134
0310,2021-05,16,18
0310,2021-06,16,38
0310,2021-07,5,6
0310,2021-08,3,10
0310,2021-09,12,38
0310,2021-10,12,94
0310,2021-11,5,20
0310,2021-12,25,167
0310,2022-01,8,53
0310,2022-02,25,249
0310,2022-03,33,439
0310,2022-04,22,105
0310,2022-05,22,37
0310,2022-06,36,170
0310,2022-07,7,26
0310,2022-08,22,164
0310,2022-09,33,257
0310,2022-10,19,45
0310,2022-11,34,134
0310,2022-12,34,103
0310,2023-01,22,167
0310,2023-02,47,236
0310,2023-03,42,285
0310,2023-04,23,118
0310,2023-05,38,201
0310,2023-06,22,232
0310,2023-07,13,83
0310,2023-08,20,110
0310,2023-09,24,113
0310,2023-10,30,173
0310,2023-11,21,80
0310,2023-12,39,437
0310,2024-01,16,239
0310,2024-02,31,295
0310,2024-03,30,242
0310,2024-04,32,187
0310,2024-05,40,85
0310,2024-06,23,226
0310,2024-07,9,121
0310,2024-08,6,99
0310,2024-09,23,49
0310,2024-10,21,73
0310,2024-11,25,54
0310,2024-12,37,512
0310,2025-01,19,206
0310,2025-02,47,220
0310,2025-03,53,239
0310,2025-04,65,338
0310,2025-05,40,121
0310,2025-06,30,58
0310,2025-07,9,9
0310,2025-08,18,56
0310,2025-09,41,191
0310,2025-10,32,89
0310,2025-11,34,151
0310,2025-12,44,553
0310,2026-01,10,43
0310,2026-02,54,374
1111,2020-03,1,1
1111,2021-02,1,1
1111,2021-05,1,1
1111,2021-07,1,1
1111,2021-11,1,1
1111,2021-12,2,2
1111,2022-01,1,1
1111,2022-04,1,1
1111,2022-05,2,2
1111,2022-06,2,2
1111,2022-07,2,2
1111,2022-08,5,5
1111,2022-09,11,11
1111,2022-10,1,1
1111,2022-11,1,1
1111,2023-01,2,2
1111,2023-02,2,2
1111,2023-04,2,2
1111,2023-05,1,1
1111,2023-11,2,2
1111,2024-01,1,1
1111,2024-07,1,1
1111,2024-09,1,1
1111,2025-01,1,1
1111,2025-09,1,1
1111,2025-12,2,2
1111,2026-02,2,2
1112,2020-01,7,7
1112,2020-02,20,20
1112,2020-03,10,10
1112,2020-04,7,7
1112,2020-05,6,6
1112,2020-06,5,5
1112,2020-07,1,1
1112,2020-08,9,9
1112,2020-09,7,7
1112,2020-10,8,8
1112,2020-11,8,8
1112,2020-12,10,10
1112,2021-01,2,2
1112,2021-02,5,5
1112,2021-03,13,13
1112,2021-04,10,13
1112,2021-05,11,20
1112,2021-06,4,4
1112,2021-07,1,1
1112,2021-08,7,10
1112,2021-09,11,26
1112,2021-10,8,8
1112,2021-11,5,5
1112,2021-12,6,8
1112,2022-01,4,45
1112,2022-02,9,9
1112,2022-03,15,19
1112,2022-04,19,31
1112,2022-05,41,71
1112,2022-06,6,6
1112,2022-07,7,7
1112,2022-08,11,11
1112,2022-09,18,42
1112,2022-10,14,14
1112,2022-11,12,12
1112,2022-12,17,17
1112,2023-01,8,8
1112,2023-02,13,13
1112,2023-03,18,18
1112,2023-04,14,14
1112,2023-05,20,21
1112,2023-06,9,9
1112,2023-07,6,6
1112,2023-08,8,8
1112,2023-09,19,48
1112,2023-10,13,13
1112,2023-11,15,15
1112,2023-12,7,7
1112,2024-01,6,15
1112,2024-02,21,21
1112,2024-03,17,17
1112,2024-04,5,5
1112,2024-05,25,61
1112,2024-06,14,14
1112,2024-07,5,5
1112,2024-08,10,10
1112,2024-09,16,16
1112,2024-10,9,9
1112,2024-11,15,15
1112,2024-12,14,14
1112,2025-01,9,9
1112,2025-02,20,20
1112,2025-03,9,9
1112,2025-04,12,12
1112,2025-05,10,10
1112,2025-06,12,12
1112,2025-07,7,7
1112,2025-08,4,8
1112,2025-09,15,15
1112,2025-10,13,13
1112,2025-11,7,7
1112,2025-12,14,14
1112,2026-02,6,6
1113,2020-01,26,26
1113,2020-02,39,39
1113,2020-03,24,24
1113,2020-04,32,32
1113,2020-05,18,19
1113,2020-06,14,14
1113,2020-07,15,15
1113,2020-08,21,21
1113,2020-09,30,30
1113,2020-10,23,23
1113,2020-11,18,18
1113,2020-12,15,15
1113,2021-01,25,25
1113,2021-02,29,29
1113,2021-03,34,34
1113,2021-04,16,16
1113,2021-05,20,20
1113,2021-06,22,23
1113,2021-07,14,14
1113,2021-08,18,19
1113,2021-09,20,21
1113,2021-10,28,28
1113,2021-11,19,19
1113,2021-12,26,26
1113,2022-01,22,22
1113,2022-02,32,32
1113,2022-03,34,37
1113,2022-04,17,17
1113,2022-05,23,23
1113,2022-06,26,29
1113,2022-07,12,12
1113,2022-08,19,22
1113,2022-09,16,16
1113,2022-10,30,30
1113,2022-11,27,27
1113,2022-12,30,30
1113,2023-01,22,22
1113,2023-02,19,20
1113,2023-03,25,26
1113,2023-04,29,30
1113,2023-05,19,21
1113,2023-06,23,30
1113,2023-07,19,19
1113,2023-08,16,17
1113,2023-09,16,24
1113,2023-10,17,19
1113,2023-11,17,20
1113,2023-12,15,15
1113,2024-01,19,20
1113,2024-02,26,26
1113,2024-03,27,32
1113,2024-04,24,24
1113,2024-05,22,22
1113,2024-06,21,21
1113,2024-07,18,18
1113,2024-08,17,17
1113,2024-09,21,21
1113,2024-10,49,53
1113,2024-11,38,39
1113,2024-12,34,34
1113,2025-01,36,36
1113,2025-02,27,27
1113,2025-03,28,28
1113,2025-04,25,27
1113,2025-05,23,24
1113,2025-06,23,23
1113,2025-07,14,14
1113,2025-08,30,30
1113,2025-09,28,28
1113,2025-10,35,35
1113,2025-11,23,24
1113,2025-12,22,22
1113,2026-01,2,2
1113,2026-02,19,25
1120,2020-01,79,88
1120,2020-02,65,65
1120,2020-03,89,168
1120,2020-04,76,96
1120,2020-05,67,67
1120,2020-06,44,44
1120,2020-07,48,52
1120,2020-08,50,50
1120,2020-09,76,76
1120,2020-10,64,64
1120,2020-11,67,73
1120,2020-12,74,77
1120,2021-01,69,69
1120,2021-02,87,87
1120,2021-03,92,154
1120,2021-04,119,119
1120,2021-05,87,87
1120,2021-06,87,89
1120,2021-07,66,68
1120,2021-08,83,86
1120,2021-09,126,127
1120,2021-10,114,126
1120,2021-11,105,105
1120,2021-12,131,133
1120,2022-01,94,103
1120,2022-02,117,118
1120,2022-03,124,135
1120,2022-04,112,112
1120,2022-05,100,100
1120,2022-06,125,125
1120,2022-07,84,84
1120,2022-08,101,111
1120,2022-09,112,112
1120,2022-10,95,95
1120,2022-11,97,103
1120,2022-12,96,97
1120,2023-01,103,105
1120,2023-02,82,82
1120,2023-03,113,113
1120,2023-04,93,94
1120,2023-05,91,93
1120,2023-06,76,77
1120,2023-07,74,76
1120,2023-08,69,69
1120,2023-09,89,91
1120,2023-10,79,79
1120,2023-11,103,104
1120,2023-12,102,102
1120,2024-01,81,82
1120,2024-02,98,98
1120,2024-03,99,109
1120,2024-04,112,113
1120,2024-05,147,163
1120,2024-06,113,113
1120,2024-07,76,76
1120,2024-08,67,68
1120,2024-09,98,101
1120,2024-10,104,104
1120,2024-11,104,104
1120,2024-12,93,93
1120,2025-01,103,104
1120,2025-02,104,104
1120,2025-03,101,103
1120,2025-04,90,90
1120,2025-05,82,82
1120,2025-06,113,113
1120,2025-07,61,61
1120,2025-08,61,65
1120,2025-09,92,92
1120,2025-10,92,92
1120,2025-11,76,77
1120,2025-12,84,84
1120,2026-01,16,19
1120,2026-02,69,69
1210,2020-01,156,156
1210,2020-02,172,172
1210,2020-03,163,163
1210,2020-04,111,112
1210,2020-05,96,96
1210,2020-06,85,85
1210,2020-07,64,64
1210,2020-08,84,89
1210,2020-09,120,120
1210,2020-10,129,130
1210,2020-11,99,100
1210,2020-12,132,132
1210,2021-01,85,87
1210,2021-02,140,140
1210,2021-03,163,164
1210,2021-04,125,125
1210,2021-05,145,147
1210,2021-06,135,138
1210,2021-07,117,117
1210,2021-08,122,123
1210,2021-09,162,162
1210,2021-10,175,175
1210,2021-11,191,192
1210,2021-12,205,207
1210,2022-01,203,204
1210,2022-02,191,191
1210,2022-03,217,267
1210,2022-04,167,168
1210,2022-05,187,188
1210,2022-06,170,171
1210,2022-07,120,123
1210,2022-08,161,161
1210,2022-09,180,279
1210,2022-10,176,176
1210,2022-11,220,220
1210,2022-12,160,161
1210,2023-01,172,173
1210,2023-02,161,164
1210,2023-03,163,165
1210,2023-04,146,146
1210,2023-05,203,203
1210,2023-06,124,124
1210,2023-07,97,98
1210,2023-08,124,125
1210,2023-09,150,151
1210,2023-10,143,143
1210,2023-11,138,138
1210,2023-12,160,161
1210,2024-01,120,120
1210,2024-02,159,160
1210,2024-03,151,151
1210,2024-04,151,151
1210,2024-05,161,161
1210,2024-06,110,111
1210,2024-07,102,102
1210,2024-08,121,121
1210,2024-09,140,140
1210,2024-10,164,165
1210,2024-11,157,159
1210,2024-12,116,117
1210,2025-01,117,118
1210,2025-02,115,115
1210,2025-03,142,142
1210,2025-04,125,125
1210,2025-05,115,115
1210,2025-06,93,93
1210,2025-07,80,80
1210,2025-08,102,102
1210,2025-09,87,87
1210,2025-10,136,139
1210,2025-11,85,89
1210,2025-12,94,94
1210,2026-01,12,20
1210,2026-02,77,77
1220,2020-01,44,44
1220,2020-02,60,60
1220,2020-03,35,35
1220,2020-04,35,35
1220,2020-05,28,28
1220,2020-06,32,37
1220,2020-07,22,22
1220,2020-08,23,23
1220,2020-09,42,43
1220,2020-10,53,53
1220,2020-11,44,46
1220,2020-12,57,63
1220,2021-01,29,29
1220,2021-02,66,66
1220,2021-03,64,64
1220,2021-04,78,78
1220,2021-05,66,66
1220,2021-06,69,70
1220,2021-07,49,49
1220,2021-08,57,57
1220,2021-09,116,117
1220,2021-10,82,82
1220,2021-11,94,96
1220,2021-12,89,89
1220,2022-01,66,66
1220,2022-02,115,118
1220,2022-03,127,129
1220,2022-04,95,95
1220,2022-05,90,90
1220,2022-06,74,74
1220,2022-07,61,61
1220,2022-08,83,83
1220,2022-09,83,83
1220,2022-10,75,78
1220,2022-11,88,93
1220,2022-12,82,83
1220,2023-01,116,117
1220,2023-02,95,96
1220,2023-03,118,121
1220,2023-04,68,68
1220,2023-05,82,82
1220,2023-06,82,84
1220,2023-07,42,42
1220,2023-08,44,44
1220,2023-09,68,135
1220,2023-10,70,72
1220,2023-11,51,55
1220,2023-12,57,60
1220,2024-01,56,56
1220,2024-02,70,70
1220,2024-03,42,42
1220,2024-04,54,54
1220,2024-05,39,39
1220,2024-06,29,29
1220,2024-07,48,50
1220,2024-08,51,56
1220,2024-09,66,73
1220,2024-10,50,52
1220,2024-11,55,55
1220,2024-12,68,68
1220,2025-01,40,43
1220,2025-02,57,58
1220,2025-03,53,54
1220,2025-04,58,58
1220,2025-05,49,49
1220,2025-06,36,37
1220,2025-07,38,38
1220,2025-08,35,35
1220,2025-09,43,55
1220,2025-10,46,46
1220,2025-11,41,41
1220,2025-12,35,36
1220,2026-01,4,4
1220,2026-02,26,27
1230,2020-01,161,192
1230,2020-02,183,191
1230,2020-03,185,188
1230,2020-04,126,134
1230,2020-05,136,139
1230,2020-06,124,124
1230,2020-07,89,95
1230,2020-08,93,93
1230,2020-09,131,133
1230,2020-10,182,195
1230,2020-11,160,171
1230,2020-12,187,197
1230,2021-01,121,127
1230,2021-02,156,160
1230,2021-03,214,218
1230,2021-04,183,185
1230,2021-05,171,179
1230,2021-06,158,164
1230,2021-07,116,126
1230,2021-08,115,117
1230,2021-09,179,182
1230,2021-10,252,301
1230,2021-11,211,218
1230,2021-12,293,323
1230,2022-01,174,184
1230,2022-02,267,302
1230,2022-03,295,327
1230,2022-04,295,303
1230,2022-05,329,344
1230,2022-06,195,204
1230,2022-07,139,145
1230,2022-08,171,185
1230,2022-09,249,255
1230,2022-10,227,233
1230,2022-11,239,250
1230,2022-12,251,286
1230,2023-01,228,259
1230,2023-02,246,262
1230,2023-03,268,291
1230,2023-04,214,231
1230,2023-05,278,294
1230,2023-06,197,200
1230,2023-07,109,111
1230,2023-08,159,164
1230,2023-09,217,233
1230,2023-10,210,220
1230,2023-11,186,191
1230,2023-12,213,223
1230,2024-01,173,176
1230,2024-02,173,184
1230,2024-03,226,235
1230,2024-04,161,170
1230,2024-05,201,214
1230,2024-06,123,129
1230,2024-07,129,136
1230,2024-08,140,145
1230,2024-09,188,199
1230,2024-10,232,239
1230,2024-11,203,215
1230,2024-12,224,239
1230,2025-01,183,196
1230,2025-02,250,266
1230,2025-03,227,246
1230,2025-04,250,263
1230,2025-05,229,237
1230,2025-06,131,133
1230,2025-07,126,136
1230,2025-08,159,167
1230,2025-09,219,226
1230,2025-10,247,257
1230,2025-11,261,270
1230,2025-12,258,262
1230,2026-01,20,20
1230,2026-02,147,155
1240,2020-01,30,30
1240,2020-02,16,16
1240,2020-03,17,18
1240,2020-04,13,13
1240,2020-05,14,14
1240,2020-06,15,18
1240,2020-07,6,6
1240,2020-08,7,7
1240,2020-09,14,14
1240,2020-10,15,16
1240,2020-11,15,15
1240,2020-12,18,18
1240,2021-01,12,12
1240,2021-02,12,12
1240,2021-03,25,25
1240,2021-04,25,25
1240,2021-05,31,35
1240,2021-06,27,27
1240,2021-07,14,14
1240,2021-08,18,18
1240,2021-09,28,28
1240,2021-10,22,22
1240,2021-11,30,41
1240,2021-12,34,34
1240,2022-01,25,25
1240,2022-02,25,26
1240,2022-03,27,27
1240,2022-04,19,19
1240,2022-05,34,34
1240,2022-06,22,22
1240,2022-07,20,20
1240,2022-08,16,16
1240,2022-09,28,28
1240,2022-10,22,22
1240,2022-11,19,19
1240,2022-12,19,19
1240,2023-01,17,17
1240,2023-02,14,14
1240,2023-03,23,23
1240,2023-04,14,14
1240,2023-05,25,25
1240,2023-06,23,23
1240,2023-07,14,14
1240,2023-08,12,12
1240,2023-09,15,15
1240,2023-10,18,18
1240,2023-11,23,23
1240,2023-12,22,22
1240,2024-01,10,10
1240,2024-02,20,20
1240,2024-03,20,20
1240,2024-04,17,17
1240,2024-05,16,16
1240,2024-06,15,15
1240,2024-07,9,9
1240,2024-08,15,16
1240,2024-09,13,14
1240,2024-10,26,26
1240,2024-11,14,14
1240,2024-12,20,20
1240,2025-01,13,13
1240,2025-02,10,10
1240,2025-03,24,24
1240,2025-04,27,27
1240,2025-05,17,17
1240,2025-06,10,10
1240,2025-07,7,7
1240,2025-08,16,16
1240,2025-09,13,13
1240,2025-10,17,17
1240,2025-11,12,12
1240,2025-12,12,12
1240,2026-01,1,1
1240,2026-02,6,6
1250,2020-01,184,240
1250,2020-02,208,262
1250,2020-03,174,264
1250,2020-04,80,99
1250,2020-05,96,130
1250,2020-06,107,129
1250,2020-07,87,96
1250,2020-08,107,122
1250,2020-09,144,164
1250,2020-10,168,208
1250,2020-11,183,189
1250,2020-12,152,158
1250,2021-01,131,151
1250,2021-02,209,254
1250,2021-03,258,311
1250,2021-04,225,252
1250,2021-05,241,245
1250,2021-06,212,218
1250,2021-07,161,171
1250,2021-08,182,188
1250,2021-09,485,552
1250,2021-10,371,390
1250,2021-11,332,340
1250,2021-12,332,349
1250,2022-01,461,508
1250,2022-02,396,425
1250,2022-03,464,515
1250,2022-04,316,350
1250,2022-05,333,343
1250,2022-06,312,318
1250,2022-07,244,247
1250,2022-08,300,309
1250,2022-09,308,328
1250,2022-10,354,404
1250,2022-11,368,374
1250,2022-12,363,382
1250,2023-01,385,427
1250,2023-02,332,415
1250,2023-03,308,353
1250,2023-04,375,429
1250,2023-05,291,305
1250,2023-06,253,261
1250,2023-07,161,167
1250,2023-08,198,208
1250,2023-09,251,257
1250,2023-10,277,289
1250,2023-11,223,235
1250,2023-12,215,234
1250,2024-01,198,217
1250,2024-02,225,290
1250,2024-03,189,221
1250,2024-04,193,214
1250,2024-05,202,217
1250,2024-06,202,214
1250,2024-07,192,205
1250,2024-08,139,152
1250,2024-09,217,243
1250,2024-10,232,241
1250,2024-11,174,183
1250,2024-12,198,216
1250,2025-01,247,273
1250,2025-02,292,339
1250,2025-03,252,262
1250,2025-04,185,195
1250,2025-05,194,201
1250,2025-06,169,180
1250,2025-07,138,146
1250,2025-08,148,159
1250,2025-09,192,209
1250,2025-10,182,202
1250,2025-11,161,182
1250,2025-12,181,204
1250,2026-01,44,57
1250,2026-02,156,193
1290,2020-01,119,119
1290,2020-02,113,117
1290,2020-03,93,97
1290,2020-04,77,85
1290,2020-05,73,77
1290,2020-06,76,77
1290,2020-07,63,66
1290,2020-08,59,60
1290,2020-09,108,118
1290,2020-10,109,112
1290,2020-11,102,103
1290,2020-12,118,122
1290,2021-01,79,79
1290,2021-02,110,119
1290,2021-03,172,174
1290,2021-04,156,161
1290,2021-05,180,184
1290,2021-06,131,137
1290,2021-07,100,152
1290,2021-08,108,111
1290,2021-09,180,183
1290,2021-10,172,173
1290,2021-11,196,204
1290,2021-12,223,227
1290,2022-01,142,142
1290,2022-02,178,180
1290,2022-03,200,203
1290,2022-04,207,213
1290,2022-05,205,207
1290,2022-06,184,190
1290,2022-07,146,148
1290,2022-08,163,168
1290,2022-09,204,206
1290,2022-10,227,234
1290,2022-11,160,162
1290,2022-12,169,171
1290,2023-01,142,149
1290,2023-02,182,185
1290,2023-03,212,213
1290,2023-04,136,137
1290,2023-05,170,172
1290,2023-06,139,141
1290,2023-07,91,91
1290,2023-08,144,154
1290,2023-09,159,172
1290,2023-10,164,182
1290,2023-11,170,175
1290,2023-12,147,147
1290,2024-01,111,122
1290,2024-02,159,167
1290,2024-03,145,159
1290,2024-04,157,157
1290,2024-05,147,155
1290,2024-06,134,141
1290,2024-07,192,192
1290,2024-08,172,192
1290,2024-09,137,139
1290,2024-10,156,179
1290,2024-11,188,192
1290,2024-12,148,149
1290,2025-01,124,124
1290,2025-02,147,167
1290,2025-03,142,144
1290,2025-04,150,155
1290,2025-05,123,126
1290,2025-06,97,102
1290,2025-07,104,105
1290,2025-08,105,106
1290,2025-09,127,127
1290,2025-10,143,143
1290,2025-11,133,135
1290,2025-12,141,142
1290,2026-01,8,9
1290,2026-02,84,85
1310,2020-01,48,49
1310,2020-02,73,83
1310,2020-03,53,56
1310,2020-04,53,56
1310,2020-05,34,34
1310,2020-06,21,25
1310,2020-07,33,34
1310,2020-08,28,29
1310,2020-09,46,46
1310,2020-10,58,59
1310,2020-11,61,62
1310,2020-12,74,93
1310,2021-01,48,55
1310,2021-02,49,51
1310,2021-03,51,51
1310,2021-04,62,63
1310,2021-05,55,57
1310,2021-06,62,63
1310,2021-07,58,61
1310,2021-08,50,52
1310,2021-09,64,72
1310,2021-10,81,85
1310,2021-11,95,96
1310,2021-12,154,159
1310,2022-01,111,111
1310,2022-02,95,95
1310,2022-03,97,99
1310,2022-04,98,98
1310,2022-05,91,94
1310,2022-06,99,99
1310,2022-07,64,74
1310,2022-08,80,86
1310,2022-09,90,91
1310,2022-10,106,115
1310,2022-11,93,108
1310,2022-12,90,93
1310,2023-01,74,79
1310,2023-02,65,65
1310,2023-03,91,91
1310,2023-04,60,60
1310,2023-05,97,99
1310,2023-06,60,62
1310,2023-07,44,48
1310,2023-08,54,54
1310,2023-09,63,65
1310,2023-10,92,94
1310,2023-11,63,64
1310,2023-12,58,68
1310,2024-01,61,62
1310,2024-02,58,59
1310,2024-03,59,63
1310,2024-04,56,57
1310,2024-05,72,74
1310,2024-06,57,62
1310,2024-07,62,76
1310,2024-08,36,37
1310,2024-09,59,59
1310,2024-10,73,77
1310,2024-11,64,84
1310,2024-12,67,67
1310,2025-01,59,61
1310,2025-02,59,59
1310,2025-03,83,85
1310,2025-04,63,74
1310,2025-05,95,102
1310,2025-06,51,53
1310,2025-07,40,40
1310,2025-08,44,45
1310,2025-09,52,52
1310,2025-10,44,44
1310,2025-11,51,52
1310,2025-12,59,62
1310,2026-01,3,3
1310,2026-02,30,33
1320,2020-01,101,108
1320,2020-02,104,107
1320,2020-03,99,100
1320,2020-04,63,69
1320,2020-05,49,55
1320,2020-06,58,66
1320,2020-07,51,53
1320,2020-08,50,54
1320,2020-09,74,76
1320,2020-10,100,101
1320,2020-11,62,62
1320,2020-12,98,98
1320,2021-01,90,95
1320,2021-02,114,116
1320,2021-03,141,178
1320,2021-04,117,135
1320,2021-05,142,158
1320,2021-06,126,128
1320,2021-07,81,82
1320,2021-08,90,94
1320,2021-09,130,132
1320,2021-10,186,187
1320,2021-11,179,188
1320,2021-12,165,175
1320,2022-01,150,166
1320,2022-02,173,193
1320,2022-03,221,225
1320,2022-04,162,164
1320,2022-05,194,208
1320,2022-06,169,179
1320,2022-07,121,131
1320,2022-08,127,127
1320,2022-09,146,149
1320,2022-10,155,163
1320,2022-11,133,141
1320,2022-12,129,133
1320,2023-01,120,123
1320,2023-02,156,156
1320,2023-03,228,234
1320,2023-04,127,129
1320,2023-05,206,208
1320,2023-06,128,129
1320,2023-07,109,111
1320,2023-08,127,131
1320,2023-09,133,136
1320,2023-10,124,124
1320,2023-11,124,129
1320,2023-12,114,116
1320,2024-01,81,83
1320,2024-02,87,87
1320,2024-03,119,122
1320,2024-04,130,131
1320,2024-05,92,95
1320,2024-06,89,95
1320,2024-07,69,81
1320,2024-08,95,101
1320,2024-09,90,99
1320,2024-10,94,94
1320,2024-11,113,121
1320,2024-12,101,115
1320,2025-01,83,85
1320,2025-02,106,109
1320,2025-03,100,103
1320,2025-04,110,110
1320,2025-05,99,99
1320,2025-06,90,106
1320,2025-07,86,100
1320,2025-08,73,80
1320,2025-09,87,89
1320,2025-10,87,91
1320,2025-11,61,63
1320,2025-12,81,82
1320,2026-01,10,13
1320,2026-02,49,49
1330,2020-01,35,35
1330,2020-02,37,37
1330,2020-03,22,22
1330,2020-04,28,28
1330,2020-05,21,21
1330,2020-06,17,19
1330,2020-07,14,14
1330,2020-08,18,18
1330,2020-09,27,30
1330,2020-10,23,23
1330,2020-11,40,40
1330,2020-12,41,42
1330,2021-01,26,26
1330,2021-02,30,30
1330,2021-03,48,50
1330,2021-04,35,37
1330,2021-05,47,48
1330,2021-06,34,34
1330,2021-07,24,24
1330,2021-08,45,45
1330,2021-09,58,58
1330,2021-10,40,40
1330,2021-11,61,64
1330,2021-12,66,67
1330,2022-01,54,55
1330,2022-02,56,56
1330,2022-03,61,62
1330,2022-04,52,52
1330,2022-05,57,57
1330,2022-06,38,38
1330,2022-07,31,31
1330,2022-08,35,35
1330,2022-09,56,56
1330,2022-10,47,48
1330,2022-11,47,65
1330,2022-12,36,40
1330,2023-01,32,42
1330,2023-02,35,35
1330,2023-03,36,38
1330,2023-04,32,32
1330,2023-05,42,43
1330,2023-06,37,38
1330,2023-07,32,35
1330,2023-08,29,31
1330,2023-09,42,45
1330,2023-10,54,73
1330,2023-11,34,39
1330,2023-12,38,38
1330,2024-01,40,40
1330,2024-02,42,43
1330,2024-03,59,61
1330,2024-04,26,27
1330,2024-05,40,40
1330,2024-06,39,39
1330,2024-07,42,42
1330,2024-08,32,32
1330,2024-09,48,52
1330,2024-10,41,41
1330,2024-11,36,36
1330,2024-12,35,35
1330,2025-01,18,20
1330,2025-02,35,36
1330,2025-03,45,45
1330,2025-04,40,42
1330,2025-05,51,53
1330,2025-06,23,23
1330,2025-07,23,23
1330,2025-08,20,20
1330,2025-09,38,38
1330,2025-10,31,31
1330,2025-11,27,27
1330,2025-12,51,52
1330,2026-01,5,5
1330,2026-02,29,29
1340,2020-01,17,18
1340,2020-02,13,13
1340,2020-03,11,11
1340,2020-04,12,12
1340,2020-05,17,19
1340,2020-06,6,6
1340,2020-07,8,8
1340,2020-08,14,14
1340,2020-09,12,14
1340,2020-10,11,11
1340,2020-11,27,27
1340,2020-12,15,15
1340,2021-01,13,13
1340,2021-02,15,15
1340,2021-03,11,11
1340,2021-04,11,11
1340,2021-05,20,20
1340,2021-06,13,13
1340,2021-07,12,12
1340,2021-08,9,9
1340,2021-09,12,12
1340,2021-10,19,19
1340,2021-11,26,26
1340,2021-12,25,25
1340,2022-01,21,21
1340,2022-02,18,18
1340,2022-03,31,31
1340,2022-04,19,19
1340,2022-05,10,10
1340,2022-06,19,19
1340,2022-07,15,16
1340,2022-08,12,12
1340,2022-09,20,22
1340,2022-10,27,29
1340,2022-11,22,24
1340,2022-12,31,31
1340,2023-01,27,27
1340,2023-02,26,26
1340,2023-03,21,21
1340,2023-04,11,11
1340,2023-05,21,21
1340,2023-06,17,17
1340,2023-07,14,14
1340,2023-08,8,8
1340,2023-09,11,11
1340,2023-10,20,21
1340,2023-11,16,16
1340,2023-12,29,29
1340,2024-01,22,22
1340,2024-02,16,16
1340,2024-03,27,27
1340,2024-04,21,21
1340,2024-05,15,15
1340,2024-06,8,8
1340,2024-07,19,19
1340,2024-08,15,15
1340,2024-09,16,16
1340,2024-10,19,21
1340,2024-11,17,17
1340,2024-12,26,26
1340,2025-01,20,21
1340,2025-02,15,15
1340,2025-03,23,23
1340,2025-04,16,16
1340,2025-05,17,17
1340,2025-06,17,17
1340,2025-07,16,16
1340,2025-08,15,15
1340,2025-09,20,21
1340,2025-10,16,17
1340,2025-11,14,14
1340,2025-12,19,19
1340,2026-01,2,2
1340,2026-02,11,11
1350,2020-01,39,39
1350,2020-02,43,45
1350,2020-03,44,46
1350,2020-04,30,30
1350,2020-05,23,24
1350,2020-06,19,20
1350,2020-07,20,20
1350,2020-08,15,15
1350,2020-09,27,30
1350,2020-10,54,73
1350,2020-11,32,32
1350,2020-12,37,42
1350,2021-01,11,11
1350,2021-02,22,22
1350,2021-03,31,40
1350,2021-04,29,30
1350,2021-05,47,48
1350,2021-06,36,36
1350,2021-07,13,13
1350,2021-08,24,24
1350,2021-09,46,47
1350,2021-10,42,42
1350,2021-11,30,31
1350,2021-12,67,69
1350,2022-01,43,43
1350,2022-02,42,42
1350,2022-03,74,74
1350,2022-04,43,43
1350,2022-05,47,47
1350,2022-06,45,45
1350,2022-07,27,27
1350,2022-08,28,28
1350,2022-09,61,61
1350,2022-10,51,51
1350,2022-11,45,45
1350,2022-12,45,45
1350,2023-01,42,42
1350,2023-02,35,35
1350,2023-03,52,52
1350,2023-04,26,26
1350,2023-05,52,53
1350,2023-06,46,48
1350,2023-07,32,32
1350,2023-08,27,27
1350,2023-09,43,44
1350,2023-10,44,44
1350,2023-11,46,48
1350,2023-12,33,35
1350,2024-01,29,29
1350,2024-02,33,39
1350,2024-03,38,38
1350,2024-04,31,31
1350,2024-05,33,34
1350,2024-06,27,27
1350,2024-07,16,16
1350,2024-08,35,35
1350,2024-09,48,48
1350,2024-10,56,56
1350,2024-11,53,53
1350,2024-12,64,65
1350,2025-01,41,42
1350,2025-02,51,90
1350,2025-03,40,42
1350,2025-04,52,52
1350,2025-05,33,33
1350,2025-06,44,44
1350,2025-07,35,35
1350,2025-08,23,23
1350,2025-09,41,41
1350,2025-10,62,62
1350,2025-11,46,46
1350,2025-12,43,43
1350,2026-01,4,4
1350,2026-02,22,22
1360,2020-01,91,94
1360,2020-02,119,122
1360,2020-03,125,135
1360,2020-04,94,101
1360,2020-05,72,77
1360,2020-06,87,90
1360,2020-07,54,59
1360,2020-08,45,54
1360,2020-09,73,82
1360,2020-10,90,98
1360,2020-11,85,87
1360,2020-12,64,69
1360,2021-01,72,74
1360,2021-02,72,74
1360,2021-03,104,113
1360,2021-04,113,120
1360,2021-05,102,104
1360,2021-06,121,136
1360,2021-07,118,121
1360,2021-08,74,77
1360,2021-09,127,131
1360,2021-10,106,108
1360,2021-11,124,128
1360,2021-12,184,198
1360,2022-01,165,191
1360,2022-02,153,173
1360,2022-03,179,200
1360,2022-04,166,191
1360,2022-05,152,162
1360,2022-06,147,167
1360,2022-07,98,100
1360,2022-08,116,117
1360,2022-09,125,129
1360,2022-10,127,128
1360,2022-11,145,150
1360,2022-12,168,174
1360,2023-01,131,136
1360,2023-02,111,122
1360,2023-03,214,226
1360,2023-04,89,91
1360,2023-05,119,122
1360,2023-06,128,138
1360,2023-07,74,80
1360,2023-08,109,115
1360,2023-09,107,107
1360,2023-10,97,99
1360,2023-11,106,109
1360,2023-12,92,94
1360,2024-01,105,115
1360,2024-02,125,129
1360,2024-03,118,134
1360,2024-04,127,137
1360,2024-05,136,137
1360,2024-06,127,130
1360,2024-07,81,82
1360,2024-08,68,68
1360,2024-09,96,99
1360,2024-10,117,121
1360,2024-11,131,132
1360,2024-12,94,100
1360,2025-01,90,93
1360,2025-02,115,145
1360,2025-03,103,103
1360,2025-04,120,140
1360,2025-05,104,112
1360,2025-06,94,96
1360,2025-07,109,114
1360,2025-08,75,79
1360,2025-09,125,144
1360,2025-10,115,124
1360,2025-11,119,129
1360,2025-12,123,144
1360,2026-01,38,39
1360,2026-02,92,95
1370,2020-01,123,123
1370,2020-02,115,116
1370,2020-03,127,130
1370,2020-04,81,85
1370,2020-05,59,61
1370,2020-06,79,79
1370,2020-07,51,52
1370,2020-08,66,67
1370,2020-09,100,101
1370,2020-10,109,110
1370,2020-11,95,99
1370,2020-12,107,112
1370,2021-01,113,113
1370,2021-02,145,148
1370,2021-03,162,177
1370,2021-04,145,156
1370,2021-05,152,162
1370,2021-06,163,166
1370,2021-07,142,142
1370,2021-08,137,140
1370,2021-09,161,192
1370,2021-10,176,179
1370,2021-11,200,202
1370,2021-12,236,240
1370,2022-01,224,228
1370,2022-02,263,291
1370,2022-03,279,282
1370,2022-04,192,194
1370,2022-05,230,252
1370,2022-06,213,222
1370,2022-07,179,187
1370,2022-08,180,183
1370,2022-09,250,259
1370,2022-10,235,251
1370,2022-11,242,244
1370,2022-12,250,254
1370,2023-01,202,207
1370,2023-02,237,256
1370,2023-03,258,261
1370,2023-04,214,245
1370,2023-05,235,240
1370,2023-06,216,223
1370,2023-07,227,271
1370,2023-08,232,237
1370,2023-09,229,281
1370,2023-10,232,252
1370,2023-11,245,258
1370,2023-12,303,310
1370,2024-01,236,249
1370,2024-02,276,279
1370,2024-03,249,256
1370,2024-04,212,224
1370,2024-05,203,232
1370,2024-06,172,184
1370,2024-07,137,142
1370,2024-08,147,155
1370,2024-09,192,200
1370,2024-10,199,202
1370,2024-11,261,272
1370,2024-12,203,209
1370,2025-01,200,212
1370,2025-02,187,190
1370,2025-03,182,190
1370,2025-04,218,256
1370,2025-05,191,192
1370,2025-06,163,166
1370,2025-07,130,134
1370,2025-08,135,147
1370,2025-09,161,194
1370,2025-10,185,190
1370,2025-11,154,158
1370,2025-12,161,166
1370,2026-01,30,30
1370,2026-02,100,103
1380,2020-01,12,12
1380,2020-02,2,2
1380,2020-03,4,6
1380,2020-04,3,3
1380,2020-05,2,3
1380,2020-06,6,6
1380,2020-07,2,2
1380,2020-08,3,5
1380,2020-09,3,3
1380,2020-10,6,6
1380,2020-11,7,9
1380,2020-12,12,13
1380,2021-01,4,4
1380,2021-02,6,6
1380,2021-03,5,5
1380,2021-04,9,9
1380,2021-05,1,1
1380,2021-08,5,8
1380,2021-09,5,5
1380,2021-10,1,1
1380,2021-11,9,10
1380,2021-12,3,3
1380,2022-01,3,3
1380,2022-02,8,11
1380,2022-03,12,12
1380,2022-04,8,10
1380,2022-05,3,3
1380,2022-06,6,10
1380,2022-07,1,1
1380,2022-08,2,2
1380,2022-09,2,2
1380,2022-10,16,18
1380,2022-11,7,7
1380,2022-12,8,10
1380,2023-01,5,5
1380,2023-02,3,3
1380,2023-03,2,2
1380,2023-04,1,1
1380,2023-05,8,8
1380,2023-06,8,8
1380,2023-07,9,20
1380,2023-08,7,7
1380,2023-09,15,23
1380,2023-10,6,6
1380,2023-11,17,17
1380,2023-12,6,6
1380,2024-01,6,6
1380,2024-02,11,11
1380,2024-03,7,7
1380,2024-04,5,5
1380,2024-05,2,2
1380,2024-06,1,1
1380,2024-07,5,5
1380,2024-08,17,17
1380,2024-09,8,8
1380,2024-10,6,6
1380,2024-11,5,5
1380,2024-12,6,6
1380,2025-01,8,8
1380,2025-02,8,13
1380,2025-03,6,6
1380,2025-04,10,10
1380,2025-05,5,5
1380,2025-06,7,7
1380,2025-07,4,4
1380,2025-08,9,9
1380,2025-09,8,8
1380,2025-10,6,6
1380,2025-11,4,4
1380,2025-12,4,4
1380,2026-02,4,13
1410,2020-01,130,135
1410,2020-02,186,195
1410,2020-03,180,188
1410,2020-04,205,218
1410,2020-05,182,195
1410,2020-06,142,148
1410,2020-07,70,70
1410,2020-08,56,56
1410,2020-09,122,139
1410,2020-10,148,156
1410,2020-11,153,171
1410,2020-12,151,154
1410,2021-01,118,202
1410,2021-02,159,166
1410,2021-03,224,263
1410,2021-04,210,222
1410,2021-05,261,267
1410,2021-06,172,181
1410,2021-07,75,78
1410,2021-08,103,109
1410,2021-09,167,169
1410,2021-10,169,174
1410,2021-11,205,281
1410,2021-12,204,210
1410,2022-01,158,163
1410,2022-02,215,226
1410,2022-03,269,288
1410,2022-04,270,282
1410,2022-05,312,322
1410,2022-06,223,227
1410,2022-07,111,116
1410,2022-08,169,173
1410,2022-09,224,229
1410,2022-10,201,210
1410,2022-11,195,198
1410,2022-12,206,218
1410,2023-01,179,189
1410,2023-02,185,187
1410,2023-03,277,295
1410,2023-04,180,186
1410,2023-05,296,304
1410,2023-06,179,185
1410,2023-07,87,88
1410,2023-08,116,119
1410,2023-09,138,141
1410,2023-10,145,149
1410,2023-11,246,333
1410,2023-12,299,483
1410,2024-01,203,315
1410,2024-02,165,176
1410,2024-03,185,196
1410,2024-04,194,204
1410,2024-05,327,643
1410,2024-06,266,508
1410,2024-07,225,408
1410,2024-08,103,106
1410,2024-09,139,142
1410,2024-10,167,172
1410,2024-11,133,139
1410,2024-12,156,161
1410,2025-01,124,129
1410,2025-02,162,169
1410,2025-03,233,257
1410,2025-04,198,206
1410,2025-05,202,212
1410,2025-06,131,135
1410,2025-07,65,68
1410,2025-08,96,99
1410,2025-09,142,147
1410,2025-10,153,156
1410,2025-11,144,148
1410,2025-12,157,165
1410,2026-01,11,11
1410,2026-02,113,116
1420,2020-01,29,33
1420,2020-02,28,40
1420,2020-03,35,38
1420,2020-04,31,42
1420,2020-05,31,35
1420,2020-06,19,20
1420,2020-07,6,7
1420,2020-08,15,16
1420,2020-09,15,15
1420,2020-10,14,15
1420,2020-11,28,30
1420,2020-12,12,12
1420,2021-01,14,17
1420,2021-02,25,32
1420,2021-03,36,38
1420,2021-04,26,42
1420,2021-05,30,32
1420,2021-06,20,20
1420,2021-07,12,22
1420,2021-08,16,17
1420,2021-09,33,39
1420,2021-10,35,37
1420,2021-11,33,35
1420,2021-12,21,22
1420,2022-01,19,20
1420,2022-02,26,32
1420,2022-03,34,38
1420,2022-04,39,46
1420,2022-05,38,43
1420,2022-06,15,17
1420,2022-07,11,14
1420,2022-08,12,13
1420,2022-09,31,33
1420,2022-10,31,31
1420,2022-11,29,33
1420,2022-12,24,26
1420,2023-01,24,27
1420,2023-02,30,32
1420,2023-03,23,25
1420,2023-04,26,26
1420,2023-05,36,37
1420,2023-06,16,16
1420,2023-07,5,5
1420,2023-08,8,9
1420,2023-09,11,11
1420,2023-10,17,19
1420,2023-11,13,15
1420,2023-12,11,12
1420,2024-01,14,15
1420,2024-02,16,17
1420,2024-03,22,25
1420,2024-04,14,17
1420,2024-05,21,21
1420,2024-06,9,12
1420,2024-07,4,4
1420,2024-08,7,8
1420,2024-09,9,10
1420,2024-10,14,15
1420,2024-11,7,7
1420,2024-12,7,8
1420,2025-01,12,16
1420,2025-02,16,24
1420,2025-03,15,21
1420,2025-04,18,20
1420,2025-05,17,20
1420,2025-06,5,6
1420,2025-07,2,2
1420,2025-08,12,15
1420,2025-09,11,11
1420,2025-10,11,18
1420,2025-11,11,11
1420,2025-12,14,15
1420,2026-02,6,6
1490,2020-02,3,3
1490,2020-03,1,1
1490,2020-05,15,15
1490,2020-06,2,3
1490,2020-07,3,4
1490,2020-08,3,3
1490,2020-09,6,6
1490,2020-10,2,2
1490,2020-11,1,1
1490,2020-12,1,1
1490,2021-01,5,5
1490,2021-02,4,4
1490,2021-03,28,28
1490,2021-04,39,39
1490,2021-05,2,2
1490,2021-06,5,5
1490,2021-07,2,2
1490,2021-08,2,2
1490,2021-09,2,2
1490,2021-10,1,1
1490,2021-11,3,3
1490,2021-12,1,1
1490,2022-01,2,2
1490,2022-02,4,4
1490,2022-03,3,3
1490,2022-04,4,4
1490,2022-05,5,5
1490,2022-06,8,8
1490,2022-07,2,2
1490,2022-08,2,2
1490,2022-09,7,7
1490,2022-10,2,2
1490,2022-11,10,10
1490,2022-12,5,5
1490,2023-01,4,4
1490,2023-02,6,6
1490,2023-03,10,11
1490,2023-04,2,2
1490,2023-05,5,5
1490,2023-06,1,1
1490,2023-08,3,3
1490,2023-10,7,7
1490,2023-11,2,2
1490,2023-12,3,3
1490,2024-01,3,3
1490,2024-02,3,3
1490,2024-03,2,2
1490,2024-04,2,2
1490,2024-06,4,6
1490,2024-07,1,1
1490,2024-08,4,4
1490,2024-09,9,9
1490,2024-10,4,4
1490,2024-11,4,5
1490,2024-12,4,4
1490,2025-01,9,9
1490,2025-02,9,9
1490,2025-03,2,2
1490,2025-04,1,1
1490,2025-05,4,4
1490,2025-06,3,3
1490,2025-07,5,5
1490,2025-08,5,5
1490,2025-09,6,6
1490,2025-11,2,2
1490,2025-12,3,3
1510,2020-01,213,222
1510,2020-02,217,228
1510,2020-03,180,193
1510,2020-04,142,149
1510,2020-05,179,198
1510,2020-06,184,190
1510,2020-07,113,121
1510,2020-08,116,123
1510,2020-09,209,213
1510,2020-10,236,262
1510,2020-11,194,199
1510,2020-12,216,234
1510,2021-01,191,201
1510,2021-02,200,219
1510,2021-03,262,275
1510,2021-04,235,244
1510,2021-05,237,247
1510,2021-06,178,188
1510,2021-07,139,141
1510,2021-08,163,166
1510,2021-09,272,288
1510,2021-10,253,266
1510,2021-11,343,365
1510,2021-12,330,346
1510,2022-01,288,310
1510,2022-02,333,353
1510,2022-03,365,383
1510,2022-04,283,291
1510,2022-05,335,356
1510,2022-06,243,255
1510,2022-07,176,181
1510,2022-08,222,234
1510,2022-09,345,357
1510,2022-10,301,309
1510,2022-11,264,279
1510,2022-12,291,297
1510,2023-01,262,275
1510,2023-02,295,516
1510,2023-03,324,935
1510,2023-04,205,227
1510,2023-05,311,327
1510,2023-06,191,211
1510,2023-07,110,118
1510,2023-08,165,172
1510,2023-09,229,232
1510,2023-10,250,255
1510,2023-11,222,232
1510,2023-12,212,222
1510,2024-01,203,209
1510,2024-02,224,227
1510,2024-03,182,192
1510,2024-04,217,227
1510,2024-05,170,176
1510,2024-06,151,155
1510,2024-07,103,108
1510,2024-08,152,159
1510,2024-09,177,179
1510,2024-10,241,253
1510,2024-11,221,230
1510,2024-12,235,244
1510,2025-01,242,250
1510,2025-02,206,215
1510,2025-03,250,254
1510,2025-04,212,220
1510,2025-05,195,223
1510,2025-06,135,139
1510,2025-07,124,127
1510,2025-08,159,173
1510,2025-09,225,237
1510,2025-10,222,241
1510,2025-11,195,205
1510,2025-12,257,266
1510,2026-01,27,28
1510,2026-02,192,234
1520,2020-01,103,114
1520,2020-02,108,120
1520,2020-03,113,128
1520,2020-04,105,105
1520,2020-05,72,79
1520,2020-06,68,99
1520,2020-07,56,59
1520,2020-08,68,73
1520,2020-09,81,85
1520,2020-10,103,112
1520,2020-11,86,91
1520,2020-12,108,114
1520,2021-01,95,125
1520,2021-02,121,133
1520,2021-03,135,148
1520,2021-04,102,110
1520,2021-05,119,127
1520,2021-06,91,96
1520,2021-07,65,73
1520,2021-08,57,60
1520,2021-09,138,147
1520,2021-10,143,152
1520,2021-11,133,144
1520,2021-12,154,169
1520,2022-01,134,176
1520,2022-02,170,211
1520,2022-03,168,197
1520,2022-04,155,177
1520,2022-05,176,186
1520,2022-06,129,136
1520,2022-07,105,116
1520,2022-08,143,158
1520,2022-09,175,195
1520,2022-10,187,195
1520,2022-11,150,156
1520,2022-12,147,165
1520,2023-01,155,169
1520,2023-02,166,195
1520,2023-03,159,187
1520,2023-04,125,147
1520,2023-05,188,217
1520,2023-06,126,132
1520,2023-07,83,95
1520,2023-08,93,101
1520,2023-09,112,122
1520,2023-10,156,165
1520,2023-11,136,144
1520,2023-12,118,133
1520,2024-01,139,170
1520,2024-02,145,166
1520,2024-03,132,154
1520,2024-04,150,156
1520,2024-05,142,147
1520,2024-06,91,98
1520,2024-07,78,85
1520,2024-08,88,95
1520,2024-09,107,119
1520,2024-10,142,152
1520,2024-11,133,139
1520,2024-12,140,171
1520,2025-01,113,124
1520,2025-02,144,161
1520,2025-03,166,181
1520,2025-04,116,133
1520,2025-05,110,121
1520,2025-06,118,135
1520,2025-07,66,68
1520,2025-08,92,107
1520,2025-09,135,147
1520,2025-10,134,148
1520,2025-11,145,155
1520,2025-12,160,211
1520,2026-01,18,42
1520,2026-02,101,110
1530,2020-01,79,102
1530,2020-02,69,95
1530,2020-03,71,76
1530,2020-04,60,67
1530,2020-05,57,68
1530,2020-06,44,52
1530,2020-07,57,61
1530,2020-08,45,48
1530,2020-09,49,60
1530,2020-10,60,66
1530,2020-11,53,63
1530,2020-12,58,77
1530,2021-01,80,128
1530,2021-02,64,93
1530,2021-03,71,99
1530,2021-04,59,63
1530,2021-05,57,63
1530,2021-06,69,82
1530,2021-07,32,38
1530,2021-08,36,44
1530,2021-09,83,99
1530,2021-10,84,108
1530,2021-11,95,107
1530,2021-12,110,157
1530,2022-01,93,144
1530,2022-02,106,124
1530,2022-03,121,150
1530,2022-04,81,102
1530,2022-05,97,129
1530,2022-06,79,102
1530,2022-07,50,57
1530,2022-08,57,64
1530,2022-09,94,105
1530,2022-10,81,94
1530,2022-11,77,88
1530,2022-12,102,130
1530,2023-01,98,127
1530,2023-02,93,139
1530,2023-03,122,146
1530,2023-04,90,105
1530,2023-05,122,137
1530,2023-06,67,72
1530,2023-07,35,39
1530,2023-08,55,55
1530,2023-09,68,73
1530,2023-10,76,86
1530,2023-11,69,83
1530,2023-12,100,147
1530,2024-01,77,119
1530,2024-02,92,105
1530,2024-03,94,111
1530,2024-04,79,88
1530,2024-05,78,88
1530,2024-06,54,56
1530,2024-07,48,53
1530,2024-08,44,55
1530,2024-09,71,84
1530,2024-10,89,98
1530,2024-11,70,72
1530,2024-12,80,102
1530,2025-01,85,125
1530,2025-02,84,109
1530,2025-03,78,104
1530,2025-04,84,104
1530,2025-05,73,79
1530,2025-06,51,57
1530,2025-07,41,47
1530,2025-08,58,70
1530,2025-09,89,116
1530,2025-10,75,88
1530,2025-11,92,113
1530,2025-12,105,144
1530,2026-01,10,24
1530,2026-02,72,103
1540,2020-01,1,1
1540,2020-02,3,3
1540,2020-03,1,1
1540,2020-04,1,1
1540,2020-06,2,2
1540,2020-07,1,1
1540,2020-08,1,1
1540,2020-10,2,2
1540,2021-01,1,1
1540,2021-02,3,3
1540,2021-03,2,2
1540,2021-04,4,4
1540,2021-05,2,2
1540,2021-06,1,1
1540,2021-08,1,1
1540,2021-09,2,2
1540,2021-10,2,2
1540,2021-11,1,1
1540,2022-01,3,3
1540,2022-02,2,2
1540,2022-03,8,8
1540,2022-04,1,1
1540,2022-05,4,4
1540,2022-06,2,2
1540,2022-08,2,2
1540,2022-09,1,1
1540,2022-10,1,1
1540,2022-12,1,1
1540,2023-03,2,2
1540,2023-04,2,2
1540,2023-05,2,2
1540,2023-06,4,4
1540,2023-08,3,3
1540,2023-09,1,1
1540,2023-10,5,5
1540,2023-11,1,1
1540,2023-12,4,4
1540,2024-01,2,2
1540,2024-02,1,1
1540,2024-03,1,1
1540,2024-04,5,5
1540,2024-05,1,1
1540,2024-06,1,1
1540,2024-08,4,4
1540,2024-09,2,2
1540,2024-10,3,3
1540,2024-11,2,2
1540,2024-12,1,1
1540,2025-01,4,4
1540,2025-02,3,3
1540,2025-03,3,3
1540,2025-04,1,1
1540,2025-05,1,1
1540,2025-06,3,3
1540,2025-07,2,2
1540,2025-08,2,2
1540,2025-09,3,3
1540,2025-10,3,3
1540,2025-11,3,3
1540,2025-12,1,1
1540,2026-02,1,1
1590,2020-01,77,80
1590,2020-02,69,78
1590,2020-03,60,61
1590,2020-04,66,70
1590,2020-05,53,56
1590,2020-06,33,35
1590,2020-07,26,29
1590,2020-08,38,39
1590,2020-09,64,71
1590,2020-10,76,85
1590,2020-11,81,94
1590,2020-12,72,75
1590,2021-01,63,68
1590,2021-02,64,69
1590,2021-03,75,77
1590,2021-04,88,101
1590,2021-05,62,64
1590,2021-06,59,63
1590,2021-07,40,42
1590,2021-08,54,61
1590,2021-09,75,81
1590,2021-10,84,98
1590,2021-11,83,110
1590,2021-12,101,109
1590,2022-01,97,104
1590,2022-02,129,160
1590,2022-03,110,122
1590,2022-04,86,89
1590,2022-05,89,101
1590,2022-06,79,87
1590,2022-07,52,63
1590,2022-08,72,79
1590,2022-09,123,141
1590,2022-10,132,134
1590,2022-11,126,138
1590,2022-12,94,116
1590,2023-01,110,122
1590,2023-02,109,116
1590,2023-03,100,108
1590,2023-04,86,97
1590,2023-05,120,140
1590,2023-06,63,71
1590,2023-07,45,51
1590,2023-08,83,93
1590,2023-09,101,125
1590,2023-10,96,104
1590,2023-11,84,93
1590,2023-12,73,76
1590,2024-01,64,73
1590,2024-02,109,115
1590,2024-03,90,99
1590,2024-04,88,94
1590,2024-05,62,68
1590,2024-06,52,56
1590,2024-07,45,53
1590,2024-08,58,60
1590,2024-09,75,87
1590,2024-10,93,104
1590,2024-11,88,100
1590,2024-12,89,94
1590,2025-01,79,86
1590,2025-02,108,119
1590,2025-03,99,124
1590,2025-04,90,96
1590,2025-05,90,99
1590,2025-06,81,88
1590,2025-07,51,54
1590,2025-08,86,95
1590,2025-09,117,140
1590,2025-10,119,148
1590,2025-11,115,137
1590,2025-12,120,136
1590,2026-01,1,1
1590,2026-02,78,90
1610,2020-01,8,8
1610,2020-02,6,6
1610,2020-03,4,4
1610,2020-04,2,2
1610,2020-05,3,3
1610,2020-06,5,5
1610,2020-07,3,3
1610,2020-08,4,4
1610,2020-09,6,6
1610,2020-10,3,3
1610,2020-11,1,1
1610,2020-12,1,1
1610,2021-01,5,5
1610,2021-02,4,4
1610,2021-03,9,10
1610,2021-04,2,2
1610,2021-05,5,6
1610,2021-06,3,3
1610,2021-07,6,6
1610,2021-08,5,5
1610,2021-09,18,18
1610,2021-10,35,35
1610,2021-11,14,14
1610,2021-12,8,9
1610,2022-01,9,9
1610,2022-02,10,10
1610,2022-03,8,8
1610,2022-04,20,20
1610,2022-05,13,13
1610,2022-06,8,8
1610,2022-07,4,4
1610,2022-08,8,8
1610,2022-09,5,5
1610,2022-10,9,9
1610,2022-11,13,13
1610,2022-12,6,6
1610,2023-01,17,17
1610,2023-02,6,6
1610,2023-03,7,7
1610,2023-04,3,3
1610,2023-05,9,9
1610,2023-06,9,9
1610,2023-07,5,5
1610,2023-08,6,6
1610,2023-09,10,10
1610,2023-10,10,10
1610,2023-11,5,5
1610,2023-12,11,12
1610,2024-01,8,8
1610,2024-02,7,7
1610,2024-03,12,12
1610,2024-04,5,5
1610,2024-05,10,10
1610,2024-06,5,5
1610,2024-07,10,10
1610,2024-08,5,5
1610,2024-09,4,4
1610,2024-10,8,8
1610,2024-11,9,9
1610,2024-12,8,8
1610,2025-01,3,3
1610,2025-02,6,6
1610,2025-03,6,6
1610,2025-04,8,8
1610,2025-05,8,8
1610,2025-06,4,4
1610,2025-07,7,7
1610,2025-08,5,5
1610,2025-09,4,4
1610,2025-10,9,9
1610,2025-11,3,3
1610,2025-12,3,3
1610,2026-02,5,7
1710,2020-01,10,10
1710,2020-02,16,16
1710,2020-03,3,3
1710,2020-04,2,2
1710,2020-05,3,3
1710,2020-06,2,2
1710,2020-07,9,9
1710,2020-08,2,3
1710,2020-09,4,5
1710,2020-10,6,6
1710,2020-11,2,2
1710,2020-12,6,6
1710,2021-01,6,6
1710,2021-02,3,3
1710,2021-03,5,5
1710,2021-04,6,6
1710,2021-05,9,9
1710,2021-06,11,11
1710,2021-07,8,8
1710,2021-08,10,10
1710,2021-09,18,18
1710,2021-10,14,23
1710,2021-11,17,18
1710,2021-12,13,13
1710,2022-01,8,8
1710,2022-02,15,15
1710,2022-03,23,23
1710,2022-04,18,19
1710,2022-05,21,21
1710,2022-06,18,18
1710,2022-07,12,12
1710,2022-08,11,11
1710,2022-09,10,10
1710,2022-10,15,15
1710,2022-11,12,12
1710,2022-12,13,13
1710,2023-01,12,14
1710,2023-02,15,15
1710,2023-03,15,15
1710,2023-04,14,14
1710,2023-05,9,9
1710,2023-06,7,7
1710,2023-07,9,9
1710,2023-08,4,4
1710,2023-09,7,7
1710,2023-10,6,6
1710,2023-11,22,22
1710,2023-12,13,13
1710,2024-01,8,8
1710,2024-02,5,5
1710,2024-03,3,5
1710,2024-04,4,4
1710,2024-05,3,3
1710,2024-06,8,8
1710,2024-07,8,8
1710,2024-08,6,6
1710,2024-09,3,3
1710,2024-10,15,15
1710,2024-11,6,6
1710,2024-12,6,6
1710,2025-01,8,9
1710,2025-02,7,7
1710,2025-03,8,8
1710,2025-04,8,8
1710,2025-05,9,9
1710,2025-06,9,9
1710,2025-07,8,8
1710,2025-08,5,5
1710,2025-09,5,5
1710,2025-10,6,6
1710,2025-11,7,7
1710,2025-12,4,4
1710,2026-02,4,4
1720,2020-01,93,94
1720,2020-02,97,101
1720,2020-03,39,39
1720,2020-04,25,25
1720,2020-05,32,32
1720,2020-06,36,42
1720,2020-07,57,63
1720,2020-08,66,74
1720,2020-09,57,60
1720,2020-10,51,55
1720,2020-11,41,42
1720,2020-12,24,26
1720,2021-01,46,51
1720,2021-02,57,57
1720,2021-03,90,97
1720,2021-04,78,81
1720,2021-05,105,106
1720,2021-06,95,97
1720,2021-07,107,108
1720,2021-08,133,146
1720,2021-09,143,152
1720,2021-10,178,192
1720,2021-11,174,188
1720,2021-12,139,144
1720,2022-01,160,163
1720,2022-02,227,257
1720,2022-03,305,323
1720,2022-04,296,311
1720,2022-05,296,311
1720,2022-06,238,255
1720,2022-07,205,221
1720,2022-08,227,235
1720,2022-09,205,220
1720,2022-10,179,185
1720,2022-11,151,157
1720,2022-12,114,132
1720,2023-01,122,131
1720,2023-02,144,154
1720,2023-03,161,166
1720,2023-04,125,140
1720,2023-05,149,154
1720,2023-06,109,121
1720,2023-07,118,126
1720,2023-08,123,125
1720,2023-09,112,116
1720,2023-10,129,152
1720,2023-11,122,126
1720,2023-12,90,94
1720,2024-01,146,151
1720,2024-02,111,117
1720,2024-03,137,176
1720,2024-04,138,143
1720,2024-05,121,161
1720,2024-06,104,108
1720,2024-07,94,98
1720,2024-08,117,126
1720,2024-09,93,98
1720,2024-10,108,108
1720,2024-11,79,81
1720,2024-12,63,67
1720,2025-01,109,115
1720,2025-02,120,121
1720,2025-03,127,133
1720,2025-04,115,120
1720,2025-05,102,105
1720,2025-06,89,91
1720,2025-07,96,103
1720,2025-08,86,86
1720,2025-09,104,107
1720,2025-10,97,99
1720,2025-11,95,96
1720,2025-12,90,93
1720,2026-01,36,37
1720,2026-02,72,78
1730,2020-01,170,173
1730,2020-02,172,184
1730,2020-03,146,219
1730,2020-04,94,139
1730,2020-05,100,100
1730,2020-06,91,91
1730,2020-07,72,73
1730,2020-08,103,103
1730,2020-09,158,168
1730,2020-10,161,161
1730,2020-11,149,149
1730,2020-12,129,134
1730,2021-01,110,110
1730,2021-02,136,136
1730,2021-03,205,207
1730,2021-04,175,177
1730,2021-05,160,189
1730,2021-06,190,202
1730,2021-07,154,157
1730,2021-08,219,220
1730,2021-09,294,298
1730,2021-10,302,309
1730,2021-11,298,314
1730,2021-12,291,301
1730,2022-01,330,339
1730,2022-02,298,301
1730,2022-03,355,361
1730,2022-04,256,261
1730,2022-05,284,293
1730,2022-06,340,344
1730,2022-07,220,224
1730,2022-08,382,384
1730,2022-09,515,524
1730,2022-10,464,467
1730,2022-11,377,380
1730,2022-12,287,290
1730,2023-01,304,314
1730,2023-02,325,326
1730,2023-03,342,347
1730,2023-04,315,319
1730,2023-05,325,327
1730,2023-06,315,315
1730,2023-07,145,147
1730,2023-08,220,222
1730,2023-09,198,201
1730,2023-10,195,199
1730,2023-11,232,232
1730,2023-12,161,161
1730,2024-01,192,199
1730,2024-02,182,185
1730,2024-03,219,219
1730,2024-04,194,194
1730,2024-05,186,186
1730,2024-06,151,153
1730,2024-07,146,147
1730,2024-08,139,152
1730,2024-09,172,172
1730,2024-10,210,210
1730,2024-11,150,183
1730,2024-12,142,175
1730,2025-01,195,195
1730,2025-02,210,215
1730,2025-03,201,203
1730,2025-04,249,249
1730,2025-05,182,182
1730,2025-06,159,159
1730,2025-07,125,125
1730,2025-08,176,176
1730,2025-09,159,163
1730,2025-10,173,175
1730,2025-11,144,146
1730,2025-12,138,138
1730,2026-01,26,26
1730,2026-02,97,98
1740,2020-01,11,11
1740,2020-02,5,5
1740,2020-03,4,4
1740,2020-04,1,1
1740,2020-05,5,5
1740,2020-06,6,9
1740,2020-07,2,2
1740,2020-08,5,5
1740,2020-09,9,9
1740,2020-10,8,8
1740,2020-11,14,14
1740,2020-12,11,11
1740,2021-01,5,5
1740,2021-02,5,5
1740,2021-03,4,4
1740,2021-04,18,18
1740,2021-05,7,7
1740,2021-06,11,11
1740,2021-07,14,14
1740,2021-08,11,11
1740,2021-09,21,22
1740,2021-10,21,21
1740,2021-11,16,20
1740,2021-12,19,19
1740,2022-01,15,17
1740,2022-02,16,18
1740,2022-03,21,21
1740,2022-04,28,29
1740,2022-05,29,30
1740,2022-06,19,19
1740,2022-07,14,14
1740,2022-08,8,8
1740,2022-09,15,15
1740,2022-10,21,21
1740,2022-11,21,22
1740,2022-12,16,16
1740,2023-01,14,17
1740,2023-02,14,16
1740,2023-03,11,11
1740,2023-04,11,13
1740,2023-05,27,27
1740,2023-06,21,21
1740,2023-07,13,17
1740,2023-08,7,7
1740,2023-09,19,20
1740,2023-10,8,8
1740,2023-11,9,9
1740,2023-12,14,14
1740,2024-01,11,11
1740,2024-02,11,14
1740,2024-03,13,13
1740,2024-04,19,20
1740,2024-05,18,19
1740,2024-06,8,8
1740,2024-07,7,8
1740,2024-08,10,10
1740,2024-09,13,13
1740,2024-10,12,12
1740,2024-11,25,25
1740,2024-12,26,26
1740,2025-01,21,22
1740,2025-02,26,28
1740,2025-03,25,25
1740,2025-04,20,20
1740,2025-05,18,18
1740,2025-06,22,23
1740,2025-07,24,24
1740,2025-08,25,25
1740,2025-09,17,17
1740,2025-10,13,13
1740,2025-11,22,23
1740,2025-12,29,31
1740,2026-01,1,1
1740,2026-02,18,20
1790,2020-01,7,7
1790,2020-05,3,3
1790,2020-06,2,2
1790,2020-07,1,1
1790,2020-08,2,2
1790,2020-09,2,2
1790,2020-10,5,5
1790,2020-11,1,1
1790,2020-12,1,1
1790,2021-01,2,2
1790,2021-02,1,1
1790,2021-03,3,3
1790,2021-04,1,1
1790,2021-05,3,4
1790,2021-06,5,5
1790,2021-07,5,5
1790,2021-08,2,2
1790,2021-09,2,2
1790,2021-10,8,8
1790,2021-11,11,11
1790,2021-12,9,9
1790,2022-01,10,10
1790,2022-02,7,8
1790,2022-03,4,4
1790,2022-04,4,4
1790,2022-05,2,2
1790,2022-06,7,7
1790,2022-07,1,1
1790,2022-08,4,4
1790,2022-09,15,15
1790,2022-10,9,9
1790,2022-11,7,7
1790,2022-12,5,5
1790,2023-01,2,2
1790,2023-02,2,2
1790,2023-03,3,3
1790,2023-04,3,3
1790,2023-05,15,15
1790,2023-06,7,7
1790,2023-07,2,2
1790,2023-08,4,4
1790,2023-09,6,6
1790,2023-10,5,5
1790,2023-11,8,8
1790,2023-12,26,26
1790,2024-01,19,19
1790,2024-02,6,6
1790,2024-03,17,17
1790,2024-04,15,15
1790,2024-05,14,14
1790,2024-06,12,12
1790,2024-07,4,4
1790,2024-08,7,7
1790,2024-09,2,2
1790,2024-10,10,10
1790,2024-11,7,7
1790,2024-12,9,9
1790,2025-01,6,6
1790,2025-02,7,7
1790,2025-03,4,4
1790,2025-04,5,5
1790,2025-05,6,6
1790,2025-06,7,7
1790,2025-07,1,1
1790,2025-08,1,1
1790,2025-09,7,7
1790,2025-10,14,14
1790,2025-11,6,6
1790,2025-12,3,3
1790,2026-01,2,2
1790,2026-02,9,9
2111,2020-01,24,26
2111,2020-02,42,42
2111,2020-03,39,42
2111,2020-04,16,16
2111,2020-05,29,30
2111,2020-06,29,31
2111,2020-07,14,14
2111,2020-08,24,30
2111,2020-09,23,30
2111,2020-10,28,29
2111,2020-11,30,30
2111,2020-12,24,25
2111,2021-01,25,27
2111,2021-02,26,29
2111,2021-03,41,46
2111,2021-04,26,26
2111,2021-05,31,31
2111,2021-06,36,38
2111,2021-07,12,12
2111,2021-08,15,15
2111,2021-09,27,32
2111,2021-10,29,29
2111,2021-11,31,31
2111,2021-12,27,27
2111,2022-01,27,28
2111,2022-02,33,43
2111,2022-03,59,64
2111,2022-04,34,40
2111,2022-05,40,42
2111,2022-06,31,32
2111,2022-07,13,14
2111,2022-08,25,25
2111,2022-09,43,44
2111,2022-10,47,51
2111,2022-11,35,36
2111,2022-12,39,44
2111,2023-01,34,34
2111,2023-02,41,43
2111,2023-03,44,49
2111,2023-04,38,40
2111,2023-05,66,70
2111,2023-06,38,43
2111,2023-07,19,20
2111,2023-08,29,33
2111,2023-09,26,27
2111,2023-10,25,27
2111,2023-11,31,32
2111,2023-12,37,38
2111,2024-01,27,27
2111,2024-02,32,35
2111,2024-03,57,62
2111,2024-04,45,51
2111,2024-05,31,35
2111,2024-06,32,34
2111,2024-07,19,28
2111,2024-08,34,36
2111,2024-09,45,49
2111,2024-10,38,43
2111,2024-11,39,44
2111,2024-12,50,56
2111,2025-01,42,44
2111,2025-02,53,53
2111,2025-03,60,67
2111,2025-04,41,43
2111,2025-05,38,43
2111,2025-06,43,46
2111,2025-07,22,22
2111,2025-08,22,22
2111,2025-09,39,46
2111,2025-10,27,27
2111,2025-11,37,38
2111,2025-12,37,39
2111,2026-01,8,13
2111,2026-02,25,30
2112,2020-02,4,4
2112,2020-03,7,8
2112,2020-06,3,3
2112,2020-08,1,3
2112,2020-10,6,7
2112,2020-11,2,2
2112,2020-12,3,3
2112,2021-01,2,3
2112,2021-02,2,2
2112,2021-04,1,3
2112,2021-05,3,3
2112,2021-07,4,4
2112,2021-09,3,3
2112,2021-10,2,2
2112,2021-11,3,5
2112,2021-12,2,2
2112,2022-01,2,2
2112,2022-02,4,5
2112,2022-03,4,5
2112,2022-04,2,3
2112,2022-05,1,1
2112,2022-06,4,4
2112,2022-07,3,3
2112,2022-08,2,2
2112,2022-09,5,5
2112,2022-10,3,3
2112,2022-11,2,2
2112,2022-12,2,2
2112,2023-01,2,2
2112,2023-02,1,1
2112,2023-04,4,9
2112,2023-06,5,7
2112,2023-07,1,1
2112,2023-08,1,1
2112,2023-09,4,7
2112,2023-10,1,1
2112,2023-11,2,2
2112,2023-12,2,2
2112,2024-01,3,5
2112,2024-02,1,1
2112,2024-03,2,3
2112,2024-04,4,4
2112,2024-05,4,4
2112,2024-07,2,2
2112,2024-08,7,16
2112,2024-10,2,2
2112,2024-12,2,2
2112,2025-01,3,3
2112,2025-02,3,3
2112,2025-03,3,3
2112,2025-04,3,4
2112,2025-05,1,1
2112,2025-06,3,3
2112,2025-07,1,1
2112,2025-09,1,1
2112,2025-10,3,3
2112,2025-11,2,7
2112,2025-12,3,3
2112,2026-01,1,1
2112,2026-02,8,10
2113,2020-01,78,122
2113,2020-02,101,126
2113,2020-03,96,106
2113,2020-04,68,76
2113,2020-05,79,82
2113,2020-06,85,90
2113,2020-07,40,56
2113,2020-08,50,61
2113,2020-09,68,73
2113,2020-10,84,92
2113,2020-11,86,91
2113,2020-12,96,103
2113,2021-01,85,101
2113,2021-02,97,105
2113,2021-03,107,120
2113,2021-04,88,94
2113,2021-05,90,96
2113,2021-06,76,85
2113,2021-07,62,64
2113,2021-08,71,76
2113,2021-09,90,103
2113,2021-10,94,101
2113,2021-11,117,127
2113,2021-12,117,130
2113,2022-01,108,140
2113,2022-02,130,145
2113,2022-03,135,142
2113,2022-04,117,132
2113,2022-05,116,118
2113,2022-06,116,117
2113,2022-07,66,69
2113,2022-08,72,77
2113,2022-09,94,103
2113,2022-10,122,133
2113,2022-11,99,109
2113,2022-12,103,123
2113,2023-01,121,130
2113,2023-02,99,111
2113,2023-03,109,121
2113,2023-04,89,93
2113,2023-05,133,159
2113,2023-06,67,75
2113,2023-07,58,64
2113,2023-08,61,70
2113,2023-09,77,82
2113,2023-10,88,96
2113,2023-11,76,77
2113,2023-12,80,90
2113,2024-01,73,94
2113,2024-02,70,74
2113,2024-03,72,80
2113,2024-04,77,93
2113,2024-05,77,87
2113,2024-06,60,65
2113,2024-07,46,47
2113,2024-08,35,46
2113,2024-09,57,58
2113,2024-10,67,70
2113,2024-11,51,53
2113,2024-12,52,71
2113,2025-01,67,70
2113,2025-02,78,84
2113,2025-03,57,60
2113,2025-04,82,89
2113,2025-05,67,68
2113,2025-06,55,57
2113,2025-07,40,41
2113,2025-08,55,57
2113,2025-09,52,54
2113,2025-10,55,58
2113,2025-11,42,44
2113,2025-12,65,75
2113,2026-01,3,3
2113,2026-02,28,30
2114,2020-01,19,48
2114,2020-02,13,48
2114,2020-03,22,23
2114,2020-04,8,9
2114,2020-05,4,6
2114,2020-06,9,10
2114,2020-07,3,5
2114,2020-08,3,3
2114,2020-09,8,9
2114,2020-10,13,14
2114,2020-11,15,15
2114,2020-12,12,33
2114,2021-01,6,6
2114,2021-02,15,36
2114,2021-03,19,23
2114,2021-04,11,12
2114,2021-05,13,14
2114,2021-06,13,13
2114,2021-07,8,9
2114,2021-08,3,6
2114,2021-09,25,31
2114,2021-10,14,15
2114,2021-11,13,13
2114,2021-12,31,35
2114,2022-01,14,16
2114,2022-02,25,26
2114,2022-03,21,26
2114,2022-04,16,17
2114,2022-05,31,32
2114,2022-06,29,40
2114,2022-07,14,17
2114,2022-08,10,11
2114,2022-09,27,28
2114,2022-10,18,20
2114,2022-11,24,25
2114,2022-12,46,65
2114,2023-01,15,16
2114,2023-02,19,19
2114,2023-03,24,30
2114,2023-04,15,15
2114,2023-05,28,31
2114,2023-06,31,34
2114,2023-07,21,21
2114,2023-08,15,17
2114,2023-09,16,25
2114,2023-10,23,27
2114,2023-11,23,28
2114,2023-12,23,28
2114,2024-01,32,33
2114,2024-02,19,33
2114,2024-03,21,23
2114,2024-04,16,17
2114,2024-05,26,27
2114,2024-06,23,35
2114,2024-07,9,9
2114,2024-08,15,21
2114,2024-09,12,15
2114,2024-10,13,14
2114,2024-11,13,14
2114,2024-12,28,35
2114,2025-01,11,23
2114,2025-02,13,33
2114,2025-03,23,30
2114,2025-04,22,25
2114,2025-05,20,22
2114,2025-06,10,12
2114,2025-07,7,8
2114,2025-08,9,9
2114,2025-09,18,18
2114,2025-10,16,16
2114,2025-11,8,9
2114,2025-12,22,49
2114,2026-01,2,2
2114,2026-02,13,20
2121,2020-01,6,10
2121,2020-02,9,13
2121,2020-03,5,5
2121,2020-04,5,6
2121,2020-05,10,17
2121,2020-06,1,1
2121,2020-07,2,2
2121,2020-08,3,3
2121,2020-09,12,14
2121,2020-10,6,6
2121,2020-11,10,11
2121,2020-12,10,10
2121,2021-01,6,9
2121,2021-02,6,6
2121,2021-03,27,33
2121,2021-04,16,23
2121,2021-05,9,9
2121,2021-06,4,4
2121,2021-07,8,8
2121,2021-08,4,6
2121,2021-09,11,11
2121,2021-10,14,19
2121,2021-11,12,15
2121,2021-12,12,14
2121,2022-01,12,15
2121,2022-02,10,13
2121,2022-03,10,19
2121,2022-04,11,17
2121,2022-05,12,21
2121,2022-06,8,8
2121,2022-07,2,14
2121,2022-08,13,17
2121,2022-09,9,12
2121,2022-10,9,12
2121,2022-11,16,21
2121,2022-12,15,16
2121,2023-01,13,13
2121,2023-02,18,24
2121,2023-03,8,9
2121,2023-04,8,30
2121,2023-05,13,28
2121,2023-06,11,12
2121,2023-07,2,2
2121,2023-08,8,9
2121,2023-09,8,8
2121,2023-10,8,8
2121,2023-11,10,109
2121,2023-12,11,14
2121,2024-01,11,11
2121,2024-02,7,7
2121,2024-03,12,26
2121,2024-04,16,33
2121,2024-05,10,30
2121,2024-06,3,4
2121,2024-07,5,5
2121,2024-08,4,5
2121,2024-09,8,8
2121,2024-10,11,14
2121,2024-11,13,29
2121,2024-12,11,12
2121,2025-01,5,5
2121,2025-02,3,7
2121,2025-03,8,15
2121,2025-04,13,24
2121,2025-05,7,8
2121,2025-06,5,6
2121,2025-07,1,1
2121,2025-08,1,1
2121,2025-09,3,3
2121,2025-10,9,10
2121,2025-11,6,16
2121,2025-12,7,12
2121,2026-01,2,21
2121,2026-02,2,5
2122,2020-01,26,35
2122,2020-02,23,58
2122,2020-03,19,19
2122,2020-04,17,17
2122,2020-05,12,12
2122,2020-06,16,18
2122,2020-07,3,3
2122,2020-08,12,12
2122,2020-09,15,16
2122,2020-10,13,14
2122,2020-11,18,19
2122,2020-12,12,14
2122,2021-01,10,11
2122,2021-02,22,32
2122,2021-03,19,19
2122,2021-04,20,22
2122,2021-05,19,22
2122,2021-06,9,9
2122,2021-07,7,7
2122,2021-08,13,14
2122,2021-09,25,25
2122,2021-10,25,29
2122,2021-11,17,23
2122,2021-12,19,21
2122,2022-01,13,16
2122,2022-02,35,37
2122,2022-03,28,36
2122,2022-04,27,30
2122,2022-05,27,49
2122,2022-06,14,14
2122,2022-07,10,12
2122,2022-08,27,29
2122,2022-09,23,24
2122,2022-10,29,31
2122,2022-11,25,27
2122,2022-12,32,33
2122,2023-01,20,22
2122,2023-02,25,35
2122,2023-03,16,19
2122,2023-04,10,10
2122,2023-05,33,39
2122,2023-06,11,13
2122,2023-07,5,11
2122,2023-08,15,19
2122,2023-09,19,30
2122,2023-10,17,20
2122,2023-11,13,14
2122,2023-12,12,12
2122,2024-01,11,12
2122,2024-02,20,24
2122,2024-03,25,36
2122,2024-04,19,23
2122,2024-05,13,15
2122,2024-06,9,11
2122,2024-07,11,12
2122,2024-08,16,25
2122,2024-09,20,28
2122,2024-10,12,13
2122,2024-11,23,34
2122,2024-12,21,30
2122,2025-01,18,24
2122,2025-02,7,12
2122,2025-03,14,17
2122,2025-04,16,19
2122,2025-05,10,11
2122,2025-06,8,10
2122,2025-07,3,3
2122,2025-08,8,9
2122,2025-09,12,15
2122,2025-10,26,26
2122,2025-11,12,12
2122,2025-12,12,22
2122,2026-01,1,1
2122,2026-02,9,11
2131,2019-12,1,1
2131,2020-01,108,203
2131,2020-02,118,154
2131,2020-03,117,137
2131,2020-04,66,67
2131,2020-05,89,109
2131,2020-06,99,108
2131,2020-07,28,30
2131,2020-08,55,59
2131,2020-09,69,79
2131,2020-10,101,129
2131,2020-11,104,126
2131,2020-12,116,139
2131,2021-01,109,194
2131,2021-02,113,161
2131,2021-03,142,183
2131,2021-04,120,132
2131,2021-05,118,162
2131,2021-06,105,118
2131,2021-07,70,73
2131,2021-08,62,71
2131,2021-09,101,109
2131,2021-10,116,129
2131,2021-11,119,133
2131,2021-12,169,221
2131,2022-01,142,269
2131,2022-02,175,254
2131,2022-03,154,194
2131,2022-04,125,138
2131,2022-05,131,134
2131,2022-06,135,144
2131,2022-07,55,65
2131,2022-08,65,72
2131,2022-09,101,124
2131,2022-10,128,135
2131,2022-11,127,147
2131,2022-12,133,224
2131,2023-01,102,152
2131,2023-02,90,101
2131,2023-03,125,145
2131,2023-04,93,103
2131,2023-05,118,141
2131,2023-06,93,97
2131,2023-07,56,60
2131,2023-08,45,49
2131,2023-09,60,62
2131,2023-10,84,88
2131,2023-11,69,73
2131,2023-12,87,144
2131,2024-01,82,134
2131,2024-02,83,93
2131,2024-03,75,88
2131,2024-04,92,99
2131,2024-05,107,114
2131,2024-06,62,63
2131,2024-07,43,45
2131,2024-08,41,42
2131,2024-09,74,76
2131,2024-10,74,81
2131,2024-11,76,76
2131,2024-12,68,77
2131,2025-01,74,175
2131,2025-02,83,91
2131,2025-03,87,92
2131,2025-04,76,77
2131,2025-05,55,61
2131,2025-06,72,77
2131,2025-07,43,43
2131,2025-08,45,48
2131,2025-09,67,69
2131,2025-10,62,65
2131,2025-11,63,93
2131,2025-12,67,71
2131,2026-01,12,14
2131,2026-02,61,66
2132,2020-01,22,26
2132,2020-02,26,30
2132,2020-03,24,31
2132,2020-04,14,15
2132,2020-05,11,13
2132,2020-06,14,14
2132,2020-07,13,15
2132,2020-08,4,4
2132,2020-09,10,11
2132,2020-10,21,21
2132,2020-11,17,17
2132,2020-12,19,21
2132,2021-01,12,13
2132,2021-02,16,28
2132,2021-03,38,62
2132,2021-04,24,26
2132,2021-05,22,25
2132,2021-06,12,12
2132,2021-07,8,10
2132,2021-08,9,10
2132,2021-09,13,13
2132,2021-10,6,6
2132,2021-11,20,21
2132,2021-12,30,33
2132,2022-01,17,30
2132,2022-02,36,64
2132,2022-03,27,44
2132,2022-04,19,20
2132,2022-05,31,35
2132,2022-06,28,29
2132,2022-07,16,18
2132,2022-08,13,19
2132,2022-09,14,14
2132,2022-10,13,14
2132,2022-11,18,18
2132,2022-12,19,20
2132,2023-01,12,33
2132,2023-02,20,33
2132,2023-03,40,60
2132,2023-04,10,12
2132,2023-05,22,24
2132,2023-06,24,24
2132,2023-07,10,10
2132,2023-08,4,4
2132,2023-09,12,12
2132,2023-10,14,14
2132,2023-11,18,19
2132,2023-12,20,23
2132,2024-01,18,41
2132,2024-02,27,32
2132,2024-03,14,25
2132,2024-04,31,31
2132,2024-05,17,20
2132,2024-06,25,34
2132,2024-07,5,5
2132,2024-08,7,7
2132,2024-09,12,14
2132,2024-10,20,21
2132,2024-11,18,20
2132,2024-12,11,11
2132,2025-01,21,76
2132,2025-02,17,22
2132,2025-03,21,23
2132,2025-04,22,22
2132,2025-05,16,16
2132,2025-06,13,19
2132,2025-07,13,14
2132,2025-08,9,9
2132,2025-09,13,14
2132,2025-10,12,12
2132,2025-11,6,6
2132,2025-12,15,15
2132,2026-01,4,8
2132,2026-02,19,20
2133,2020-01,71,97
2133,2020-02,77,99
2133,2020-03,66,98
2133,2020-04,42,61
2133,2020-05,55,83
2133,2020-06,62,112
2133,2020-07,42,42
2133,2020-08,41,60
2133,2020-09,43,46
2133,2020-10,40,60
2133,2020-11,69,101
2133,2020-12,51,78
2133,2021-01,54,79
2133,2021-02,55,59
2133,2021-03,78,79
2133,2021-04,72,83
2133,2021-05,75,95
2133,2021-06,74,87
2133,2021-07,27,29
2133,2021-08,41,50
2133,2021-09,63,73
2133,2021-10,63,78
2133,2021-11,71,82
2133,2021-12,71,83
2133,2022-01,55,73
2133,2022-02,62,67
2133,2022-03,72,80
2133,2022-04,64,78
2133,2022-05,60,64
2133,2022-06,53,62
2133,2022-07,20,21
2133,2022-08,48,48
2133,2022-09,59,64
2133,2022-10,61,84
2133,2022-11,54,73
2133,2022-12,53,70
2133,2023-01,72,100
2133,2023-02,59,68
2133,2023-03,56,70
2133,2023-04,48,67
2133,2023-05,83,108
2133,2023-06,55,71
2133,2023-07,31,42
2133,2023-08,40,49
2133,2023-09,36,44
2133,2023-10,38,41
2133,2023-11,57,83
2133,2023-12,43,54
2133,2024-01,52,72
2133,2024-02,45,50
2133,2024-03,29,34
2133,2024-04,39,96
2133,2024-05,55,55
2133,2024-06,34,35
2133,2024-07,20,21
2133,2024-08,27,30
2133,2024-09,29,31
2133,2024-10,39,40
2133,2024-11,40,53
2133,2024-12,33,54
2133,2025-01,45,47
2133,2025-02,44,45
2133,2025-03,31,32
2133,2025-04,47,48
2133,2025-05,35,36
2133,2025-06,30,32
2133,2025-07,22,22
2133,2025-08,19,19
2133,2025-09,15,15
2133,2025-10,21,23
2133,2025-11,32,37
2133,2025-12,37,37
2133,2026-01,4,4
2133,2026-02,14,16
2134,2020-01,50,217
2134,2020-02,23,39
2134,2020-03,51,52
2134,2020-04,23,24
2134,2020-05,45,45
2134,2020-06,24,24
2134,2020-07,12,15
2134,2020-08,12,12
2134,2020-09,55,56
2134,2020-10,29,31
2134,2020-11,23,24
2134,2020-12,58,74
2134,2021-01,29,89
2134,2021-02,42,48
2134,2021-03,100,106
2134,2021-04,37,39
2134,2021-05,80,80
2134,2021-06,81,85
2134,2021-07,64,67
2134,2021-08,23,25
2134,2021-09,90,91
2134,2021-10,48,54
2134,2021-11,63,67
2134,2021-12,60,80
2134,2022-01,78,127
2134,2022-02,38,52
2134,2022-03,31,34
2134,2022-04,27,32
2134,2022-05,37,40
2134,2022-06,87,88
2134,2022-07,12,12
2134,2022-08,86,86
2134,2022-09,24,26
2134,2022-10,33,35
2134,2022-11,29,29
2134,2022-12,39,101
2134,2023-01,29,33
2134,2023-02,46,75
2134,2023-03,36,42
2134,2023-04,16,16
2134,2023-05,37,42
2134,2023-06,21,24
2134,2023-07,15,17
2134,2023-08,19,19
2134,2023-09,21,26
2134,2023-10,15,17
2134,2023-11,12,12
2134,2023-12,26,91
2134,2024-01,21,38
2134,2024-02,25,26
2134,2024-03,26,26
2134,2024-04,29,30
2134,2024-05,31,32
2134,2024-06,19,20
2134,2024-07,13,13
2134,2024-08,20,22
2134,2024-09,16,16
2134,2024-10,26,28
2134,2024-11,28,32
2134,2024-12,28,93
2134,2025-01,27,41
2134,2025-02,18,19
2134,2025-03,27,31
2134,2025-04,23,23
2134,2025-05,15,25
2134,2025-06,18,20
2134,2025-07,5,5
2134,2025-08,24,25
2134,2025-09,13,16
2134,2025-10,19,20
2134,2025-11,25,25
2134,2025-12,25,90
2134,2026-01,9,9
2134,2026-02,15,17
2135,2020-01,18,18
2135,2020-02,22,30
2135,2020-03,15,16
2135,2020-04,10,10
2135,2020-05,31,36
2135,2020-06,19,23
2135,2020-07,6,6
2135,2020-08,6,7
2135,2020-09,14,14
2135,2020-10,13,13
2135,2020-11,14,14
2135,2020-12,47,50
2135,2021-01,20,87
2135,2021-02,25,26
2135,2021-03,46,62
2135,2021-04,29,38
2135,2021-05,43,53
2135,2021-06,23,24
2135,2021-07,12,12
2135,2021-08,9,11
2135,2021-09,16,18
2135,2021-10,21,24
2135,2021-11,27,41
2135,2021-12,53,66
2135,2022-01,29,38
2135,2022-02,46,50
2135,2022-03,36,37
2135,2022-04,25,25
2135,2022-05,35,40
2135,2022-06,23,24
2135,2022-07,19,24
2135,2022-08,38,40
2135,2022-09,41,42
2135,2022-10,33,33
2135,2022-11,31,32
2135,2022-12,40,43
2135,2023-01,42,63
2135,2023-02,60,62
2135,2023-03,59,94
2135,2023-04,33,35
2135,2023-05,53,55
2135,2023-06,31,35
2135,2023-07,33,35
2135,2023-08,27,29
2135,2023-09,35,37
2135,2023-10,30,34
2135,2023-11,34,144
2135,2023-12,33,39
2135,2024-01,33,42
2135,2024-02,37,49
2135,2024-03,25,26
2135,2024-04,14,14
2135,2024-05,10,10
2135,2024-06,12,17
2135,2024-07,32,52
2135,2024-08,26,30
2135,2024-09,20,20
2135,2024-10,49,139
2135,2024-11,44,48
2135,2024-12,64,70
2135,2025-01,44,66
2135,2025-02,66,129
2135,2025-03,33,43
2135,2025-04,30,38
2135,2025-05,32,33
2135,2025-06,22,22
2135,2025-07,21,29
2135,2025-08,28,28
2135,2025-09,34,49
2135,2025-10,41,44
2135,2025-11,19,19
2135,2025-12,16,16
2135,2026-01,1,1
2135,2026-02,11,12
2141,2020-01,110,130
2141,2020-02,127,173
2141,2020-03,94,114
2141,2020-04,40,51
2141,2020-05,48,97
2141,2020-06,44,55
2141,2020-07,32,34
2141,2020-08,30,60
2141,2020-09,85,98
2141,2020-10,83,86
2141,2020-11,90,92
2141,2020-12,111,117
2141,2021-01,83,99
2141,2021-02,112,130
2141,2021-03,159,176
2141,2021-04,145,162
2141,2021-05,133,143
2141,2021-06,130,151
2141,2021-07,87,96
2141,2021-08,119,138
2141,2021-09,163,238
2141,2021-10,181,193
2141,2021-11,172,209
2141,2021-12,175,210
2141,2022-01,193,240
2141,2022-02,204,234
2141,2022-03,237,269
2141,2022-04,215,285
2141,2022-05,190,217
2141,2022-06,147,164
2141,2022-07,140,161
2141,2022-08,152,240
2141,2022-09,191,221
2141,2022-10,172,190
2141,2022-11,160,180
2141,2022-12,171,218
2141,2023-01,157,218
2141,2023-02,155,175
2141,2023-03,161,200
2141,2023-04,118,143
2141,2023-05,179,214
2141,2023-06,166,231
2141,2023-07,121,157
2141,2023-08,124,173
2141,2023-09,160,175
2141,2023-10,190,211
2141,2023-11,208,225
2141,2023-12,159,191
2141,2024-01,161,181
2141,2024-02,177,198
2141,2024-03,168,216
2141,2024-04,189,207
2141,2024-05,155,157
2141,2024-06,124,137
2141,2024-07,109,123
2141,2024-08,122,138
2141,2024-09,137,152
2141,2024-10,159,180
2141,2024-11,141,379
2141,2024-12,131,308
2141,2025-01,210,426
2141,2025-02,137,194
2141,2025-03,142,309
2141,2025-04,136,156
2141,2025-05,111,127
2141,2025-06,115,123
2141,2025-07,91,95
2141,2025-08,108,127
2141,2025-09,155,168
2141,2025-10,117,146
2141,2025-11,120,133
2141,2025-12,143,181
2141,2026-01,16,18
2141,2026-02,98,104
2142,2020-01,342,449
2142,2020-02,340,397
2142,2020-03,368,397
2142,2020-04,322,378
2142,2020-05,249,281
2142,2020-06,206,215
2142,2020-07,180,200
2142,2020-08,199,210
2142,2020-09,307,333
2142,2020-10,317,355
2142,2020-11,294,326
2142,2020-12,336,364
2142,2021-01,238,315
2142,2021-02,297,353
2142,2021-03,381,424
2142,2021-04,410,438
2142,2021-05,439,519
2142,2021-06,395,434
2142,2021-07,327,374
2142,2021-08,343,490
2142,2021-09,468,527
2142,2021-10,552,634
2142,2021-11,581,666
2142,2021-12,568,653
2142,2022-01,499,577
2142,2022-02,567,657
2142,2022-03,771,853
2142,2022-04,622,705
2142,2022-05,715,835
2142,2022-06,545,632
2142,2022-07,527,584
2142,2022-08,686,769
2142,2022-09,588,701
2142,2022-10,523,601
2142,2022-11,532,598
2142,2022-12,578,635
2142,2023-01,577,688
2142,2023-02,530,580
2142,2023-03,653,725
2142,2023-04,449,499
2142,2023-05,511,564
2142,2023-06,435,485
2142,2023-07,318,361
2142,2023-08,356,399
2142,2023-09,426,467
2142,2023-10,435,506
2142,2023-11,308,342
2142,2023-12,182,214
2142,2024-01,134,181
2142,2024-02,229,308
2142,2024-03,155,186
2142,2024-04,179,221
2142,2024-05,165,186
2142,2024-06,155,158
2142,2024-07,134,160
2142,2024-08,151,167
2142,2024-09,160,166
2142,2024-10,170,185
2142,2024-11,147,161
2142,2024-12,135,148
2142,2025-01,113,134
2142,2025-02,180,215
2142,2025-03,110,114
2142,2025-04,119,125
2142,2025-05,124,135
2142,2025-06,149,154
2142,2025-07,83,89
2142,2025-08,124,144
2142,2025-09,148,161
2142,2025-10,178,197
2142,2025-11,134,139
2142,2025-12,150,170
2142,2026-01,36,38
2142,2026-02,102,110
2143,2019-10,1,2
2143,2020-01,211,277
2143,2020-02,270,337
2143,2020-03,213,249
2143,2020-04,134,150
2143,2020-05,117,129
2143,2020-06,115,134
2143,2020-07,83,92
2143,2020-08,94,117
2143,2020-09,172,200
2143,2020-10,187,210
2143,2020-11,232,270
2143,2020-12,275,298
2143,2021-01,169,193
2143,2021-02,267,346
2143,2021-03,296,396
2143,2021-04,263,344
2143,2021-05,293,333
2143,2021-06,315,358
2143,2021-07,173,206
2143,2021-08,217,262
2143,2021-09,337,380
2143,2021-10,320,394
2143,2021-11,346,427
2143,2021-12,426,519
2143,2022-01,370,451
2143,2022-02,425,528
2143,2022-03,529,663
2143,2022-04,407,459
2143,2022-05,469,988
2143,2022-06,431,470
2143,2022-07,306,430
2143,2022-08,392,487
2143,2022-09,402,482
2143,2022-10,439,489
2143,2022-11,398,497
2143,2022-12,468,557
2143,2023-01,395,446
2143,2023-02,471,559
2143,2023-03,512,620
2143,2023-04,371,466
2143,2023-05,462,546
2143,2023-06,372,413
2143,2023-07,332,357
2143,2023-08,463,510
2143,2023-09,477,517
2143,2023-10,526,574
2143,2023-11,493,604
2143,2023-12,575,606
2143,2024-01,451,503
2143,2024-02,452,478
2143,2024-03,488,542
2143,2024-04,498,556
2143,2024-05,434,474
2143,2024-06,426,488
2143,2024-07,452,506
2143,2024-08,401,450
2143,2024-09,473,525
2143,2024-10,494,529
2143,2024-11,402,457
2143,2024-12,397,427
2143,2025-01,375,472
2143,2025-02,352,396
2143,2025-03,337,381
2143,2025-04,364,437
2143,2025-05,340,371
2143,2025-06,268,342
2143,2025-07,234,266
2143,2025-08,240,284
2143,2025-09,305,344
2143,2025-10,364,382
2143,2025-11,295,313
2143,2025-12,366,388
2143,2026-01,74,78
2143,2026-02,254,291
2144,2019-12,1,8
2144,2020-01,379,482
2144,2020-02,379,403
2144,2020-03,327,351
2144,2020-04,125,139
2144,2020-05,109,118
2144,2020-06,121,136
2144,2020-07,113,137
2144,2020-08,106,110
2144,2020-09,164,178
2144,2020-10,224,255
2144,2020-11,289,346
2144,2020-12,330,406
2144,2021-01,260,292
2144,2021-02,351,412
2144,2021-03,384,450
2144,2021-04,418,463
2144,2021-05,407,462
2144,2021-06,411,504
2144,2021-07,236,278
2144,2021-08,291,352
2144,2021-09,431,528
2144,2021-10,517,628
2144,2021-11,463,548
2144,2021-12,543,700
2144,2022-01,494,678
2144,2022-02,525,716
2144,2022-03,637,755
2144,2022-04,489,580
2144,2022-05,617,748
2144,2022-06,541,637
2144,2022-07,376,451
2144,2022-08,463,722
2144,2022-09,579,737
2144,2022-10,548,663
2144,2022-11,529,646
2144,2022-12,563,698
2144,2023-01,513,906
2144,2023-02,504,606
2144,2023-03,564,690
2144,2023-04,415,581
2144,2023-05,564,659
2144,2023-06,489,584
2144,2023-07,295,379
2144,2023-08,383,422
2144,2023-09,426,553
2144,2023-10,503,608
2144,2023-11,587,714
2144,2023-12,535,601
2144,2024-01,513,605
2144,2024-02,440,631
2144,2024-03,439,533
2144,2024-04,514,646
2144,2024-05,468,608
2144,2024-06,435,529
2144,2024-07,405,553
2144,2024-08,414,484
2144,2024-09,471,636
2144,2024-10,484,560
2144,2024-11,419,481
2144,2024-12,454,543
2144,2025-01,396,470
2144,2025-02,433,503
2144,2025-03,449,514
2144,2025-04,417,545
2144,2025-05,329,382
2144,2025-06,314,363
2144,2025-07,226,239
2144,2025-08,303,376
2144,2025-09,334,424
2144,2025-10,377,416
2144,2025-11,302,353
2144,2025-12,380,440
2144,2026-01,73,92
2144,2026-02,206,277
2145,2020-01,61,72
2145,2020-02,61,65
2145,2020-03,45,45
2145,2020-04,42,52
2145,2020-05,39,40
2145,2020-06,44,59
2145,2020-07,39,40
2145,2020-08,38,44
2145,2020-09,44,54
2145,2020-10,49,60
2145,2020-11,65,84
2145,2020-12,76,84
2145,2021-01,50,57
2145,2021-02,75,89
2145,2021-03,87,96
2145,2021-04,86,90
2145,2021-05,64,72
2145,2021-06,61,61
2145,2021-07,57,71
2145,2021-08,49,60
2145,2021-09,84,89
2145,2021-10,106,114
2145,2021-11,101,116
2145,2021-12,135,152
2145,2022-01,111,118
2145,2022-02,124,129
2145,2022-03,120,135
2145,2022-04,88,92
2145,2022-05,114,115
2145,2022-06,65,68
2145,2022-07,53,53
2145,2022-08,101,115
2145,2022-09,96,104
2145,2022-10,77,91
2145,2022-11,89,104
2145,2022-12,95,108
2145,2023-01,91,110
2145,2023-02,68,88
2145,2023-03,73,103
2145,2023-04,52,66
2145,2023-05,83,117
2145,2023-06,55,67
2145,2023-07,55,95
2145,2023-08,44,57
2145,2023-09,68,81
2145,2023-10,75,128
2145,2023-11,56,63
2145,2023-12,43,50
2145,2024-01,46,73
2145,2024-02,43,43
2145,2024-03,52,76
2145,2024-04,50,81
2145,2024-05,62,72
2145,2024-06,59,63
2145,2024-07,31,39
2145,2024-08,47,49
2145,2024-09,60,62
2145,2024-10,59,79
2145,2024-11,59,62
2145,2024-12,59,60
2145,2025-01,52,52
2145,2025-02,54,54
2145,2025-03,48,54
2145,2025-04,58,61
2145,2025-05,44,44
2145,2025-06,63,64
2145,2025-07,31,31
2145,2025-08,41,43
2145,2025-09,45,45
2145,2025-10,52,52
2145,2025-11,53,54
2145,2025-12,45,46
2145,2026-01,3,4
2145,2026-02,22,23
2146,2019-12,1,1
2146,2020-01,12,14
2146,2020-02,16,18
2146,2020-03,10,14
2146,2020-04,6,6
2146,2020-05,10,10
2146,2020-06,11,11
2146,2020-07,14,15
2146,2020-08,8,8
2146,2020-09,8,8
2146,2020-10,17,19
2146,2020-11,19,19
2146,2020-12,19,19
2146,2021-01,10,10
2146,2021-02,9,10
2146,2021-03,19,19
2146,2021-04,28,31
2146,2021-05,41,62
2146,2021-06,14,15
2146,2021-07,12,13
2146,2021-08,11,11
2146,2021-09,24,28
2146,2021-10,32,49
2146,2021-11,15,17
2146,2021-12,45,53
2146,2022-01,31,36
2146,2022-02,40,45
2146,2022-03,45,84
2146,2022-04,35,35
2146,2022-05,40,44
2146,2022-06,42,52
2146,2022-07,13,44
2146,2022-08,19,20
2146,2022-09,14,15
2146,2022-10,40,40
2146,2022-11,26,26
2146,2022-12,40,54
2146,2023-01,37,41
2146,2023-02,25,26
2146,2023-03,27,27
2146,2023-04,43,45
2146,2023-05,27,35
2146,2023-06,31,32
2146,2023-07,25,29
2146,2023-08,20,24
2146,2023-09,17,18
2146,2023-10,20,20
2146,2023-11,19,20
2146,2023-12,27,29
2146,2024-01,19,24
2146,2024-02,23,24
2146,2024-03,26,63
2146,2024-04,39,58
2146,2024-05,42,49
2146,2024-06,40,43
2146,2024-07,23,25
2146,2024-08,28,37
2146,2024-09,44,53
2146,2024-10,39,97
2146,2024-11,49,81
2146,2024-12,35,36
2146,2025-01,31,33
2146,2025-02,30,33
2146,2025-03,23,26
2146,2025-04,33,45
2146,2025-05,22,30
2146,2025-06,32,42
2146,2025-07,29,46
2146,2025-08,32,42
2146,2025-09,25,29
2146,2025-10,40,40
2146,2025-11,17,17
2146,2025-12,21,21
2146,2026-01,2,2
2146,2026-02,17,18
2149,2020-01,94,122
2149,2020-02,84,104
2149,2020-03,67,106
2149,2020-04,54,83
2149,2020-05,46,48
2149,2020-06,41,46
2149,2020-07,39,54
2149,2020-08,34,35
2149,2020-09,64,71
2149,2020-10,55,61
2149,2020-11,73,145
2149,2020-12,93,106
2149,2021-01,66,67
2149,2021-02,92,129
2149,2021-03,92,95
2149,2021-04,77,80
2149,2021-05,124,134
2149,2021-06,95,102
2149,2021-07,84,85
2149,2021-08,56,57
2149,2021-09,113,131
2149,2021-10,134,144
2149,2021-11,127,151
2149,2021-12,150,179
2149,2022-01,150,158
2149,2022-02,178,214
2149,2022-03,216,237
2149,2022-04,206,223
2149,2022-05,237,296
2149,2022-06,171,189
2149,2022-07,124,191
2149,2022-08,147,177
2149,2022-09,166,198
2149,2022-10,170,192
2149,2022-11,167,187
2149,2022-12,141,151
2149,2023-01,157,191
2149,2023-02,173,201
2149,2023-03,201,219
2149,2023-04,131,151
2149,2023-05,217,263
2149,2023-06,159,170
2149,2023-07,152,164
2149,2023-08,172,178
2149,2023-09,152,170
2149,2023-10,210,227
2149,2023-11,158,162
2149,2023-12,164,167
2149,2024-01,137,154
2149,2024-02,154,161
2149,2024-03,227,240
2149,2024-04,177,184
2149,2024-05,194,203
2149,2024-06,175,189
2149,2024-07,100,110
2149,2024-08,141,143
2149,2024-09,174,180
2149,2024-10,177,182
2149,2024-11,196,241
2149,2024-12,148,155
2149,2025-01,141,155
2149,2025-02,128,133
2149,2025-03,125,143
2149,2025-04,137,180
2149,2025-05,104,120
2149,2025-06,97,179
2149,2025-07,99,113
2149,2025-08,102,111
2149,2025-09,122,169
2149,2025-10,126,131
2149,2025-11,89,95
2149,2025-12,106,110
2149,2026-01,23,23
2149,2026-02,71,106
2161,2020-01,12,14
2161,2020-02,27,62
2161,2020-03,11,11
2161,2020-04,4,4
2161,2020-05,14,16
2161,2020-06,12,12
2161,2020-07,9,13
2161,2020-08,17,17
2161,2020-09,16,20
2161,2020-10,14,16
2161,2020-11,15,15
2161,2020-12,21,35
2161,2021-01,17,32
2161,2021-02,10,10
2161,2021-03,17,21
2161,2021-04,24,30
2161,2021-05,23,31
2161,2021-06,30,32
2161,2021-07,14,14
2161,2021-08,16,16
2161,2021-09,32,41
2161,2021-10,26,26
2161,2021-11,23,26
2161,2021-12,19,24
2161,2022-01,35,47
2161,2022-02,28,28
2161,2022-03,29,43
2161,2022-04,17,20
2161,2022-05,20,24
2161,2022-06,19,23
2161,2022-07,15,18
2161,2022-08,11,18
2161,2022-09,23,28
2161,2022-10,9,9
2161,2022-11,14,14
2161,2022-12,3,3
2161,2023-01,4,4
2161,2023-02,12,15
2161,2023-03,6,6
2161,2023-04,10,12
2161,2023-05,14,15
2161,2023-06,10,10
2161,2023-07,13,22
2161,2023-08,10,10
2161,2023-09,8,8
2161,2023-10,19,24
2161,2023-11,12,12
2161,2023-12,5,5
2161,2024-01,7,9
2161,2024-02,11,14
2161,2024-03,13,15
2161,2024-04,6,7
2161,2024-05,9,9
2161,2024-06,12,12
2161,2024-07,7,8
2161,2024-08,7,7
2161,2024-09,14,17
2161,2024-10,11,12
2161,2024-11,5,6
2161,2024-12,8,8
2161,2025-01,8,10
2161,2025-02,11,12
2161,2025-03,10,13
2161,2025-04,19,21
2161,2025-05,7,8
2161,2025-06,13,14
2161,2025-07,4,5
2161,2025-08,5,5
2161,2025-09,9,10
2161,2025-10,9,9
2161,2025-11,10,11
2161,2025-12,18,18
2161,2026-01,2,2
2161,2026-02,6,6
2162,2020-01,9,15
2162,2020-02,13,14
2162,2020-03,8,9
2162,2020-04,3,4
2162,2020-05,4,6
2162,2020-06,3,4
2162,2020-07,6,8
2162,2020-08,2,2
2162,2020-09,3,4
2162,2020-10,6,6
2162,2020-11,10,11
2162,2020-12,7,11
2162,2021-01,4,4
2162,2021-02,9,9
2162,2021-03,7,7
2162,2021-04,7,7
2162,2021-05,12,12
2162,2021-06,7,8
2162,2021-07,9,11
2162,2021-08,3,3
2162,2021-09,12,12
2162,2021-10,6,7
2162,2021-11,8,12
2162,2021-12,23,24
2162,2022-01,9,12
2162,2022-02,11,12
2162,2022-03,16,16
2162,2022-04,11,12
2162,2022-05,7,7
2162,2022-06,5,5
2162,2022-07,7,7
2162,2022-08,8,8
2162,2022-09,5,5
2162,2022-10,7,8
2162,2022-11,4,4
2162,2022-12,16,18
2162,2023-01,4,4
2162,2023-02,7,7
2162,2023-03,13,13
2162,2023-04,5,5
2162,2023-05,7,8
2162,2023-06,7,7
2162,2023-07,5,6
2162,2023-08,7,8
2162,2023-09,2,2
2162,2023-10,8,8
2162,2023-11,7,9
2162,2023-12,6,6
2162,2024-01,11,11
2162,2024-02,3,3
2162,2024-03,3,3
2162,2024-04,11,15
2162,2024-05,5,5
2162,2024-06,2,2
2162,2024-07,2,2
2162,2024-08,2,2
2162,2024-09,4,5
2162,2024-10,9,9
2162,2024-11,3,3
2162,2024-12,6,6
2162,2025-01,3,3
2162,2025-02,5,5
2162,2025-03,4,4
2162,2025-04,5,8
2162,2025-05,4,5
2162,2025-06,5,14
2162,2025-07,6,7
2162,2025-08,4,5
2162,2025-09,8,8
2162,2025-10,3,3
2162,2025-11,7,7
2162,2025-12,8,10
2162,2026-01,5,5
2162,2026-02,4,5
2163,2020-01,20,23
2163,2020-02,21,24
2163,2020-03,27,32
2163,2020-04,6,6
2163,2020-05,22,24
2163,2020-06,15,17
2163,2020-07,3,3
2163,2020-08,8,8
2163,2020-09,12,14
2163,2020-10,28,34
2163,2020-11,28,31
2163,2020-12,33,33
2163,2021-01,23,25
2163,2021-02,32,34
2163,2021-03,36,44
2163,2021-04,31,34
2163,2021-05,24,30
2163,2021-06,27,29
2163,2021-07,14,14
2163,2021-08,27,32
2163,2021-09,15,16
2163,2021-10,27,29
2163,2021-11,35,40
2163,2021-12,64,79
2163,2022-01,13,17
2163,2022-02,24,27
2163,2022-03,32,39
2163,2022-04,28,30
2163,2022-05,24,30
2163,2022-06,17,26
2163,2022-07,17,18
2163,2022-08,15,20
2163,2022-09,18,23
2163,2022-10,12,13
2163,2022-11,12,14
2163,2022-12,24,28
2163,2023-01,13,21
2163,2023-02,16,19
2163,2023-03,22,29
2163,2023-04,13,16
2163,2023-05,23,28
2163,2023-06,23,23
2163,2023-07,6,6
2163,2023-08,15,19
2163,2023-09,19,21
2163,2023-10,14,18
2163,2023-11,13,16
2163,2023-12,12,15
2163,2024-01,15,17
2163,2024-02,16,26
2163,2024-03,18,23
2163,2024-04,19,22
2163,2024-05,14,15
2163,2024-06,11,13
2163,2024-07,10,10
2163,2024-08,11,15
2163,2024-09,12,12
2163,2024-10,17,20
2163,2024-11,14,17
2163,2024-12,21,23
2163,2025-01,7,7
2163,2025-02,16,20
2163,2025-03,18,19
2163,2025-04,16,16
2163,2025-05,19,20
2163,2025-06,14,17
2163,2025-07,9,10
2163,2025-08,10,10
2163,2025-09,13,13
2163,2025-10,16,18
2163,2025-11,14,16
2163,2025-12,19,23
2163,2026-01,2,2
2163,2026-02,10,14
2164,2020-01,31,40
2164,2020-02,31,39
2164,2020-03,23,31
2164,2020-04,30,54
2164,2020-05,31,46
2164,2020-06,18,22
2164,2020-07,16,22
2164,2020-08,15,17
2164,2020-09,18,26
2164,2020-10,39,54
2164,2020-11,31,32
2164,2020-12,20,24
2164,2021-01,27,38
2164,2021-02,28,41
2164,2021-03,47,61
2164,2021-04,57,75
2164,2021-05,43,48
2164,2021-06,38,40
2164,2021-07,17,20
2164,2021-08,16,16
2164,2021-09,41,54
2164,2021-10,42,52
2164,2021-11,38,49
2164,2021-12,78,85
2164,2022-01,30,33
2164,2022-02,79,101
2164,2022-03,58,84
2164,2022-04,46,63
2164,2022-05,45,73
2164,2022-06,31,48
2164,2022-07,19,22
2164,2022-08,39,52
2164,2022-09,29,55
2164,2022-10,37,43
2164,2022-11,26,39
2164,2022-12,67,81
2164,2023-01,26,37
2164,2023-02,51,60
2164,2023-03,33,48
2164,2023-04,21,28
2164,2023-05,33,42
2164,2023-06,29,31
2164,2023-07,22,27
2164,2023-08,13,15
2164,2023-09,14,15
2164,2023-10,24,27
2164,2023-11,24,31
2164,2023-12,28,34
2164,2024-01,14,17
2164,2024-02,23,26
2164,2024-03,22,29
2164,2024-04,25,25
2164,2024-05,17,17
2164,2024-06,12,15
2164,2024-07,9,9
2164,2024-08,14,14
2164,2024-09,19,19
2164,2024-10,25,25
2164,2024-11,17,17
2164,2024-12,17,17
2164,2025-01,29,36
2164,2025-02,18,19
2164,2025-03,21,27
2164,2025-04,20,23
2164,2025-05,16,17
2164,2025-06,13,15
2164,2025-07,14,15
2164,2025-08,15,16
2164,2025-09,26,29
2164,2025-10,15,17
2164,2025-11,16,19
2164,2025-12,22,23
2164,2026-02,11,23
2171,2020-01,6,6
2171,2020-02,4,6
2171,2020-03,2,2
2171,2020-04,1,1
2171,2020-05,2,2
2171,2020-06,6,6
2171,2020-07,4,4
2171,2020-08,1,1
2171,2020-09,1,1
2171,2020-10,1,1
2171,2020-11,3,3
2171,2020-12,2,2
2171,2021-01,6,9
2171,2021-02,9,10
2171,2021-03,4,6
2171,2021-04,8,9
2171,2021-05,6,9
2171,2021-06,9,9
2171,2021-07,14,19
2171,2021-08,10,10
2171,2021-09,17,18
2171,2021-10,25,25
2171,2021-11,28,28
2171,2021-12,28,29
2171,2022-01,24,29
2171,2022-02,11,11
2171,2022-03,11,16
2171,2022-04,14,14
2171,2022-05,14,18
2171,2022-06,20,81
2171,2022-07,33,33
2171,2022-08,9,9
2171,2022-09,22,29
2171,2022-10,5,6
2171,2022-11,18,21
2171,2022-12,10,12
2171,2023-01,18,19
2171,2023-02,3,5
2171,2023-03,8,9
2171,2023-04,6,6
2171,2023-05,9,69
2171,2023-06,12,12
2171,2023-07,4,7
2171,2023-08,10,10
2171,2023-09,13,13
2171,2023-10,19,82
2171,2023-11,8,10
2171,2023-12,14,20
2171,2024-01,5,5
2171,2024-02,14,14
2171,2024-03,4,4
2171,2024-04,7,7
2171,2024-05,1,1
2171,2024-06,10,12
2171,2024-07,5,5
2171,2024-08,3,3
2171,2024-09,7,7
2171,2024-10,6,6
2171,2024-11,12,13
2171,2024-12,4,4
2171,2025-01,5,5
2171,2025-02,7,8
2171,2025-03,11,12
2171,2025-04,11,11
2171,2025-05,11,11
2171,2025-06,3,3
2171,2025-08,8,9
2171,2025-09,15,25
2171,2025-10,9,9
2171,2025-11,7,8
2171,2025-12,4,5
2171,2026-02,8,8
2172,2020-01,29,31
2172,2020-02,44,46
2172,2020-03,38,38
2172,2020-04,11,11
2172,2020-05,16,17
2172,2020-06,21,33
2172,2020-07,13,13
2172,2020-08,21,27
2172,2020-09,24,24
2172,2020-10,49,49
2172,2020-11,43,45
2172,2020-12,27,49
2172,2021-01,29,37
2172,2021-02,41,51
2172,2021-03,30,30
2172,2021-04,37,41
2172,2021-05,38,39
2172,2021-06,36,40
2172,2021-07,19,19
2172,2021-08,51,52
2172,2021-09,50,50
2172,2021-10,38,38
2172,2021-11,47,47
2172,2021-12,55,55
2172,2022-01,48,59
2172,2022-02,49,60
2172,2022-03,69,90
2172,2022-04,58,98
2172,2022-05,53,75
2172,2022-06,34,43
2172,2022-07,25,38
2172,2022-08,32,48
2172,2022-09,47,49
2172,2022-10,41,42
2172,2022-11,35,35
2172,2022-12,18,28
2172,2023-01,20,23
2172,2023-02,31,69
2172,2023-03,27,47
2172,2023-04,40,101
2172,2023-05,26,30
2172,2023-06,24,53
2172,2023-07,18,19
2172,2023-08,20,20
2172,2023-09,23,26
2172,2023-10,19,19
2172,2023-11,32,32
2172,2023-12,15,15
2172,2024-01,17,47
2172,2024-02,23,56
2172,2024-03,26,56
2172,2024-04,34,36
2172,2024-05,38,38
2172,2024-06,23,42
2172,2024-07,12,12
2172,2024-08,20,23
2172,2024-09,18,18
2172,2024-10,21,21
2172,2024-11,16,16
2172,2024-12,18,18
2172,2025-01,26,27
2172,2025-02,27,27
2172,2025-03,24,44
2172,2025-04,21,42
2172,2025-05,18,18
2172,2025-06,11,11
2172,2025-07,16,16
2172,2025-08,15,15
2172,2025-09,23,23
2172,2025-10,33,33
2172,2025-11,19,19
2172,2025-12,17,17
2172,2026-01,3,3
2172,2026-02,9,43
2173,2020-01,47,50
2173,2020-02,65,83
2173,2020-03,53,64
2173,2020-04,33,36
2173,2020-05,30,36
2173,2020-06,47,51
2173,2020-07,30,31
2173,2020-08,21,21
2173,2020-09,51,59
2173,2020-10,48,57
2173,2020-11,49,54
2173,2020-12,37,55
2173,2021-01,44,60
2173,2021-02,32,44
2173,2021-03,63,67
2173,2021-04,61,73
2173,2021-05,56,58
2173,2021-06,60,63
2173,2021-07,59,61
2173,2021-08,59,81
2173,2021-09,68,72
2173,2021-10,76,83
2173,2021-11,67,75
2173,2021-12,73,76
2173,2022-01,67,70
2173,2022-02,82,95
2173,2022-03,92,102
2173,2022-04,70,89
2173,2022-05,78,100
2173,2022-06,71,97
2173,2022-07,48,56
2173,2022-08,56,68
2173,2022-09,67,73
2173,2022-10,66,69
2173,2022-11,62,72
2173,2022-12,67,81
2173,2023-01,80,105
2173,2023-02,61,67
2173,2023-03,58,63
2173,2023-04,35,40
2173,2023-05,44,48
2173,2023-06,38,41
2173,2023-07,31,34
2173,2023-08,38,40
2173,2023-09,40,41
2173,2023-10,55,63
2173,2023-11,47,52
2173,2023-12,23,23
2173,2024-01,55,61
2173,2024-02,39,41
2173,2024-03,31,31
2173,2024-04,23,25
2173,2024-05,33,34
2173,2024-06,36,37
2173,2024-07,37,37
2173,2024-08,33,33
2173,2024-09,37,38
2173,2024-10,27,28
2173,2024-11,36,36
2173,2024-12,33,34
2173,2025-01,43,63
2173,2025-02,25,26
2173,2025-03,34,35
2173,2025-04,33,37
2173,2025-05,34,34
2173,2025-06,34,34
2173,2025-07,18,18
2173,2025-08,24,28
2173,2025-09,25,44
2173,2025-10,27,29
2173,2025-11,30,31
2173,2025-12,30,38
2173,2026-01,11,11
2173,2026-02,10,10
2179,2020-01,34,69
2179,2020-02,30,51
2179,2020-03,18,165
2179,2020-04,11,74
2179,2020-05,6,6
2179,2020-06,18,22
2179,2020-07,13,13
2179,2020-08,11,40
2179,2020-09,14,65
2179,2020-10,21,71
2179,2020-11,22,94
2179,2020-12,25,74
2179,2021-01,13,63
2179,2021-02,25,132
2179,2021-03,35,36
2179,2021-04,35,38
2179,2021-05,52,124
2179,2021-06,46,97
2179,2021-07,33,37
2179,2021-08,42,64
2179,2021-09,53,104
2179,2021-10,45,45
2179,2021-11,57,59
2179,2021-12,58,60
2179,2022-01,57,132
2179,2022-02,62,168
2179,2022-03,53,57
2179,2022-04,50,50
2179,2022-05,68,128
2179,2022-06,80,87
2179,2022-07,38,40
2179,2022-08,60,70
2179,2022-09,44,45
2179,2022-10,30,49
2179,2022-11,37,53
2179,2022-12,27,31
2179,2023-01,26,27
2179,2023-02,41,45
2179,2023-03,28,30
2179,2023-04,25,34
2179,2023-05,36,41
2179,2023-06,32,38
2179,2023-07,9,9
2179,2023-08,40,42
2179,2023-09,35,38
2179,2023-10,39,39
2179,2023-11,45,45
2179,2023-12,18,18
2179,2024-01,26,27
2179,2024-02,17,17
2179,2024-03,27,28
2179,2024-04,24,24
2179,2024-05,26,26
2179,2024-06,27,27
2179,2024-07,22,22
2179,2024-08,11,12
2179,2024-09,40,43
2179,2024-10,29,29
2179,2024-11,26,26
2179,2024-12,22,24
2179,2025-01,28,28
2179,2025-02,22,22
2179,2025-03,21,22
2179,2025-04,20,23
2179,2025-05,18,18
2179,2025-06,14,14
2179,2025-07,13,13
2179,2025-08,10,10
2179,2025-09,30,31
2179,2025-10,20,24
2179,2025-11,12,12
2179,2025-12,21,35
2179,2026-01,2,2
2179,2026-02,23,24
2181,2020-01,31,35
2181,2020-02,31,31
2181,2020-03,41,64
2181,2020-04,30,31
2181,2020-05,22,22
2181,2020-06,24,29
2181,2020-07,11,11
2181,2020-08,19,19
2181,2020-09,17,18
2181,2020-10,26,26
2181,2020-11,33,33
2181,2020-12,30,31
2181,2021-01,29,29
2181,2021-02,51,53
2181,2021-03,30,33
2181,2021-04,41,43
2181,2021-05,36,40
2181,2021-06,33,52
2181,2021-07,26,26
2181,2021-08,27,27
2181,2021-09,49,54
2181,2021-10,54,56
2181,2021-11,37,38
2181,2021-12,48,50
2181,2022-01,39,43
2181,2022-02,42,50
2181,2022-03,60,61
2181,2022-04,50,50
2181,2022-05,73,74
2181,2022-06,53,53
2181,2022-07,48,48
2181,2022-08,54,58
2181,2022-09,56,58
2181,2022-10,52,54
2181,2022-11,40,45
2181,2022-12,80,82
2181,2023-01,54,55
2181,2023-02,43,43
2181,2023-03,76,85
2181,2023-04,47,58
2181,2023-05,65,67
2181,2023-06,50,52
2181,2023-07,37,39
2181,2023-08,36,48
2181,2023-09,56,64
2181,2023-10,41,50
2181,2023-11,33,35
2181,2023-12,45,45
2181,2024-01,53,67
2181,2024-02,42,58
2181,2024-03,72,99
2181,2024-04,67,71
2181,2024-05,45,47
2181,2024-06,47,53
2181,2024-07,53,69
2181,2024-08,44,48
2181,2024-09,52,53
2181,2024-10,47,47
2181,2024-11,44,56
2181,2024-12,37,58
2181,2025-01,41,44
2181,2025-02,34,41
2181,2025-03,37,37
2181,2025-04,59,59
2181,2025-05,48,52
2181,2025-06,54,70
2181,2025-07,38,59
2181,2025-08,39,49
2181,2025-09,40,41
2181,2025-10,45,52
2181,2025-11,34,34
2181,2025-12,61,90
2181,2026-01,10,15
2181,2026-02,20,25
2182,2019-11,1,22
2182,2020-01,47,49
2182,2020-02,56,66
2182,2020-03,46,53
2182,2020-04,25,26
2182,2020-05,34,38
2182,2020-06,30,33
2182,2020-07,16,19
2182,2020-08,28,35
2182,2020-09,51,56
2182,2020-10,60,87
2182,2020-11,46,65
2182,2020-12,47,55
2182,2021-01,44,52
2182,2021-02,62,73
2182,2021-03,80,106
2182,2021-04,48,64
2182,2021-05,71,80
2182,2021-06,52,53
2182,2021-07,28,34
2182,2021-08,37,43
2182,2021-09,47,54
2182,2021-10,31,32
2182,2021-11,61,74
2182,2021-12,75,88
2182,2022-01,51,58
2182,2022-02,76,95
2182,2022-03,73,97
2182,2022-04,66,83
2182,2022-05,62,79
2182,2022-06,62,76
2182,2022-07,45,54
2182,2022-08,39,55
2182,2022-09,71,86
2182,2022-10,64,79
2182,2022-11,46,54
2182,2022-12,64,75
2182,2023-01,44,47
2182,2023-02,49,68
2182,2023-03,65,85
2182,2023-04,35,36
2182,2023-05,65,72
2182,2023-06,41,47
2182,2023-07,26,31
2182,2023-08,31,38
2182,2023-09,22,27
2182,2023-10,42,63
2182,2023-11,29,32
2182,2023-12,29,40
2182,2024-01,26,27
2182,2024-02,40,51
2182,2024-03,64,71
2182,2024-04,46,61
2182,2024-05,39,41
2182,2024-06,31,33
2182,2024-07,26,32
2182,2024-08,38,54
2182,2024-09,32,36
2182,2024-10,64,88
2182,2024-11,40,45
2182,2024-12,64,74
2182,2025-01,44,48
2182,2025-02,63,75
2182,2025-03,49,58
2182,2025-04,51,57
2182,2025-05,50,56
2182,2025-06,40,41
2182,2025-07,34,36
2182,2025-08,22,25
2182,2025-09,52,57
2182,2025-10,52,59
2182,2025-11,51,64
2182,2025-12,52,58
2182,2026-01,6,6
2182,2026-02,53,61
2183,2020-01,77,94
2183,2020-02,141,170
2183,2020-03,89,93
2183,2020-04,74,87
2183,2020-05,65,76
2183,2020-06,66,66
2183,2020-07,52,60
2183,2020-08,39,40
2183,2020-09,48,55
2183,2020-10,81,88
2183,2020-11,90,96
2183,2020-12,131,145
2183,2021-01,73,83
2183,2021-02,101,127
2183,2021-03,91,101
2183,2021-04,110,118
2183,2021-05,123,136
2183,2021-06,77,79
2183,2021-07,65,67
2183,2021-08,57,65
2183,2021-09,97,107
2183,2021-10,112,123
2183,2021-11,118,126
2183,2021-12,202,230
2183,2022-01,121,127
2183,2022-02,160,169
2183,2022-03,200,227
2183,2022-04,153,179
2183,2022-05,165,173
2183,2022-06,153,181
2183,2022-07,107,115
2183,2022-08,121,129
2183,2022-09,133,145
2183,2022-10,152,175
2183,2022-11,115,128
2183,2022-12,159,178
2183,2023-01,119,126
2183,2023-02,137,146
2183,2023-03,170,192
2183,2023-04,113,121
2183,2023-05,171,176
2183,2023-06,116,125
2183,2023-07,93,98
2183,2023-08,110,127
2183,2023-09,98,109
2183,2023-10,131,138
2183,2023-11,127,128
2183,2023-12,122,140
2183,2024-01,121,125
2183,2024-02,137,156
2183,2024-03,123,136
2183,2024-04,115,121
2183,2024-05,124,136
2183,2024-06,110,123
2183,2024-07,106,106
2183,2024-08,99,102
2183,2024-09,83,89
2183,2024-10,124,132
2183,2024-11,91,96
2183,2024-12,125,139
2183,2025-01,98,107
2183,2025-02,122,140
2183,2025-03,114,124
2183,2025-04,97,112
2183,2025-05,68,71
2183,2025-06,93,95
2183,2025-07,65,72
2183,2025-08,62,63
2183,2025-09,97,99
2183,2025-10,91,99
2183,2025-11,89,97
2183,2025-12,124,161
2183,2026-01,13,33
2183,2026-02,63,75
2211,2019-12,1,1
2211,2020-01,376,424
2211,2020-02,317,416
2211,2020-03,293,313
2211,2020-04,224,232
2211,2020-05,258,294
2211,2020-06,270,301
2211,2020-07,201,241
2211,2020-08,221,257
2211,2020-09,380,431
2211,2020-10,561,626
2211,2020-11,1015,1063
2211,2020-12,984,1055
2211,2021-01,670,722
2211,2021-02,1145,1247
2211,2021-03,1326,1390
2211,2021-04,1184,1252
2211,2021-05,775,868
2211,2021-06,452,551
2211,2021-07,285,327
2211,2021-08,329,417
2211,2021-09,657,905
2211,2021-10,398,451
2211,2021-11,827,1005
2211,2021-12,667,720
2211,2022-01,840,896
2211,2022-02,1165,1243
2211,2022-03,767,870
2211,2022-04,657,758
2211,2022-05,761,869
2211,2022-06,810,859
2211,2022-07,428,555
2211,2022-08,692,800
2211,2022-09,1029,1156
2211,2022-10,1053,1283
2211,2022-11,1019,1292
2211,2022-12,918,1063
2211,2023-01,1136,1444
2211,2023-02,1212,1669
2211,2023-03,1377,1772
2211,2023-04,1137,1230
2211,2023-05,1606,1698
2211,2023-06,1390,1527
2211,2023-07,1048,1145
2211,2023-08,1231,1337
2211,2023-09,1261,1328
2211,2023-10,1134,1198
2211,2023-11,970,1055
2211,2023-12,492,522
2211,2024-01,636,779
2211,2024-02,587,632
2211,2024-03,601,749
2211,2024-04,631,858
2211,2024-05,870,1120
2211,2024-06,689,822
2211,2024-07,419,476
2211,2024-08,612,717
2211,2024-09,591,709
2211,2024-10,669,733
2211,2024-11,469,585
2211,2024-12,492,555
2211,2025-01,576,661
2211,2025-02,498,620
2211,2025-03,469,682
2211,2025-04,444,693
2211,2025-05,461,576
2211,2025-06,351,438
2211,2025-07,293,360
2211,2025-08,329,408
2211,2025-09,637,864
2211,2025-10,616,783
2211,2025-11,569,782
2211,2025-12,667,943
2211,2026-01,158,225
2211,2026-02,390,493
2212,2020-01,78,109
2212,2020-02,96,153
2212,2020-03,59,73
2212,2020-04,49,65
2212,2020-05,69,170
2212,2020-06,62,75
2212,2020-07,26,34
2212,2020-08,42,45
2212,2020-09,60,69
2212,2020-10,87,156
2212,2020-11,82,143
2212,2020-12,58,81
2212,2021-01,63,99
2212,2021-02,51,82
2212,2021-03,63,87
2212,2021-04,67,138
2212,2021-05,69,97
2212,2021-06,52,66
2212,2021-07,30,41
2212,2021-08,37,41
2212,2021-09,72,93
2212,2021-10,84,158
2212,2021-11,121,193
2212,2021-12,74,88
2212,2022-01,66,88
2212,2022-02,88,105
2212,2022-03,101,189
2212,2022-04,87,121
2212,2022-05,108,153
2212,2022-06,102,182
2212,2022-07,56,93
2212,2022-08,80,151
2212,2022-09,116,195
2212,2022-10,124,146
2212,2022-11,115,140
2212,2022-12,87,120
2212,2023-01,80,117
2212,2023-02,102,432
2212,2023-03,123,251
2212,2023-04,133,161
2212,2023-05,159,194
2212,2023-06,135,160
2212,2023-07,73,79
2212,2023-08,107,129
2212,2023-09,121,207
2212,2023-10,190,218
2212,2023-11,100,142
2212,2023-12,52,76
2212,2024-01,104,143
2212,2024-02,89,123
2212,2024-03,100,124
2212,2024-04,98,130
2212,2024-05,82,110
2212,2024-06,58,75
2212,2024-07,39,48
2212,2024-08,74,92
2212,2024-09,84,114
2212,2024-10,123,163
2212,2024-11,94,111
2212,2024-12,74,108
2212,2025-01,107,132
2212,2025-02,97,123
2212,2025-03,100,119
2212,2025-04,88,141
2212,2025-05,75,92
2212,2025-06,51,61
2212,2025-07,37,52
2212,2025-08,68,87
2212,2025-09,110,125
2212,2025-10,97,136
2212,2025-11,134,201
2212,2025-12,84,112
2212,2026-01,14,15
2212,2026-02,85,95
2213,2020-01,28,366
2213,2020-02,41,370
2213,2020-03,2,2
2213,2020-04,1,1
2213,2020-05,1,1
2213,2020-06,1,1
2213,2020-07,1,1
2213,2020-08,9,136
2213,2020-09,22,267
2213,2020-12,1,1
2213,2021-01,9,168
2213,2021-02,32,345
2213,2021-04,1,1
2213,2021-05,4,4
2213,2021-06,3,3
2213,2021-07,2,2
2213,2021-08,5,56
2213,2021-09,32,376
2213,2021-10,2,3
2213,2021-11,3,3
2213,2021-12,2,2
2213,2022-01,19,102
2213,2022-02,17,203
2213,2022-05,6,7
2213,2022-06,2,2
2213,2022-08,4,78
2213,2022-09,38,357
2213,2022-10,1,1
2213,2022-11,4,5
2213,2022-12,4,4
2213,2023-01,23,199
2213,2023-02,22,504
2213,2023-03,3,300
2213,2023-04,2,3
2213,2023-05,4,5
2213,2023-06,1,1
2213,2023-07,1,1
2213,2023-08,11,164
2213,2023-09,25,370
2213,2023-10,8,8
2213,2023-11,17,17
2213,2024-01,20,321
2213,2024-02,20,205
2213,2024-03,4,4
2213,2024-04,3,5
2213,2024-05,2,2
2213,2024-07,2,3
2213,2024-08,15,226
2213,2024-09,32,307
2213,2024-10,8,8
2213,2024-11,16,87
2213,2024-12,7,47
2213,2025-01,32,333
2213,2025-02,20,218
2213,2025-03,2,2
2213,2025-04,3,25
2213,2025-05,2,11
2213,2025-06,2,11
2213,2025-07,1,10
2213,2025-08,13,310
2213,2025-09,31,326
2213,2025-10,7,8
2213,2025-11,5,9
2213,2025-12,5,20
2213,2026-01,17,141
2213,2026-02,29,197
2219,2020-01,281,461
2219,2020-02,306,461
2219,2020-03,440,535
2219,2020-04,251,294
2219,2020-05,283,323
2219,2020-06,243,259
2219,2020-07,158,161
2219,2020-08,133,164
2219,2020-09,802,919
2219,2020-10,572,778
2219,2020-11,472,764
2219,2020-12,509,599
2219,2021-01,308,381
2219,2021-02,557,637
2219,2021-03,959,1100
2219,2021-04,649,1008
2219,2021-05,288,475
2219,2021-06,127,199
2219,2021-07,103,225
2219,2021-08,112,381
2219,2021-09,192,270
2219,2021-10,188,465
2219,2021-11,437,479
2219,2021-12,256,357
2219,2022-01,355,444
2219,2022-02,372,470
2219,2022-03,346,509
2219,2022-04,277,413
2219,2022-05,411,544
2219,2022-06,394,429
2219,2022-07,297,360
2219,2022-08,309,428
2219,2022-09,570,715
2219,2022-10,427,1058
2219,2022-11,363,608
2219,2022-12,465,793
2219,2023-01,574,883
2219,2023-02,430,1108
2219,2023-03,497,1223
2219,2023-04,710,981
2219,2023-05,888,980
2219,2023-06,442,500
2219,2023-07,447,903
2219,2023-08,473,701
2219,2023-09,394,932
2219,2023-10,422,557
2219,2023-11,384,806
2219,2023-12,302,433
2219,2024-01,257,662
2219,2024-02,442,1064
2219,2024-03,239,501
2219,2024-04,346,672
2219,2024-05,185,370
2219,2024-06,122,148
2219,2024-07,83,119
2219,2024-08,120,229
2219,2024-09,140,271
2219,2024-10,174,403
2219,2024-11,165,447
2219,2024-12,116,225
2219,2025-01,162,340
2219,2025-02,153,318
2219,2025-03,135,245
2219,2025-04,139,251
2219,2025-05,97,207
2219,2025-06,130,168
2219,2025-07,103,125
2219,2025-08,97,137
2219,2025-09,162,340
2219,2025-10,157,322
2219,2025-11,188,558
2219,2025-12,160,287
2219,2026-01,43,69
2219,2026-02,143,260
2221,2019-10,1,1
2221,2019-12,3,33
2221,2020-01,2443,4953
2221,2020-02,2969,6262
2221,2020-03,3247,7838
2221,2020-04,3350,8494
2221,2020-05,3539,6791
2221,2020-06,3341,5951
2221,2020-07,2203,3965
2221,2020-08,2231,4406
2221,2020-09,2417,4013
2221,2020-10,2766,5436
2221,2020-11,3877,9376
2221,2020-12,2689,6949
2221,2021-01,3311,6873
2221,2021-02,3463,6600
2221,2021-03,5191,8890
2221,2021-04,5802,10338
2221,2021-05,4357,8298
2221,2021-06,3268,7567
2221,2021-07,1683,3697
2221,2021-08,2442,4244
2221,2021-09,3424,6745
2221,2021-10,3316,6312
2221,2021-11,4677,9320
2221,2021-12,4042,7699
2221,2022-01,4746,8119
2221,2022-02,5873,10542
2221,2022-03,6258,12607
2221,2022-04,5805,12300
2221,2022-05,8122,15535
2221,2022-06,6259,9339
2221,2022-07,2801,4390
2221,2022-08,4997,7146
2221,2022-09,5425,7404
2221,2022-10,6561,9429
2221,2022-11,5884,8866
2221,2022-12,6136,8605
2221,2023-01,8065,11878
2221,2023-02,8267,13162
2221,2023-03,9100,12926
2221,2023-04,10194,14265
2221,2023-05,15432,19676
2221,2023-06,7407,9411
2221,2023-07,4943,6642
2221,2023-08,5692,7062
2221,2023-09,6127,8117
2221,2023-10,4995,6638
2221,2023-11,4507,6642
2221,2023-12,3147,5113
2221,2024-01,4740,7557
2221,2024-02,4727,11758
2221,2024-03,3806,6496
2221,2024-04,5497,9481
2221,2024-05,3970,6962
2221,2024-06,3149,4916
2221,2024-07,1761,3290
2221,2024-08,2298,3751
2221,2024-09,2130,3534
2221,2024-10,2197,3584
2221,2024-11,2169,3959
2221,2024-12,1793,3404
2221,2025-01,2551,4693
2221,2025-02,2797,5418
2221,2025-03,3041,6411
2221,2025-04,2495,4319
2221,2025-05,2510,4435
2221,2025-06,1771,2641
2221,2025-07,1119,1757
2221,2025-08,1597,2316
2221,2025-09,1978,2937
2221,2025-10,2005,3037
2221,2025-11,2124,4122
2221,2025-12,1972,3775
2221,2026-01,435,1264
2221,2026-02,1665,3436
2222,2019-11,1,1
2222,2020-01,142,183
2222,2020-02,160,238
2222,2020-03,140,234
2222,2020-04,136,201
2222,2020-05,138,178
2222,2020-06,129,151
2222,2020-07,50,67
2222,2020-08,57,76
2222,2020-09,102,129
2222,2020-10,113,142
2222,2020-11,147,193
2222,2020-12,112,163
2222,2021-01,152,234
2222,2021-02,203,345
2222,2021-03,244,381
2222,2021-04,206,253
2222,2021-05,195,223
2222,2021-06,141,189
2222,2021-07,76,98
2222,2021-08,108,140
2222,2021-09,150,246
2222,2021-10,167,230
2222,2021-11,230,395
2222,2021-12,178,283
2222,2022-01,194,320
2222,2022-02,327,471
2222,2022-03,389,597
2222,2022-04,264,441
2222,2022-05,521,808
2222,2022-06,291,487
2222,2022-07,115,170
2222,2022-08,221,328
2222,2022-09,265,345
2222,2022-10,301,398
2222,2022-11,242,357
2222,2022-12,230,357
2222,2023-01,325,456
2222,2023-02,302,711
2222,2023-03,682,1114
2222,2023-04,943,1026
2222,2023-05,553,1670
2222,2023-06,390,458
2222,2023-07,152,179
2222,2023-08,158,177
2222,2023-09,193,237
2222,2023-10,163,198
2222,2023-11,150,205
2222,2023-12,57,84
2222,2024-01,150,212
2222,2024-02,73,100
2222,2024-03,63,81
2222,2024-04,224,351
2222,2024-05,170,248
2222,2024-06,125,183
2222,2024-07,67,93
2222,2024-08,57,78
2222,2024-09,88,132
2222,2024-10,95,141
2222,2024-11,99,150
2222,2024-12,86,166
2222,2025-01,101,140
2222,2025-02,129,267
2222,2025-03,162,262
2222,2025-04,104,140
2222,2025-05,80,123
2222,2025-06,69,98
2222,2025-07,58,58
2222,2025-08,70,97
2222,2025-09,68,82
2222,2025-10,78,95
2222,2025-11,89,153
2222,2025-12,100,189
2222,2026-01,9,20
2222,2026-02,85,148
2223,2020-01,73,121
2223,2020-02,113,211
2223,2020-03,120,279
2223,2020-04,89,255
2223,2020-05,67,165
2223,2020-06,118,208
2223,2020-07,58,103
2223,2020-08,72,153
2223,2020-09,103,215
2223,2020-10,87,147
2223,2020-11,124,220
2223,2020-12,98,197
2223,2021-01,89,173
2223,2021-02,103,183
2223,2021-03,163,222
2223,2021-04,161,285
2223,2021-05,148,264
2223,2021-06,107,172
2223,2021-07,46,56
2223,2021-08,100,188
2223,2021-09,140,230
2223,2021-10,230,321
2223,2021-11,137,207
2223,2021-12,147,232
2223,2022-01,157,193
2223,2022-02,319,799
2223,2022-03,244,423
2223,2022-04,157,237
2223,2022-05,264,397
2223,2022-06,161,270
2223,2022-07,101,120
2223,2022-08,192,263
2223,2022-09,213,301
2223,2022-10,210,333
2223,2022-11,259,362
2223,2022-12,273,406
2223,2023-01,346,474
2223,2023-02,332,792
2223,2023-03,452,1059
2223,2023-04,603,672
2223,2023-05,392,499
2223,2023-06,287,345
2223,2023-07,184,237
2223,2023-08,247,271
2223,2023-09,196,230
2223,2023-10,149,224
2223,2023-11,148,201
2223,2023-12,169,227
2223,2024-01,145,234
2223,2024-02,116,150
2223,2024-03,87,120
2223,2024-04,257,335
2223,2024-05,109,142
2223,2024-06,71,89
2223,2024-07,40,63
2223,2024-08,41,63
2223,2024-09,97,174
2223,2024-10,105,143
2223,2024-11,77,123
2223,2024-12,41,57
2223,2025-01,90,144
2223,2025-02,92,157
2223,2025-03,122,271
2223,2025-04,63,103
2223,2025-05,64,135
2223,2025-06,43,59
2223,2025-07,26,31
2223,2025-08,33,46
2223,2025-09,65,182
2223,2025-10,61,93
2223,2025-11,48,62
2223,2025-12,45,49
2223,2026-01,12,12
2223,2026-02,52,70
2224,2020-01,227,278
2224,2020-02,247,308
2224,2020-03,209,240
2224,2020-04,151,178
2224,2020-05,170,183
2224,2020-06,147,167
2224,2020-07,105,136
2224,2020-08,134,153
2224,2020-09,201,260
2224,2020-10,205,268
2224,2020-11,217,271
2224,2020-12,197,255
2224,2021-01,198,227
2224,2021-02,252,304
2224,2021-03,315,353
2224,2021-04,280,329
2224,2021-05,221,269
2224,2021-06,163,185
2224,2021-07,118,130
2224,2021-08,180,203
2224,2021-09,234,269
2224,2021-10,233,264
2224,2021-11,243,327
2224,2021-12,258,344
2224,2022-01,292,392
2224,2022-02,259,332
2224,2022-03,305,392
2224,2022-04,217,248
2224,2022-05,295,326
2224,2022-06,245,285
2224,2022-07,135,174
2224,2022-08,205,232
2224,2022-09,269,302
2224,2022-10,244,267
2224,2022-11,231,260
2224,2022-12,293,321
2224,2023-01,341,444
2224,2023-02,328,674
2224,2023-03,431,814
2224,2023-04,411,466
2224,2023-05,461,528
2224,2023-06,291,344
2224,2023-07,269,293
2224,2023-08,248,284
2224,2023-09,212,242
2224,2023-10,253,290
2224,2023-11,276,338
2224,2023-12,227,250
2224,2024-01,291,356
2224,2024-02,185,201
2224,2024-03,179,210
2224,2024-04,249,308
2224,2024-05,190,220
2224,2024-06,182,214
2224,2024-07,135,167
2224,2024-08,107,130
2224,2024-09,138,184
2224,2024-10,185,209
2224,2024-11,121,147
2224,2024-12,125,137
2224,2025-01,168,207
2224,2025-02,183,235
2224,2025-03,189,238
2224,2025-04,150,181
2224,2025-05,155,176
2224,2025-06,136,153
2224,2025-07,91,104
2224,2025-08,104,112
2224,2025-09,142,162
2224,2025-10,146,164
2224,2025-11,130,140
2224,2025-12,158,191
2224,2026-01,18,20
2224,2026-02,138,168
2225,2020-01,130,176
2225,2020-02,125,166
2225,2020-03,130,170
2225,2020-04,110,154
2225,2020-05,139,173
2225,2020-06,91,110
2225,2020-07,68,78
2225,2020-08,78,97
2225,2020-09,105,120
2225,2020-10,99,143
2225,2020-11,94,104
2225,2020-12,99,144
2225,2021-01,86,93
2225,2021-02,165,322
2225,2021-03,128,149
2225,2021-04,142,167
2225,2021-05,147,181
2225,2021-06,96,107
2225,2021-07,47,54
2225,2021-08,89,115
2225,2021-09,128,149
2225,2021-10,124,163
2225,2021-11,116,140
2225,2021-12,98,108
2225,2022-01,134,160
2225,2022-02,182,220
2225,2022-03,208,269
2225,2022-04,192,234
2225,2022-05,203,253
2225,2022-06,193,232
2225,2022-07,118,158
2225,2022-08,163,185
2225,2022-09,198,215
2225,2022-10,291,311
2225,2022-11,199,225
2225,2022-12,171,179
2225,2023-01,365,427
2225,2023-02,233,573
2225,2023-03,336,707
2225,2023-04,391,441
2225,2023-05,326,366
2225,2023-06,228,269
2225,2023-07,134,142
2225,2023-08,243,259
2225,2023-09,180,205
2225,2023-10,219,262
2225,2023-11,157,183
2225,2023-12,137,178
2225,2024-01,177,211
2225,2024-02,110,133
2225,2024-03,142,180
2225,2024-04,282,363
2225,2024-05,245,329
2225,2024-06,145,188
2225,2024-07,92,131
2225,2024-08,113,156
2225,2024-09,152,200
2225,2024-10,139,176
2225,2024-11,72,91
2225,2024-12,75,103
2225,2025-01,140,159
2225,2025-02,105,158
2225,2025-03,87,119
2225,2025-04,83,102
2225,2025-05,65,84
2225,2025-06,49,56
2225,2025-07,56,70
2225,2025-08,64,80
2225,2025-09,91,110
2225,2025-10,97,113
2225,2025-11,75,95
2225,2025-12,95,108
2225,2026-01,12,18
2225,2026-02,57,68
2226,2020-01,44,194
2226,2020-02,70,157
2226,2020-03,51,178
2226,2020-04,87,306
2226,2020-05,58,194
2226,2020-06,67,142
2226,2020-07,23,27
2226,2020-08,13,23
2226,2020-09,39,104
2226,2020-10,50,259
2226,2020-11,58,220
2226,2020-12,58,125
2226,2021-01,28,72
2226,2021-02,89,198
2226,2021-03,128,202
2226,2021-04,65,126
2226,2021-05,61,143
2226,2021-06,50,56
2226,2021-07,21,30
2226,2021-08,35,80
2226,2021-09,49,84
2226,2021-10,46,326
2226,2021-11,148,187
2226,2021-12,77,367
2226,2022-01,49,86
2226,2022-02,108,196
2226,2022-03,81,166
2226,2022-04,75,133
2226,2022-05,105,157
2226,2022-06,90,148
2226,2022-07,27,43
2226,2022-08,48,148
2226,2022-09,57,118
2226,2022-10,61,353
2226,2022-11,50,146
2226,2022-12,67,315
2226,2023-01,73,243
2226,2023-02,74,417
2226,2023-03,126,487
2226,2023-04,135,183
2226,2023-05,212,291
2226,2023-06,191,278
2226,2023-07,83,104
2226,2023-08,106,143
2226,2023-09,118,434
2226,2023-10,105,391
2226,2023-11,129,216
2226,2023-12,103,368
2226,2024-01,123,292
2226,2024-02,154,299
2226,2024-03,68,168
2226,2024-04,223,340
2226,2024-05,190,334
2226,2024-06,77,151
2226,2024-07,33,48
2226,2024-08,45,69
2226,2024-09,69,120
2226,2024-10,41,61
2226,2024-11,100,331
2226,2024-12,47,170
2226,2025-01,128,378
2226,2025-02,71,281
2226,2025-03,114,278
2226,2025-04,83,201
2226,2025-05,93,189
2226,2025-06,69,88
2226,2025-07,52,65
2226,2025-08,64,100
2226,2025-09,46,76
2226,2025-10,49,135
2226,2025-11,72,306
2226,2025-12,79,274
2226,2026-01,3,8
2226,2026-02,55,98
2227,2019-12,1,5
2227,2020-01,131,263
2227,2020-02,100,254
2227,2020-03,197,414
2227,2020-04,258,521
2227,2020-05,167,270
2227,2020-06,82,120
2227,2020-07,53,102
2227,2020-08,85,151
2227,2020-09,74,122
2227,2020-10,87,183
2227,2020-11,87,167
2227,2020-12,78,142
2227,2021-01,99,194
2227,2021-02,109,175
2227,2021-03,147,310
2227,2021-04,107,182
2227,2021-05,93,199
2227,2021-06,76,124
2227,2021-07,48,103
2227,2021-08,72,95
2227,2021-09,99,143
2227,2021-10,94,142
2227,2021-11,85,105
2227,2021-12,80,110
2227,2022-01,129,287
2227,2022-02,120,207
2227,2022-03,117,193
2227,2022-04,91,129
2227,2022-05,395,3080
2227,2022-06,80,132
2227,2022-07,63,89
2227,2022-08,91,133
2227,2022-09,84,132
2227,2022-10,88,156
2227,2022-11,85,164
2227,2022-12,91,186
2227,2023-01,133,233
2227,2023-02,128,548
2227,2023-03,127,500
2227,2023-04,92,151
2227,2023-05,91,160
2227,2023-06,73,119
2227,2023-07,44,85
2227,2023-08,73,110
2227,2023-09,59,83
2227,2023-10,68,89
2227,2023-11,52,78
2227,2023-12,50,126
2227,2024-01,73,119
2227,2024-02,79,109
2227,2024-03,69,111
2227,2024-04,86,120
2227,2024-05,60,121
2227,2024-06,43,56
2227,2024-07,42,107
2227,2024-08,35,43
2227,2024-09,41,69
2227,2024-10,45,63
2227,2024-11,25,34
2227,2024-12,78,92
2227,2025-01,50,98
2227,2025-02,57,105
2227,2025-03,71,105
2227,2025-04,68,107
2227,2025-05,52,72
2227,2025-06,39,61
2227,2025-07,28,37
2227,2025-08,34,55
2227,2025-09,47,72
2227,2025-10,47,69
2227,2025-11,28,68
2227,2025-12,38,59
2227,2026-01,31,67
2227,2026-02,74,119
2228,2020-01,86,141
2228,2020-02,123,231
2228,2020-03,157,329
2228,2020-04,147,402
2228,2020-05,128,278
2228,2020-06,130,254
2228,2020-07,51,83
2228,2020-08,51,119
2228,2020-09,78,172
2228,2020-10,78,148
2228,2020-11,157,300
2228,2020-12,125,226
2228,2021-01,122,193
2228,2021-02,153,256
2228,2021-03,207,336
2228,2021-04,141,259
2228,2021-05,119,279
2228,2021-06,407,2662
2228,2021-07,53,71
2228,2021-08,79,147
2228,2021-09,155,241
2228,2021-10,128,247
2228,2021-11,148,211
2228,2021-12,121,194
2228,2022-01,148,232
2228,2022-02,185,284
2228,2022-03,173,259
2228,2022-04,126,205
2228,2022-05,155,231
2228,2022-06,122,179
2228,2022-07,51,59
2228,2022-08,69,88
2228,2022-09,120,163
2228,2022-10,100,132
2228,2022-11,141,182
2228,2022-12,162,244
2228,2023-01,281,376
2228,2023-02,276,652
2228,2023-03,436,862
2228,2023-04,693,753
2228,2023-05,412,521
2228,2023-06,275,315
2228,2023-07,193,246
2228,2023-08,219,251
2228,2023-09,231,279
2228,2023-10,161,185
2228,2023-11,163,302
2228,2023-12,74,109
2228,2024-01,150,214
2228,2024-02,105,131
2228,2024-03,67,94
2228,2024-04,204,295
2228,2024-05,157,190
2228,2024-06,100,132
2228,2024-07,53,85
2228,2024-08,59,90
2228,2024-09,151,241
2228,2024-10,127,208
2228,2024-11,116,178
2228,2024-12,101,172
2228,2025-01,106,216
2228,2025-02,104,204
2228,2025-03,142,245
2228,2025-04,74,132
2228,2025-05,55,99
2228,2025-06,41,69
2228,2025-07,55,62
2228,2025-08,51,67
2228,2025-09,75,91
2228,2025-10,89,127
2228,2025-11,61,88
2228,2025-12,81,118
2228,2026-01,6,23
2228,2026-02,56,94
2231,2020-01,127,207
2231,2020-02,173,287
2231,2020-03,148,244
2231,2020-04,79,121
2231,2020-05,60,88
2231,2020-06,87,121
2231,2020-07,72,116
2231,2020-08,81,137
2231,2020-09,147,229
2231,2020-10,150,216
2231,2020-11,164,247
2231,2020-12,103,142
2231,2021-01,96,126
2231,2021-02,118,192
2231,2021-03,144,186
2231,2021-04,159,296
2231,2021-05,91,152
2231,2021-06,73,131
2231,2021-07,52,77
2231,2021-08,84,136
2231,2021-09,160,280
2231,2021-10,132,221
2231,2021-11,152,215
2231,2021-12,138,203
2231,2022-01,146,199
2231,2022-02,232,343
2231,2022-03,216,316
2231,2022-04,152,239
2231,2022-05,244,391
2231,2022-06,149,264
2231,2022-07,95,130
2231,2022-08,200,300
2231,2022-09,218,335
2231,2022-10,253,408
2231,2022-11,259,402
2231,2022-12,286,485
2231,2023-01,391,616
2231,2023-02,319,778
2231,2023-03,412,830
2231,2023-04,591,699
2231,2023-05,344,480
2231,2023-06,304,388
2231,2023-07,184,252
2231,2023-08,193,244
2231,2023-09,264,334
2231,2023-10,229,279
2231,2023-11,197,259
2231,2023-12,188,239
2231,2024-01,198,257
2231,2024-02,170,232
2231,2024-03,111,162
2231,2024-04,260,328
2231,2024-05,129,186
2231,2024-06,106,162
2231,2024-07,78,135
2231,2024-08,102,152
2231,2024-09,122,179
2231,2024-10,166,230
2231,2024-11,210,260
2231,2024-12,88,131
2231,2025-01,175,252
2231,2025-02,182,296
2231,2025-03,171,321
2231,2025-04,104,159
2231,2025-05,90,172
2231,2025-06,81,113
2231,2025-07,73,95
2231,2025-08,79,94
2231,2025-09,121,145
2231,2025-10,116,149
2231,2025-11,86,130
2231,2025-12,89,116
2231,2026-01,8,12
2231,2026-02,64,88
2232,2020-01,102,153
2232,2020-02,112,224
2232,2020-03,106,154
2232,2020-04,73,102
2232,2020-05,78,100
2232,2020-06,77,97
2232,2020-07,70,100
2232,2020-08,93,147
2232,2020-09,147,244
2232,2020-10,108,176
2232,2020-11,88,187
2232,2020-12,60,84
2232,2021-01,93,115
2232,2021-02,74,88
2232,2021-03,119,150
2232,2021-04,149,291
2232,2021-05,122,211
2232,2021-06,105,167
2232,2021-07,57,78
2232,2021-08,95,110
2232,2021-09,163,248
2232,2021-10,146,193
2232,2021-11,192,218
2232,2021-12,144,281
2232,2022-01,183,425
2232,2022-02,160,303
2232,2022-03,157,355
2232,2022-04,131,287
2232,2022-05,173,423
2232,2022-06,144,324
2232,2022-07,85,213
2232,2022-08,146,320
2232,2022-09,233,571
2232,2022-10,206,636
2232,2022-11,148,296
2232,2022-12,107,152
2232,2023-01,228,386
2232,2023-02,198,418
2232,2023-03,207,832
2232,2023-04,254,412
2232,2023-05,265,402
2232,2023-06,249,356
2232,2023-07,151,253
2232,2023-08,158,264
2232,2023-09,183,287
2232,2023-10,179,321
2232,2023-11,91,119
2232,2023-12,65,100
2232,2024-01,150,199
2232,2024-02,86,96
2232,2024-03,83,136
2232,2024-04,145,177
2232,2024-05,109,114
2232,2024-06,88,98
2232,2024-07,45,59
2232,2024-08,60,96
2232,2024-09,72,118
2232,2024-10,81,95
2232,2024-11,71,87
2232,2024-12,55,79
2232,2025-01,59,78
2232,2025-02,62,92
2232,2025-03,91,127
2232,2025-04,71,140
2232,2025-05,69,107
2232,2025-06,41,49
2232,2025-07,31,33
2232,2025-08,69,128
2232,2025-09,59,70
2232,2025-10,81,165
2232,2025-11,53,68
2232,2025-12,61,131
2232,2026-01,4,4
2232,2026-02,41,56
2233,2020-01,86,89
2233,2020-02,90,155
2233,2020-03,93,98
2233,2020-04,107,126
2233,2020-05,148,174
2233,2020-06,149,158
2233,2020-07,51,55
2233,2020-08,101,114
2233,2020-09,110,160
2233,2020-10,121,165
2233,2020-11,84,86
2233,2020-12,66,68
2233,2021-01,74,82
2233,2021-02,70,75
2233,2021-03,124,128
2233,2021-04,150,170
2233,2021-05,186,192
2233,2021-06,155,167
2233,2021-07,59,61
2233,2021-08,159,171
2233,2021-09,166,189
2233,2021-10,183,197
2233,2021-11,153,161
2233,2021-12,129,137
2233,2022-01,110,125
2233,2022-02,117,123
2233,2022-03,177,192
2233,2022-04,168,176
2233,2022-05,206,218
2233,2022-06,177,187
2233,2022-07,67,69
2233,2022-08,161,171
2233,2022-09,131,141
2233,2022-10,144,166
2233,2022-11,118,136
2233,2022-12,109,124
2233,2023-01,116,119
2233,2023-02,110,123
2233,2023-03,169,183
2233,2023-04,99,101
2233,2023-05,199,207
2233,2023-06,151,162
2233,2023-07,70,77
2233,2023-08,92,96
2233,2023-09,88,93
2233,2023-10,113,113
2233,2023-11,86,104
2233,2023-12,74,78
2233,2024-01,79,96
2233,2024-02,72,75
2233,2024-03,94,97
2233,2024-04,87,90
2233,2024-05,93,98
2233,2024-06,73,73
2233,2024-07,39,41
2233,2024-08,72,89
2233,2024-09,79,96
2233,2024-10,68,94
2233,2024-11,62,62
2233,2024-12,49,54
2233,2025-01,46,46
2233,2025-02,47,48
2233,2025-03,66,70
2233,2025-04,112,113
2233,2025-05,111,114
2233,2025-06,91,94
2233,2025-07,41,44
2233,2025-08,81,99
2233,2025-09,59,68
2233,2025-10,77,78
2233,2025-11,65,68
2233,2025-12,85,88
2233,2026-01,9,18
2233,2026-02,50,75
2234,2020-01,14,14
2234,2020-02,6,6
2234,2020-03,9,11
2234,2020-04,5,5
2234,2020-05,2,3
2234,2020-06,5,5
2234,2020-07,5,5
2234,2020-08,3,3
2234,2020-09,8,9
2234,2020-10,10,10
2234,2020-11,14,14
2234,2020-12,12,12
2234,2021-01,8,8
2234,2021-02,15,16
2234,2021-03,10,11
2234,2021-04,21,21
2234,2021-05,20,20
2234,2021-06,17,17
2234,2021-07,10,11
2234,2021-08,12,13
2234,2021-09,19,19
2234,2021-10,31,32
2234,2021-11,18,19
2234,2021-12,28,31
2234,2022-01,20,21
2234,2022-02,18,19
2234,2022-03,28,33
2234,2022-04,22,24
2234,2022-05,24,25
2234,2022-06,19,20
2234,2022-07,10,10
2234,2022-08,7,7
2234,2022-09,14,14
2234,2022-10,13,13
2234,2022-11,16,17
2234,2022-12,23,25
2234,2023-01,15,23
2234,2023-02,20,22
2234,2023-03,18,18
2234,2023-04,7,12
2234,2023-05,16,18
2234,2023-06,9,9
2234,2023-07,8,8
2234,2023-08,14,14
2234,2023-09,12,13
2234,2023-10,8,8
2234,2023-11,8,8
2234,2023-12,10,12
2234,2024-01,17,17
2234,2024-02,8,8
2234,2024-03,10,11
2234,2024-04,7,7
2234,2024-05,14,15
2234,2024-06,8,8
2234,2024-07,6,6
2234,2024-08,4,4
2234,2024-09,5,5
2234,2024-10,4,4
2234,2024-11,7,8
2234,2024-12,11,11
2234,2025-01,8,8
2234,2025-02,16,16
2234,2025-03,9,9
2234,2025-04,18,18
2234,2025-05,13,13
2234,2025-06,13,15
2234,2025-07,8,8
2234,2025-08,4,4
2234,2025-09,10,10
2234,2025-10,6,6
2234,2025-11,9,10
2234,2025-12,15,15
2234,2026-01,2,3
2234,2026-02,9,9
2235,2020-01,65,119
2235,2020-02,34,84
2235,2020-03,44,97
2235,2020-04,45,90
2235,2020-05,42,79
2235,2020-06,39,51
2235,2020-07,23,38
2235,2020-08,22,37
2235,2020-09,68,108
2235,2020-10,60,92
2235,2020-11,73,106
2235,2020-12,57,97
2235,2021-01,39,64
2235,2021-02,73,116
2235,2021-03,83,135
2235,2021-04,85,113
2235,2021-05,63,96
2235,2021-06,68,113
2235,2021-07,22,31
2235,2021-08,295,552
2235,2021-09,280,529
2235,2021-10,80,125
2235,2021-11,166,205
2235,2021-12,82,113
2235,2022-01,101,163
2235,2022-02,97,149
2235,2022-03,102,197
2235,2022-04,84,151
2235,2022-05,117,203
2235,2022-06,97,156
2235,2022-07,57,79
2235,2022-08,57,91
2235,2022-09,138,220
2235,2022-10,152,247
2235,2022-11,140,237
2235,2022-12,120,261
2235,2023-01,223,373
2235,2023-02,141,310
2235,2023-03,182,275
2235,2023-04,155,224
2235,2023-05,274,357
2235,2023-06,190,242
2235,2023-07,83,121
2235,2023-08,150,190
2235,2023-09,140,178
2235,2023-10,203,266
2235,2023-11,106,135
2235,2023-12,59,97
2235,2024-01,112,175
2235,2024-02,51,69
2235,2024-03,69,90
2235,2024-04,161,221
2235,2024-05,80,106
2235,2024-06,63,85
2235,2024-07,52,67
2235,2024-08,68,84
2235,2024-09,103,132
2235,2024-10,83,107
2235,2024-11,51,96
2235,2024-12,58,101
2235,2025-01,55,71
2235,2025-02,66,104
2235,2025-03,81,130
2235,2025-04,38,50
2235,2025-05,21,32
2235,2025-06,29,37
2235,2025-07,23,28
2235,2025-08,18,20
2235,2025-09,38,46
2235,2025-10,34,41
2235,2025-11,33,39
2235,2025-12,61,93
2235,2026-01,7,13
2235,2026-02,44,57
2239,2020-01,11,13
2239,2020-02,31,36
2239,2020-03,34,45
2239,2020-04,29,43
2239,2020-05,27,32
2239,2020-06,15,17
2239,2020-07,18,18
2239,2020-08,19,19
2239,2020-09,21,21
2239,2020-10,23,26
2239,2020-11,31,35
2239,2020-12,33,34
2239,2021-01,20,20
2239,2021-02,27,28
2239,2021-03,28,29
2239,2021-04,35,36
2239,2021-05,26,26
2239,2021-06,18,19
2239,2021-07,11,11
2239,2021-08,14,16
2239,2021-09,25,31
2239,2021-10,26,38
2239,2021-11,24,26
2239,2021-12,25,25
2239,2022-01,29,40
2239,2022-02,47,49
2239,2022-03,47,47
2239,2022-04,44,48
2239,2022-05,34,38
2239,2022-06,27,32
2239,2022-07,20,22
2239,2022-08,14,15
2239,2022-09,38,45
2239,2022-10,44,58
2239,2022-11,25,30
2239,2022-12,33,41
2239,2023-01,29,35
2239,2023-02,26,323
2239,2023-03,42,544
2239,2023-04,36,42
2239,2023-05,46,55
2239,2023-06,27,28
2239,2023-07,15,15
2239,2023-08,32,34
2239,2023-09,18,18
2239,2023-10,36,38
2239,2023-11,54,61
2239,2023-12,22,24
2239,2024-01,30,34
2239,2024-02,22,22
2239,2024-03,23,26
2239,2024-04,21,21
2239,2024-05,13,13
2239,2024-06,14,14
2239,2024-07,9,10
2239,2024-08,10,13
2239,2024-09,17,17
2239,2024-10,18,23
2239,2024-11,17,21
2239,2024-12,18,27
2239,2025-01,20,27
2239,2025-02,15,18
2239,2025-03,17,17
2239,2025-04,16,16
2239,2025-05,16,17
2239,2025-06,11,12
2239,2025-07,8,8
2239,2025-08,15,16
2239,2025-09,23,23
2239,2025-10,21,21
2239,2025-11,26,28
2239,2025-12,20,25
2239,2026-01,6,16
2239,2026-02,18,19
2241,2020-01,250,316
2241,2020-02,295,380
2241,2020-03,269,403
2241,2020-04,210,258
2241,2020-05,225,277
2241,2020-06,195,231
2241,2020-07,133,143
2241,2020-08,141,161
2241,2020-09,210,260
2241,2020-10,244,284
2241,2020-11,268,304
2241,2020-12,237,282
2241,2021-01,242,324
2241,2021-02,226,312
2241,2021-03,305,423
2241,2021-04,340,395
2241,2021-05,311,367
2241,2021-06,285,315
2241,2021-07,140,160
2241,2021-08,228,256
2241,2021-09,365,462
2241,2021-10,327,410
2241,2021-11,386,480
2241,2021-12,341,399
2241,2022-01,294,368
2241,2022-02,369,481
2241,2022-03,412,518
2241,2022-04,351,462
2241,2022-05,468,528
2241,2022-06,443,580
2241,2022-07,201,290
2241,2022-08,347,512
2241,2022-09,408,707
2241,2022-10,337,422
2241,2022-11,367,494
2241,2022-12,292,413
2241,2023-01,281,338
2241,2023-02,287,746
2241,2023-03,332,800
2241,2023-04,260,324
2241,2023-05,352,485
2241,2023-06,208,248
2241,2023-07,117,161
2241,2023-08,219,245
2241,2023-09,224,307
2241,2023-10,325,458
2241,2023-11,249,283
2241,2023-12,225,261
2241,2024-01,277,317
2241,2024-02,279,320
2241,2024-03,284,416
2241,2024-04,261,292
2241,2024-05,297,322
2241,2024-06,212,239
2241,2024-07,107,115
2241,2024-08,243,251
2241,2024-09,279,518
2241,2024-10,322,404
2241,2024-11,210,250
2241,2024-12,256,300
2241,2025-01,266,299
2241,2025-02,337,395
2241,2025-03,228,290
2241,2025-04,243,263
2241,2025-05,204,229
2241,2025-06,156,162
2241,2025-07,105,120
2241,2025-08,166,183
2241,2025-09,208,282
2241,2025-10,280,338
2241,2025-11,210,220
2241,2025-12,263,317
2241,2026-01,35,38
2241,2026-02,194,261
2242,2020-01,14,18
2242,2020-02,12,14
2242,2020-03,11,13
2242,2020-04,12,12
2242,2020-05,26,36
2242,2020-06,20,30
2242,2020-07,3,3
2242,2020-08,8,8
2242,2020-09,14,16
2242,2020-10,11,11
2242,2020-11,14,23
2242,2020-12,16,26
2242,2021-01,6,6
2242,2021-02,8,8
2242,2021-03,15,19
2242,2021-04,16,26
2242,2021-05,13,16
2242,2021-06,17,21
2242,2021-07,5,7
2242,2021-08,11,20
2242,2021-09,19,24
2242,2021-10,25,28
2242,2021-11,22,25
2242,2021-12,13,13
2242,2022-01,9,10
2242,2022-02,19,19
2242,2022-03,16,16
2242,2022-04,23,28
2242,2022-05,15,16
2242,2022-06,27,37
2242,2022-07,15,16
2242,2022-08,17,20
2242,2022-09,15,16
2242,2022-10,21,23
2242,2022-11,17,18
2242,2022-12,23,35
2242,2023-01,16,16
2242,2023-02,18,21
2242,2023-03,29,29
2242,2023-04,13,13
2242,2023-05,20,23
2242,2023-06,14,14
2242,2023-07,12,12
2242,2023-08,11,11
2242,2023-09,20,22
2242,2023-10,35,39
2242,2023-11,16,20
2242,2023-12,10,10
2242,2024-01,17,20
2242,2024-02,18,23
2242,2024-03,13,13
2242,2024-04,9,15
2242,2024-05,8,8
2242,2024-06,24,94
2242,2024-07,5,5
2242,2024-08,21,22
2242,2024-09,18,21
2242,2024-10,15,23
2242,2024-11,24,25
2242,2024-12,17,17
2242,2025-01,21,21
2242,2025-02,11,11
2242,2025-03,7,7
2242,2025-04,8,8
2242,2025-05,10,14
2242,2025-06,12,14
2242,2025-07,7,7
2242,2025-08,33,41
2242,2025-09,10,10
2242,2025-10,22,22
2242,2025-11,9,9
2242,2025-12,9,9
2242,2026-01,2,2
2242,2026-02,7,7
2250,2019-11,1,19
2250,2020-01,40,43
2250,2020-02,47,71
2250,2020-03,29,32
2250,2020-04,22,28
2250,2020-05,23,36
2250,2020-06,28,31
2250,2020-07,23,29
2250,2020-08,27,32
2250,2020-09,44,55
2250,2020-10,33,39
2250,2020-11,46,134
2250,2020-12,45,51
2250,2021-01,54,71
2250,2021-02,40,45
2250,2021-03,66,86
2250,2021-04,63,110
2250,2021-05,32,69
2250,2021-06,49,62
2250,2021-07,27,33
2250,2021-08,41,53
2250,2021-09,47,77
2250,2021-10,57,94
2250,2021-11,47,88
2250,2021-12,58,116
2250,2022-01,57,85
2250,2022-02,63,124
2250,2022-03,56,89
2250,2022-04,54,73
2250,2022-05,47,93
2250,2022-06,47,64
2250,2022-07,36,48
2250,2022-08,28,33
2250,2022-09,44,62
2250,2022-10,52,123
2250,2022-11,59,89
2250,2022-12,48,64
2250,2023-01,41,56
2250,2023-02,32,71
2250,2023-03,35,78
2250,2023-04,27,33
2250,2023-05,39,334
2250,2023-06,26,34
2250,2023-07,25,28
2250,2023-08,28,30
2250,2023-09,27,51
2250,2023-10,38,44
2250,2023-11,34,93
2250,2023-12,41,91
2250,2024-01,36,49
2250,2024-02,43,110
2250,2024-03,26,28
2250,2024-04,38,44
2250,2024-05,24,65
2250,2024-06,34,41
2250,2024-07,27,30
2250,2024-08,28,31
2250,2024-09,29,33
2250,2024-10,25,37
2250,2024-11,30,35
2250,2024-12,23,27
2250,2025-01,34,38
2250,2025-02,37,42
2250,2025-03,32,33
2250,2025-04,31,33
2250,2025-05,37,37
2250,2025-06,34,38
2250,2025-07,25,25
2250,2025-08,25,32
2250,2025-09,36,38
2250,2025-10,33,38
2250,2025-11,37,45
2250,2025-12,38,40
2250,2026-01,14,14
2250,2026-02,63,185
2260,2020-01,205,322
2260,2020-02,172,313
2260,2020-03,120,142
2260,2020-04,51,69
2260,2020-05,69,74
2260,2020-06,125,146
2260,2020-07,52,56
2260,2020-08,92,117
2260,2020-09,138,160
2260,2020-10,134,151
2260,2020-11,115,138
2260,2020-12,105,115
2260,2021-01,154,185
2260,2021-02,131,217
2260,2021-03,155,186
2260,2021-04,155,176
2260,2021-05,156,178
2260,2021-06,125,170
2260,2021-07,69,81
2260,2021-08,142,155
2260,2021-09,181,272
2260,2021-10,173,214
2260,2021-11,174,213
2260,2021-12,122,187
2260,2022-01,172,237
2260,2022-02,187,262
2260,2022-03,203,240
2260,2022-04,150,174
2260,2022-05,173,201
2260,2022-06,143,207
2260,2022-07,82,94
2260,2022-08,152,180
2260,2022-09,167,228
2260,2022-10,185,232
2260,2022-11,188,211
2260,2022-12,143,258
2260,2023-01,168,225
2260,2023-02,151,192
2260,2023-03,144,163
2260,2023-04,125,136
2260,2023-05,168,183
2260,2023-06,103,112
2260,2023-07,77,88
2260,2023-08,121,140
2260,2023-09,140,195
2260,2023-10,127,152
2260,2023-11,143,177
2260,2023-12,95,129
2260,2024-01,140,180
2260,2024-02,168,234
2260,2024-03,147,161
2260,2024-04,118,126
2260,2024-05,134,148
2260,2024-06,106,130
2260,2024-07,71,84
2260,2024-08,125,147
2260,2024-09,124,128
2260,2024-10,144,160
2260,2024-11,142,156
2260,2024-12,111,123
2260,2025-01,134,155
2260,2025-02,132,159
2260,2025-03,151,165
2260,2025-04,142,175
2260,2025-05,115,128
2260,2025-06,109,118
2260,2025-07,75,100
2260,2025-08,99,130
2260,2025-09,158,173
2260,2025-10,131,152
2260,2025-11,125,163
2260,2025-12,122,210
2260,2026-01,44,58
2260,2026-02,74,90
2271,2020-01,4,4
2271,2020-02,9,10
2271,2020-03,3,3
2271,2020-07,1,1
2271,2020-08,4,4
2271,2020-10,4,4
2271,2020-11,5,6
2271,2020-12,4,4
2271,2021-01,3,3
2271,2021-02,1,1
2271,2021-03,6,8
2271,2021-04,1,1
2271,2021-05,4,4
2271,2021-06,8,10
2271,2021-07,6,6
2271,2021-08,4,4
2271,2021-09,10,11
2271,2021-10,2,2
2271,2021-11,8,12
2271,2021-12,1,1
2271,2022-01,8,12
2271,2022-02,6,11
2271,2022-03,5,9
2271,2022-04,7,10
2271,2022-05,6,10
2271,2022-06,12,13
2271,2022-07,5,7
2271,2022-08,9,9
2271,2022-09,2,2
2271,2022-10,9,11
2271,2022-11,5,5
2271,2022-12,7,8
2271,2023-01,8,12
2271,2023-02,9,306
2271,2023-03,12,322
2271,2023-04,5,7
2271,2023-05,14,16
2271,2023-06,5,6
2271,2023-08,3,3
2271,2023-09,4,4
2271,2023-10,10,10
2271,2023-11,4,5
2271,2023-12,8,8
2271,2024-01,2,2
2271,2024-02,3,5
2271,2024-03,8,8
2271,2024-04,5,5
2271,2024-05,4,4
2271,2024-06,14,14
2271,2024-07,5,5
2271,2024-08,2,2
2271,2024-09,2,3
2271,2024-11,1,1
2271,2024-12,2,3
2271,2025-01,2,3
2271,2025-03,11,12
2271,2025-04,2,3
2271,2025-05,3,4
2271,2025-06,3,4
2271,2025-07,7,7
2271,2025-08,6,7
2271,2025-09,6,6
2271,2025-10,8,8
2271,2025-11,13,14
2271,2025-12,9,10
2271,2026-01,3,3
2271,2026-02,8,8
2272,2019-11,1,1
2272,2020-01,309,424
2272,2020-02,325,388
2272,2020-03,257,318
2272,2020-04,165,200
2272,2020-05,178,218
2272,2020-06,162,187
2272,2020-07,122,165
2272,2020-08,124,165
2272,2020-09,204,266
2272,2020-10,201,242
2272,2020-11,210,252
2272,2020-12,206,250
2272,2021-01,223,307
2272,2021-02,310,573
2272,2021-03,322,443
2272,2021-04,260,295
2272,2021-05,312,386
2272,2021-06,248,308
2272,2021-07,194,275
2272,2021-08,269,375
2272,2021-09,361,425
2272,2021-10,368,462
2272,2021-11,433,514
2272,2021-12,388,482
2272,2022-01,368,471
2272,2022-02,401,548
2272,2022-03,436,536
2272,2022-04,387,437
2272,2022-05,450,510
2272,2022-06,375,445
2272,2022-07,209,241
2272,2022-08,377,594
2272,2022-09,359,412
2272,2022-10,338,387
2272,2022-11,369,446
2272,2022-12,340,430
2272,2023-01,368,500
2272,2023-02,421,781
2272,2023-03,491,854
2272,2023-04,360,464
2272,2023-05,477,587
2272,2023-06,240,272
2272,2023-07,180,192
2272,2023-08,303,345
2272,2023-09,291,330
2272,2023-10,311,341
2272,2023-11,257,296
2272,2023-12,233,308
2272,2024-01,315,459
2272,2024-02,259,296
2272,2024-03,278,324
2272,2024-04,378,414
2272,2024-05,221,271
2272,2024-06,182,197
2272,2024-07,148,163
2272,2024-08,186,201
2272,2024-09,196,235
2272,2024-10,228,260
2272,2024-11,194,219
2272,2024-12,199,254
2272,2025-01,263,319
2272,2025-02,229,309
2272,2025-03,260,306
2272,2025-04,230,254
2272,2025-05,197,225
2272,2025-06,211,241
2272,2025-07,128,138
2272,2025-08,212,240
2272,2025-09,235,256
2272,2025-10,276,319
2272,2025-11,250,271
2272,2025-12,254,369
2272,2026-01,77,131
2272,2026-02,196,251
2273,2020-01,293,382
2273,2020-02,288,369
2273,2020-03,238,286
2273,2020-04,193,258
2273,2020-05,185,218
2273,2020-06,146,163
2273,2020-07,126,166
2273,2020-08,125,161
2273,2020-09,209,302
2273,2020-10,169,212
2273,2020-11,212,256
2273,2020-12,200,274
2273,2021-01,254,350
2273,2021-02,314,378
2273,2021-03,359,486
2273,2021-04,333,396
2273,2021-05,321,379
2273,2021-06,282,318
2273,2021-07,167,224
2273,2021-08,219,303
2273,2021-09,328,411
2273,2021-10,323,377
2273,2021-11,334,423
2273,2021-12,331,425
2273,2022-01,340,449
2273,2022-02,360,446
2273,2022-03,425,521
2273,2022-04,375,434
2273,2022-05,408,457
2273,2022-06,311,359
2273,2022-07,200,223
2273,2022-08,265,312
2273,2022-09,379,488
2273,2022-10,359,416
2273,2022-11,333,445
2273,2022-12,336,429
2273,2023-01,372,492
2273,2023-02,405,783
2273,2023-03,538,912
2273,2023-04,351,431
2273,2023-05,469,565
2273,2023-06,266,297
2273,2023-07,193,206
2273,2023-08,356,400
2273,2023-09,300,323
2273,2023-10,395,427
2273,2023-11,358,398
2273,2023-12,322,398
2273,2024-01,424,501
2273,2024-02,361,455
2273,2024-03,327,410
2273,2024-04,411,493
2273,2024-05,285,410
2273,2024-06,188,215
2273,2024-07,167,189
2273,2024-08,214,229
2273,2024-09,208,234
2273,2024-10,236,250
2273,2024-11,211,230
2273,2024-12,221,278
2273,2025-01,278,337
2273,2025-02,269,320
2273,2025-03,253,307
2273,2025-04,233,282
2273,2025-05,209,239
2273,2025-06,163,194
2273,2025-07,134,182
2273,2025-08,173,187
2273,2025-09,230,253
2273,2025-10,242,272
2273,2025-11,224,245
2273,2025-12,228,353
2273,2026-01,77,142
2273,2026-02,232,273
2281,2020-01,53,56
2281,2020-02,57,58
2281,2020-03,93,109
2281,2020-04,60,67
2281,2020-05,31,43
2281,2020-06,30,31
2281,2020-07,30,34
2281,2020-08,30,30
2281,2020-09,34,35
2281,2020-10,45,48
2281,2020-11,63,66
2281,2020-12,35,51
2281,2021-01,53,54
2281,2021-02,76,82
2281,2021-03,81,82
2281,2021-04,66,95
2281,2021-05,84,96
2281,2021-06,61,73
2281,2021-07,42,43
2281,2021-08,45,46
2281,2021-09,82,87
2281,2021-10,51,51
2281,2021-11,69,69
2281,2021-12,77,80
2281,2022-01,98,109
2281,2022-02,103,117
2281,2022-03,154,163
2281,2022-04,144,166
2281,2022-05,185,193
2281,2022-06,159,162
2281,2022-07,281,287
2281,2022-08,166,169
2281,2022-09,196,209
2281,2022-10,111,120
2281,2022-11,126,130
2281,2022-12,105,185
2281,2023-01,154,168
2281,2023-02,128,331
2281,2023-03,172,590
2281,2023-04,118,141
2281,2023-05,136,156
2281,2023-06,96,104
2281,2023-07,87,107
2281,2023-08,72,80
2281,2023-09,97,106
2281,2023-10,95,120
2281,2023-11,207,226
2281,2023-12,105,145
2281,2024-01,117,134
2281,2024-02,269,289
2281,2024-03,143,154
2281,2024-04,157,171
2281,2024-05,220,278
2281,2024-06,134,198
2281,2024-07,220,228
2281,2024-08,84,95
2281,2024-09,142,171
2281,2024-10,154,177
2281,2024-11,162,195
2281,2024-12,133,199
2281,2025-01,175,216
2281,2025-02,282,405
2281,2025-03,337,549
2281,2025-04,248,346
2281,2025-05,286,396
2281,2025-06,193,274
2281,2025-07,116,145
2281,2025-08,126,136
2281,2025-09,146,273
2281,2025-10,155,170
2281,2025-11,106,120
2281,2025-12,127,137
2281,2026-01,51,55
2281,2026-02,93,107
2282,2019-12,2,3
2282,2020-01,47,51
2282,2020-02,45,48
2282,2020-03,31,33
2282,2020-04,30,31
2282,2020-05,24,25
2282,2020-06,27,30
2282,2020-07,23,23
2282,2020-08,26,32
2282,2020-09,26,27
2282,2020-10,35,42
2282,2020-11,46,50
2282,2020-12,36,38
2282,2021-01,36,40
2282,2021-02,47,57
2282,2021-03,54,58
2282,2021-04,42,50
2282,2021-05,54,56
2282,2021-06,35,36
2282,2021-07,35,42
2282,2021-08,38,39
2282,2021-09,61,73
2282,2021-10,49,60
2282,2021-11,65,79
2282,2021-12,51,58
2282,2022-01,46,52
2282,2022-02,70,81
2282,2022-03,59,66
2282,2022-04,49,54
2282,2022-05,63,66
2282,2022-06,70,77
2282,2022-07,31,32
2282,2022-08,67,70
2282,2022-09,75,84
2282,2022-10,60,65
2282,2022-11,58,83
2282,2022-12,61,71
2282,2023-01,58,59
2282,2023-02,50,349
2282,2023-03,76,383
2282,2023-04,43,45
2282,2023-05,60,62
2282,2023-06,43,51
2282,2023-07,27,27
2282,2023-08,47,48
2282,2023-09,34,37
2282,2023-10,51,56
2282,2023-11,34,34
2282,2023-12,23,24
2282,2024-01,31,31
2282,2024-02,36,36
2282,2024-03,29,29
2282,2024-04,23,23
2282,2024-05,24,24
2282,2024-06,23,25
2282,2024-07,22,24
2282,2024-08,27,30
2282,2024-09,37,48
2282,2024-10,37,47
2282,2024-11,45,45
2282,2024-12,45,45
2282,2025-01,57,58
2282,2025-02,37,43
2282,2025-03,49,50
2282,2025-04,39,44
2282,2025-05,30,31
2282,2025-06,31,38
2282,2025-07,13,13
2282,2025-08,37,41
2282,2025-09,24,25
2282,2025-10,41,45
2282,2025-11,27,28
2282,2025-12,44,47
2282,2026-01,8,8
2282,2026-02,27,29
2283,2020-01,38,40
2283,2020-02,43,51
2283,2020-03,45,49
2283,2020-04,28,29
2283,2020-05,42,44
2283,2020-06,28,30
2283,2020-07,21,22
2283,2020-08,20,25
2283,2020-09,31,33
2283,2020-10,38,41
2283,2020-11,35,40
2283,2020-12,33,35
2283,2021-01,33,38
2283,2021-02,54,61
2283,2021-03,43,61
2283,2021-04,45,45
2283,2021-05,62,74
2283,2021-06,39,44
2283,2021-07,28,28
2283,2021-08,41,46
2283,2021-09,48,54
2283,2021-10,46,51
2283,2021-11,80,100
2283,2021-12,51,66
2283,2022-01,54,63
2283,2022-02,65,84
2283,2022-03,89,106
2283,2022-04,67,78
2283,2022-05,72,80
2283,2022-06,86,102
2283,2022-07,34,38
2283,2022-08,74,81
2283,2022-09,65,73
2283,2022-10,66,91
2283,2022-11,78,85
2283,2022-12,61,67
2283,2023-01,70,84
2283,2023-02,70,380
2283,2023-03,95,515
2283,2023-04,53,55
2283,2023-05,71,76
2283,2023-06,66,71
2283,2023-07,29,31
2283,2023-08,52,57
2283,2023-09,67,72
2283,2023-10,70,78
2283,2023-11,56,68
2283,2023-12,33,33
2283,2024-01,54,55
2283,2024-02,60,87
2283,2024-03,44,47
2283,2024-04,40,44
2283,2024-05,54,63
2283,2024-06,45,47
2283,2024-07,24,24
2283,2024-08,43,47
2283,2024-09,50,55
2283,2024-10,61,72
2283,2024-11,32,36
2283,2024-12,35,38
2283,2025-01,51,61
2283,2025-02,37,42
2283,2025-03,40,40
2283,2025-04,32,38
2283,2025-05,37,38
2283,2025-06,33,35
2283,2025-07,22,24
2283,2025-08,18,20
2283,2025-09,32,42
2283,2025-10,35,45
2283,2025-11,53,90
2283,2025-12,53,70
2283,2026-01,7,9
2283,2026-02,38,46
2284,2019-12,1,1
2284,2020-01,53,53
2284,2020-02,43,43
2284,2020-03,37,37
2284,2020-04,31,50
2284,2020-05,35,35
2284,2020-06,39,39
2284,2020-07,38,47
2284,2020-08,66,67
2284,2020-09,37,38
2284,2020-10,65,69
2284,2020-11,40,41
2284,2020-12,23,24
2284,2021-01,56,60
2284,2021-02,50,54
2284,2021-03,50,56
2284,2021-04,54,59
2284,2021-05,57,59
2284,2021-06,54,57
2284,2021-07,59,67
2284,2021-08,57,72
2284,2021-09,91,99
2284,2021-10,81,85
2284,2021-11,97,103
2284,2021-12,62,63
2284,2022-01,80,85
2284,2022-02,84,90
2284,2022-03,92,95
2284,2022-04,94,96
2284,2022-05,92,106
2284,2022-06,66,69
2284,2022-07,77,87
2284,2022-08,120,126
2284,2022-09,45,51
2284,2022-10,79,89
2284,2022-11,79,97
2284,2022-12,38,39
2284,2023-01,57,58
2284,2023-02,68,387
2284,2023-03,57,358
2284,2023-04,34,42
2284,2023-05,62,65
2284,2023-06,55,64
2284,2023-07,15,16
2284,2023-08,47,48
2284,2023-09,31,34
2284,2023-10,49,51
2284,2023-11,39,46
2284,2023-12,26,26
2284,2024-01,48,48
2284,2024-02,53,54
2284,2024-03,47,49
2284,2024-04,62,85
2284,2024-05,42,42
2284,2024-06,51,51
2284,2024-07,42,42
2284,2024-08,59,61
2284,2024-09,68,70
2284,2024-10,63,64
2284,2024-11,89,89
2284,2024-12,60,64
2284,2025-01,51,52
2284,2025-02,68,70
2284,2025-03,83,86
2284,2025-04,61,61
2284,2025-05,54,83
2284,2025-06,60,61
2284,2025-07,35,36
2284,2025-08,62,63
2284,2025-09,77,77
2284,2025-10,54,56
2284,2025-11,63,63
2284,2025-12,81,81
2284,2026-01,92,92
2284,2026-02,59,60
2289,2020-01,2,2
2289,2020-02,1,1
2289,2020-03,1,1
2289,2020-04,1,1
2289,2020-09,2,2
2289,2021-04,1,1
2289,2021-06,2,2
2289,2021-10,1,1
2289,2021-11,1,1
2289,2021-12,2,2
2289,2022-01,1,1
2289,2022-03,4,5
2289,2022-04,2,2
2289,2022-05,2,2
2289,2022-06,1,2
2289,2022-09,2,2
2289,2022-10,1,1
2289,2022-11,1,1
2289,2022-12,2,2
2289,2023-01,1,1
2289,2023-04,1,1
2289,2023-05,5,6
2289,2023-06,1,1
2289,2023-07,1,1
2289,2023-10,3,7
2289,2023-12,1,1
2289,2024-01,1,1
2289,2024-03,1,1
2289,2024-06,1,1
2289,2025-02,2,2
2289,2025-05,2,2
2289,2025-09,2,2
2289,2025-11,1,2
2289,2025-12,1,1
2311,2020-01,14,14
2311,2020-02,16,17
2311,2020-03,21,21
2311,2020-04,18,18
2311,2020-05,11,11
2311,2020-06,22,22
2311,2020-07,11,12
2311,2020-08,1,1
2311,2020-09,13,13
2311,2020-10,7,7
2311,2020-11,16,17
2311,2020-12,9,9
2311,2021-01,14,15
2311,2021-02,13,13
2311,2021-03,27,27
2311,2021-04,22,22
2311,2021-05,21,22
2311,2021-06,23,23
2311,2021-07,12,12
2311,2021-08,9,10
2311,2021-09,19,19
2311,2021-10,17,17
2311,2021-11,16,16
2311,2021-12,24,25
2311,2022-01,12,17
2311,2022-02,14,14
2311,2022-03,22,22
2311,2022-04,28,28
2311,2022-05,13,13
2311,2022-06,32,32
2311,2022-07,5,5
2311,2022-08,7,7
2311,2022-09,11,11
2311,2022-10,18,18
2311,2022-11,19,20
2311,2022-12,23,23
2311,2023-01,9,9
2311,2023-02,15,15
2311,2023-03,12,13
2311,2023-04,14,14
2311,2023-05,19,19
2311,2023-06,28,28
2311,2023-07,12,12
2311,2023-08,2,2
2311,2023-09,25,25
2311,2023-10,12,12
2311,2023-11,20,20
2311,2023-12,11,11
2311,2024-01,8,8
2311,2024-02,19,19
2311,2024-03,10,10
2311,2024-04,18,18
2311,2024-05,14,14
2311,2024-06,12,12
2311,2024-07,3,3
2311,2024-08,5,5
2311,2024-09,11,11
2311,2024-10,10,11
2311,2024-11,12,12
2311,2024-12,30,30
2311,2025-01,11,11
2311,2025-02,15,15
2311,2025-03,16,16
2311,2025-04,13,14
2311,2025-05,15,15
2311,2025-06,29,30
2311,2025-07,4,4
2311,2025-08,2,2
2311,2025-09,22,22
2311,2025-10,17,17
2311,2025-11,8,8
2311,2025-12,16,16
2311,2026-01,7,7
2311,2026-02,8,8
2312,2020-01,100,116
2312,2020-02,110,118
2312,2020-03,173,198
2312,2020-04,142,161
2312,2020-05,145,161
2312,2020-06,134,139
2312,2020-07,29,29
2312,2020-08,25,26
2312,2020-09,85,87
2312,2020-10,116,126
2312,2020-11,182,193
2312,2020-12,168,184
2312,2021-01,69,72
2312,2021-02,119,127
2312,2021-03,169,199
2312,2021-04,150,159
2312,2021-05,171,186
2312,2021-06,145,154
2312,2021-07,43,45
2312,2021-08,43,46
2312,2021-09,92,92
2312,2021-10,145,171
2312,2021-11,158,163
2312,2021-12,153,168
2312,2022-01,63,64
2312,2022-02,143,158
2312,2022-03,194,201
2312,2022-04,181,192
2312,2022-05,170,185
2312,2022-06,222,233
2312,2022-07,49,54
2312,2022-08,41,47
2312,2022-09,109,113
2312,2022-10,155,165
2312,2022-11,169,183
2312,2022-12,137,146
2312,2023-01,101,107
2312,2023-02,124,131
2312,2023-03,119,521
2312,2023-04,122,130
2312,2023-05,157,159
2312,2023-06,170,175
2312,2023-07,35,35
2312,2023-08,36,36
2312,2023-09,89,91
2312,2023-10,124,132
2312,2023-11,149,158
2312,2023-12,121,127
2312,2024-01,72,76
2312,2024-02,73,75
2312,2024-03,100,113
2312,2024-04,118,122
2312,2024-05,123,131
2312,2024-06,135,138
2312,2024-07,31,31
2312,2024-08,23,23
2312,2024-09,71,76
2312,2024-10,105,111
2312,2024-11,105,106
2312,2024-12,107,112
2312,2025-01,68,73
2312,2025-02,97,98
2312,2025-03,87,90
2312,2025-04,148,159
2312,2025-05,124,126
2312,2025-06,160,164
2312,2025-07,42,42
2312,2025-08,30,30
2312,2025-09,74,90
2312,2025-10,70,73
2312,2025-11,81,81
2312,2025-12,67,74
2312,2026-01,30,30
2312,2026-02,58,60
2313,2020-01,142,149
2313,2020-02,138,142
2313,2020-03,125,140
2313,2020-04,132,157
2313,2020-05,118,190
2313,2020-06,164,263
2313,2020-07,51,61
2313,2020-08,85,120
2313,2020-09,120,142
2313,2020-10,160,216
2313,2020-11,163,213
2313,2020-12,160,221
2313,2021-01,115,122
2313,2021-02,143,200
2313,2021-03,145,229
2313,2021-04,169,330
2313,2021-05,178,264
2313,2021-06,171,250
2313,2021-07,57,60
2313,2021-08,82,107
2313,2021-09,142,148
2313,2021-10,117,156
2313,2021-11,156,190
2313,2021-12,211,269
2313,2022-01,134,161
2313,2022-02,151,180
2313,2022-03,208,322
2313,2022-04,142,220
2313,2022-05,162,231
2313,2022-06,173,205
2313,2022-07,69,77
2313,2022-08,92,136
2313,2022-09,144,160
2313,2022-10,137,228
2313,2022-11,173,341
2313,2022-12,163,211
2313,2023-01,137,162
2313,2023-02,157,302
2313,2023-03,171,243
2313,2023-04,113,172
2313,2023-05,209,353
2313,2023-06,163,211
2313,2023-07,41,42
2313,2023-08,92,147
2313,2023-09,126,141
2313,2023-10,128,152
2313,2023-11,140,177
2313,2023-12,151,181
2313,2024-01,132,141
2313,2024-02,129,152
2313,2024-03,121,169
2313,2024-04,130,186
2313,2024-05,159,217
2313,2024-06,151,174
2313,2024-07,44,46
2313,2024-08,71,104
2313,2024-09,113,127
2313,2024-10,132,204
2313,2024-11,139,171
2313,2024-12,128,166
2313,2025-01,104,114
2313,2025-02,104,139
2313,2025-03,103,156
2313,2025-04,131,183
2313,2025-05,151,218
2313,2025-06,167,258
2313,2025-07,43,43
2313,2025-08,62,88
2313,2025-09,132,151
2313,2025-10,138,170
2313,2025-11,155,225
2313,2025-12,137,175
2313,2026-01,19,20
2313,2026-02,88,93
2314,2019-12,1,1
2314,2020-01,160,191
2314,2020-02,264,336
2314,2020-03,196,236
2314,2020-04,122,142
2314,2020-05,130,161
2314,2020-06,157,178
2314,2020-07,43,44
2314,2020-08,64,95
2314,2020-09,106,120
2314,2020-10,100,107
2314,2020-11,132,163
2314,2020-12,178,218
2314,2021-01,111,140
2314,2021-02,149,176
2314,2021-03,190,238
2314,2021-04,137,146
2314,2021-05,176,185
2314,2021-06,141,155
2314,2021-07,47,50
2314,2021-08,72,113
2314,2021-09,115,142
2314,2021-10,108,131
2314,2021-11,112,133
2314,2021-12,161,210
2314,2022-01,135,162
2314,2022-02,202,248
2314,2022-03,213,234
2314,2022-04,149,171
2314,2022-05,165,185
2314,2022-06,204,211
2314,2022-07,50,55
2314,2022-08,61,91
2314,2022-09,165,177
2314,2022-10,151,167
2314,2022-11,123,140
2314,2022-12,176,199
2314,2023-01,205,234
2314,2023-02,250,304
2314,2023-03,274,302
2314,2023-04,168,184
2314,2023-05,306,325
2314,2023-06,251,266
2314,2023-07,63,74
2314,2023-08,101,134
2314,2023-09,164,172
2314,2023-10,165,197
2314,2023-11,169,196
2314,2023-12,249,285
2314,2024-01,155,162
2314,2024-02,190,254
2314,2024-03,191,207
2314,2024-04,204,238
2314,2024-05,225,253
2314,2024-06,202,221
2314,2024-07,77,83
2314,2024-08,71,105
2314,2024-09,134,152
2314,2024-10,165,172
2314,2024-11,149,160
2314,2024-12,222,241
2314,2025-01,188,207
2314,2025-02,157,172
2314,2025-03,238,261
2314,2025-04,169,206
2314,2025-05,156,177
2314,2025-06,188,198
2314,2025-07,30,30
2314,2025-08,53,85
2314,2025-09,122,130
2314,2025-10,112,123
2314,2025-11,174,190
2314,2025-12,242,287
2314,2026-01,103,146
2314,2026-02,142,165
2319,2020-01,51,55
2319,2020-02,78,83
2319,2020-03,105,124
2319,2020-04,101,122
2319,2020-05,111,170
2319,2020-06,110,117
2319,2020-07,33,33
2319,2020-08,28,28
2319,2020-09,45,57
2319,2020-10,67,82
2319,2020-11,140,149
2319,2020-12,103,132
2319,2021-01,38,39
2319,2021-02,57,64
2319,2021-03,110,148
2319,2021-04,162,255
2319,2021-05,164,191
2319,2021-06,106,112
2319,2021-07,35,36
2319,2021-08,31,34
2319,2021-09,76,101
2319,2021-10,103,123
2319,2021-11,135,161
2319,2021-12,118,146
2319,2022-01,57,64
2319,2022-02,88,102
2319,2022-03,109,156
2319,2022-04,176,306
2319,2022-05,159,184
2319,2022-06,123,140
2319,2022-07,37,39
2319,2022-08,29,39
2319,2022-09,65,75
2319,2022-10,98,117
2319,2022-11,177,222
2319,2022-12,66,66
2319,2023-01,47,55
2319,2023-02,95,309
2319,2023-03,109,195
2319,2023-04,99,177
2319,2023-05,167,314
2319,2023-06,101,104
2319,2023-07,11,11
2319,2023-08,24,25
2319,2023-09,61,75
2319,2023-10,80,104
2319,2023-11,97,135
2319,2023-12,59,60
2319,2024-01,42,42
2319,2024-02,48,55
2319,2024-03,64,73
2319,2024-04,107,245
2319,2024-05,110,114
2319,2024-06,59,87
2319,2024-07,16,16
2319,2024-08,18,19
2319,2024-09,37,42
2319,2024-10,76,162
2319,2024-11,62,67
2319,2024-12,69,88
2319,2025-01,28,33
2319,2025-02,36,39
2319,2025-03,75,84
2319,2025-04,112,271
2319,2025-05,68,82
2319,2025-06,68,77
2319,2025-07,10,14
2319,2025-08,19,19
2319,2025-09,34,39
2319,2025-10,79,126
2319,2025-11,62,80
2319,2025-12,46,59
2319,2026-01,3,3
2319,2026-02,26,26
2320,2019-12,1,1
2320,2020-01,87,97
2320,2020-02,84,107
2320,2020-03,142,162
2320,2020-04,216,252
2320,2020-05,195,217
2320,2020-06,173,191
2320,2020-07,76,80
2320,2020-08,109,115
2320,2020-09,153,251
2320,2020-10,182,248
2320,2020-11,153,206
2320,2020-12,110,124
2320,2021-01,87,95
2320,2021-02,113,122
2320,2021-03,198,222
2320,2021-04,268,299
2320,2021-05,311,349
2320,2021-06,228,241
2320,2021-07,130,140
2320,2021-08,170,173
2320,2021-09,166,195
2320,2021-10,168,189
2320,2021-11,174,208
2320,2021-12,152,190
2320,2022-01,127,167
2320,2022-02,142,149
2320,2022-03,236,289
2320,2022-04,249,292
2320,2022-05,284,308
2320,2022-06,218,254
2320,2022-07,77,80
2320,2022-08,118,128
2320,2022-09,123,130
2320,2022-10,146,153
2320,2022-11,121,133
2320,2022-12,118,126
2320,2023-01,114,161
2320,2023-02,100,328
2320,2023-03,207,845
2320,2023-04,174,193
2320,2023-05,292,323
2320,2023-06,204,212
2320,2023-07,54,58
2320,2023-08,122,190
2320,2023-09,106,119
2320,2023-10,137,143
2320,2023-11,120,718
2320,2023-12,81,88
2320,2024-01,105,125
2320,2024-02,127,263
2320,2024-03,191,220
2320,2024-04,225,255
2320,2024-05,243,260
2320,2024-06,163,167
2320,2024-07,78,80
2320,2024-08,93,97
2320,2024-09,95,105
2320,2024-10,99,102
2320,2024-11,117,125
2320,2024-12,103,122
2320,2025-01,107,119
2320,2025-02,137,148
2320,2025-03,253,307
2320,2025-04,254,288
2320,2025-05,255,277
2320,2025-06,172,180
2320,2025-07,93,102
2320,2025-08,90,94
2320,2025-09,144,158
2320,2025-10,132,140
2320,2025-11,129,155
2320,2025-12,122,135
2320,2026-01,35,39
2320,2026-02,103,115
2330,2020-01,254,350
2330,2020-02,336,449
2330,2020-03,504,632
2330,2020-04,744,878
2330,2020-05,667,728
2330,2020-06,575,608
2330,2020-07,158,186
2330,2020-08,274,326
2330,2020-09,259,394
2330,2020-10,316,537
2330,2020-11,290,758
2330,2020-12,237,478
2330,2021-01,167,232
2330,2021-02,255,328
2330,2021-03,516,714
2330,2021-04,814,1007
2330,2021-05,880,973
2330,2021-06,594,651
2330,2021-07,212,233
2330,2021-08,363,427
2330,2021-09,391,481
2330,2021-10,361,469
2330,2021-11,427,525
2330,2021-12,381,480
2330,2022-01,326,480
2330,2022-02,342,550
2330,2022-03,668,952
2330,2022-04,877,1078
2330,2022-05,982,1066
2330,2022-06,782,842
2330,2022-07,252,301
2330,2022-08,427,511
2330,2022-09,361,490
2330,2022-10,369,493
2330,2022-11,356,516
2330,2022-12,299,345
2330,2023-01,252,343
2330,2023-02,298,1005
2330,2023-03,559,1402
2330,2023-04,569,636
2330,2023-05,899,977
2330,2023-06,557,624
2330,2023-07,183,198
2330,2023-08,329,406
2330,2023-09,573,677
2330,2023-10,316,392
2330,2023-11,350,386
2330,2023-12,262,312
2330,2024-01,314,373
2330,2024-02,236,302
2330,2024-03,462,641
2330,2024-04,720,872
2330,2024-05,699,754
2330,2024-06,504,564
2330,2024-07,231,265
2330,2024-08,397,451
2330,2024-09,1197,1248
2330,2024-10,332,416
2330,2024-11,250,353
2330,2024-12,282,324
2330,2025-01,232,443
2330,2025-02,273,336
2330,2025-03,571,693
2330,2025-04,802,951
2330,2025-05,765,867
2330,2025-06,499,538
2330,2025-07,199,248
2330,2025-08,281,324
2330,2025-09,317,446
2330,2025-10,334,414
2330,2025-11,256,264
2330,2025-12,209,241
2330,2026-01,37,67
2330,2026-02,187,316
2341,2020-01,1027,1543
2341,2020-02,1192,1953
2341,2020-03,2350,3571
2341,2020-04,3055,3955
2341,2020-05,3025,3668
2341,2020-06,2302,2599
2341,2020-07,613,880
2341,2020-08,890,1213
2341,2020-09,1037,1657
2341,2020-10,1416,5151
2341,2020-11,1321,2970
2341,2020-12,986,1789
2341,2021-01,695,1215
2341,2021-02,960,1637
2341,2021-03,2740,3737
2341,2021-04,3232,4384
2341,2021-05,3207,4102
2341,2021-06,2594,3217
2341,2021-07,672,1040
2341,2021-08,1394,2083
2341,2021-09,1443,2173
2341,2021-10,1610,2649
2341,2021-11,1724,2494
2341,2021-12,1457,2070
2341,2022-01,1126,2754
2341,2022-02,1299,4242
2341,2022-03,3097,6546
2341,2022-04,3424,5505
2341,2022-05,4131,7036
2341,2022-06,3392,3850
2341,2022-07,940,1190
2341,2022-08,1787,4065
2341,2022-09,1663,5022
2341,2022-10,1832,5679
2341,2022-11,1710,5330
2341,2022-12,1400,4039
2341,2023-01,1123,5336
2341,2023-02,1198,5441
2341,2023-03,2752,8283
2341,2023-04,2443,6204
2341,2023-05,3708,7523
2341,2023-06,2449,4364
2341,2023-07,786,2336
2341,2023-08,1325,4267
2341,2023-09,1622,2878
2341,2023-10,1704,2176
2341,2023-11,1200,1437
2341,2023-12,882,1128
2341,2024-01,1081,1449
2341,2024-02,1053,1471
2341,2024-03,2245,2955
2341,2024-04,2699,3201
2341,2024-05,2589,3077
2341,2024-06,1761,1964
2341,2024-07,804,1308
2341,2024-08,1705,1875
2341,2024-09,2020,2372
2341,2024-10,1356,1941
2341,2024-11,1231,1739
2341,2024-12,879,1126
2341,2025-01,822,1288
2341,2025-02,981,1648
2341,2025-03,2270,3414
2341,2025-04,2621,3186
2341,2025-05,2478,2865
2341,2025-06,1855,3134
2341,2025-07,564,968
2341,2025-08,944,1131
2341,2025-09,1089,1485
2341,2025-10,1311,1783
2341,2025-11,1058,1227
2341,2025-12,955,1284
2341,2026-01,104,318
2341,2026-02,806,1288
2342,2020-01,202,304
2342,2020-02,243,391
2342,2020-03,444,704
2342,2020-04,554,736
2342,2020-05,442,537
2342,2020-06,348,399
2342,2020-07,108,127
2342,2020-08,184,210
2342,2020-09,189,235
2342,2020-10,258,312
2342,2020-11,298,362
2342,2020-12,200,329
2342,2021-01,113,157
2342,2021-02,193,271
2342,2021-03,450,680
2342,2021-04,560,782
2342,2021-05,511,624
2342,2021-06,359,437
2342,2021-07,89,115
2342,2021-08,260,311
2342,2021-09,299,415
2342,2021-10,348,465
2342,2021-11,423,592
2342,2021-12,292,479
2342,2022-01,214,597
2342,2022-02,251,760
2342,2022-03,602,1386
2342,2022-04,709,1236
2342,2022-05,785,1447
2342,2022-06,563,704
2342,2022-07,165,233
2342,2022-08,390,1179
2342,2022-09,414,1668
2342,2022-10,473,1844
2342,2022-11,475,1816
2342,2022-12,323,1369
2342,2023-01,274,2025
2342,2023-02,269,1853
2342,2023-03,596,2730
2342,2023-04,480,1894
2342,2023-05,715,2164
2342,2023-06,423,1792
2342,2023-07,160,1306
2342,2023-08,280,1460
2342,2023-09,268,642
2342,2023-10,313,447
2342,2023-11,311,393
2342,2023-12,208,376
2342,2024-01,169,314
2342,2024-02,238,355
2342,2024-03,432,681
2342,2024-04,584,806
2342,2024-05,456,561
2342,2024-06,323,399
2342,2024-07,119,186
2342,2024-08,237,262
2342,2024-09,231,329
2342,2024-10,327,565
2342,2024-11,293,426
2342,2024-12,234,363
2342,2025-01,189,276
2342,2025-02,245,485
2342,2025-03,485,869
2342,2025-04,494,666
2342,2025-05,462,566
2342,2025-06,342,408
2342,2025-07,102,120
2342,2025-08,232,269
2342,2025-09,260,322
2342,2025-10,326,413
2342,2025-11,300,368
2342,2025-12,215,390
2342,2026-01,11,23
2342,2026-02,173,256
2343,2019-11,1,3
2343,2020-01,561,834
2343,2020-02,441,664
2343,2020-03,601,991
2343,2020-04,684,1119
2343,2020-05,676,888
2343,2020-06,543,687
2343,2020-07,164,316
2343,2020-08,407,673
2343,2020-09,561,950
2343,2020-10,735,2221
2343,2020-11,733,1135
2343,2020-12,427,654
2343,2021-01,407,723
2343,2021-02,394,649
2343,2021-03,709,1207
2343,2021-04,775,1225
2343,2021-05,795,1061
2343,2021-06,663,879
2343,2021-07,190,292
2343,2021-08,500,732
2343,2021-09,656,1006
2343,2021-10,776,1199
2343,2021-11,801,1178
2343,2021-12,565,848
2343,2022-01,576,1084
2343,2022-02,422,679
2343,2022-03,793,1359
2343,2022-04,827,1307
2343,2022-05,1140,1563
2343,2022-06,776,1021
2343,2022-07,268,606
2343,2022-08,691,1009
2343,2022-09,668,1027
2343,2022-10,949,1541
2343,2022-11,833,1228
2343,2022-12,636,869
2343,2023-01,556,913
2343,2023-02,465,1591
2343,2023-03,731,2678
2343,2023-04,613,1598
2343,2023-05,896,1918
2343,2023-06,606,1662
2343,2023-07,224,1291
2343,2023-08,464,1820
2343,2023-09,751,1638
2343,2023-10,624,1215
2343,2023-11,516,881
2343,2023-12,318,665
2343,2024-01,412,593
2343,2024-02,268,625
2343,2024-03,376,663
2343,2024-04,397,710
2343,2024-05,437,659
2343,2024-06,285,390
2343,2024-07,126,216
2343,2024-08,362,569
2343,2024-09,291,466
2343,2024-10,401,739
2343,2024-11,366,632
2343,2024-12,252,349
2343,2025-01,256,486
2343,2025-02,198,466
2343,2025-03,318,759
2343,2025-04,322,701
2343,2025-05,369,529
2343,2025-06,283,476
2343,2025-07,88,302
2343,2025-08,294,494
2343,2025-09,343,491
2343,2025-10,388,883
2343,2025-11,396,647
2343,2025-12,277,426
2343,2026-01,18,158
2343,2026-02,131,318
2351,2020-01,179,205
2351,2020-02,312,798
2351,2020-03,270,309
2351,2020-04,351,392
2351,2020-05,434,464
2351,2020-06,403,424
2351,2020-07,107,110
2351,2020-08,189,197
2351,2020-09,211,221
2351,2020-10,290,300
2351,2020-11,249,266
2351,2020-12,191,220
2351,2021-01,179,198
2351,2021-02,254,324
2351,2021-03,434,484
2351,2021-04,464,529
2351,2021-05,586,660
2351,2021-06,477,503
2351,2021-07,159,166
2351,2021-08,312,328
2351,2021-09,301,313
2351,2021-10,348,406
2351,2021-11,323,358
2351,2021-12,309,319
2351,2022-01,241,272
2351,2022-02,318,419
2351,2022-03,571,705
2351,2022-04,593,671
2351,2022-05,814,918
2351,2022-06,625,684
2351,2022-07,179,222
2351,2022-08,387,420
2351,2022-09,379,407
2351,2022-10,404,452
2351,2022-11,323,360
2351,2022-12,273,309
2351,2023-01,272,326
2351,2023-02,236,695
2351,2023-03,443,1634
2351,2023-04,340,387
2351,2023-05,568,626
2351,2023-06,394,423
2351,2023-07,116,139
2351,2023-08,251,266
2351,2023-09,236,263
2351,2023-10,239,278
2351,2023-11,236,243
2351,2023-12,189,226
2351,2024-01,173,186
2351,2024-02,212,237
2351,2024-03,305,355
2351,2024-04,394,470
2351,2024-05,434,461
2351,2024-06,350,373
2351,2024-07,147,157
2351,2024-08,316,321
2351,2024-09,211,227
2351,2024-10,266,286
2351,2024-11,214,227
2351,2024-12,226,254
2351,2025-01,200,215
2351,2025-02,215,238
2351,2025-03,425,523
2351,2025-04,485,548
2351,2025-05,498,1534
2351,2025-06,388,426
2351,2025-07,143,149
2351,2025-08,235,1247
2351,2025-09,277,299
2351,2025-10,286,311
2351,2025-11,261,282
2351,2025-12,225,238
2351,2026-01,20,25
2351,2026-02,201,242
2352,2020-01,74,77
2352,2020-02,78,85
2352,2020-03,61,65
2352,2020-04,72,76
2352,2020-05,81,86
2352,2020-06,96,101
2352,2020-07,42,43
2352,2020-08,48,50
2352,2020-09,90,103
2352,2020-10,70,83
2352,2020-11,120,126
2352,2020-12,95,106
2352,2021-01,84,89
2352,2021-02,105,110
2352,2021-03,124,139
2352,2021-04,107,130
2352,2021-05,114,123
2352,2021-06,111,119
2352,2021-07,35,35
2352,2021-08,84,87
2352,2021-09,92,112
2352,2021-10,83,85
2352,2021-11,80,93
2352,2021-12,106,118
2352,2022-01,65,67
2352,2022-02,66,66
2352,2022-03,110,126
2352,2022-04,143,169
2352,2022-05,145,157
2352,2022-06,133,137
2352,2022-07,41,43
2352,2022-08,80,86
2352,2022-09,110,138
2352,2022-10,95,104
2352,2022-11,115,120
2352,2022-12,69,74
2352,2023-01,78,102
2352,2023-02,79,483
2352,2023-03,91,1086
2352,2023-04,82,83
2352,2023-05,96,103
2352,2023-06,101,102
2352,2023-07,35,35
2352,2023-08,82,82
2352,2023-09,55,55
2352,2023-10,67,71
2352,2023-11,54,55
2352,2023-12,39,44
2352,2024-01,59,60
2352,2024-02,39,45
2352,2024-03,50,54
2352,2024-04,74,79
2352,2024-05,73,75
2352,2024-06,69,70
2352,2024-07,34,35
2352,2024-08,40,40
2352,2024-09,48,49
2352,2024-10,54,58
2352,2024-11,47,48
2352,2024-12,66,72
2352,2025-01,60,64
2352,2025-02,77,135
2352,2025-03,85,107
2352,2025-04,95,103
2352,2025-05,92,101
2352,2025-06,63,63
2352,2025-07,40,40
2352,2025-08,54,55
2352,2025-09,71,72
2352,2025-10,70,71
2352,2025-11,49,49
2352,2025-12,72,79
2352,2026-01,7,7
2352,2026-02,45,47
2359,2020-01,101,154
2359,2020-02,78,117
2359,2020-03,84,94
2359,2020-04,150,184
2359,2020-05,167,203
2359,2020-06,118,136
2359,2020-07,51,74
2359,2020-08,52,74
2359,2020-09,69,85
2359,2020-10,86,102
2359,2020-11,81,106
2359,2020-12,66,78
2359,2021-01,48,65
2359,2021-02,50,66
2359,2021-03,120,154
2359,2021-04,156,188
2359,2021-05,182,241
2359,2021-06,154,196
2359,2021-07,68,80
2359,2021-08,78,92
2359,2021-09,83,111
2359,2021-10,102,127
2359,2021-11,160,200
2359,2021-12,106,162
2359,2022-01,86,113
2359,2022-02,117,134
2359,2022-03,197,338
2359,2022-04,223,248
2359,2022-05,276,309
2359,2022-06,232,254
2359,2022-07,69,80
2359,2022-08,133,140
2359,2022-09,113,139
2359,2022-10,100,106
2359,2022-11,138,177
2359,2022-12,132,153
2359,2023-01,91,129
2359,2023-02,93,1103
2359,2023-03,129,1646
2359,2023-04,163,193
2359,2023-05,250,276
2359,2023-06,167,193
2359,2023-07,64,74
2359,2023-08,106,116
2359,2023-09,73,86
2359,2023-10,99,104
2359,2023-11,91,98
2359,2023-12,77,83
2359,2024-01,64,95
2359,2024-02,89,117
2359,2024-03,127,211
2359,2024-04,156,177
2359,2024-05,181,200
2359,2024-06,109,139
2359,2024-07,54,79
2359,2024-08,111,140
2359,2024-09,85,135
2359,2024-10,78,124
2359,2024-11,88,112
2359,2024-12,67,84
2359,2025-01,68,166
2359,2025-02,70,102
2359,2025-03,95,135
2359,2025-04,165,182
2359,2025-05,199,301
2359,2025-06,123,240
2359,2025-07,63,123
2359,2025-08,65,133
2359,2025-09,69,82
2359,2025-10,115,636
2359,2025-11,96,115
2359,2025-12,123,152
2359,2026-01,22,27
2359,2026-02,39,45
2411,2020-01,46,67
2411,2020-02,31,35
2411,2020-03,32,32
2411,2020-04,15,65
2411,2020-05,16,21
2411,2020-06,16,18
2411,2020-07,19,20
2411,2020-08,15,18
2411,2020-09,22,26
2411,2020-10,26,29
2411,2020-11,29,32
2411,2020-12,26,27
2411,2021-01,24,28
2411,2021-02,31,41
2411,2021-03,49,60
2411,2021-04,60,78
2411,2021-05,62,106
2411,2021-06,27,36
2411,2021-07,15,18
2411,2021-08,45,80
2411,2021-09,58,214
2411,2021-10,53,70
2411,2021-11,53,91
2411,2021-12,37,53
2411,2022-01,36,62
2411,2022-02,54,161
2411,2022-03,62,204
2411,2022-04,73,222
2411,2022-05,91,430
2411,2022-06,42,73
2411,2022-07,32,93
2411,2022-08,56,243
2411,2022-09,107,264
2411,2022-10,73,284
2411,2022-11,65,276
2411,2022-12,69,179
2411,2023-01,45,100
2411,2023-02,81,236
2411,2023-03,49,71
2411,2023-04,39,57
2411,2023-05,74,116
2411,2023-06,40,42
2411,2023-07,22,36
2411,2023-08,68,103
2411,2023-09,54,86
2411,2023-10,108,143
2411,2023-11,30,62
2411,2023-12,54,87
2411,2024-01,49,83
2411,2024-02,40,106
2411,2024-03,57,64
2411,2024-04,63,107
2411,2024-05,45,48
2411,2024-06,35,42
2411,2024-07,21,25
2411,2024-08,24,29
2411,2024-09,46,52
2411,2024-10,50,56
2411,2024-11,27,34
2411,2024-12,31,39
2411,2025-01,40,43
2411,2025-02,44,46
2411,2025-03,49,57
2411,2025-04,28,30
2411,2025-05,37,40
2411,2025-06,21,21
2411,2025-07,16,16
2411,2025-08,77,77
2411,2025-09,47,52
2411,2025-10,79,88
2411,2025-11,32,33
2411,2025-12,38,39
2411,2026-01,4,4
2411,2026-02,19,21
2412,2020-01,343,425
2412,2020-02,360,371
2412,2020-03,307,309
2412,2020-04,204,207
2412,2020-05,203,206
2412,2020-06,188,198
2412,2020-07,142,148
2412,2020-08,185,189
2412,2020-09,235,253
2412,2020-10,277,319
2412,2020-11,294,322
2412,2020-12,256,359
2412,2021-01,243,249
2412,2021-02,349,364
2412,2021-03,401,426
2412,2021-04,383,403
2412,2021-05,364,376
2412,2021-06,327,350
2412,2021-07,238,249
2412,2021-08,286,293
2412,2021-09,391,401
2412,2021-10,453,458
2412,2021-11,410,474
2412,2021-12,422,442
2412,2022-01,454,461
2412,2022-02,477,540
2412,2022-03,531,652
2412,2022-04,494,513
2412,2022-05,506,525
2412,2022-06,421,441
2412,2022-07,308,321
2412,2022-08,448,458
2412,2022-09,511,529
2412,2022-10,417,428
2412,2022-11,470,485
2412,2022-12,457,488
2412,2023-01,409,438
2412,2023-02,434,443
2412,2023-03,537,550
2412,2023-04,392,406
2412,2023-05,531,570
2412,2023-06,372,386
2412,2023-07,225,233
2412,2023-08,307,311
2412,2023-09,384,394
2412,2023-10,388,400
2412,2023-11,359,368
2412,2023-12,334,342
2412,2024-01,357,528
2412,2024-02,451,614
2412,2024-03,362,371
2412,2024-04,344,366
2412,2024-05,362,395
2412,2024-06,240,245
2412,2024-07,229,231
2412,2024-08,272,279
2412,2024-09,304,306
2412,2024-10,382,417
2412,2024-11,385,396
2412,2024-12,315,319
2412,2025-01,317,327
2412,2025-02,400,418
2412,2025-03,303,309
2412,2025-04,325,333
2412,2025-05,324,342
2412,2025-06,229,239
2412,2025-07,208,212
2412,2025-08,228,234
2412,2025-09,280,299
2412,2025-10,329,336
2412,2025-11,249,262
2412,2025-12,298,303
2412,2026-01,22,24
2412,2026-02,166,194
2413,2020-01,51,57
2413,2020-02,73,86
2413,2020-03,44,52
2413,2020-04,38,47
2413,2020-05,34,35
2413,2020-06,39,42
2413,2020-07,42,43
2413,2020-08,33,36
2413,2020-09,49,73
2413,2020-10,52,71
2413,2020-11,48,56
2413,2020-12,57,59
2413,2021-01,67,70
2413,2021-02,74,83
2413,2021-03,91,102
2413,2021-04,91,101
2413,2021-05,81,83
2413,2021-06,70,90
2413,2021-07,73,95
2413,2021-08,72,78
2413,2021-09,117,131
2413,2021-10,146,151
2413,2021-11,125,136
2413,2021-12,112,134
2413,2022-01,91,106
2413,2022-02,101,118
2413,2022-03,144,167
2413,2022-04,110,132
2413,2022-05,96,97
2413,2022-06,105,109
2413,2022-07,80,105
2413,2022-08,88,104
2413,2022-09,89,118
2413,2022-10,86,105
2413,2022-11,91,99
2413,2022-12,95,99
2413,2023-01,112,124
2413,2023-02,106,116
2413,2023-03,104,129
2413,2023-04,84,96
2413,2023-05,106,235
2413,2023-06,83,88
2413,2023-07,56,60
2413,2023-08,91,195
2413,2023-09,98,121
2413,2023-10,103,124
2413,2023-11,127,140
2413,2023-12,129,141
2413,2024-01,88,120
2413,2024-02,119,130
2413,2024-03,99,115
2413,2024-04,102,115
2413,2024-05,72,75
2413,2024-06,66,98
2413,2024-07,57,64
2413,2024-08,48,58
2413,2024-09,72,76
2413,2024-10,83,86
2413,2024-11,80,83
2413,2024-12,71,76
2413,2025-01,60,64
2413,2025-02,50,56
2413,2025-03,53,56
2413,2025-04,93,101
2413,2025-05,98,108
2413,2025-06,36,37
2413,2025-07,42,43
2413,2025-08,83,83
2413,2025-09,73,84
2413,2025-10,80,84
2413,2025-11,52,53
2413,2025-12,72,73
2413,2026-01,8,10
2413,2026-02,33,33
2414,2020-01,6,6
2414,2020-02,3,3
2414,2020-03,3,3
2414,2020-04,2,2
2414,2020-05,2,2
2414,2020-06,1,1
2414,2020-07,2,2
2414,2020-08,3,3
2414,2020-10,4,4
2414,2020-11,1,1
2414,2020-12,4,4
2414,2021-01,3,3
2414,2021-02,2,2
2414,2021-03,1,1
2414,2021-04,4,5
2414,2021-05,3,3
2414,2021-06,5,6
2414,2021-07,1,1
2414,2021-08,5,7
2414,2021-09,8,9
2414,2021-10,5,5
2414,2021-11,5,5
2414,2021-12,4,4
2414,2022-01,3,3
2414,2022-02,6,6
2414,2022-03,7,7
2414,2022-04,4,4
2414,2022-05,11,11
2414,2022-06,3,3
2414,2022-07,3,3
2414,2022-08,7,7
2414,2022-09,4,5
2414,2022-10,4,4
2414,2022-11,7,7
2414,2022-12,5,5
2414,2023-01,4,4
2414,2023-02,4,5
2414,2023-03,8,8
2414,2023-04,1,1
2414,2023-05,11,19
2414,2023-06,3,3
2414,2023-08,4,4
2414,2023-09,7,7
2414,2023-10,5,5
2414,2023-11,2,2
2414,2023-12,6,6
2414,2024-01,4,4
2414,2024-02,1,1
2414,2024-05,3,3
2414,2024-06,2,2
2414,2024-08,8,9
2414,2024-09,2,2
2414,2024-10,4,4
2414,2024-11,5,5
2414,2024-12,2,2
2414,2025-01,1,1
2414,2025-02,1,1
2414,2025-03,1,1
2414,2025-04,5,6
2414,2025-05,3,3
2414,2025-06,4,4
2414,2025-07,3,3
2414,2025-08,2,2
2414,2025-09,1,1
2414,2025-10,1,1
2414,2025-11,1,1
2414,2025-12,5,6
2414,2026-01,1,2
2414,2026-02,2,2
2415,2020-01,17,18
2415,2020-02,12,13
2415,2020-03,14,15
2415,2020-04,10,12
2415,2020-05,9,9
2415,2020-06,6,6
2415,2020-07,8,10
2415,2020-08,8,9
2415,2020-09,9,11
2415,2020-10,8,8
2415,2020-11,15,20
2415,2020-12,16,22
2415,2021-01,6,6
2415,2021-02,15,15
2415,2021-03,9,12
2415,2021-04,16,19
2415,2021-05,25,35
2415,2021-06,9,9
2415,2021-07,7,8
2415,2021-08,16,20
2415,2021-09,14,16
2415,2021-10,18,25
2415,2021-11,25,31
2415,2021-12,27,69
2415,2022-01,18,20
2415,2022-02,27,35
2415,2022-03,33,45
2415,2022-04,18,23
2415,2022-05,35,41
2415,2022-06,19,19
2415,2022-07,8,8
2415,2022-08,15,15
2415,2022-09,16,18
2415,2022-10,24,25
2415,2022-11,14,15
2415,2022-12,27,35
2415,2023-01,19,27
2415,2023-02,22,32
2415,2023-03,26,30
2415,2023-04,22,33
2415,2023-05,20,33
2415,2023-06,24,32
2415,2023-07,12,15
2415,2023-08,19,26
2415,2023-09,13,14
2415,2023-10,14,17
2415,2023-11,13,14
2415,2023-12,14,20
2415,2024-01,9,11
2415,2024-02,22,27
2415,2024-03,17,20
2415,2024-04,21,25
2415,2024-05,20,21
2415,2024-06,13,13
2415,2024-07,10,10
2415,2024-08,5,5
2415,2024-09,10,10
2415,2024-10,19,29
2415,2024-11,9,10
2415,2024-12,18,23
2415,2025-01,7,7
2415,2025-02,9,10
2415,2025-03,8,10
2415,2025-04,12,15
2415,2025-05,16,19
2415,2025-06,2,2
2415,2025-07,2,2
2415,2025-08,4,5
2415,2025-09,13,14
2415,2025-10,7,11
2415,2025-11,11,18
2415,2025-12,11,14
2415,2026-02,10,11
2419,2020-01,51,53
2419,2020-02,43,43
2419,2020-03,48,52
2419,2020-04,32,37
2419,2020-05,36,36
2419,2020-06,51,53
2419,2020-07,26,26
2419,2020-08,30,32
2419,2020-09,31,32
2419,2020-10,37,40
2419,2020-11,41,42
2419,2020-12,52,71
2419,2021-01,58,67
2419,2021-02,49,57
2419,2021-03,48,59
2419,2021-04,60,70
2419,2021-05,66,69
2419,2021-06,33,34
2419,2021-07,16,16
2419,2021-08,43,43
2419,2021-09,57,58
2419,2021-10,64,73
2419,2021-11,64,67
2419,2021-12,70,78
2419,2022-01,60,63
2419,2022-02,62,67
2419,2022-03,105,118
2419,2022-04,92,95
2419,2022-05,84,87
2419,2022-06,65,65
2419,2022-07,43,45
2419,2022-08,38,42
2419,2022-09,64,66
2419,2022-10,69,71
2419,2022-11,61,70
2419,2022-12,60,63
2419,2023-01,40,41
2419,2023-02,42,42
2419,2023-03,58,60
2419,2023-04,40,42
2419,2023-05,70,74
2419,2023-06,45,46
2419,2023-07,27,27
2419,2023-08,49,50
2419,2023-09,40,40
2419,2023-10,42,44
2419,2023-11,49,51
2419,2023-12,42,43
2419,2024-01,51,53
2419,2024-02,51,52
2419,2024-03,41,43
2419,2024-04,42,42
2419,2024-05,53,54
2419,2024-06,47,77
2419,2024-07,26,26
2419,2024-08,25,25
2419,2024-09,34,45
2419,2024-10,48,48
2419,2024-11,55,56
2419,2024-12,38,38
2419,2025-01,42,43
2419,2025-02,48,51
2419,2025-03,47,49
2419,2025-04,48,51
2419,2025-05,47,48
2419,2025-06,29,31
2419,2025-07,19,20
2419,2025-08,23,24
2419,2025-09,35,43
2419,2025-10,38,41
2419,2025-11,38,43
2419,2025-12,48,51
2419,2026-01,2,2
2419,2026-02,35,37
2421,2020-01,242,341
2421,2020-02,284,346
2421,2020-03,245,374
2421,2020-04,180,299
2421,2020-05,154,175
2421,2020-06,161,181
2421,2020-07,137,156
2421,2020-08,136,150
2421,2020-09,210,278
2421,2020-10,231,247
2421,2020-11,247,288
2421,2020-12,270,301
2421,2021-01,212,217
2421,2021-02,325,423
2421,2021-03,323,358
2421,2021-04,389,406
2421,2021-05,411,468
2421,2021-06,304,328
2421,2021-07,267,291
2421,2021-08,298,329
2421,2021-09,412,439
2421,2021-10,485,646
2421,2021-11,539,582
2421,2021-12,553,613
2421,2022-01,457,516
2421,2022-02,545,684
2421,2022-03,641,748
2421,2022-04,537,715
2421,2022-05,621,725
2421,2022-06,506,557
2421,2022-07,375,409
2421,2022-08,469,567
2421,2022-09,499,555
2421,2022-10,514,557
2421,2022-11,539,610
2421,2022-12,573,742
2421,2023-01,606,703
2421,2023-02,469,556
2421,2023-03,613,670
2421,2023-04,386,458
2421,2023-05,1099,1159
2421,2023-06,476,529
2421,2023-07,308,331
2421,2023-08,378,457
2421,2023-09,557,743
2421,2023-10,434,499
2421,2023-11,512,620
2421,2023-12,713,789
2421,2024-01,487,554
2421,2024-02,511,623
2421,2024-03,402,470
2421,2024-04,425,487
2421,2024-05,335,353
2421,2024-06,254,269
2421,2024-07,253,287
2421,2024-08,272,287
2421,2024-09,278,293
2421,2024-10,350,375
2421,2024-11,312,361
2421,2024-12,330,383
2421,2025-01,296,335
2421,2025-02,316,340
2421,2025-03,353,395
2421,2025-04,384,417
2421,2025-05,370,400
2421,2025-06,281,300
2421,2025-07,202,217
2421,2025-08,220,240
2421,2025-09,333,404
2421,2025-10,393,439
2421,2025-11,340,372
2421,2025-12,461,486
2421,2026-01,36,41
2421,2026-02,256,301
2422,2020-01,344,572
2422,2020-02,396,539
2422,2020-03,403,563
2422,2020-04,286,413
2422,2020-05,307,450
2422,2020-06,281,334
2422,2020-07,204,778
2422,2020-08,176,226
2422,2020-09,296,470
2422,2020-10,378,688
2422,2020-11,360,492
2422,2020-12,456,563
2422,2021-01,295,849
2422,2021-02,431,585
2422,2021-03,519,931
2422,2021-04,449,633
2422,2021-05,491,632
2422,2021-06,408,560
2422,2021-07,243,311
2422,2021-08,269,355
2422,2021-09,469,590
2422,2021-10,488,720
2422,2021-11,503,1235
2422,2021-12,616,855
2422,2022-01,466,910
2422,2022-02,650,1506
2422,2022-03,706,1483
2422,2022-04,558,1099
2422,2022-05,719,1085
2422,2022-06,481,697
2422,2022-07,341,604
2422,2022-08,407,616
2422,2022-09,525,981
2422,2022-10,599,876
2422,2022-11,557,909
2422,2022-12,634,933
2422,2023-01,525,1125
2422,2023-02,604,1128
2422,2023-03,650,872
2422,2023-04,519,684
2422,2023-05,635,887
2422,2023-06,384,526
2422,2023-07,255,303
2422,2023-08,375,585
2422,2023-09,395,656
2422,2023-10,454,642
2422,2023-11,475,730
2422,2023-12,462,754
2422,2024-01,422,735
2422,2024-02,506,660
2422,2024-03,489,651
2422,2024-04,458,546
2422,2024-05,474,587
2422,2024-06,295,509
2422,2024-07,267,329
2422,2024-08,251,320
2422,2024-09,407,523
2422,2024-10,492,653
2422,2024-11,445,585
2422,2024-12,454,628
2422,2025-01,442,634
2422,2025-02,543,744
2422,2025-03,587,854
2422,2025-04,654,852
2422,2025-05,507,651
2422,2025-06,376,435
2422,2025-07,283,378
2422,2025-08,340,476
2422,2025-09,526,666
2422,2025-10,632,901
2422,2025-11,546,705
2422,2025-12,623,1246
2422,2026-01,14,14
2422,2026-02,461,904
2423,2020-01,533,573
2423,2020-02,525,569
2423,2020-03,365,427
2423,2020-04,169,191
2423,2020-05,211,243
2423,2020-06,182,197
2423,2020-07,163,175
2423,2020-08,219,230
2423,2020-09,306,389
2423,2020-10,402,424
2423,2020-11,387,470
2423,2020-12,443,485
2423,2021-01,402,419
2423,2021-02,554,633
2423,2021-03,593,624
2423,2021-04,682,771
2423,2021-05,738,784
2423,2021-06,531,557
2423,2021-07,453,579
2423,2021-08,605,638
2423,2021-09,937,1031
2423,2021-10,987,1129
2423,2021-11,1079,1174
2423,2021-12,1061,1337
2423,2022-01,952,1066
2423,2022-02,1232,1851
2423,2022-03,1261,1458
2423,2022-04,1028,1126
2423,2022-05,1193,1277
2423,2022-06,947,1003
2423,2022-07,650,748
2423,2022-08,795,939
2423,2022-09,946,1012
2423,2022-10,898,970
2423,2022-11,891,988
2423,2022-12,845,898
2423,2023-01,842,883
2423,2023-02,852,1348
2423,2023-03,903,1057
2423,2023-04,666,738
2423,2023-05,773,837
2423,2023-06,524,565
2423,2023-07,366,382
2423,2023-08,509,545
2423,2023-09,471,513
2423,2023-10,424,456
2423,2023-11,453,498
2423,2023-12,405,430
2423,2024-01,411,450
2423,2024-02,448,481
2423,2024-03,394,411
2423,2024-04,442,460
2423,2024-05,482,510
2423,2024-06,366,381
2423,2024-07,327,354
2423,2024-08,314,322
2423,2024-09,388,415
2423,2024-10,408,453
2423,2024-11,395,429
2423,2024-12,415,474
2423,2025-01,420,449
2423,2025-02,489,532
2423,2025-03,457,479
2423,2025-04,461,489
2423,2025-05,362,390
2423,2025-06,293,306
2423,2025-07,303,329
2423,2025-08,258,291
2423,2025-09,337,358
2423,2025-10,452,496
2423,2025-11,403,428
2423,2025-12,415,463
2423,2026-01,46,47
2423,2026-02,248,270
2431,2020-01,461,526
2431,2020-02,430,462
2431,2020-03,311,487
2431,2020-04,159,171
2431,2020-05,181,210
2431,2020-06,202,272
2431,2020-07,146,156
2431,2020-08,211,261
2431,2020-09,281,356
2431,2020-10,342,403
2431,2020-11,363,457
2431,2020-12,335,364
2431,2021-01,335,369
2431,2021-02,386,536
2431,2021-03,444,609
2431,2021-04,478,506
2431,2021-05,504,516
2431,2021-06,500,659
2431,2021-07,339,504
2431,2021-08,456,584
2431,2021-09,637,939
2431,2021-10,649,756
2431,2021-11,618,652
2431,2021-12,631,721
2431,2022-01,622,774
2431,2022-02,740,1385
2431,2022-03,859,999
2431,2022-04,601,751
2431,2022-05,717,922
2431,2022-06,614,656
2431,2022-07,440,472
2431,2022-08,482,553
2431,2022-09,540,608
2431,2022-10,526,602
2431,2022-11,414,489
2431,2022-12,459,476
2431,2023-01,459,489
2431,2023-02,402,465
2431,2023-03,464,538
2431,2023-04,445,620
2431,2023-05,494,581
2431,2023-06,347,395
2431,2023-07,301,307
2431,2023-08,376,428
2431,2023-09,311,341
2431,2023-10,419,453
2431,2023-11,416,436
2431,2023-12,424,443
2431,2024-01,372,406
2431,2024-02,403,430
2431,2024-03,303,345
2431,2024-04,324,443
2431,2024-05,303,428
2431,2024-06,293,349
2431,2024-07,257,313
2431,2024-08,227,272
2431,2024-09,266,336
2431,2024-10,323,381
2431,2024-11,290,324
2431,2024-12,297,350
2431,2025-01,256,292
2431,2025-02,294,341
2431,2025-03,342,650
2431,2025-04,282,393
2431,2025-05,267,379
2431,2025-06,222,278
2431,2025-07,155,200
2431,2025-08,179,287
2431,2025-09,253,409
2431,2025-10,296,337
2431,2025-11,210,233
2431,2025-12,198,220
2431,2026-01,32,39
2431,2026-02,172,206
2432,2020-01,193,214
2432,2020-02,187,214
2432,2020-03,136,148
2432,2020-04,134,150
2432,2020-05,116,128
2432,2020-06,117,137
2432,2020-07,77,84
2432,2020-08,95,125
2432,2020-09,112,122
2432,2020-10,146,156
2432,2020-11,137,143
2432,2020-12,162,175
2432,2021-01,124,131
2432,2021-02,205,312
2432,2021-03,207,227
2432,2021-04,198,232
2432,2021-05,214,239
2432,2021-06,220,335
2432,2021-07,158,188
2432,2021-08,197,380
2432,2021-09,273,482
2432,2021-10,284,390
2432,2021-11,337,662
2432,2021-12,349,509
2432,2022-01,248,305
2432,2022-02,369,688
2432,2022-03,565,4966
2432,2022-04,384,1133
2432,2022-05,361,754
2432,2022-06,340,420
2432,2022-07,230,480
2432,2022-08,350,1440
2432,2022-09,349,660
2432,2022-10,333,708
2432,2022-11,253,558
2432,2022-12,317,411
2432,2023-01,192,445
2432,2023-02,249,457
2432,2023-03,333,606
2432,2023-04,260,501
2432,2023-05,355,676
2432,2023-06,242,531
2432,2023-07,123,136
2432,2023-08,165,474
2432,2023-09,203,439
2432,2023-10,211,813
2432,2023-11,200,387
2432,2023-12,202,217
2432,2024-01,176,424
2432,2024-02,223,289
2432,2024-03,195,304
2432,2024-04,182,288
2432,2024-05,179,264
2432,2024-06,142,263
2432,2024-07,109,138
2432,2024-08,124,247
2432,2024-09,153,212
2432,2024-10,153,203
2432,2024-11,162,255
2432,2024-12,191,282
2432,2025-01,148,522
2432,2025-02,151,231
2432,2025-03,171,263
2432,2025-04,200,335
2432,2025-05,166,210
2432,2025-06,160,275
2432,2025-07,112,114
2432,2025-08,108,147
2432,2025-09,145,166
2432,2025-10,169,208
2432,2025-11,126,168
2432,2025-12,190,194
2432,2026-01,22,27
2432,2026-02,117,194
2511,2020-01,399,523
2511,2020-02,364,428
2511,2020-03,320,442
2511,2020-04,181,212
2511,2020-05,206,278
2511,2020-06,195,246
2511,2020-07,131,160
2511,2020-08,188,262
2511,2020-09,257,292
2511,2020-10,241,308
2511,2020-11,288,339
2511,2020-12,266,335
2511,2021-01,260,288
2511,2021-02,305,406
2511,2021-03,305,409
2511,2021-04,364,432
2511,2021-05,403,520
2511,2021-06,374,479
2511,2021-07,271,328
2511,2021-08,348,446
2511,2021-09,448,552
2511,2021-10,433,489
2511,2021-11,457,547
2511,2021-12,484,581
2511,2022-01,401,444
2511,2022-02,499,603
2511,2022-03,562,710
2511,2022-04,515,625
2511,2022-05,473,554
2511,2022-06,444,532
2511,2022-07,412,463
2511,2022-08,444,583
2511,2022-09,525,607
2511,2022-10,601,697
2511,2022-11,596,687
2511,2022-12,613,657
2511,2023-01,541,643
2511,2023-02,547,767
2511,2023-03,793,925
2511,2023-04,478,506
2511,2023-05,1200,1415
2511,2023-06,446,492
2511,2023-07,343,417
2511,2023-08,474,546
2511,2023-09,482,540
2511,2023-10,491,559
2511,2023-11,444,492
2511,2023-12,393,480
2511,2024-01,409,497
2511,2024-02,441,480
2511,2024-03,404,446
2511,2024-04,425,498
2511,2024-05,440,501
2511,2024-06,325,364
2511,2024-07,242,279
2511,2024-08,331,359
2511,2024-09,456,467
2511,2024-10,482,589
2511,2024-11,450,534
2511,2024-12,402,490
2511,2025-01,433,488
2511,2025-02,413,521
2511,2025-03,397,421
2511,2025-04,483,588
2511,2025-05,471,500
2511,2025-06,283,329
2511,2025-07,217,292
2511,2025-08,203,268
2511,2025-09,344,460
2511,2025-10,330,416
2511,2025-11,263,347
2511,2025-12,345,430
2511,2026-01,65,74
2511,2026-02,245,306
2512,2019-10,4,14
2512,2019-11,1,1
2512,2019-12,10,10
2512,2020-01,2250,3244
2512,2020-02,2085,2814
2512,2020-03,1856,2880
2512,2020-04,1118,1469
2512,2020-05,1082,1604
2512,2020-06,1058,1425
2512,2020-07,748,1108
2512,2020-08,938,1215
2512,2020-09,1372,2286
2512,2020-10,1560,1997
2512,2020-11,1830,2325
2512,2020-12,1798,2262
2512,2021-01,1695,2286
2512,2021-02,2154,3516
2512,2021-03,2386,3242
2512,2021-04,2338,3094
2512,2021-05,2439,3225
2512,2021-06,2256,2898
2512,2021-07,1574,2204
2512,2021-08,1997,2755
2512,2021-09,2970,3907
2512,2021-10,3022,4103
2512,2021-11,3065,4808
2512,2021-12,3151,3917
2512,2022-01,2543,3125
2512,2022-02,3222,5529
2512,2022-03,3519,4500
2512,2022-04,2915,3842
2512,2022-05,3102,4023
2512,2022-06,2806,4617
2512,2022-07,1854,2327
2512,2022-08,2304,3004
2512,2022-09,2977,4308
2512,2022-10,2981,3737
2512,2022-11,3102,3783
2512,2022-12,3091,3738
2512,2023-01,3061,3650
2512,2023-02,2438,3202
2512,2023-03,3084,3805
2512,2023-04,2560,3086
2512,2023-05,3173,4098
2512,2023-06,2644,3159
2512,2023-07,1817,2222
2512,2023-08,2285,2776
2512,2023-09,2115,2676
2512,2023-10,2052,2560
2512,2023-11,2260,2619
2512,2023-12,1997,2670
2512,2024-01,1983,2391
2512,2024-02,1903,2216
2512,2024-03,1858,2309
2512,2024-04,1905,2299
2512,2024-05,1771,2103
2512,2024-06,1909,2123
2512,2024-07,1173,1396
2512,2024-08,1535,1816
2512,2024-09,1842,2228
2512,2024-10,1930,2305
2512,2024-11,2000,2353
2512,2024-12,1656,1934
2512,2025-01,1725,2048
2512,2025-02,1523,1940
2512,2025-03,1470,1764
2512,2025-04,1665,1944
2512,2025-05,1581,1904
2512,2025-06,1276,1553
2512,2025-07,1031,1224
2512,2025-08,1115,1311
2512,2025-09,1793,2101
2512,2025-10,1882,2212
2512,2025-11,1707,2147
2512,2025-12,1472,1752
2512,2026-01,288,356
2512,2026-02,939,1163
2513,2019-12,1,1
2513,2020-01,20,23
2513,2020-02,31,34
2513,2020-03,52,74
2513,2020-04,31,43
2513,2020-05,23,28
2513,2020-06,44,53
2513,2020-07,10,12
2513,2020-08,27,31
2513,2020-09,24,27
2513,2020-10,21,21
2513,2020-11,25,28
2513,2020-12,22,27
2513,2021-01,10,10
2513,2021-02,30,31
2513,2021-03,34,35
2513,2021-04,28,31
2513,2021-05,28,33
2513,2021-06,41,42
2513,2021-07,40,43
2513,2021-08,19,20
2513,2021-09,30,33
2513,2021-10,57,68
2513,2021-11,30,34
2513,2021-12,30,33
2513,2022-01,29,32
2513,2022-02,42,44
2513,2022-03,33,37
2513,2022-04,36,60
2513,2022-05,40,41
2513,2022-06,26,27
2513,2022-07,9,10
2513,2022-08,24,26
2513,2022-09,27,28
2513,2022-10,18,21
2513,2022-11,30,34
2513,2022-12,11,12
2513,2023-01,24,25
2513,2023-02,32,41
2513,2023-03,22,23
2513,2023-04,27,28
2513,2023-05,28,33
2513,2023-06,20,20
2513,2023-07,18,25
2513,2023-08,21,24
2513,2023-09,21,24
2513,2023-10,35,36
2513,2023-11,32,33
2513,2023-12,18,18
2513,2024-01,32,33
2513,2024-02,17,18
2513,2024-03,20,22
2513,2024-04,19,19
2513,2024-05,12,12
2513,2024-06,15,17
2513,2024-07,11,13
2513,2024-08,21,21
2513,2024-09,17,19
2513,2024-10,18,27
2513,2024-11,14,17
2513,2024-12,9,10
2513,2025-01,15,16
2513,2025-02,20,22
2513,2025-03,17,20
2513,2025-04,12,13
2513,2025-05,13,15
2513,2025-06,12,14
2513,2025-07,7,8
2513,2025-08,10,10
2513,2025-09,19,25
2513,2025-10,15,17
2513,2025-11,23,25
2513,2025-12,18,19
2513,2026-01,11,15
2513,2026-02,7,10
2514,2019-11,1,3
2514,2020-01,130,144
2514,2020-02,157,193
2514,2020-03,124,149
2514,2020-04,69,87
2514,2020-05,76,113
2514,2020-06,73,80
2514,2020-07,54,60
2514,2020-08,68,79
2514,2020-09,135,139
2514,2020-10,127,143
2514,2020-11,142,177
2514,2020-12,112,174
2514,2021-01,113,138
2514,2021-02,156,208
2514,2021-03,184,241
2514,2021-04,164,216
2514,2021-05,180,263
2514,2021-06,176,222
2514,2021-07,78,97
2514,2021-08,149,184
2514,2021-09,224,275
2514,2021-10,185,208
2514,2021-11,190,266
2514,2021-12,216,274
2514,2022-01,212,276
2514,2022-02,196,233
2514,2022-03,248,312
2514,2022-04,164,211
2514,2022-05,190,252
2514,2022-06,197,221
2514,2022-07,144,173
2514,2022-08,183,271
2514,2022-09,216,256
2514,2022-10,235,274
2514,2022-11,244,299
2514,2022-12,210,254
2514,2023-01,245,328
2514,2023-02,200,247
2514,2023-03,393,461
2514,2023-04,212,233
2514,2023-05,294,443
2514,2023-06,233,282
2514,2023-07,97,113
2514,2023-08,164,204
2514,2023-09,174,229
2514,2023-10,197,239
2514,2023-11,166,205
2514,2023-12,140,159
2514,2024-01,177,199
2514,2024-02,136,161
2514,2024-03,148,177
2514,2024-04,186,215
2514,2024-05,144,169
2514,2024-06,172,184
2514,2024-07,106,127
2514,2024-08,145,159
2514,2024-09,168,217
2514,2024-10,182,220
2514,2024-11,196,232
2514,2024-12,145,167
2514,2025-01,142,161
2514,2025-02,153,207
2514,2025-03,149,172
2514,2025-04,127,170
2514,2025-05,168,191
2514,2025-06,104,120
2514,2025-07,79,88
2514,2025-08,98,104
2514,2025-09,135,189
2514,2025-10,176,192
2514,2025-11,126,160
2514,2025-12,118,142
2514,2026-01,25,56
2514,2026-02,88,106
2515,2020-01,117,143
2515,2020-02,147,160
2515,2020-03,128,134
2515,2020-04,136,159
2515,2020-05,93,98
2515,2020-06,96,99
2515,2020-07,82,96
2515,2020-08,76,79
2515,2020-09,103,113
2515,2020-10,125,133
2515,2020-11,146,153
2515,2020-12,163,168
2515,2021-01,116,176
2515,2021-02,178,190
2515,2021-03,201,229
2515,2021-04,175,208
2515,2021-05,188,246
2515,2021-06,187,218
2515,2021-07,128,178
2515,2021-08,123,131
2515,2021-09,177,193
2515,2021-10,201,227
2515,2021-11,232,260
2515,2021-12,245,259
2515,2022-01,171,185
2515,2022-02,251,264
2515,2022-03,268,301
2515,2022-04,249,274
2515,2022-05,258,288
2515,2022-06,193,209
2515,2022-07,159,182
2515,2022-08,174,197
2515,2022-09,230,258
2515,2022-10,259,288
2515,2022-11,236,258
2515,2022-12,234,250
2515,2023-01,246,256
2515,2023-02,199,208
2515,2023-03,252,259
2515,2023-04,256,278
2515,2023-05,297,357
2515,2023-06,181,211
2515,2023-07,114,127
2515,2023-08,144,152
2515,2023-09,194,208
2515,2023-10,172,189
2515,2023-11,177,186
2515,2023-12,178,195
2515,2024-01,162,165
2515,2024-02,177,193
2515,2024-03,155,159
2515,2024-04,138,154
2515,2024-05,153,174
2515,2024-06,114,118
2515,2024-07,100,109
2515,2024-08,125,131
2515,2024-09,170,178
2515,2024-10,199,216
2515,2024-11,166,173
2515,2024-12,156,167
2515,2025-01,115,118
2515,2025-02,141,157
2515,2025-03,155,161
2515,2025-04,143,153
2515,2025-05,145,166
2515,2025-06,124,129
2515,2025-07,85,119
2515,2025-08,88,93
2515,2025-09,127,149
2515,2025-10,176,199
2515,2025-11,154,171
2515,2025-12,169,191
2515,2026-01,30,31
2515,2026-02,122,137
2516,2020-01,98,129
2516,2020-02,92,106
2516,2020-03,79,113
2516,2020-04,68,82
2516,2020-05,55,59
2516,2020-06,69,87
2516,2020-07,55,69
2516,2020-08,37,46
2516,2020-09,75,80
2516,2020-10,76,82
2516,2020-11,100,113
2516,2020-12,86,90
2516,2021-01,70,77
2516,2021-02,83,86
2516,2021-03,91,100
2516,2021-04,101,123
2516,2021-05,113,168
2516,2021-06,106,117
2516,2021-07,78,95
2516,2021-08,105,115
2516,2021-09,157,170
2516,2021-10,240,1932
2516,2021-11,268,2959
2516,2021-12,190,221
2516,2022-01,118,138
2516,2022-02,166,202
2516,2022-03,205,227
2516,2022-04,160,179
2516,2022-05,166,202
2516,2022-06,146,157
2516,2022-07,99,110
2516,2022-08,155,181
2516,2022-09,166,195
2516,2022-10,193,230
2516,2022-11,141,155
2516,2022-12,176,236
2516,2023-01,172,212
2516,2023-02,143,164
2516,2023-03,213,236
2516,2023-04,146,176
2516,2023-05,210,301
2516,2023-06,196,204
2516,2023-07,93,116
2516,2023-08,120,137
2516,2023-09,165,180
2516,2023-10,196,213
2516,2023-11,185,195
2516,2023-12,169,175
2516,2024-01,148,176
2516,2024-02,153,183
2516,2024-03,161,189
2516,2024-04,176,213
2516,2024-05,112,140
2516,2024-06,108,112
2516,2024-07,130,147
2516,2024-08,128,130
2516,2024-09,163,173
2516,2024-10,165,181
2516,2024-11,119,129
2516,2024-12,133,139
2516,2025-01,139,149
2516,2025-02,134,147
2516,2025-03,149,187
2516,2025-04,148,192
2516,2025-05,142,152
2516,2025-06,95,108
2516,2025-07,105,118
2516,2025-08,79,93
2516,2025-09,115,152
2516,2025-10,146,157
2516,2025-11,116,126
2516,2025-12,165,171
2516,2026-01,24,26
2516,2026-02,72,75
2519,2019-12,1,4
2519,2020-01,86,103
2519,2020-02,100,118
2519,2020-03,89,112
2519,2020-04,62,71
2519,2020-05,74,85
2519,2020-06,82,106
2519,2020-07,66,116
2519,2020-08,70,227
2519,2020-09,83,157
2519,2020-10,84,97
2519,2020-11,109,115
2519,2020-12,128,150
2519,2021-01,99,120
2519,2021-02,121,127
2519,2021-03,122,137
2519,2021-04,153,162
2519,2021-05,136,165
2519,2021-06,118,125
2519,2021-07,123,133
2519,2021-08,180,205
2519,2021-09,233,267
2519,2021-10,250,262
2519,2021-11,305,338
2519,2021-12,284,299
2519,2022-01,229,241
2519,2022-02,219,236
2519,2022-03,298,390
2519,2022-04,246,281
2519,2022-05,310,338
2519,2022-06,248,277
2519,2022-07,162,185
2519,2022-08,195,219
2519,2022-09,238,263
2519,2022-10,219,242
2519,2022-11,217,241
2519,2022-12,195,208
2519,2023-01,182,211
2519,2023-02,178,192
2519,2023-03,210,233
2519,2023-04,142,146
2519,2023-05,206,280
2519,2023-06,137,153
2519,2023-07,122,136
2519,2023-08,133,146
2519,2023-09,173,183
2519,2023-10,195,220
2519,2023-11,170,193
2519,2023-12,153,156
2519,2024-01,147,187
2519,2024-02,165,177
2519,2024-03,137,157
2519,2024-04,152,164
2519,2024-05,130,139
2519,2024-06,111,126
2519,2024-07,84,86
2519,2024-08,99,105
2519,2024-09,156,158
2519,2024-10,163,178
2519,2024-11,146,164
2519,2024-12,145,170
2519,2025-01,118,124
2519,2025-02,144,161
2519,2025-03,143,167
2519,2025-04,147,171
2519,2025-05,134,145
2519,2025-06,93,111
2519,2025-07,85,89
2519,2025-08,70,72
2519,2025-09,156,161
2519,2025-10,148,158
2519,2025-11,114,121
2519,2025-12,127,136
2519,2026-01,14,15
2519,2026-02,67,69
2611,2020-01,5,6
2611,2020-02,3,3
2611,2020-04,4,5
2611,2020-06,1,1
2611,2020-07,5,6
2611,2020-08,3,3
2611,2020-09,4,4
2611,2020-10,10,10
2611,2020-11,6,6
2611,2020-12,6,8
2611,2021-01,6,6
2611,2021-02,8,8
2611,2021-03,7,7
2611,2021-04,2,2
2611,2021-05,9,10
2611,2021-06,4,6
2611,2021-07,4,4
2611,2021-08,6,6
2611,2021-09,1,1
2611,2021-10,9,9
2611,2021-11,9,10
2611,2021-12,8,9
2611,2022-01,10,11
2611,2022-02,6,6
2611,2022-03,10,13
2611,2022-04,7,7
2611,2022-05,4,4
2611,2022-06,5,5
2611,2022-07,3,3
2611,2022-08,10,12
2611,2022-09,10,10
2611,2022-10,2,2
2611,2022-11,4,4
2611,2022-12,5,8
2611,2023-01,4,4
2611,2023-02,13,13
2611,2023-03,6,8
2611,2023-04,3,3
2611,2023-05,3,3
2611,2023-06,3,3
2611,2023-07,3,3
2611,2023-08,7,8
2611,2023-09,6,8
2611,2023-10,7,7
2611,2023-11,6,6
2611,2023-12,5,5
2611,2024-01,6,7
2611,2024-02,13,17
2611,2024-03,6,6
2611,2024-04,9,9
2611,2024-05,5,5
2611,2024-06,5,5
2611,2024-07,5,6
2611,2024-08,6,10
2611,2024-09,6,6
2611,2024-10,1,1
2611,2024-11,5,8
2611,2024-12,1,1
2611,2025-01,9,9
2611,2025-02,3,3
2611,2025-03,4,5
2611,2025-04,10,17
2611,2025-05,6,6
2611,2025-06,2,3
2611,2025-07,5,8
2611,2025-08,7,8
2611,2025-09,9,12
2611,2025-10,6,6
2611,2025-11,7,7
2611,2025-12,3,5
2611,2026-01,1,1
2611,2026-02,3,5
2612,2020-01,18,22
2612,2020-02,13,17
2612,2020-03,13,17
2612,2020-04,15,15
2612,2020-05,13,19
2612,2020-06,14,19
2612,2020-07,6,6
2612,2020-08,10,10
2612,2020-09,8,10
2612,2020-10,16,28
2612,2020-11,17,28
2612,2020-12,10,11
2612,2021-01,13,19
2612,2021-02,5,7
2612,2021-03,17,20
2612,2021-04,16,25
2612,2021-05,13,15
2612,2021-06,14,20
2612,2021-07,9,12
2612,2021-08,11,12
2612,2021-09,19,35
2612,2021-10,23,29
2612,2021-11,22,34
2612,2021-12,26,67
2612,2022-01,15,22
2612,2022-02,18,27
2612,2022-03,23,37
2612,2022-04,5,6
2612,2022-05,17,22
2612,2022-06,7,7
2612,2022-07,8,10
2612,2022-08,23,32
2612,2022-09,19,29
2612,2022-10,14,16
2612,2022-11,17,23
2612,2022-12,19,49
2612,2023-01,19,29
2612,2023-02,18,60
2612,2023-03,8,9
2612,2023-04,6,21
2612,2023-05,17,32
2612,2023-06,8,8
2612,2023-07,4,4
2612,2023-08,12,28
2612,2023-09,12,18
2612,2023-10,11,13
2612,2023-11,11,31
2612,2023-12,12,35
2612,2024-01,20,39
2612,2024-02,23,29
2612,2024-03,11,33
2612,2024-04,8,8
2612,2024-05,8,8
2612,2024-06,9,17
2612,2024-07,33,34
2612,2024-08,18,23
2612,2024-09,9,20
2612,2024-10,14,20
2612,2024-11,13,25
2612,2024-12,10,33
2612,2025-01,31,56
2612,2025-02,19,27
2612,2025-03,15,23
2612,2025-04,27,31
2612,2025-05,20,48
2612,2025-06,11,18
2612,2025-07,22,38
2612,2025-08,19,25
2612,2025-09,27,29
2612,2025-10,20,37
2612,2025-11,10,16
2612,2025-12,14,21
2612,2026-02,27,45
2613,2020-01,3,3
2613,2020-02,3,4
2613,2020-03,6,6
2613,2020-04,6,6
2613,2020-05,2,2
2613,2020-06,1,1
2613,2020-07,2,2
2613,2020-08,1,1
2613,2020-09,6,7
2613,2020-10,4,4
2613,2020-11,5,6
2613,2020-12,5,5
2613,2021-01,8,8
2613,2021-02,5,5
2613,2021-03,4,5
2613,2021-04,2,13
2613,2021-05,5,5
2613,2021-06,7,18
2613,2021-07,3,3
2613,2021-08,3,3
2613,2021-09,4,4
2613,2021-10,10,11
2613,2021-11,4,4
2613,2021-12,19,21
2613,2022-01,12,16
2613,2022-02,22,25
2613,2022-03,10,12
2613,2022-04,15,18
2613,2022-05,5,7
2613,2022-06,5,8
2613,2022-07,2,2
2613,2022-08,7,7
2613,2022-09,11,14
2613,2022-10,16,41
2613,2022-11,11,17
2613,2022-12,9,10
2613,2023-01,19,32
2613,2023-02,11,33
2613,2023-03,8,13
2613,2023-04,9,15
2613,2023-05,9,9
2613,2023-08,6,9
2613,2023-09,4,5
2613,2023-10,11,31
2613,2023-11,5,5
2613,2023-12,4,8
2613,2024-01,12,13
2613,2024-02,5,9
2613,2024-03,13,19
2613,2024-04,15,27
2613,2024-05,15,36
2613,2024-07,1,1
2613,2024-08,2,2
2613,2024-09,4,4
2613,2024-10,10,17
2613,2024-11,6,6
2613,2025-01,5,6
2613,2025-02,4,4
2613,2025-03,12,12
2613,2025-04,2,2
2613,2025-05,5,5
2613,2025-07,3,3
2613,2025-08,11,12
2613,2025-09,5,6
2613,2025-10,8,8
2613,2025-11,5,6
2613,2026-02,3,3
2614,2020-01,62,70
2614,2020-02,81,89
2614,2020-03,56,57
2614,2020-04,48,72
2614,2020-05,34,44
2614,2020-06,37,42
2614,2020-07,34,36
2614,2020-08,45,57
2614,2020-09,59,73
2614,2020-10,47,59
2614,2020-11,59,75
2614,2020-12,56,69
2614,2021-01,44,46
2614,2021-02,68,172
2614,2021-03,77,202
2614,2021-04,76,83
2614,2021-05,91,119
2614,2021-06,91,188
2614,2021-07,50,55
2614,2021-08,70,102
2614,2021-09,115,126
2614,2021-10,102,118
2614,2021-11,95,127
2614,2021-12,105,124
2614,2022-01,107,132
2614,2022-02,121,213
2614,2022-03,108,127
2614,2022-04,109,127
2614,2022-05,117,138
2614,2022-06,95,108
2614,2022-07,49,62
2614,2022-08,80,103
2614,2022-09,99,118
2614,2022-10,116,203
2614,2022-11,90,120
2614,2022-12,94,124
2614,2023-01,101,108
2614,2023-02,77,85
2614,2023-03,90,109
2614,2023-04,78,95
2614,2023-05,113,121
2614,2023-06,87,102
2614,2023-07,45,51
2614,2023-08,63,71
2614,2023-09,84,89
2614,2023-10,113,150
2614,2023-11,61,63
2614,2023-12,72,79
2614,2024-01,81,96
2614,2024-02,82,91
2614,2024-03,72,79
2614,2024-04,74,77
2614,2024-05,77,78
2614,2024-06,80,92
2614,2024-07,63,71
2614,2024-08,56,57
2614,2024-09,74,77
2614,2024-10,78,80
2614,2024-11,79,91
2614,2024-12,47,48
2614,2025-01,55,59
2614,2025-02,78,80
2614,2025-03,67,76
2614,2025-04,68,71
2614,2025-05,67,70
2614,2025-06,43,44
2614,2025-07,45,46
2614,2025-08,43,44
2614,2025-09,54,56
2614,2025-10,77,89
2614,2025-11,55,57
2614,2025-12,67,82
2614,2026-01,9,9
2614,2026-02,46,51
2615,2020-01,37,51
2615,2020-02,55,74
2615,2020-03,43,50
2615,2020-04,35,37
2615,2020-05,30,32
2615,2020-06,33,39
2615,2020-07,25,26
2615,2020-08,21,24
2615,2020-09,37,61
2615,2020-10,44,62
2615,2020-11,37,49
2615,2020-12,43,56
2615,2021-01,43,74
2615,2021-02,57,82
2615,2021-03,65,76
2615,2021-04,50,65
2615,2021-05,57,68
2615,2021-06,42,50
2615,2021-07,38,44
2615,2021-08,28,33
2615,2021-09,65,87
2615,2021-10,61,72
2615,2021-11,64,288
2615,2021-12,70,78
2615,2022-01,48,68
2615,2022-02,56,61
2615,2022-03,94,148
2615,2022-04,66,117
2615,2022-05,75,87
2615,2022-06,47,61
2615,2022-07,33,39
2615,2022-08,38,43
2615,2022-09,59,99
2615,2022-10,76,108
2615,2022-11,64,108
2615,2022-12,67,78
2615,2023-01,71,87
2615,2023-02,72,81
2615,2023-03,64,90
2615,2023-04,62,77
2615,2023-05,66,83
2615,2023-06,38,44
2615,2023-07,33,41
2615,2023-08,33,36
2615,2023-09,42,45
2615,2023-10,52,73
2615,2023-11,39,47
2615,2023-12,46,53
2615,2024-01,39,39
2615,2024-02,39,43
2615,2024-03,74,92
2615,2024-04,61,96
2615,2024-05,43,59
2615,2024-06,19,28
2615,2024-07,21,21
2615,2024-08,24,29
2615,2024-09,37,47
2615,2024-10,52,66
2615,2024-11,45,79
2615,2024-12,55,72
2615,2025-01,67,69
2615,2025-02,59,63
2615,2025-03,56,68
2615,2025-04,67,76
2615,2025-05,85,107
2615,2025-06,37,44
2615,2025-07,28,34
2615,2025-08,33,46
2615,2025-09,59,76
2615,2025-10,66,88
2615,2025-11,77,94
2615,2025-12,100,146
2615,2026-01,3,3
2615,2026-02,53,87
2619,2020-01,41,57
2619,2020-02,50,73
2619,2020-03,24,34
2619,2020-04,23,27
2619,2020-05,34,39
2619,2020-06,17,18
2619,2020-07,29,37
2619,2020-08,55,59
2619,2020-09,33,39
2619,2020-10,47,70
2619,2020-11,40,47
2619,2020-12,23,35
2619,2021-01,42,54
2619,2021-02,43,59
2619,2021-03,50,63
2619,2021-04,63,70
2619,2021-05,56,66
2619,2021-06,53,80
2619,2021-07,33,40
2619,2021-08,45,61
2619,2021-09,56,103
2619,2021-10,50,62
2619,2021-11,40,52
2619,2021-12,46,64
2619,2022-01,46,70
2619,2022-02,59,72
2619,2022-03,70,94
2619,2022-04,53,94
2619,2022-05,39,54
2619,2022-06,37,47
2619,2022-07,29,37
2619,2022-08,44,53
2619,2022-09,30,49
2619,2022-10,64,75
2619,2022-11,46,59
2619,2022-12,43,61
2619,2023-01,58,94
2619,2023-02,55,68
2619,2023-03,65,92
2619,2023-04,44,59
2619,2023-05,39,48
2619,2023-06,33,39
2619,2023-07,31,45
2619,2023-08,26,35
2619,2023-09,38,48
2619,2023-10,52,64
2619,2023-11,43,54
2619,2023-12,36,55
2619,2024-01,33,49
2619,2024-02,57,71
2619,2024-03,48,73
2619,2024-04,37,45
2619,2024-05,32,36
2619,2024-06,33,51
2619,2024-07,15,15
2619,2024-08,30,39
2619,2024-09,40,59
2619,2024-10,46,57
2619,2024-11,41,50
2619,2024-12,44,60
2619,2025-01,32,42
2619,2025-02,42,65
2619,2025-03,57,73
2619,2025-04,52,69
2619,2025-05,43,56
2619,2025-06,35,57
2619,2025-07,20,25
2619,2025-08,38,52
2619,2025-09,49,71
2619,2025-10,60,110
2619,2025-11,43,51
2619,2025-12,64,76
2619,2026-01,4,4
2619,2026-02,37,55
2621,2020-01,14,47
2621,2020-02,20,34
2621,2020-03,8,11
2621,2020-04,6,6
2621,2020-05,6,10
2621,2020-06,6,6
2621,2020-07,4,5
2621,2020-08,3,5
2621,2020-09,5,5
2621,2020-10,9,12
2621,2020-11,11,11
2621,2020-12,7,7
2621,2021-01,10,10
2621,2021-02,6,7
2621,2021-03,6,9
2621,2021-04,16,22
2621,2021-05,20,26
2621,2021-06,14,15
2621,2021-07,8,9
2621,2021-08,9,10
2621,2021-09,12,14
2621,2021-10,10,12
2621,2021-11,28,31
2621,2021-12,23,24
2621,2022-01,16,16
2621,2022-02,23,42
2621,2022-03,19,24
2621,2022-04,23,25
2621,2022-05,16,16
2621,2022-06,13,18
2621,2022-07,9,9
2621,2022-08,14,20
2621,2022-09,9,16
2621,2022-10,9,13
2621,2022-11,20,29
2621,2022-12,18,22
2621,2023-01,15,37
2621,2023-02,24,36
2621,2023-03,25,31
2621,2023-04,16,25
2621,2023-05,19,19
2621,2023-06,15,35
2621,2023-07,6,6
2621,2023-08,12,13
2621,2023-09,17,19
2621,2023-10,18,26
2621,2023-11,14,14
2621,2023-12,8,8
2621,2024-01,12,35
2621,2024-02,15,22
2621,2024-03,21,42
2621,2024-04,16,21
2621,2024-05,20,41
2621,2024-06,7,7
2621,2024-07,5,5
2621,2024-08,7,7
2621,2024-09,8,8
2621,2024-10,15,16
2621,2024-11,17,17
2621,2024-12,20,22
2621,2025-01,22,40
2621,2025-02,23,35
2621,2025-03,19,36
2621,2025-04,16,34
2621,2025-05,24,52
2621,2025-06,16,17
2621,2025-07,8,8
2621,2025-08,7,7
2621,2025-09,14,16
2621,2025-10,10,11
2621,2025-11,11,25
2621,2025-12,21,28
2621,2026-01,2,7
2621,2026-02,9,13
2622,2020-01,83,91
2622,2020-02,112,122
2622,2020-03,78,84
2622,2020-04,69,88
2622,2020-05,80,86
2622,2020-06,62,65
2622,2020-07,39,48
2622,2020-08,33,34
2622,2020-09,96,110
2622,2020-10,71,81
2622,2020-11,83,86
2622,2020-12,70,73
2622,2021-01,63,66
2622,2021-02,87,96
2622,2021-03,99,113
2622,2021-04,137,149
2622,2021-05,130,142
2622,2021-06,98,105
2622,2021-07,48,51
2622,2021-08,78,78
2622,2021-09,144,155
2622,2021-10,128,133
2622,2021-11,133,155
2622,2021-12,140,173
2622,2022-01,121,154
2622,2022-02,129,144
2622,2022-03,141,153
2622,2022-04,115,129
2622,2022-05,138,155
2622,2022-06,98,99
2622,2022-07,60,61
2622,2022-08,120,125
2622,2022-09,110,127
2622,2022-10,160,218
2622,2022-11,122,141
2622,2022-12,126,160
2622,2023-01,107,111
2622,2023-02,108,122
2622,2023-03,140,148
2622,2023-04,103,129
2622,2023-05,135,150
2622,2023-06,68,73
2622,2023-07,67,70
2622,2023-08,73,78
2622,2023-09,89,93
2622,2023-10,80,86
2622,2023-11,76,87
2622,2023-12,85,89
2622,2024-01,85,92
2622,2024-02,83,96
2622,2024-03,110,120
2622,2024-04,96,112
2622,2024-05,100,103
2622,2024-06,62,64
2622,2024-07,45,49
2622,2024-08,52,57
2622,2024-09,78,85
2622,2024-10,94,102
2622,2024-11,66,79
2622,2024-12,84,92
2622,2025-01,79,127
2622,2025-02,125,143
2622,2025-03,135,148
2622,2025-04,128,154
2622,2025-05,142,164
2622,2025-06,93,100
2622,2025-07,87,100
2622,2025-08,81,97
2622,2025-09,111,129
2622,2025-10,117,140
2622,2025-11,125,175
2622,2025-12,85,101
2622,2026-01,10,11
2622,2026-02,100,105
2623,2020-01,37,41
2623,2020-02,24,27
2623,2020-03,30,32
2623,2020-04,26,28
2623,2020-05,14,14
2623,2020-06,18,18
2623,2020-07,6,6
2623,2020-08,7,7
2623,2020-09,9,9
2623,2020-10,19,19
2623,2020-11,22,22
2623,2020-12,25,26
2623,2021-01,9,9
2623,2021-02,19,22
2623,2021-03,20,31
2623,2021-04,30,31
2623,2021-05,18,19
2623,2021-06,21,22
2623,2021-07,6,6
2623,2021-08,12,12
2623,2021-09,18,19
2623,2021-10,29,29
2623,2021-11,32,34
2623,2021-12,16,16
2623,2022-01,18,23
2623,2022-02,20,41
2623,2022-03,54,55
2623,2022-04,29,48
2623,2022-05,27,27
2623,2022-06,32,32
2623,2022-07,19,21
2623,2022-08,14,23
2623,2022-09,20,24
2623,2022-10,22,22
2623,2022-11,26,26
2623,2022-12,24,34
2623,2023-01,26,27
2623,2023-02,30,32
2623,2023-03,32,40
2623,2023-04,18,24
2623,2023-05,25,27
2623,2023-06,30,34
2623,2023-07,14,14
2623,2023-08,10,11
2623,2023-09,28,30
2623,2023-10,18,27
2623,2023-11,25,26
2623,2023-12,22,24
2623,2024-01,18,18
2623,2024-02,30,34
2623,2024-03,17,26
2623,2024-04,36,36
2623,2024-05,30,31
2623,2024-06,21,23
2623,2024-07,8,8
2623,2024-08,17,17
2623,2024-09,20,22
2623,2024-10,18,19
2623,2024-11,18,18
2623,2024-12,34,39
2623,2025-01,21,22
2623,2025-02,25,25
2623,2025-03,28,34
2623,2025-04,27,30
2623,2025-05,27,72
2623,2025-06,27,30
2623,2025-07,7,9
2623,2025-08,18,20
2623,2025-09,13,13
2623,2025-10,20,21
2623,2025-11,38,42
2623,2025-12,31,39
2623,2026-01,4,6
2623,2026-02,30,30
2641,2020-01,34,53
2641,2020-02,21,22
2641,2020-03,28,31
2641,2020-04,14,15
2641,2020-05,10,13
2641,2020-06,18,28
2641,2020-07,7,9
2641,2020-08,9,11
2641,2020-09,17,31
2641,2020-10,21,23
2641,2020-11,17,18
2641,2020-12,29,41
2641,2021-01,15,26
2641,2021-02,8,9
2641,2021-03,48,56
2641,2021-04,20,20
2641,2021-05,25,31
2641,2021-06,33,33
2641,2021-07,4,4
2641,2021-08,3,3
2641,2021-09,3,11
2641,2021-10,6,10
2641,2021-11,7,8
2641,2021-12,7,8
2641,2022-01,5,9
2641,2022-02,9,10
2641,2022-03,6,6
2641,2022-04,5,22
2641,2022-05,4,4
2641,2022-06,9,9
2641,2022-07,5,14
2641,2022-08,5,5
2641,2022-09,8,8
2641,2022-10,8,17
2641,2022-11,15,16
2641,2022-12,11,12
2641,2023-01,7,26
2641,2023-02,6,12
2641,2023-03,3,3
2641,2023-04,2,7
2641,2023-05,2,7
2641,2023-06,2,2
2641,2023-07,1,6
2641,2023-08,1,1
2641,2023-09,5,5
2641,2023-10,5,5
2641,2023-12,2,29
2641,2024-01,1,1
2641,2024-02,6,7
2641,2024-03,1,1
2641,2024-04,4,4
2641,2024-05,2,2
2641,2024-06,4,4
2641,2024-07,4,4
2641,2024-08,1,1
2641,2024-09,4,4
2641,2024-10,7,7
2641,2024-11,3,3
2641,2024-12,2,2
2641,2025-01,2,2
2641,2025-02,4,4
2641,2025-03,4,5
2641,2025-04,4,6
2641,2025-05,3,3
2641,2025-06,3,3
2641,2025-07,4,15
2641,2025-08,3,3
2641,2025-09,1,1
2641,2025-10,1,1
2641,2025-11,1,1
2641,2025-12,1,5
2641,2026-01,1,1
2641,2026-02,4,4
2642,2020-01,111,259
2642,2020-02,48,62
2642,2020-03,38,55
2642,2020-04,36,40
2642,2020-05,26,28
2642,2020-06,38,41
2642,2020-07,19,19
2642,2020-08,33,37
2642,2020-09,30,30
2642,2020-10,53,57
2642,2020-11,42,45
2642,2020-12,53,78
2642,2021-01,112,232
2642,2021-02,63,81
2642,2021-03,52,57
2642,2021-04,52,103
2642,2021-05,72,107
2642,2021-06,61,98
2642,2021-07,28,50
2642,2021-08,46,91
2642,2021-09,60,64
2642,2021-10,74,77
2642,2021-11,78,79
2642,2021-12,127,211
2642,2022-01,121,225
2642,2022-02,116,353
2642,2022-03,97,114
2642,2022-04,79,107
2642,2022-05,93,138
2642,2022-06,73,83
2642,2022-07,25,25
2642,2022-08,54,59
2642,2022-09,104,112
2642,2022-10,68,74
2642,2022-11,58,68
2642,2022-12,98,205
2642,2023-01,119,260
2642,2023-02,63,84
2642,2023-03,73,88
2642,2023-04,86,111
2642,2023-05,89,102
2642,2023-06,49,61
2642,2023-07,60,119
2642,2023-08,37,54
2642,2023-09,34,34
2642,2023-10,37,44
2642,2023-11,40,45
2642,2023-12,46,120
2642,2024-01,71,164
2642,2024-02,42,72
2642,2024-03,45,46
2642,2024-04,32,37
2642,2024-05,25,27
2642,2024-06,13,13
2642,2024-07,11,14
2642,2024-08,30,40
2642,2024-09,29,31
2642,2024-10,27,28
2642,2024-11,25,27
2642,2024-12,48,123
2642,2025-01,95,248
2642,2025-02,22,89
2642,2025-03,19,20
2642,2025-04,40,42
2642,2025-05,31,36
2642,2025-06,12,15
2642,2025-07,11,12
2642,2025-08,22,26
2642,2025-09,12,12
2642,2025-10,19,23
2642,2025-11,35,38
2642,2025-12,52,109
2642,2026-01,20,59
2642,2026-02,11,11
2643,2020-01,18,616
2643,2020-02,23,59
2643,2020-03,45,870
2643,2020-04,28,83
2643,2020-05,29,39
2643,2020-06,13,18
2643,2020-07,6,10
2643,2020-08,8,17
2643,2020-09,18,36
2643,2020-10,57,313
2643,2020-11,41,151
2643,2020-12,16,63
2643,2021-01,11,31
2643,2021-02,9,9
2643,2021-03,15,19
2643,2021-04,14,33
2643,2021-05,30,81
2643,2021-06,16,1048
2643,2021-07,18,51
2643,2021-08,21,33
2643,2021-09,35,93
2643,2021-10,23,31
2643,2021-11,42,67
2643,2021-12,33,136
2643,2022-01,32,93
2643,2022-02,50,120
2643,2022-03,57,229
2643,2022-04,28,63
2643,2022-05,37,136
2643,2022-06,11,32
2643,2022-07,9,28
2643,2022-08,34,1565
2643,2022-09,30,72
2643,2022-10,30,575
2643,2022-11,58,391
2643,2022-12,24,46
2643,2023-01,31,88
2643,2023-02,14,44
2643,2023-03,55,123
2643,2023-04,40,567
2643,2023-05,31,62
2643,2023-06,26,33
2643,2023-07,4,4
2643,2023-08,6,8
2643,2023-09,25,33
2643,2023-10,40,2246
2643,2023-11,19,2312
2643,2023-12,10,20
2643,2024-01,25,310
2643,2024-02,28,74
2643,2024-03,13,32
2643,2024-04,27,91
2643,2024-05,26,39
2643,2024-06,10,14
2643,2024-07,4,4
2643,2024-08,23,253
2643,2024-09,10,55
2643,2024-10,21,247
2643,2024-11,13,146
2643,2024-12,19,58
2643,2025-01,25,335
2643,2025-02,51,424
2643,2025-03,8,8
2643,2025-04,37,43
2643,2025-05,19,24
2643,2025-06,36,38
2643,2025-07,11,12
2643,2025-08,11,13
2643,2025-09,14,33
2643,2025-10,52,974
2643,2025-11,11,14
2643,2025-12,7,8
2643,2026-02,37,173
2651,2020-01,5,5
2651,2020-02,9,9
2651,2020-03,9,14
2651,2020-04,4,4
2651,2020-06,4,6
2651,2020-07,2,2
2651,2020-09,4,6
2651,2020-10,5,5
2651,2020-11,11,12
2651,2020-12,7,7
2651,2021-01,7,7
2651,2021-02,4,4
2651,2021-03,8,13
2651,2021-04,4,4
2651,2021-05,4,4
2651,2021-06,3,3
2651,2021-07,2,2
2651,2021-08,4,5
2651,2021-09,4,4
2651,2021-10,6,7
2651,2021-11,6,6
2651,2021-12,6,6
2651,2022-01,7,8
2651,2022-02,7,9
2651,2022-03,27,30
2651,2022-04,32,33
2651,2022-05,28,32
2651,2022-06,20,20
2651,2022-07,26,27
2651,2022-08,12,12
2651,2022-09,14,14
2651,2022-11,8,10
2651,2022-12,3,5
2651,2023-01,5,5
2651,2023-02,11,13
2651,2023-03,5,6
2651,2023-04,6,9
2651,2023-05,5,5
2651,2023-06,6,6
2651,2023-07,4,4
2651,2023-08,1,2
2651,2023-09,5,5
2651,2023-10,2,2
2651,2023-11,1,3
2651,2023-12,2,2
2651,2024-01,3,3
2651,2024-02,5,5
2651,2024-03,6,6
2651,2024-04,4,4
2651,2024-05,6,6
2651,2024-06,3,3
2651,2024-08,1,1
2651,2024-09,3,3
2651,2024-10,5,5
2651,2024-11,7,8
2651,2024-12,10,13
2651,2025-01,2,2
2651,2025-02,4,4
2651,2025-03,6,12
2651,2025-04,1,1
2651,2025-05,2,2
2651,2025-06,2,2
2651,2025-07,2,2
2651,2025-08,2,2
2651,2025-09,1,1
2651,2025-10,1,1
2651,2025-11,3,3
2651,2025-12,5,5
2651,2026-01,1,1
2651,2026-02,4,6
2652,2020-01,11,88
2652,2020-02,17,19
2652,2020-03,15,35
2652,2020-04,14,16
2652,2020-05,6,6
2652,2020-06,9,9
2652,2020-07,7,12
2652,2020-08,7,7
2652,2020-09,10,15
2652,2020-10,13,15
2652,2020-11,7,9
2652,2020-12,3,11
2652,2021-01,4,11
2652,2021-02,5,5
2652,2021-03,6,6
2652,2021-04,20,22
2652,2021-05,17,17
2652,2021-06,18,19
2652,2021-07,10,14
2652,2021-08,12,19
2652,2021-09,15,17
2652,2021-10,6,8
2652,2021-11,15,17
2652,2021-12,12,91
2652,2022-01,18,39
2652,2022-02,16,25
2652,2022-03,22,25
2652,2022-04,16,18
2652,2022-05,31,296
2652,2022-06,27,46
2652,2022-07,15,47
2652,2022-08,18,19
2652,2022-09,20,20
2652,2022-10,25,32
2652,2022-11,23,29
2652,2022-12,9,9
2652,2023-01,19,23
2652,2023-02,14,14
2652,2023-03,19,32
2652,2023-04,15,24
2652,2023-05,22,29
2652,2023-06,15,23
2652,2023-07,6,7
2652,2023-08,11,11
2652,2023-09,19,20
2652,2023-10,16,49
2652,2023-11,18,22
2652,2023-12,12,17
2652,2024-01,20,29
2652,2024-02,23,34
2652,2024-03,24,36
2652,2024-04,26,26
2652,2024-05,16,16
2652,2024-06,15,17
2652,2024-07,4,4
2652,2024-08,11,14
2652,2024-09,20,22
2652,2024-10,14,21
2652,2024-11,15,25
2652,2024-12,21,27
2652,2025-01,19,20
2652,2025-02,23,32
2652,2025-03,17,23
2652,2025-04,17,22
2652,2025-05,23,39
2652,2025-06,12,12
2652,2025-07,6,7
2652,2025-08,8,8
2652,2025-09,14,20
2652,2025-10,25,51
2652,2025-11,21,26
2652,2025-12,22,39
2652,2026-01,11,23
2652,2026-02,13,15
2653,2020-01,17,19
2653,2020-02,2,6
2653,2020-03,1,2
2653,2020-04,5,5
2653,2020-05,4,5
2653,2020-06,7,9
2653,2020-07,1,1
2653,2020-08,3,3
2653,2020-09,3,3
2653,2020-10,1,1
2653,2020-11,13,13
2653,2020-12,2,2
2653,2021-01,1,1
2653,2021-03,4,11
2653,2021-04,3,4
2653,2021-05,24,29
2653,2021-06,3,4
2653,2021-07,3,7
2653,2021-08,11,11
2653,2021-09,11,19
2653,2021-10,8,8
2653,2021-11,11,12
2653,2021-12,5,5
2653,2022-01,3,3
2653,2022-05,4,4
2653,2022-06,4,4
2653,2022-07,3,4
2653,2022-08,3,3
2653,2022-09,2,2
2653,2022-11,1,1
2653,2022-12,7,7
2653,2023-01,4,4
2653,2023-04,2,6
2653,2023-05,5,8
2653,2023-06,3,3
2653,2023-07,2,2
2653,2023-08,1,1
2653,2023-09,2,2
2653,2023-10,4,41
2653,2023-11,3,13
2653,2023-12,2,4
2653,2024-01,7,17
2653,2024-02,1,1
2653,2024-03,2,3
2653,2024-04,2,4
2653,2024-05,2,12
2653,2024-06,3,7
2653,2024-07,1,2
2653,2024-11,3,19
2653,2024-12,1,3
2653,2025-01,2,6
2653,2025-02,3,6
2653,2025-03,3,19
2653,2025-04,3,4
2653,2025-05,2,4
2653,2025-06,2,5
2653,2025-09,2,2
2653,2025-10,4,9
2653,2025-11,4,35
2653,2025-12,1,1
2653,2026-02,3,16
2654,2020-01,20,22
2654,2020-02,27,28
2654,2020-03,20,24
2654,2020-04,17,18
2654,2020-05,18,23
2654,2020-06,22,23
2654,2020-07,10,10
2654,2020-08,22,31
2654,2020-09,13,14
2654,2020-10,29,30
2654,2020-11,24,25
2654,2020-12,29,32
2654,2021-01,17,21
2654,2021-02,19,19
2654,2021-03,28,29
2654,2021-04,26,30
2654,2021-05,36,39
2654,2021-06,29,29
2654,2021-07,44,48
2654,2021-08,43,44
2654,2021-09,79,95
2654,2021-10,77,87
2654,2021-11,114,182
2654,2021-12,85,117
2654,2022-01,76,80
2654,2022-02,99,140
2654,2022-03,107,126
2654,2022-04,70,83
2654,2022-05,115,125
2654,2022-06,81,86
2654,2022-07,48,49
2654,2022-08,59,93
2654,2022-09,86,91
2654,2022-10,74,82
2654,2022-11,70,85
2654,2022-12,61,68
2654,2023-01,64,67
2654,2023-02,66,74
2654,2023-03,86,91
2654,2023-04,48,54
2654,2023-05,76,89
2654,2023-06,52,56
2654,2023-07,28,29
2654,2023-08,33,34
2654,2023-09,47,48
2654,2023-10,61,69
2654,2023-11,58,62
2654,2023-12,31,46
2654,2024-01,27,27
2654,2024-02,41,44
2654,2024-03,20,21
2654,2024-04,28,31
2654,2024-05,23,23
2654,2024-06,12,12
2654,2024-07,6,6
2654,2024-08,18,18
2654,2024-09,31,32
2654,2024-10,20,20
2654,2024-11,27,27
2654,2024-12,17,19
2654,2025-01,22,22
2654,2025-02,19,19
2654,2025-03,27,31
2654,2025-04,29,30
2654,2025-05,15,28
2654,2025-06,15,15
2654,2025-07,12,12
2654,2025-08,17,17
2654,2025-09,21,21
2654,2025-10,30,30
2654,2025-11,16,16
2654,2025-12,34,43
2654,2026-01,2,2
2654,2026-02,12,13
2655,2020-01,9,94
2655,2020-02,5,96
2655,2020-03,4,45
2655,2020-05,1,3
2655,2020-06,1,2
2655,2020-07,1,60
2655,2020-08,4,8
2655,2020-09,1,60
2655,2020-11,4,33
2655,2020-12,2,11
2655,2021-01,2,20
2655,2021-02,2,8
2655,2021-03,3,13
2655,2021-04,1,1
2655,2021-05,8,12
2655,2021-06,6,308
2655,2021-07,4,118
2655,2021-08,9,482
2655,2021-09,12,546
2655,2021-10,9,296
2655,2021-11,7,31
2655,2021-12,5,59
2655,2022-01,2,2
2655,2022-02,10,23
2655,2022-03,6,36
2655,2022-04,5,33
2655,2022-05,9,943
2655,2022-06,7,326
2655,2022-07,19,1946
2655,2022-08,16,1227
2655,2022-09,13,472
2655,2022-10,10,1304
2655,2022-11,3,9
2655,2022-12,3,9
2655,2023-01,9,100
2655,2023-02,5,39
2655,2023-03,6,109
2655,2023-04,4,13
2655,2023-05,7,393
2655,2023-06,3,6
2655,2023-07,12,481
2655,2023-08,5,603
2655,2023-09,6,456
2655,2023-10,8,320
2655,2023-11,5,9
2655,2023-12,5,26
2655,2024-01,24,69
2655,2024-02,9,26
2655,2024-03,9,40
2655,2024-04,4,20
2655,2024-05,5,22
2655,2024-06,12,25
2655,2024-07,14,388
2655,2024-08,9,277
2655,2024-09,9,11
2655,2024-10,4,63
2655,2024-11,7,80
2655,2024-12,6,59
2655,2025-01,6,50
2655,2025-02,5,19
2655,2025-03,5,28
2655,2025-04,4,32
2655,2025-05,3,10
2655,2025-06,3,3
2655,2025-07,5,393
2655,2025-08,9,90
2655,2025-09,5,84
2655,2025-10,6,17
2655,2025-11,1,4
2655,2025-12,10,197
2655,2026-01,1,4
2655,2026-02,5,37
2661,2020-01,427,1551
2661,2020-02,432,816
2661,2020-03,426,548
2661,2020-04,327,450
2661,2020-05,362,494
2661,2020-06,342,450
2661,2020-07,229,297
2661,2020-08,248,342
2661,2020-09,347,459
2661,2020-10,388,513
2661,2020-11,394,531
2661,2020-12,392,557
2661,2021-01,377,559
2661,2021-02,490,742
2661,2021-03,574,813
2661,2021-04,525,737
2661,2021-05,572,763
2661,2021-06,479,664
2661,2021-07,311,422
2661,2021-08,396,551
2661,2021-09,580,795
2661,2021-10,618,818
2661,2021-11,668,934
2661,2021-12,677,923
2661,2022-01,614,877
2661,2022-02,725,1230
2661,2022-03,936,1396
2661,2022-04,738,1178
2661,2022-05,807,1181
2661,2022-06,731,1114
2661,2022-07,359,485
2661,2022-08,654,1008
2661,2022-09,681,904
2661,2022-10,909,1283
2661,2022-11,636,913
2661,2022-12,705,1152
2661,2023-01,762,1313
2661,2023-02,772,1214
2661,2023-03,987,1583
2661,2023-04,661,933
2661,2023-05,949,1355
2661,2023-06,616,796
2661,2023-07,402,546
2661,2023-08,689,2457
2661,2023-09,781,973
2661,2023-10,1395,1959
2661,2023-11,1004,1412
2661,2023-12,622,903
2661,2024-01,919,1194
2661,2024-02,963,1294
2661,2024-03,649,843
2661,2024-04,725,998
2661,2024-05,725,914
2661,2024-06,542,698
2661,2024-07,380,555
2661,2024-08,716,862
2661,2024-09,539,679
2661,2024-10,624,818
2661,2024-11,594,792
2661,2024-12,539,728
2661,2025-01,790,1282
2661,2025-02,765,1019
2661,2025-03,652,899
2661,2025-04,637,853
2661,2025-05,674,856
2661,2025-06,446,603
2661,2025-07,425,556
2661,2025-08,429,571
2661,2025-09,695,976
2661,2025-10,723,940
2661,2025-11,621,809
2661,2025-12,676,936
2661,2026-01,110,268
2661,2026-02,482,743
2662,2019-12,2,2
2662,2020-01,156,167
2662,2020-02,157,190
2662,2020-03,148,162
2662,2020-04,133,152
2662,2020-05,168,182
2662,2020-06,150,160
2662,2020-07,83,88
2662,2020-08,115,125
2662,2020-09,148,155
2662,2020-10,185,196
2662,2020-11,176,192
2662,2020-12,162,178
2662,2021-01,153,169
2662,2021-02,160,181
2662,2021-03,211,228
2662,2021-04,227,253
2662,2021-05,249,280
2662,2021-06,227,251
2662,2021-07,94,96
2662,2021-08,163,172
2662,2021-09,182,201
2662,2021-10,176,180
2662,2021-11,185,195
2662,2021-12,224,253
2662,2022-01,167,174
2662,2022-02,198,215
2662,2022-03,270,285
2662,2022-04,212,221
2662,2022-05,298,323
2662,2022-06,259,290
2662,2022-07,123,130
2662,2022-08,176,185
2662,2022-09,202,213
2662,2022-10,188,200
2662,2022-11,198,210
2662,2022-12,187,205
2662,2023-01,187,209
2662,2023-02,189,200
2662,2023-03,219,236
2662,2023-04,162,188
2662,2023-05,312,331
2662,2023-06,207,210
2662,2023-07,95,102
2662,2023-08,151,162
2662,2023-09,153,162
2662,2023-10,147,185
2662,2023-11,170,179
2662,2023-12,122,137
2662,2024-01,146,164
2662,2024-02,150,164
2662,2024-03,166,185
2662,2024-04,186,196
2662,2024-05,169,178
2662,2024-06,142,150
2662,2024-07,84,87
2662,2024-08,133,145
2662,2024-09,135,141
2662,2024-10,160,181
2662,2024-11,158,169
2662,2024-12,138,154
2662,2025-01,155,163
2662,2025-02,134,138
2662,2025-03,167,181
2662,2025-04,180,188
2662,2025-05,199,214
2662,2025-06,173,187
2662,2025-07,114,129
2662,2025-08,131,148
2662,2025-09,156,168
2662,2025-10,168,176
2662,2025-11,157,162
2662,2025-12,156,166
2662,2026-01,10,15
2662,2026-02,125,144
2663,2020-01,81,166
2663,2020-02,81,119
2663,2020-03,75,106
2663,2020-04,42,122
2663,2020-05,32,45
2663,2020-06,40,50
2663,2020-07,35,42
2663,2020-08,39,44
2663,2020-09,58,79
2663,2020-10,52,67
2663,2020-11,65,85
2663,2020-12,72,104
2663,2021-01,66,144
2663,2021-02,80,125
2663,2021-03,88,113
2663,2021-04,79,103
2663,2021-05,79,100
2663,2021-06,64,79
2663,2021-07,48,58
2663,2021-08,66,89
2663,2021-09,104,147
2663,2021-10,132,170
2663,2021-11,106,129
2663,2021-12,84,156
2663,2022-01,109,226
2663,2022-02,102,143
2663,2022-03,146,202
2663,2022-04,90,132
2663,2022-05,111,158
2663,2022-06,78,111
2663,2022-07,49,65
2663,2022-08,80,118
2663,2022-09,114,150
2663,2022-10,107,132
2663,2022-11,81,123
2663,2022-12,93,162
2663,2023-01,104,236
2663,2023-02,128,214
2663,2023-03,155,229
2663,2023-04,79,102
2663,2023-05,114,203
2663,2023-06,101,124
2663,2023-07,47,68
2663,2023-08,86,105
2663,2023-09,50,64
2663,2023-10,86,102
2663,2023-11,86,111
2663,2023-12,51,77
2663,2024-01,135,238
2663,2024-02,101,200
2663,2024-03,92,114
2663,2024-04,75,89
2663,2024-05,100,108
2663,2024-06,68,83
2663,2024-07,97,105
2663,2024-08,91,102
2663,2024-09,63,83
2663,2024-10,85,114
2663,2024-11,70,79
2663,2024-12,57,78
2663,2025-01,111,179
2663,2025-02,85,140
2663,2025-03,94,131
2663,2025-04,74,94
2663,2025-05,74,88
2663,2025-06,46,63
2663,2025-07,38,51
2663,2025-08,46,60
2663,2025-09,80,109
2663,2025-10,92,115
2663,2025-11,64,84
2663,2025-12,90,124
2663,2026-01,7,12
2663,2026-02,75,126
2669,2020-01,32,65
2669,2020-02,33,74
2669,2020-03,29,47
2669,2020-04,21,37
2669,2020-05,18,27
2669,2020-06,25,35
2669,2020-07,14,23
2669,2020-08,12,30
2669,2020-09,19,29
2669,2020-10,22,59
2669,2020-11,29,44
2669,2020-12,18,40
2669,2021-01,16,18
2669,2021-02,23,60
2669,2021-03,29,57
2669,2021-04,14,14
2669,2021-05,30,49
2669,2021-06,37,115
2669,2021-07,13,18
2669,2021-08,9,30
2669,2021-09,19,47
2669,2021-10,22,59
2669,2021-11,24,41
2669,2021-12,18,39
2669,2022-01,19,36
2669,2022-02,15,26
2669,2022-03,39,95
2669,2022-04,35,69
2669,2022-05,28,52
2669,2022-06,14,16
2669,2022-07,14,24
2669,2022-08,28,57
2669,2022-09,18,50
2669,2022-10,18,58
2669,2022-11,12,28
2669,2022-12,13,32
2669,2023-01,20,78
2669,2023-02,21,48
2669,2023-03,14,39
2669,2023-04,13,16
2669,2023-05,14,17
2669,2023-06,4,13
2669,2023-07,10,17
2669,2023-08,9,41
2669,2023-09,12,45
2669,2023-10,10,25
2669,2023-11,9,21
2669,2023-12,11,20
2669,2024-01,13,62
2669,2024-02,20,96
2669,2024-03,15,19
2669,2024-04,13,30
2669,2024-05,5,6
2669,2024-06,6,6
2669,2024-07,5,8
2669,2024-08,12,63
2669,2024-09,8,16
2669,2024-10,15,35
2669,2024-11,10,17
2669,2024-12,8,12
2669,2025-01,13,31
2669,2025-02,16,33
2669,2025-03,18,44
2669,2025-04,10,20
2669,2025-05,5,10
2669,2025-06,4,5
2669,2025-07,1,1
2669,2025-08,10,29
2669,2025-09,22,84
2669,2025-10,14,33
2669,2025-11,16,33
2669,2025-12,10,18
2669,2026-02,3,55
2671,2020-01,11,12
2671,2020-02,17,18
2671,2020-03,21,25
2671,2020-04,6,6
2671,2020-05,15,16
2671,2020-06,11,11
2671,2020-07,7,7
2671,2020-08,7,7
2671,2020-09,9,9
2671,2020-10,7,9
2671,2020-11,5,5
2671,2020-12,11,12
2671,2021-01,13,14
2671,2021-02,7,9
2671,2021-03,5,6
2671,2021-04,16,17
2671,2021-05,10,10
2671,2021-06,11,11
2671,2021-07,8,10
2671,2021-08,12,12
2671,2021-09,8,8
2671,2021-10,6,6
2671,2021-11,13,14
2671,2021-12,17,17
2671,2022-01,12,12
2671,2022-02,15,15
2671,2022-03,21,22
2671,2022-04,13,15
2671,2022-05,21,22
2671,2022-06,22,22
2671,2022-07,9,10
2671,2022-08,16,16
2671,2022-09,25,27
2671,2022-10,12,13
2671,2022-11,15,16
2671,2022-12,17,19
2671,2023-01,22,22
2671,2023-02,18,23
2671,2023-03,22,31
2671,2023-04,13,13
2671,2023-05,15,16
2671,2023-06,28,30
2671,2023-07,15,16
2671,2023-08,11,11
2671,2023-09,12,13
2671,2023-10,22,24
2671,2023-11,21,22
2671,2023-12,16,21
2671,2024-01,21,22
2671,2024-02,21,22
2671,2024-03,23,26
2671,2024-04,21,25
2671,2024-05,12,13
2671,2024-06,11,11
2671,2024-07,5,5
2671,2024-08,10,10
2671,2024-09,19,21
2671,2024-10,20,25
2671,2024-11,6,6
2671,2024-12,13,13
2671,2025-01,25,28
2671,2025-02,17,18
2671,2025-03,15,15
2671,2025-04,23,29
2671,2025-05,17,17
2671,2025-06,11,11
2671,2025-07,9,10
2671,2025-08,15,15
2671,2025-09,16,34
2671,2025-10,24,32
2671,2025-11,15,16
2671,2025-12,20,25
2671,2026-01,6,8
2671,2026-02,13,17
2672,2020-01,6,6
2672,2020-02,7,7
2672,2020-03,6,6
2672,2020-04,5,5
2672,2020-05,5,5
2672,2020-06,3,3
2672,2020-07,2,2
2672,2020-08,1,1
2672,2020-09,4,4
2672,2020-10,7,7
2672,2020-11,4,4
2672,2020-12,4,4
2672,2021-01,3,3
2672,2021-02,3,4
2672,2021-03,7,8
2672,2021-04,3,3
2672,2021-05,3,3
2672,2021-06,6,6
2672,2021-07,2,2
2672,2021-08,1,1
2672,2021-09,3,3
2672,2021-10,4,4
2672,2021-11,6,6
2672,2021-12,5,5
2672,2022-01,4,4
2672,2022-02,4,4
2672,2022-03,5,5
2672,2022-04,7,8
2672,2022-05,3,3
2672,2022-06,2,2
2672,2022-07,1,1
2672,2022-08,3,3
2672,2022-09,9,9
2672,2022-10,4,4
2672,2022-11,6,6
2672,2022-12,5,5
2672,2023-01,5,6
2672,2023-02,6,6
2672,2023-03,5,14
2672,2023-04,7,8
2672,2023-05,4,4
2672,2023-06,5,9
2672,2023-07,8,9
2672,2023-08,10,10
2672,2023-09,8,8
2672,2023-10,13,14
2672,2023-11,8,8
2672,2023-12,8,8
2672,2024-01,4,4
2672,2024-02,8,8
2672,2024-03,8,8
2672,2024-04,14,14
2672,2024-05,4,4
2672,2024-06,4,4
2672,2024-07,4,5
2672,2024-08,5,5
2672,2024-09,3,4
2672,2024-10,8,8
2672,2024-11,6,7
2672,2024-12,3,3
2672,2025-01,6,6
2672,2025-02,9,9
2672,2025-03,7,7
2672,2025-04,9,9
2672,2025-05,7,7
2672,2025-06,5,5
2672,2025-08,4,5
2672,2025-09,5,5
2672,2025-10,8,9
2672,2025-11,1,1
2672,2025-12,9,9
2672,2026-01,3,3
2672,2026-02,6,7
3111,2020-01,20,21
3111,2020-02,33,35
3111,2020-03,14,14
3111,2020-04,16,16
3111,2020-05,9,9
3111,2020-06,9,9
3111,2020-07,12,12
3111,2020-08,13,14
3111,2020-09,15,17
3111,2020-10,19,19
3111,2020-11,15,15
3111,2020-12,26,31
3111,2021-01,28,28
3111,2021-02,32,33
3111,2021-03,32,35
3111,2021-04,30,31
3111,2021-05,30,30
3111,2021-06,28,39
3111,2021-07,22,23
3111,2021-08,22,23
3111,2021-09,45,55
3111,2021-10,50,60
3111,2021-11,28,32
3111,2021-12,39,48
3111,2022-01,37,51
3111,2022-02,39,41
3111,2022-03,45,61
3111,2022-04,51,57
3111,2022-05,38,51
3111,2022-06,35,36
3111,2022-07,30,40
3111,2022-08,33,37
3111,2022-09,62,81
3111,2022-10,95,99
3111,2022-11,91,95
3111,2022-12,100,104
3111,2023-01,88,101
3111,2023-02,79,81
3111,2023-03,82,88
3111,2023-04,70,75
3111,2023-05,77,91
3111,2023-06,44,50
3111,2023-07,32,35
3111,2023-08,43,51
3111,2023-09,39,39
3111,2023-10,66,75
3111,2023-11,58,66
3111,2023-12,80,100
3111,2024-01,69,73
3111,2024-02,94,102
3111,2024-03,78,93
3111,2024-04,79,153
3111,2024-05,78,104
3111,2024-06,61,65
3111,2024-07,48,51
3111,2024-08,62,73
3111,2024-09,41,41
3111,2024-10,40,44
3111,2024-11,37,42
3111,2024-12,46,56
3111,2025-01,35,40
3111,2025-02,37,37
3111,2025-03,29,29
3111,2025-04,41,102
3111,2025-05,36,38
3111,2025-06,30,33
3111,2025-07,33,34
3111,2025-08,37,49
3111,2025-09,32,37
3111,2025-10,43,48
3111,2025-11,65,80
3111,2025-12,64,67
3111,2026-01,18,18
3111,2026-02,70,72
3112,2019-11,1,1
3112,2020-01,257,312
3112,2020-02,277,291
3112,2020-03,248,267
3112,2020-04,205,215
3112,2020-05,187,199
3112,2020-06,206,237
3112,2020-07,130,146
3112,2020-08,116,138
3112,2020-09,194,203
3112,2020-10,189,196
3112,2020-11,212,226
3112,2020-12,240,255
3112,2021-01,195,217
3112,2021-02,244,286
3112,2021-03,305,340
3112,2021-04,254,281
3112,2021-05,254,284
3112,2021-06,273,299
3112,2021-07,195,208
3112,2021-08,229,239
3112,2021-09,316,336
3112,2021-10,370,403
3112,2021-11,433,458
3112,2021-12,514,572
3112,2022-01,411,447
3112,2022-02,435,473
3112,2022-03,448,494
3112,2022-04,368,456
3112,2022-05,430,507
3112,2022-06,418,523
3112,2022-07,314,355
3112,2022-08,321,363
3112,2022-09,319,349
3112,2022-10,334,368
3112,2022-11,307,323
3112,2022-12,281,311
3112,2023-01,256,299
3112,2023-02,235,263
3112,2023-03,301,331
3112,2023-04,223,263
3112,2023-05,275,304
3112,2023-06,303,330
3112,2023-07,170,177
3112,2023-08,206,252
3112,2023-09,225,244
3112,2023-10,251,280
3112,2023-11,293,325
3112,2023-12,465,511
3112,2024-01,383,449
3112,2024-02,484,532
3112,2024-03,461,479
3112,2024-04,532,583
3112,2024-05,504,544
3112,2024-06,435,483
3112,2024-07,372,405
3112,2024-08,405,438
3112,2024-09,533,573
3112,2024-10,553,634
3112,2024-11,566,606
3112,2024-12,531,559
3112,2025-01,515,543
3112,2025-02,550,604
3112,2025-03,539,583
3112,2025-04,523,561
3112,2025-05,469,487
3112,2025-06,394,409
3112,2025-07,319,336
3112,2025-08,364,398
3112,2025-09,508,542
3112,2025-10,516,583
3112,2025-11,465,531
3112,2025-12,477,506
3112,2026-01,104,110
3112,2026-02,343,362
3113,2020-01,322,437
3113,2020-02,376,486
3113,2020-03,304,988
3113,2020-04,162,200
3113,2020-05,134,169
3113,2020-06,174,216
3113,2020-07,133,205
3113,2020-08,149,202
3113,2020-09,234,711
3113,2020-10,261,336
3113,2020-11,288,354
3113,2020-12,260,350
3113,2021-01,249,297
3113,2021-02,340,840
3113,2021-03,411,716
3113,2021-04,327,450
3113,2021-05,361,483
3113,2021-06,352,478
3113,2021-07,273,380
3113,2021-08,322,390
3113,2021-09,450,555
3113,2021-10,459,521
3113,2021-11,465,603
3113,2021-12,496,681
3113,2022-01,506,735
3113,2022-02,522,1305
3113,2022-03,607,831
3113,2022-04,555,643
3113,2022-05,595,700
3113,2022-06,477,622
3113,2022-07,404,477
3113,2022-08,522,672
3113,2022-09,625,730
3113,2022-10,642,797
3113,2022-11,615,863
3113,2022-12,614,740
3113,2023-01,626,834
3113,2023-02,643,711
3113,2023-03,657,857
3113,2023-04,532,600
3113,2023-05,632,698
3113,2023-06,581,663
3113,2023-07,419,470
3113,2023-08,517,652
3113,2023-09,542,591
3113,2023-10,621,653
3113,2023-11,600,717
3113,2023-12,556,652
3113,2024-01,543,650
3113,2024-02,545,648
3113,2024-03,521,634
3113,2024-04,539,710
3113,2024-05,515,617
3113,2024-06,487,526
3113,2024-07,356,420
3113,2024-08,398,530
3113,2024-09,500,556
3113,2024-10,458,521
3113,2024-11,415,537
3113,2024-12,413,502
3113,2025-01,474,570
3113,2025-02,465,538
3113,2025-03,406,582
3113,2025-04,399,484
3113,2025-05,348,395
3113,2025-06,320,392
3113,2025-07,288,414
3113,2025-08,312,398
3113,2025-09,447,501
3113,2025-10,382,430
3113,2025-11,287,325
3113,2025-12,383,464
3113,2026-01,101,104
3113,2026-02,289,397
3114,2019-10,1,1
3114,2019-12,1,4
3114,2020-01,466,708
3114,2020-02,425,531
3114,2020-03,393,487
3114,2020-04,196,263
3114,2020-05,154,197
3114,2020-06,163,272
3114,2020-07,124,149
3114,2020-08,134,202
3114,2020-09,233,317
3114,2020-10,303,345
3114,2020-11,288,362
3114,2020-12,330,373
3114,2021-01,310,365
3114,2021-02,379,450
3114,2021-03,468,589
3114,2021-04,479,604
3114,2021-05,546,654
3114,2021-06,569,698
3114,2021-07,421,521
3114,2021-08,534,725
3114,2021-09,627,775
3114,2021-10,678,833
3114,2021-11,812,1018
3114,2021-12,932,1252
3114,2022-01,897,1167
3114,2022-02,837,1070
3114,2022-03,1134,1463
3114,2022-04,952,1358
3114,2022-05,908,1196
3114,2022-06,866,1114
3114,2022-07,577,807
3114,2022-08,739,1025
3114,2022-09,911,1084
3114,2022-10,881,1164
3114,2022-11,908,1185
3114,2022-12,822,1125
3114,2023-01,823,1200
3114,2023-02,875,1691
3114,2023-03,1069,1605
3114,2023-04,911,1391
3114,2023-05,1157,1689
3114,2023-06,1095,1486
3114,2023-07,793,925
3114,2023-08,945,1303
3114,2023-09,949,1246
3114,2023-10,1016,1260
3114,2023-11,986,1280
3114,2023-12,773,857
3114,2024-01,927,1293
3114,2024-02,904,1160
3114,2024-03,889,1169
3114,2024-04,897,1342
3114,2024-05,776,941
3114,2024-06,686,874
3114,2024-07,586,754
3114,2024-08,637,835
3114,2024-09,740,947
3114,2024-10,817,953
3114,2024-11,682,784
3114,2024-12,623,730
3114,2025-01,635,845
3114,2025-02,677,865
3114,2025-03,733,867
3114,2025-04,692,812
3114,2025-05,642,760
3114,2025-06,569,685
3114,2025-07,396,476
3114,2025-08,456,567
3114,2025-09,541,682
3114,2025-10,579,700
3114,2025-11,517,633
3114,2025-12,537,653
3114,2026-01,152,185
3114,2026-02,426,523
3115,2020-01,59,61
3115,2020-02,59,61
3115,2020-03,51,53
3115,2020-04,40,41
3115,2020-05,36,40
3115,2020-06,39,48
3115,2020-07,29,32
3115,2020-08,30,33
3115,2020-09,42,43
3115,2020-10,64,68
3115,2020-11,87,99
3115,2020-12,49,57
3115,2021-01,53,59
3115,2021-02,66,66
3115,2021-03,74,80
3115,2021-04,79,95
3115,2021-05,99,119
3115,2021-06,64,66
3115,2021-07,72,85
3115,2021-08,54,58
3115,2021-09,94,119
3115,2021-10,99,296
3115,2021-11,85,105
3115,2021-12,89,222
3115,2022-01,88,240
3115,2022-02,79,116
3115,2022-03,102,210
3115,2022-04,73,113
3115,2022-05,92,132
3115,2022-06,90,206
3115,2022-07,63,240
3115,2022-08,51,149
3115,2022-09,82,153
3115,2022-10,102,462
3115,2022-11,93,108
3115,2022-12,100,114
3115,2023-01,68,153
3115,2023-02,62,114
3115,2023-03,93,249
3115,2023-04,74,284
3115,2023-05,94,260
3115,2023-06,90,163
3115,2023-07,59,86
3115,2023-08,84,284
3115,2023-09,75,105
3115,2023-10,101,181
3115,2023-11,64,134
3115,2023-12,47,66
3115,2024-01,56,127
3115,2024-02,72,210
3115,2024-03,78,284
3115,2024-04,74,91
3115,2024-05,80,199
3115,2024-06,77,96
3115,2024-07,61,92
3115,2024-08,64,222
3115,2024-09,85,114
3115,2024-10,83,94
3115,2024-11,56,63
3115,2024-12,74,75
3115,2025-01,91,98
3115,2025-02,68,104
3115,2025-03,57,122
3115,2025-04,55,136
3115,2025-05,72,73
3115,2025-06,55,88
3115,2025-07,35,39
3115,2025-08,56,62
3115,2025-09,79,88
3115,2025-10,75,106
3115,2025-11,47,56
3115,2025-12,58,60
3115,2026-01,26,28
3115,2026-02,42,80
3116,2020-01,10,10
3116,2020-02,43,43
3116,2020-03,23,26
3116,2020-04,13,20
3116,2020-05,12,18
3116,2020-06,9,9
3116,2020-07,15,25
3116,2020-08,11,11
3116,2020-09,17,17
3116,2020-10,29,29
3116,2020-11,34,34
3116,2020-12,23,24
3116,2021-01,20,21
3116,2021-02,20,23
3116,2021-03,19,21
3116,2021-04,32,32
3116,2021-05,38,40
3116,2021-06,30,30
3116,2021-07,20,20
3116,2021-08,25,25
3116,2021-09,35,36
3116,2021-10,28,28
3116,2021-11,28,29
3116,2021-12,51,63
3116,2022-01,51,77
3116,2022-02,78,103
3116,2022-03,94,166
3116,2022-04,50,51
3116,2022-05,54,63
3116,2022-06,43,51
3116,2022-07,43,47
3116,2022-08,41,42
3116,2022-09,47,64
3116,2022-10,40,46
3116,2022-11,41,49
3116,2022-12,49,54
3116,2023-01,52,57
3116,2023-02,40,79
3116,2023-03,52,54
3116,2023-04,42,44
3116,2023-05,44,46
3116,2023-06,37,37
3116,2023-07,30,30
3116,2023-08,35,36
3116,2023-09,36,37
3116,2023-10,51,51
3116,2023-11,43,43
3116,2023-12,42,53
3116,2024-01,52,55
3116,2024-02,63,63
3116,2024-03,52,55
3116,2024-04,50,54
3116,2024-05,52,56
3116,2024-06,34,34
3116,2024-07,33,39
3116,2024-08,44,47
3116,2024-09,36,43
3116,2024-10,66,81
3116,2024-11,48,57
3116,2024-12,54,54
3116,2025-01,58,59
3116,2025-02,62,70
3116,2025-03,50,52
3116,2025-04,33,34
3116,2025-05,58,59
3116,2025-06,30,32
3116,2025-07,22,26
3116,2025-08,24,24
3116,2025-09,41,41
3116,2025-10,35,37
3116,2025-11,36,45
3116,2025-12,37,39
3116,2026-01,5,7
3116,2026-02,27,31
3117,2020-01,46,47
3117,2020-02,53,55
3117,2020-03,41,43
3117,2020-04,29,35
3117,2020-05,39,41
3117,2020-06,29,29
3117,2020-07,19,19
3117,2020-08,28,33
3117,2020-09,49,51
3117,2020-10,46,52
3117,2020-11,52,53
3117,2020-12,47,50
3117,2021-01,55,60
3117,2021-02,43,49
3117,2021-03,57,62
3117,2021-04,75,84
3117,2021-05,39,46
3117,2021-06,40,43
3117,2021-07,26,29
3117,2021-08,35,42
3117,2021-09,61,68
3117,2021-10,56,59
3117,2021-11,61,64
3117,2021-12,79,83
3117,2022-01,50,56
3117,2022-02,54,60
3117,2022-03,88,116
3117,2022-04,57,70
3117,2022-05,63,70
3117,2022-06,32,39
3117,2022-07,27,32
3117,2022-08,28,31
3117,2022-09,46,62
3117,2022-10,46,48
3117,2022-11,28,30
3117,2022-12,26,26
3117,2023-01,43,46
3117,2023-02,58,89
3117,2023-03,68,120
3117,2023-04,37,41
3117,2023-05,35,37
3117,2023-06,36,38
3117,2023-07,23,26
3117,2023-08,32,33
3117,2023-09,34,35
3117,2023-10,29,31
3117,2023-11,20,22
3117,2023-12,25,25
3117,2024-01,19,19
3117,2024-02,30,33
3117,2024-03,33,41
3117,2024-04,33,38
3117,2024-05,23,24
3117,2024-06,22,27
3117,2024-07,17,18
3117,2024-08,22,23
3117,2024-09,26,30
3117,2024-10,27,28
3117,2024-11,27,29
3117,2024-12,24,25
3117,2025-01,29,35
3117,2025-02,33,36
3117,2025-03,46,46
3117,2025-04,27,38
3117,2025-05,41,47
3117,2025-06,25,25
3117,2025-07,27,29
3117,2025-08,34,35
3117,2025-09,29,29
3117,2025-10,26,26
3117,2025-11,24,24
3117,2025-12,53,55
3117,2026-01,5,5
3117,2026-02,33,35
3119,2020-01,50,56
3119,2020-02,51,85
3119,2020-03,45,50
3119,2020-04,22,28
3119,2020-05,23,28
3119,2020-06,20,21
3119,2020-07,27,38
3119,2020-08,27,36
3119,2020-09,43,44
3119,2020-10,35,35
3119,2020-11,48,53
3119,2020-12,41,47
3119,2021-01,38,43
3119,2021-02,62,68
3119,2021-03,44,46
3119,2021-04,35,37
3119,2021-05,50,50
3119,2021-06,66,77
3119,2021-07,39,42
3119,2021-08,36,40
3119,2021-09,86,90
3119,2021-10,78,80
3119,2021-11,65,71
3119,2021-12,67,70
3119,2022-01,56,81
3119,2022-02,61,64
3119,2022-03,90,105
3119,2022-04,80,101
3119,2022-05,94,121
3119,2022-06,70,75
3119,2022-07,36,39
3119,2022-08,69,81
3119,2022-09,62,68
3119,2022-10,58,61
3119,2022-11,75,81
3119,2022-12,63,68
3119,2023-01,83,110
3119,2023-02,70,83
3119,2023-03,87,96
3119,2023-04,62,68
3119,2023-05,69,70
3119,2023-06,63,63
3119,2023-07,47,56
3119,2023-08,64,71
3119,2023-09,74,173
3119,2023-10,89,95
3119,2023-11,57,71
3119,2023-12,59,66
3119,2024-01,67,85
3119,2024-02,63,66
3119,2024-03,72,81
3119,2024-04,96,138
3119,2024-05,73,116
3119,2024-06,42,45
3119,2024-07,32,39
3119,2024-08,51,51
3119,2024-09,61,64
3119,2024-10,57,78
3119,2024-11,54,56
3119,2024-12,39,39
3119,2025-01,53,55
3119,2025-02,65,80
3119,2025-03,74,85
3119,2025-04,66,71
3119,2025-05,58,69
3119,2025-06,58,63
3119,2025-07,56,68
3119,2025-08,45,46
3119,2025-09,67,69
3119,2025-10,63,64
3119,2025-11,66,68
3119,2025-12,72,74
3119,2026-01,13,22
3119,2026-02,34,35
3121,2020-01,186,256
3121,2020-02,195,210
3121,2020-03,121,137
3121,2020-04,105,136
3121,2020-05,90,100
3121,2020-06,98,105
3121,2020-07,74,82
3121,2020-08,76,94
3121,2020-09,113,122
3121,2020-10,94,115
3121,2020-11,86,102
3121,2020-12,88,96
3121,2021-01,84,149
3121,2021-02,113,145
3121,2021-03,149,174
3121,2021-04,134,155
3121,2021-05,163,186
3121,2021-06,132,144
3121,2021-07,86,96
3121,2021-08,100,114
3121,2021-09,151,191
3121,2021-10,207,230
3121,2021-11,187,222
3121,2021-12,204,269
3121,2022-01,183,399
3121,2022-02,226,400
3121,2022-03,247,422
3121,2022-04,226,390
3121,2022-05,291,433
3121,2022-06,201,217
3121,2022-07,121,133
3121,2022-08,192,213
3121,2022-09,205,265
3121,2022-10,202,325
3121,2022-11,188,358
3121,2022-12,164,279
3121,2023-01,140,299
3121,2023-02,165,326
3121,2023-03,180,313
3121,2023-04,123,279
3121,2023-05,149,196
3121,2023-06,114,120
3121,2023-07,88,89
3121,2023-08,98,115
3121,2023-09,95,114
3121,2023-10,77,86
3121,2023-11,92,107
3121,2023-12,84,88
3121,2024-01,82,103
3121,2024-02,108,135
3121,2024-03,131,158
3121,2024-04,160,219
3121,2024-05,157,176
3121,2024-06,147,155
3121,2024-07,106,114
3121,2024-08,121,141
3121,2024-09,116,121
3121,2024-10,112,125
3121,2024-11,159,178
3121,2024-12,119,129
3121,2025-01,126,140
3121,2025-02,171,192
3121,2025-03,143,158
3121,2025-04,149,169
3121,2025-05,158,172
3121,2025-06,102,109
3121,2025-07,75,81
3121,2025-08,98,106
3121,2025-09,159,173
3121,2025-10,129,162
3121,2025-11,96,100
3121,2025-12,118,162
3121,2026-01,32,63
3121,2026-02,104,112
3122,2020-01,39,53
3122,2020-02,45,80
3122,2020-03,48,71
3122,2020-04,29,48
3122,2020-05,23,24
3122,2020-06,44,68
3122,2020-07,24,30
3122,2020-08,28,31
3122,2020-09,32,37
3122,2020-10,33,38
3122,2020-11,38,61
3122,2020-12,35,42
3122,2021-01,32,59
3122,2021-02,37,44
3122,2021-03,55,88
3122,2021-04,40,68
3122,2021-05,47,53
3122,2021-06,39,50
3122,2021-07,45,58
3122,2021-08,42,73
3122,2021-09,83,121
3122,2021-10,86,142
3122,2021-11,82,119
3122,2021-12,114,204
3122,2022-01,79,139
3122,2022-02,89,147
3122,2022-03,177,241
3122,2022-04,150,194
3122,2022-05,151,194
3122,2022-06,112,180
3122,2022-07,102,131
3122,2022-08,97,165
3122,2022-09,67,77
3122,2022-10,141,158
3122,2022-11,132,152
3122,2022-12,88,110
3122,2023-01,80,138
3122,2023-02,52,64
3122,2023-03,104,162
3122,2023-04,60,83
3122,2023-05,85,118
3122,2023-06,76,108
3122,2023-07,45,57
3122,2023-08,54,63
3122,2023-09,83,92
3122,2023-10,66,83
3122,2023-11,83,92
3122,2023-12,64,71
3122,2024-01,49,59
3122,2024-02,46,49
3122,2024-03,53,79
3122,2024-04,47,58
3122,2024-05,66,72
3122,2024-06,69,73
3122,2024-07,30,46
3122,2024-08,50,69
3122,2024-09,75,93
3122,2024-10,68,70
3122,2024-11,66,79
3122,2024-12,32,32
3122,2025-01,65,92
3122,2025-02,66,97
3122,2025-03,56,81
3122,2025-04,56,61
3122,2025-05,46,55
3122,2025-06,48,50
3122,2025-07,34,35
3122,2025-08,49,53
3122,2025-09,52,56
3122,2025-10,53,55
3122,2025-11,38,38
3122,2025-12,32,64
3122,2026-01,8,8
3122,2026-02,38,53
3151,2020-01,9,11
3151,2020-02,9,28
3151,2020-03,4,4
3151,2020-04,1,1
3151,2020-05,1,1
3151,2020-06,2,6
3151,2020-07,3,3
3151,2020-08,4,4
3151,2020-09,2,2
3151,2020-10,1,1
3151,2020-11,4,4
3151,2020-12,2,2
3151,2021-01,2,2
3151,2021-02,1,1
3151,2021-03,8,8
3151,2021-04,3,3
3151,2021-05,7,7
3151,2021-06,3,7
3151,2021-07,1,1
3151,2021-08,6,6
3151,2021-09,7,17
3151,2021-10,3,3
3151,2021-11,3,3
3151,2021-12,12,12
3151,2022-01,7,7
3151,2022-02,9,9
3151,2022-03,9,9
3151,2022-04,7,8
3151,2022-05,7,8
3151,2022-06,3,4
3151,2022-07,5,9
3151,2022-08,7,11
3151,2022-09,6,6
3151,2022-10,9,11
3151,2022-11,11,16
3151,2022-12,7,8
3151,2023-01,6,6
3151,2023-02,7,7
3151,2023-03,3,3
3151,2023-04,11,20
3151,2023-05,25,41
3151,2023-06,4,4
3151,2023-07,3,3
3151,2023-08,6,24
3151,2023-09,1,1
3151,2023-10,5,6
3151,2023-11,5,5
3151,2023-12,9,13
3151,2024-01,11,16
3151,2024-02,4,8
3151,2024-03,13,18
3151,2024-04,7,10
3151,2024-05,8,10
3151,2024-06,6,6
3151,2024-07,13,29
3151,2024-08,6,11
3151,2024-09,7,7
3151,2024-10,8,8
3151,2024-11,16,18
3151,2024-12,8,18
3151,2025-01,5,12
3151,2025-02,8,15
3151,2025-03,7,7
3151,2025-04,5,5
3151,2025-05,14,15
3151,2025-06,9,9
3151,2025-07,9,13
3151,2025-08,7,7
3151,2025-09,10,12
3151,2025-10,6,6
3151,2025-11,5,5
3151,2025-12,2,2
3151,2026-01,5,9
3151,2026-02,3,3
3152,2020-01,9,21
3152,2020-02,17,57
3152,2020-03,4,7
3152,2020-04,10,12
3152,2020-05,3,3
3152,2020-06,6,18
3152,2020-07,2,2
3152,2020-08,1,1
3152,2020-09,3,3
3152,2020-10,6,7
3152,2020-11,6,7
3152,2020-12,10,41
3152,2021-01,5,7
3152,2021-02,7,10
3152,2021-03,7,15
3152,2021-04,5,6
3152,2021-05,5,5
3152,2021-06,8,9
3152,2021-07,4,7
3152,2021-09,8,23
3152,2021-10,5,7
3152,2021-11,3,3
3152,2021-12,15,53
3152,2022-01,11,28
3152,2022-02,10,14
3152,2022-03,18,42
3152,2022-04,11,14
3152,2022-05,11,16
3152,2022-06,8,10
3152,2022-07,12,20
3152,2022-08,6,6
3152,2022-09,7,7
3152,2022-10,8,22
3152,2022-11,2,2
3152,2022-12,12,44
3152,2023-01,15,36
3152,2023-02,6,9
3152,2023-03,26,50
3152,2023-04,12,20
3152,2023-05,23,51
3152,2023-06,4,6
3152,2023-07,8,13
3152,2023-08,4,6
3152,2023-09,5,6
3152,2023-10,7,21
3152,2023-11,6,13
3152,2023-12,10,38
3152,2024-01,10,65
3152,2024-02,5,5
3152,2024-03,7,10
3152,2024-04,7,27
3152,2024-05,14,20
3152,2024-06,7,11
3152,2024-07,7,21
3152,2024-08,4,4
3152,2024-09,8,19
3152,2024-10,16,29
3152,2024-11,11,24
3152,2024-12,14,54
3152,2025-01,17,39
3152,2025-02,8,18
3152,2025-03,10,15
3152,2025-04,12,14
3152,2025-05,6,8
3152,2025-06,8,22
3152,2025-07,6,6
3152,2025-08,3,7
3152,2025-09,8,8
3152,2025-10,13,14
3152,2025-11,4,4
3152,2025-12,18,89
3152,2026-01,11,26
3152,2026-02,8,68
3153,2020-01,3,7
3153,2020-05,1,1
3153,2020-06,2,2
3153,2020-07,1,1
3153,2020-09,4,4
3153,2020-10,3,10
3153,2020-11,2,2
3153,2020-12,1,1
3153,2021-01,2,3
3153,2021-03,1,1
3153,2021-04,3,45
3153,2021-05,1,15
3153,2021-06,6,39
3153,2021-07,1,15
3153,2021-08,2,2
3153,2021-09,2,2
3153,2021-10,4,32
3153,2021-11,1,1
3153,2021-12,4,5
3153,2022-01,2,6
3153,2022-02,1,1
3153,2022-03,2,6
3153,2022-05,2,11
3153,2022-06,2,2
3153,2022-07,1,1
3153,2022-09,2,16
3153,2022-10,1,2
3153,2022-12,1,2
3153,2023-01,3,8
3153,2023-02,5,8
3153,2023-04,2,2
3153,2023-05,1,1
3153,2023-06,2,2
3153,2023-07,2,16
3153,2023-08,2,11
3153,2023-10,1,2
3153,2023-11,1,1
3153,2023-12,1,10
3153,2024-02,3,5
3153,2024-06,1,1
3153,2024-07,1,1
3153,2024-08,2,4
3153,2024-09,3,5
3153,2024-12,3,3
3153,2025-02,3,3
3153,2025-03,2,2
3153,2025-05,1,3
3153,2025-06,2,2
3153,2025-09,2,2
3153,2025-10,1,1
3153,2025-11,1,1
3153,2025-12,3,3
3153,2026-01,2,2
3153,2026-02,5,10
3154,2020-01,2,2
3154,2020-02,2,2
3154,2020-04,1,1
3154,2020-06,1,1
3154,2020-09,1,1
3154,2020-11,1,1
3154,2021-01,1,1
3154,2021-02,2,2
3154,2021-04,1,1
3154,2021-05,1,1
3154,2021-06,2,2
3154,2021-07,1,1
3154,2021-08,1,1
3154,2021-10,3,3
3154,2021-11,3,4
3154,2021-12,1,1
3154,2022-01,2,2
3154,2022-02,2,3
3154,2022-03,4,4
3154,2022-04,3,12
3154,2022-05,5,23
3154,2022-06,3,8
3154,2022-07,2,3
3154,2022-08,1,1
3154,2022-09,2,2
3154,2022-10,4,6
3154,2022-11,4,6
3154,2023-01,5,7
3154,2023-02,1,1
3154,2023-03,4,4
3154,2023-04,3,6
3154,2023-05,3,3
3154,2023-06,1,1
3154,2023-08,2,3
3154,2023-10,1,1
3154,2023-12,1,1
3154,2024-01,1,1
3154,2024-03,1,2
3154,2024-04,5,5
3154,2024-05,1,3
3154,2024-06,5,30
3154,2024-07,1,1
3154,2024-09,5,11
3154,2024-10,2,2
3154,2024-11,4,5
3154,2024-12,3,25
3154,2025-01,1,2
3154,2025-02,7,7
3154,2025-03,3,3
3154,2025-04,4,14
3154,2025-05,4,5
3154,2025-06,6,56
3154,2025-07,1,1
3154,2025-08,6,6
3154,2025-09,13,14
3154,2025-10,6,25
3154,2025-11,7,29
3154,2025-12,5,6
3154,2026-02,4,5
3155,2020-01,10,10
3155,2020-02,13,17
3155,2020-03,18,29
3155,2020-04,12,19
3155,2020-05,6,18
3155,2020-06,3,15
3155,2020-07,1,1
3155,2020-08,9,22
3155,2020-09,10,26
3155,2020-10,5,16
3155,2020-11,12,15
3155,2020-12,13,13
3155,2021-01,4,4
3155,2021-02,11,21
3155,2021-03,10,25
3155,2021-04,11,20
3155,2021-05,8,15
3155,2021-06,6,9
3155,2021-07,5,7
3155,2021-08,4,6
3155,2021-09,12,12
3155,2021-10,5,8
3155,2021-11,7,11
3155,2021-12,10,13
3155,2022-01,9,16
3155,2022-02,4,8
3155,2022-03,14,18
3155,2022-04,8,11
3155,2022-05,11,12
3155,2022-06,6,8
3155,2022-07,7,9
3155,2022-08,6,7
3155,2022-09,10,12
3155,2022-10,17,21
3155,2022-11,13,18
3155,2022-12,15,21
3155,2023-01,11,27
3155,2023-02,16,33
3155,2023-03,12,12
3155,2023-04,14,19
3155,2023-05,15,22
3155,2023-06,11,13
3155,2023-07,7,8
3155,2023-08,14,30
3155,2023-09,6,7
3155,2023-10,13,24
3155,2023-11,4,13
3155,2023-12,13,22
3155,2024-01,10,21
3155,2024-02,11,18
3155,2024-03,3,3
3155,2024-04,3,3
3155,2024-05,5,10
3155,2024-06,6,6
3155,2024-07,5,9
3155,2024-08,7,9
3155,2024-09,8,8
3155,2024-10,11,12
3155,2024-11,4,6
3155,2024-12,15,15
3155,2025-01,14,15
3155,2025-02,15,21
3155,2025-03,14,23
3155,2025-04,12,16
3155,2025-05,11,11
3155,2025-06,15,23
3155,2025-07,15,15
3155,2025-08,6,10
3155,2025-09,11,11
3155,2025-10,12,12
3155,2025-11,9,10
3155,2025-12,16,19
3155,2026-01,6,7
3155,2026-02,7,17
3211,2020-01,15,18
3211,2020-02,29,30
3211,2020-03,12,16
3211,2020-04,17,18
3211,2020-05,13,16
3211,2020-06,11,12
3211,2020-07,7,7
3211,2020-08,8,12
3211,2020-09,18,19
3211,2020-10,16,16
3211,2020-11,23,29
3211,2020-12,21,24
3211,2021-01,12,13
3211,2021-02,15,20
3211,2021-03,14,14
3211,2021-04,15,15
3211,2021-05,25,32
3211,2021-06,23,26
3211,2021-07,20,28
3211,2021-08,15,16
3211,2021-09,22,22
3211,2021-10,20,20
3211,2021-11,25,27
3211,2021-12,27,31
3211,2022-01,26,30
3211,2022-02,24,26
3211,2022-03,27,29
3211,2022-04,19,23
3211,2022-05,26,30
3211,2022-06,18,22
3211,2022-07,14,14
3211,2022-08,12,16
3211,2022-09,27,31
3211,2022-10,29,35
3211,2022-11,18,20
3211,2022-12,26,34
3211,2023-01,17,25
3211,2023-02,19,23
3211,2023-03,21,28
3211,2023-04,19,21
3211,2023-05,19,19
3211,2023-06,15,17
3211,2023-07,8,8
3211,2023-08,17,30
3211,2023-09,5,5
3211,2023-10,11,13
3211,2023-11,14,18
3211,2023-12,12,12
3211,2024-01,10,12
3211,2024-02,13,13
3211,2024-03,12,14
3211,2024-04,15,15
3211,2024-05,10,10
3211,2024-06,21,22
3211,2024-07,19,21
3211,2024-08,18,19
3211,2024-09,11,11
3211,2024-10,11,13
3211,2024-11,17,17
3211,2024-12,11,12
3211,2025-01,18,19
3211,2025-02,16,21
3211,2025-03,14,23
3211,2025-04,17,18
3211,2025-05,24,30
3211,2025-06,20,21
3211,2025-07,13,13
3211,2025-08,17,20
3211,2025-09,16,16
3211,2025-10,20,21
3211,2025-11,13,13
3211,2025-12,11,11
3211,2026-01,2,2
3211,2026-02,14,20
3212,2020-01,161,349
3212,2020-02,121,224
3212,2020-03,115,150
3212,2020-04,63,79
3212,2020-05,80,102
3212,2020-06,81,111
3212,2020-07,46,55
3212,2020-08,68,83
3212,2020-09,87,101
3212,2020-10,111,162
3212,2020-11,108,215
3212,2020-12,88,253
3212,2021-01,109,162
3212,2021-02,143,181
3212,2021-03,106,140
3212,2021-04,81,154
3212,2021-05,94,113
3212,2021-06,89,120
3212,2021-07,73,93
3212,2021-08,74,124
3212,2021-09,112,161
3212,2021-10,128,182
3212,2021-11,113,253
3212,2021-12,143,303
3212,2022-01,151,240
3212,2022-02,153,252
3212,2022-03,115,196
3212,2022-04,123,163
3212,2022-05,109,141
3212,2022-06,107,157
3212,2022-07,81,109
3212,2022-08,87,107
3212,2022-09,127,206
3212,2022-10,106,138
3212,2022-11,122,376
3212,2022-12,129,260
3212,2023-01,147,253
3212,2023-02,134,355
3212,2023-03,119,194
3212,2023-04,103,145
3212,2023-05,132,176
3212,2023-06,68,97
3212,2023-07,44,81
3212,2023-08,77,104
3212,2023-09,78,102
3212,2023-10,95,131
3212,2023-11,98,223
3212,2023-12,95,185
3212,2024-01,85,170
3212,2024-02,124,246
3212,2024-03,62,88
3212,2024-04,99,136
3212,2024-05,58,84
3212,2024-06,73,101
3212,2024-07,52,63
3212,2024-08,54,73
3212,2024-09,65,75
3212,2024-10,76,92
3212,2024-11,81,189
3212,2024-12,96,204
3212,2025-01,104,187
3212,2025-02,103,182
3212,2025-03,81,98
3212,2025-04,73,116
3212,2025-05,68,94
3212,2025-06,61,79
3212,2025-07,24,28
3212,2025-08,41,50
3212,2025-09,49,62
3212,2025-10,75,96
3212,2025-11,77,330
3212,2025-12,101,261
3212,2026-01,21,86
3212,2026-02,51,144
3213,2020-01,93,98
3213,2020-02,87,93
3213,2020-03,111,114
3213,2020-04,66,75
3213,2020-05,28,30
3213,2020-06,61,61
3213,2020-07,49,49
3213,2020-08,65,65
3213,2020-09,54,58
3213,2020-10,46,48
3213,2020-11,39,40
3213,2020-12,42,46
3213,2021-01,50,51
3213,2021-02,81,85
3213,2021-03,63,65
3213,2021-04,82,89
3213,2021-05,64,74
3213,2021-06,54,61
3213,2021-07,44,49
3213,2021-08,52,54
3213,2021-09,58,58
3213,2021-10,77,84
3213,2021-11,80,81
3213,2021-12,80,82
3213,2022-01,131,136
3213,2022-02,111,130
3213,2022-03,165,177
3213,2022-04,92,110
3213,2022-05,109,117
3213,2022-06,106,113
3213,2022-07,124,134
3213,2022-08,105,110
3213,2022-09,139,161
3213,2022-10,126,126
3213,2022-11,99,110
3213,2022-12,118,127
3213,2023-01,142,155
3213,2023-02,117,246
3213,2023-03,136,139
3213,2023-04,125,151
3213,2023-05,172,184
3213,2023-06,76,78
3213,2023-07,80,82
3213,2023-08,94,97
3213,2023-09,105,109
3213,2023-10,57,59
3213,2023-11,50,50
3213,2023-12,52,66
3213,2024-01,110,126
3213,2024-02,158,177
3213,2024-03,184,226
3213,2024-04,156,285
3213,2024-05,250,292
3213,2024-06,80,90
3213,2024-07,165,177
3213,2024-08,59,62
3213,2024-09,62,64
3213,2024-10,67,74
3213,2024-11,57,71
3213,2024-12,64,69
3213,2025-01,135,164
3213,2025-02,114,172
3213,2025-03,103,114
3213,2025-04,92,114
3213,2025-05,84,103
3213,2025-06,63,75
3213,2025-07,38,45
3213,2025-08,61,71
3213,2025-09,83,107
3213,2025-10,75,111
3213,2025-11,84,92
3213,2025-12,52,63
3213,2026-01,39,40
3213,2026-02,89,108
3214,2020-01,14,15
3214,2020-02,19,33
3214,2020-03,17,19
3214,2020-04,7,7
3214,2020-05,4,4
3214,2020-06,11,11
3214,2020-07,3,5
3214,2020-08,12,16
3214,2020-09,17,21
3214,2020-10,19,21
3214,2020-11,7,7
3214,2020-12,6,7
3214,2021-01,16,23
3214,2021-02,20,22
3214,2021-03,14,14
3214,2021-04,11,11
3214,2021-05,21,24
3214,2021-06,18,20
3214,2021-07,12,13
3214,2021-08,10,12
3214,2021-09,25,29
3214,2021-10,18,19
3214,2021-11,27,29
3214,2021-12,14,15
3214,2022-01,27,33
3214,2022-02,22,23
3214,2022-03,18,22
3214,2022-04,16,19
3214,2022-05,29,30
3214,2022-06,17,20
3214,2022-07,16,18
3214,2022-08,24,26
3214,2022-09,20,22
3214,2022-10,17,19
3214,2022-11,13,14
3214,2022-12,20,25
3214,2023-01,19,26
3214,2023-02,16,19
3214,2023-03,17,20
3214,2023-04,14,17
3214,2023-05,17,20
3214,2023-06,19,19
3214,2023-07,17,20
3214,2023-08,20,23
3214,2023-09,18,20
3214,2023-10,14,16
3214,2023-11,32,32
3214,2023-12,24,30
3214,2024-01,17,19
3214,2024-02,9,9
3214,2024-03,19,21
3214,2024-04,24,26
3214,2024-05,14,14
3214,2024-06,18,19
3214,2024-07,6,13
3214,2024-08,24,28
3214,2024-09,14,14
3214,2024-10,18,19
3214,2024-11,21,26
3214,2024-12,14,14
3214,2025-01,17,18
3214,2025-02,27,27
3214,2025-03,16,18
3214,2025-04,11,12
3214,2025-05,13,13
3214,2025-06,11,11
3214,2025-07,18,18
3214,2025-08,15,15
3214,2025-09,17,19
3214,2025-10,14,16
3214,2025-11,7,7
3214,2025-12,12,13
3214,2026-01,9,10
3214,2026-02,4,5
3215,2020-01,43,61
3215,2020-02,66,118
3215,2020-03,48,61
3215,2020-04,34,42
3215,2020-05,29,35
3215,2020-06,26,53
3215,2020-07,17,26
3215,2020-08,27,32
3215,2020-09,39,41
3215,2020-10,37,46
3215,2020-11,51,58
3215,2020-12,48,82
3215,2021-01,55,154
3215,2021-02,27,51
3215,2021-03,69,101
3215,2021-04,59,97
3215,2021-05,54,78
3215,2021-06,43,54
3215,2021-07,40,42
3215,2021-08,35,39
3215,2021-09,60,61
3215,2021-10,63,68
3215,2021-11,70,80
3215,2021-12,75,116
3215,2022-01,84,108
3215,2022-02,107,201
3215,2022-03,105,131
3215,2022-04,99,133
3215,2022-05,106,134
3215,2022-06,73,80
3215,2022-07,51,55
3215,2022-08,62,69
3215,2022-09,67,97
3215,2022-10,77,94
3215,2022-11,62,77
3215,2022-12,70,79
3215,2023-01,93,117
3215,2023-02,107,286
3215,2023-03,76,82
3215,2023-04,55,66
3215,2023-05,101,123
3215,2023-06,54,61
3215,2023-07,43,99
3215,2023-08,59,87
3215,2023-09,40,54
3215,2023-10,57,73
3215,2023-11,48,48
3215,2023-12,67,90
3215,2024-01,65,91
3215,2024-02,100,272
3215,2024-03,59,65
3215,2024-04,73,87
3215,2024-05,82,94
3215,2024-06,70,79
3215,2024-07,41,45
3215,2024-08,75,134
3215,2024-09,72,82
3215,2024-10,62,76
3215,2024-11,53,58
3215,2024-12,68,86
3215,2025-01,63,92
3215,2025-02,71,184
3215,2025-03,62,66
3215,2025-04,64,69
3215,2025-05,52,60
3215,2025-06,55,66
3215,2025-07,31,32
3215,2025-08,41,41
3215,2025-09,37,41
3215,2025-10,45,50
3215,2025-11,51,55
3215,2025-12,53,62
3215,2026-01,12,137
3215,2026-02,48,58
3230,2020-01,2,5
3230,2020-03,3,3
3230,2020-05,1,3
3230,2020-06,1,3
3230,2020-07,2,2
3230,2020-08,3,3
3230,2020-09,5,5
3230,2020-10,1,1
3230,2020-12,1,1
3230,2021-01,2,2
3230,2021-03,3,5
3230,2021-04,1,1
3230,2021-05,1,1
3230,2021-08,1,3
3230,2021-09,2,3
3230,2021-10,2,2
3230,2021-12,2,2
3230,2022-02,1,1
3230,2022-03,1,3
3230,2022-06,1,1
3230,2022-08,1,2
3230,2023-02,2,2
3230,2023-04,1,1
3230,2023-06,1,1
3230,2023-11,1,1
3230,2024-02,1,1
3230,2024-04,1,1
3230,2024-05,1,1
3230,2024-07,1,1
3230,2024-10,2,2
3230,2024-12,1,1
3230,2025-09,2,2
3230,2025-10,1,1
3240,2020-01,16,53
3240,2020-02,21,22
3240,2020-03,9,10
3240,2020-04,7,7
3240,2020-05,9,9
3240,2020-06,11,12
3240,2020-07,14,14
3240,2020-08,16,16
3240,2020-09,25,25
3240,2020-10,25,26
3240,2020-11,24,44
3240,2020-12,14,50
3240,2021-01,28,32
3240,2021-02,17,19
3240,2021-03,27,32
3240,2021-04,18,18
3240,2021-05,23,25
3240,2021-06,16,18
3240,2021-07,9,11
3240,2021-08,25,28
3240,2021-09,21,44
3240,2021-10,24,26
3240,2021-11,39,94
3240,2021-12,25,26
3240,2022-01,26,28
3240,2022-02,27,28
3240,2022-03,39,63
3240,2022-04,22,23
3240,2022-05,26,38
3240,2022-06,23,25
3240,2022-07,18,22
3240,2022-08,8,12
3240,2022-09,18,18
3240,2022-10,21,77
3240,2022-11,48,67
3240,2022-12,23,27
3240,2023-01,14,16
3240,2023-02,17,37
3240,2023-03,25,48
3240,2023-04,8,8
3240,2023-05,23,27
3240,2023-06,12,12
3240,2023-07,9,10
3240,2023-08,13,13
3240,2023-09,14,44
3240,2023-10,24,24
3240,2023-11,18,65
3240,2023-12,16,25
3240,2024-01,18,18
3240,2024-02,16,36
3240,2024-03,12,12
3240,2024-04,18,20
3240,2024-05,13,13
3240,2024-06,19,20
3240,2024-07,11,13
3240,2024-08,15,17
3240,2024-09,4,4
3240,2024-10,18,18
3240,2024-11,16,16
3240,2024-12,20,32
3240,2025-01,12,14
3240,2025-02,16,16
3240,2025-03,15,17
3240,2025-04,15,20
3240,2025-05,19,20
3240,2025-06,5,5
3240,2025-07,17,28
3240,2025-08,12,14
3240,2025-09,13,13
3240,2025-10,14,19
3240,2025-11,31,46
3240,2025-12,19,20
3240,2026-01,4,6
3240,2026-02,45,158
3250,2020-01,138,234
3250,2020-02,93,104
3250,2020-03,72,80
3250,2020-04,22,25
3250,2020-05,22,22
3250,2020-06,55,70
3250,2020-07,27,28
3250,2020-08,61,79
3250,2020-09,98,104
3250,2020-10,79,86
3250,2020-11,78,82
3250,2020-12,52,56
3250,2021-01,94,98
3250,2021-02,58,125
3250,2021-03,83,87
3250,2021-04,75,82
3250,2021-05,86,92
3250,2021-06,90,96
3250,2021-07,39,43
3250,2021-08,92,98
3250,2021-09,122,160
3250,2021-10,107,125
3250,2021-11,97,114
3250,2021-12,72,97
3250,2022-01,123,144
3250,2022-02,107,135
3250,2022-03,120,142
3250,2022-04,103,112
3250,2022-05,124,132
3250,2022-06,100,125
3250,2022-07,56,59
3250,2022-08,118,129
3250,2022-09,111,114
3250,2022-10,89,113
3250,2022-11,106,131
3250,2022-12,91,101
3250,2023-01,105,135
3250,2023-02,112,144
3250,2023-03,119,126
3250,2023-04,93,98
3250,2023-05,120,123
3250,2023-06,78,82
3250,2023-07,56,61
3250,2023-08,117,122
3250,2023-09,113,117
3250,2023-10,80,97
3250,2023-11,109,121
3250,2023-12,61,70
3250,2024-01,106,124
3250,2024-02,95,117
3250,2024-03,98,111
3250,2024-04,109,114
3250,2024-05,104,112
3250,2024-06,74,77
3250,2024-07,77,85
3250,2024-08,96,100
3250,2024-09,97,103
3250,2024-10,100,110
3250,2024-11,96,103
3250,2024-12,65,71
3250,2025-01,124,135
3250,2025-02,98,107
3250,2025-03,100,107
3250,2025-04,91,95
3250,2025-05,86,94
3250,2025-06,67,67
3250,2025-07,51,70
3250,2025-08,64,70
3250,2025-09,87,87
3250,2025-10,98,110
3250,2025-11,97,114
3250,2025-12,89,108
3250,2026-01,25,28
3250,2026-02,70,79
3311,2020-04,1,1
3311,2020-06,1,1
3311,2020-08,2,2
3311,2020-09,2,2
3311,2020-10,3,3
3311,2020-12,1,1
3311,2021-01,1,1
3311,2021-02,1,1
3311,2021-03,1,1
3311,2021-06,2,2
3311,2021-08,2,2
3311,2021-09,1,1
3311,2021-10,3,3
3311,2021-11,2,2
3311,2022-03,2,2
3311,2022-04,4,4
3311,2022-05,2,2
3311,2022-06,2,2
3311,2022-07,1,1
3311,2022-10,1,1
3311,2022-11,1,1
3311,2023-01,3,7
3311,2023-02,3,3
3311,2023-03,2,2
3311,2023-04,2,2
3311,2023-05,2,2
3311,2023-06,3,3
3311,2023-12,1,1
3311,2024-01,1,1
3311,2024-02,2,2
3311,2024-03,1,1
3311,2024-08,1,1
3311,2024-09,2,2
3311,2024-10,1,1
3311,2024-11,1,1
3311,2024-12,1,1
3311,2025-02,1,1
3311,2025-04,1,1
3311,2025-06,1,1
3311,2025-08,1,1
3311,2025-09,1,1
3311,2025-10,2,5
3311,2025-11,1,1
3311,2025-12,1,1
3311,2026-02,1,1
3312,2020-01,42,50
3312,2020-02,32,56
3312,2020-03,47,85
3312,2020-04,24,25
3312,2020-05,7,7
3312,2020-06,17,17
3312,2020-07,10,10
3312,2020-08,13,13
3312,2020-09,19,19
3312,2020-10,11,13
3312,2020-11,9,10
3312,2020-12,14,14
3312,2021-01,10,10
3312,2021-02,23,26
3312,2021-03,25,25
3312,2021-04,24,24
3312,2021-05,37,37
3312,2021-06,45,54
3312,2021-07,28,37
3312,2021-08,58,63
3312,2021-09,63,80
3312,2021-10,82,96
3312,2021-11,78,81
3312,2021-12,57,67
3312,2022-01,60,63
3312,2022-02,80,165
3312,2022-03,102,128
3312,2022-04,72,73
3312,2022-05,83,101
3312,2022-06,70,81
3312,2022-07,51,54
3312,2022-08,71,85
3312,2022-09,79,79
3312,2022-10,61,71
3312,2022-11,57,68
3312,2022-12,48,54
3312,2023-01,70,92
3312,2023-02,69,80
3312,2023-03,71,71
3312,2023-04,55,59
3312,2023-05,122,128
3312,2023-06,100,102
3312,2023-07,57,62
3312,2023-08,69,73
3312,2023-09,98,103
3312,2023-10,86,92
3312,2023-11,55,61
3312,2023-12,51,51
3312,2024-01,50,50
3312,2024-02,53,55
3312,2024-03,53,54
3312,2024-04,51,52
3312,2024-05,38,43
3312,2024-06,25,30
3312,2024-07,18,19
3312,2024-08,33,38
3312,2024-09,29,34
3312,2024-10,40,40
3312,2024-11,41,42
3312,2024-12,40,40
3312,2025-01,36,38
3312,2025-02,32,34
3312,2025-03,36,40
3312,2025-04,42,42
3312,2025-05,47,55
3312,2025-06,33,33
3312,2025-07,19,19
3312,2025-08,40,42
3312,2025-09,35,38
3312,2025-10,51,68
3312,2025-11,44,47
3312,2025-12,47,54
3312,2026-01,4,5
3312,2026-02,36,36
3313,2020-01,523,592
3313,2020-02,500,552
3313,2020-03,460,485
3313,2020-04,320,333
3313,2020-05,271,278
3313,2020-06,265,301
3313,2020-07,197,214
3313,2020-08,245,277
3313,2020-09,358,404
3313,2020-10,374,399
3313,2020-11,366,375
3313,2020-12,360,374
3313,2021-01,319,348
3313,2021-02,430,472
3313,2021-03,467,493
3313,2021-04,415,441
3313,2021-05,472,509
3313,2021-06,424,458
3313,2021-07,297,366
3313,2021-08,394,512
3313,2021-09,578,816
3313,2021-10,562,681
3313,2021-11,613,732
3313,2021-12,628,753
3313,2022-01,618,741
3313,2022-02,691,729
3313,2022-03,872,1453
3313,2022-04,726,916
3313,2022-05,819,871
3313,2022-06,696,761
3313,2022-07,468,507
3313,2022-08,653,812
3313,2022-09,763,864
3313,2022-10,851,1019
3313,2022-11,741,844
3313,2022-12,706,981
3313,2023-01,663,707
3313,2023-02,606,648
3313,2023-03,728,769
3313,2023-04,524,564
3313,2023-05,858,900
3313,2023-06,592,619
3313,2023-07,478,498
3313,2023-08,593,702
3313,2023-09,571,612
3313,2023-10,591,625
3313,2023-11,573,595
3313,2023-12,463,577
3313,2024-01,456,482
3313,2024-02,544,559
3313,2024-03,492,532
3313,2024-04,447,467
3313,2024-05,495,506
3313,2024-06,348,362
3313,2024-07,332,343
3313,2024-08,367,483
3313,2024-09,503,554
3313,2024-10,404,413
3313,2024-11,359,367
3313,2024-12,330,389
3313,2025-01,346,350
3313,2025-02,369,385
3313,2025-03,433,451
3313,2025-04,370,381
3313,2025-05,349,373
3313,2025-06,298,351
3313,2025-07,233,253
3313,2025-08,278,302
3313,2025-09,352,365
3313,2025-10,373,411
3313,2025-11,265,281
3313,2025-12,321,336
3313,2026-01,51,51
3313,2026-02,208,220
3314,2020-01,32,36
3314,2020-02,37,144
3314,2020-03,23,58
3314,2020-04,9,12
3314,2020-05,13,13
3314,2020-06,10,14
3314,2020-07,12,18
3314,2020-08,13,20
3314,2020-09,15,24
3314,2020-10,26,31
3314,2020-11,22,23
3314,2020-12,27,40
3314,2021-01,17,18
3314,2021-02,27,28
3314,2021-03,20,25
3314,2021-04,30,30
3314,2021-05,13,14
3314,2021-06,23,23
3314,2021-07,17,17
3314,2021-08,21,22
3314,2021-09,38,39
3314,2021-10,36,52
3314,2021-11,38,48
3314,2021-12,25,36
3314,2022-01,45,105
3314,2022-02,69,83
3314,2022-03,55,58
3314,2022-04,41,73
3314,2022-05,73,158
3314,2022-06,50,118
3314,2022-07,33,48
3314,2022-08,31,52
3314,2022-09,45,47
3314,2022-10,56,94
3314,2022-11,36,42
3314,2022-12,54,70
3314,2023-01,52,57
3314,2023-02,39,43
3314,2023-03,63,67
3314,2023-04,37,37
3314,2023-05,56,68
3314,2023-06,60,60
3314,2023-07,233,233
3314,2023-08,149,151
3314,2023-09,63,67
3314,2023-10,58,64
3314,2023-11,42,43
3314,2023-12,76,96
3314,2024-01,72,83
3314,2024-02,87,201
3314,2024-03,30,31
3314,2024-04,64,68
3314,2024-05,106,106
3314,2024-06,54,55
3314,2024-07,40,40
3314,2024-08,63,69
3314,2024-09,55,56
3314,2024-10,61,61
3314,2024-11,37,40
3314,2024-12,43,43
3314,2025-01,62,77
3314,2025-02,49,109
3314,2025-03,37,65
3314,2025-04,41,42
3314,2025-05,49,49
3314,2025-06,20,20
3314,2025-07,27,27
3314,2025-08,31,31
3314,2025-09,45,50
3314,2025-10,61,62
3314,2025-11,47,47
3314,2025-12,28,29
3314,2026-01,16,18
3314,2026-02,32,67
3321,2020-01,32,45
3321,2020-02,49,86
3321,2020-03,36,51
3321,2020-04,23,35
3321,2020-05,24,39
3321,2020-06,17,20
3321,2020-07,13,16
3321,2020-08,12,19
3321,2020-09,17,19
3321,2020-10,28,49
3321,2020-11,16,20
3321,2020-12,19,23
3321,2021-01,9,10
3321,2021-02,21,29
3321,2021-03,30,56
3321,2021-04,39,88
3321,2021-05,38,62
3321,2021-06,30,34
3321,2021-07,30,81
3321,2021-08,42,96
3321,2021-09,155,197
3321,2021-10,137,171
3321,2021-11,79,130
3321,2021-12,67,79
3321,2022-01,84,138
3321,2022-02,83,174
3321,2022-03,124,139
3321,2022-04,137,236
3321,2022-05,148,274
3321,2022-06,117,185
3321,2022-07,105,171
3321,2022-08,192,237
3321,2022-09,184,323
3321,2022-10,243,269
3321,2022-11,314,383
3321,2022-12,316,346
3321,2023-01,364,436
3321,2023-02,364,422
3321,2023-03,437,495
3321,2023-04,372,403
3321,2023-05,465,512
3321,2023-06,421,507
3321,2023-07,370,388
3321,2023-08,437,473
3321,2023-09,397,416
3321,2023-10,420,463
3321,2023-11,347,352
3321,2023-12,330,345
3321,2024-01,421,495
3321,2024-02,316,340
3321,2024-03,340,387
3321,2024-04,307,377
3321,2024-05,326,337
3321,2024-06,250,265
3321,2024-07,338,360
3321,2024-08,322,344
3321,2024-09,280,302
3321,2024-10,314,317
3321,2024-11,124,156
3321,2024-12,38,45
3321,2025-01,51,61
3321,2025-02,36,52
3321,2025-03,46,71
3321,2025-04,27,65
3321,2025-05,25,29
3321,2025-06,28,49
3321,2025-07,14,19
3321,2025-08,31,32
3321,2025-09,33,50
3321,2025-10,29,53
3321,2025-11,26,33
3321,2025-12,22,32
3321,2026-01,3,4
3321,2026-02,24,47
3322,2020-01,2180,2871
3322,2020-02,2143,2783
3322,2020-03,1752,2530
3322,2020-04,1054,1584
3322,2020-05,1022,1410
3322,2020-06,1317,1934
3322,2020-07,1249,1652
3322,2020-08,1547,2169
3322,2020-09,1661,2185
3322,2020-10,2038,2956
3322,2020-11,1968,2647
3322,2020-12,1644,2009
3322,2021-01,2002,2533
3322,2021-02,2371,3686
3322,2021-03,2869,3524
3322,2021-04,2767,3580
3322,2021-05,2983,4445
3322,2021-06,2685,4201
3322,2021-07,2298,4064
3322,2021-08,3187,5042
3322,2021-09,4550,7551
3322,2021-10,4090,6438
3322,2021-11,3949,6562
3322,2021-12,3216,5105
3322,2022-01,4731,10773
3322,2022-02,6848,19742
3322,2022-03,4713,7807
3322,2022-04,4215,5984
3322,2022-05,4696,6739
3322,2022-06,4032,5596
3322,2022-07,3630,4937
3322,2022-08,4959,6800
3322,2022-09,4586,6052
3322,2022-10,4957,6239
3322,2022-11,5584,6967
3322,2022-12,4608,5523
3322,2023-01,5947,7374
3322,2023-02,4813,6215
3322,2023-03,5857,7548
3322,2023-04,5567,6733
3322,2023-05,6827,8147
3322,2023-06,5164,6242
3322,2023-07,3919,4884
3322,2023-08,3515,4332
3322,2023-09,3782,4850
3322,2023-10,4394,5805
3322,2023-11,4323,5590
3322,2023-12,3931,4797
3322,2024-01,5339,6463
3322,2024-02,3447,4357
3322,2024-03,4744,5801
3322,2024-04,5425,6247
3322,2024-05,3835,4293
3322,2024-06,3349,3741
3322,2024-07,2129,2466
3322,2024-08,3057,3588
3322,2024-09,2654,3266
3322,2024-10,3311,4333
3322,2024-11,2147,2609
3322,2024-12,1711,2016
3322,2025-01,2553,3195
3322,2025-02,2588,3308
3322,2025-03,2232,2775
3322,2025-04,1804,2336
3322,2025-05,1753,2090
3322,2025-06,1412,1621
3322,2025-07,1062,1338
3322,2025-08,1491,2095
3322,2025-09,1740,2282
3322,2025-10,1831,2418
3322,2025-11,1609,2041
3322,2025-12,1397,1783
3322,2026-01,329,433
3322,2026-02,1075,2488
3323,2019-12,1,2
3323,2020-01,262,384
3323,2020-02,304,361
3323,2020-03,242,268
3323,2020-04,164,177
3323,2020-05,155,170
3323,2020-06,110,138
3323,2020-07,95,105
3323,2020-08,122,145
3323,2020-09,196,212
3323,2020-10,224,258
3323,2020-11,307,381
3323,2020-12,282,303
3323,2021-01,216,266
3323,2021-02,269,298
3323,2021-03,343,405
3323,2021-04,386,417
3323,2021-05,402,449
3323,2021-06,307,342
3323,2021-07,243,288
3323,2021-08,319,332
3323,2021-09,432,486
3323,2021-10,515,562
3323,2021-11,419,460
3323,2021-12,558,617
3323,2022-01,523,590
3323,2022-02,519,609
3323,2022-03,589,659
3323,2022-04,547,598
3323,2022-05,533,589
3323,2022-06,430,462
3323,2022-07,284,339
3323,2022-08,399,438
3323,2022-09,438,493
3323,2022-10,497,542
3323,2022-11,466,487
3323,2022-12,460,489
3323,2023-01,484,564
3323,2023-02,400,499
3323,2023-03,470,540
3323,2023-04,412,480
3323,2023-05,536,588
3323,2023-06,398,432
3323,2023-07,338,362
3323,2023-08,423,569
3323,2023-09,397,511
3323,2023-10,417,507
3323,2023-11,380,509
3323,2023-12,374,416
3323,2024-01,409,451
3323,2024-02,391,433
3323,2024-03,362,382
3323,2024-04,392,413
3323,2024-05,332,425
3323,2024-06,313,330
3323,2024-07,254,270
3323,2024-08,278,301
3323,2024-09,321,338
3323,2024-10,417,439
3323,2024-11,315,342
3323,2024-12,323,439
3323,2025-01,323,359
3323,2025-02,363,396
3323,2025-03,336,360
3323,2025-04,348,376
3323,2025-05,225,254
3323,2025-06,232,256
3323,2025-07,203,217
3323,2025-08,273,292
3323,2025-09,338,364
3323,2025-10,394,437
3323,2025-11,330,371
3323,2025-12,302,332
3323,2026-01,35,36
3323,2026-02,211,226
3324,2020-01,76,91
3324,2020-02,92,97
3324,2020-03,68,74
3324,2020-04,35,42
3324,2020-05,30,30
3324,2020-06,19,19
3324,2020-07,22,22
3324,2020-08,32,34
3324,2020-09,65,68
3324,2020-10,56,56
3324,2020-11,47,50
3324,2020-12,52,56
3324,2021-01,51,61
3324,2021-02,94,116
3324,2021-03,110,116
3324,2021-04,111,115
3324,2021-05,154,163
3324,2021-06,116,121
3324,2021-07,93,104
3324,2021-08,97,111
3324,2021-09,177,198
3324,2021-10,133,138
3324,2021-11,163,171
3324,2021-12,147,153
3324,2022-01,153,168
3324,2022-02,166,181
3324,2022-03,199,214
3324,2022-04,145,161
3324,2022-05,180,195
3324,2022-06,145,154
3324,2022-07,89,132
3324,2022-08,114,124
3324,2022-09,171,182
3324,2022-10,139,142
3324,2022-11,129,139
3324,2022-12,106,127
3324,2023-01,130,145
3324,2023-02,134,161
3324,2023-03,140,253
3324,2023-04,106,112
3324,2023-05,132,139
3324,2023-06,100,102
3324,2023-07,55,58
3324,2023-08,79,82
3324,2023-09,92,103
3324,2023-10,90,130
3324,2023-11,76,77
3324,2023-12,67,82
3324,2024-01,102,117
3324,2024-02,82,106
3324,2024-03,100,122
3324,2024-04,113,116
3324,2024-05,75,78
3324,2024-06,72,87
3324,2024-07,43,44
3324,2024-08,73,85
3324,2024-09,93,94
3324,2024-10,102,103
3324,2024-11,88,91
3324,2024-12,54,61
3324,2025-01,96,109
3324,2025-02,90,94
3324,2025-03,75,76
3324,2025-04,72,73
3324,2025-05,63,63
3324,2025-06,52,55
3324,2025-07,37,37
3324,2025-08,45,47
3324,2025-09,75,80
3324,2025-10,50,52
3324,2025-11,53,53
3324,2025-12,72,72
3324,2026-01,19,23
3324,2026-02,45,47
3331,2020-01,35,35
3331,2020-02,29,39
3331,2020-03,26,34
3331,2020-04,10,11
3331,2020-05,18,18
3331,2020-06,9,9
3331,2020-07,6,7
3331,2020-08,11,12
3331,2020-09,16,17
3331,2020-10,16,16
3331,2020-11,28,29
3331,2020-12,16,16
3331,2021-01,15,15
3331,2021-02,33,34
3331,2021-03,45,49
3331,2021-04,61,71
3331,2021-05,60,65
3331,2021-06,52,56
3331,2021-07,39,42
3331,2021-08,28,29
3331,2021-09,34,39
3331,2021-10,65,69
3331,2021-11,56,56
3331,2021-12,70,77
3331,2022-01,77,87
3331,2022-02,93,116
3331,2022-03,91,103
3331,2022-04,77,91
3331,2022-05,100,128
3331,2022-06,69,97
3331,2022-07,50,81
3331,2022-08,62,92
3331,2022-09,77,106
3331,2022-10,50,77
3331,2022-11,43,68
3331,2022-12,58,80
3331,2023-01,51,77
3331,2023-02,51,67
3331,2023-03,94,140
3331,2023-04,70,93
3331,2023-05,73,110
3331,2023-06,44,63
3331,2023-07,25,29
3331,2023-08,40,51
3331,2023-09,36,47
3331,2023-10,48,55
3331,2023-11,29,33
3331,2023-12,34,50
3331,2024-01,51,65
3331,2024-02,57,69
3331,2024-03,59,66
3331,2024-04,44,52
3331,2024-05,42,43
3331,2024-06,20,20
3331,2024-07,26,26
3331,2024-08,33,36
3331,2024-09,25,26
3331,2024-10,47,50
3331,2024-11,20,20
3331,2024-12,25,30
3331,2025-01,40,48
3331,2025-02,57,65
3331,2025-03,54,57
3331,2025-04,46,58
3331,2025-05,21,25
3331,2025-06,23,29
3331,2025-07,19,23
3331,2025-08,18,19
3331,2025-09,26,28
3331,2025-10,33,34
3331,2025-11,27,30
3331,2025-12,31,34
3331,2026-01,5,9
3331,2026-02,26,30
3332,2020-01,12,41
3332,2020-02,17,21
3332,2020-03,3,3
3332,2020-04,3,3
3332,2020-05,2,7
3332,2020-06,3,3
3332,2020-07,4,4
3332,2020-08,5,7
3332,2020-09,2,2
3332,2020-10,5,7
3332,2020-11,4,4
3332,2020-12,2,2
3332,2021-01,3,4
3332,2021-02,6,9
3332,2021-03,5,6
3332,2021-04,3,3
3332,2021-05,2,2
3332,2021-06,9,19
3332,2021-07,1,1
3332,2021-11,1,1
3332,2022-01,1,1
3332,2022-02,1,1
3332,2022-04,3,3
3332,2022-05,3,3
3332,2022-06,1,4
3332,2022-07,1,1
3332,2022-08,2,2
3332,2022-09,4,4
3332,2022-10,4,4
3332,2022-11,2,2
3332,2022-12,2,2
3332,2023-01,3,3
3332,2023-02,2,2
3332,2023-03,4,4
3332,2023-04,9,9
3332,2023-05,1,1
3332,2023-06,3,4
3332,2023-07,3,4
3332,2023-08,1,1
3332,2023-11,4,4
3332,2023-12,10,10
3332,2024-01,14,14
3332,2024-02,18,18
3332,2024-03,8,8
3332,2024-04,15,15
3332,2024-05,9,14
3332,2024-06,8,10
3332,2024-07,6,6
3332,2024-08,9,10
3332,2024-09,4,4
3332,2024-10,16,19
3332,2024-11,10,10
3332,2024-12,11,11
3332,2025-01,6,6
3332,2025-02,17,19
3332,2025-03,8,14
3332,2025-04,5,6
3332,2025-05,8,8
3332,2025-06,4,4
3332,2025-07,11,11
3332,2025-08,6,7
3332,2025-09,5,5
3332,2025-10,12,12
3332,2025-11,6,6
3332,2025-12,12,14
3332,2026-01,1,1
3332,2026-02,7,8
3333,2020-01,273,346
3333,2020-02,324,393
3333,2020-03,282,473
3333,2020-04,100,187
3333,2020-05,152,196
3333,2020-06,218,254
3333,2020-07,147,223
3333,2020-08,143,159
3333,2020-09,305,428
3333,2020-10,284,362
3333,2020-11,355,422
3333,2020-12,304,348
3333,2021-01,311,445
3333,2021-02,394,628
3333,2021-03,325,408
3333,2021-04,294,371
3333,2021-05,245,304
3333,2021-06,155,191
3333,2021-07,182,187
3333,2021-08,208,221
3333,2021-09,419,439
3333,2021-10,322,543
3333,2021-11,547,1044
3333,2021-12,418,601
3333,2022-01,386,438
3333,2022-02,508,632
3333,2022-03,628,899
3333,2022-04,424,570
3333,2022-05,401,589
3333,2022-06,286,375
3333,2022-07,380,482
3333,2022-08,248,364
3333,2022-09,449,683
3333,2022-10,506,694
3333,2022-11,404,709
3333,2022-12,423,583
3333,2023-01,435,565
3333,2023-02,435,524
3333,2023-03,421,495
3333,2023-04,362,388
3333,2023-05,560,596
3333,2023-06,291,300
3333,2023-07,218,225
3333,2023-08,357,360
3333,2023-09,600,615
3333,2023-10,579,597
3333,2023-11,526,534
3333,2023-12,381,399
3333,2024-01,404,413
3333,2024-02,365,442
3333,2024-03,314,385
3333,2024-04,406,425
3333,2024-05,229,277
3333,2024-06,298,394
3333,2024-07,198,209
3333,2024-08,260,263
3333,2024-09,272,389
3333,2024-10,360,387
3333,2024-11,285,463
3333,2024-12,259,430
3333,2025-01,381,406
3333,2025-02,298,352
3333,2025-03,352,382
3333,2025-04,307,424
3333,2025-05,236,276
3333,2025-06,227,286
3333,2025-07,231,250
3333,2025-08,273,337
3333,2025-09,286,411
3333,2025-10,317,610
3333,2025-11,310,331
3333,2025-12,248,290
3333,2026-01,35,49
3333,2026-02,176,230
3334,2019-11,1,3
3334,2019-12,1,2
3334,2020-01,22,37
3334,2020-02,12,18
3334,2020-03,11,16
3334,2020-04,10,13
3334,2020-05,17,27
3334,2020-06,10,14
3334,2020-07,5,17
3334,2020-08,33,37
3334,2020-09,9,21
3334,2020-10,6,8
3334,2020-11,11,15
3334,2020-12,11,14
3334,2021-01,7,10
3334,2021-02,14,16
3334,2021-03,18,20
3334,2021-04,16,19
3334,2021-05,20,21
3334,2021-06,12,13
3334,2021-07,35,35
3334,2021-08,28,32
3334,2021-09,23,24
3334,2021-10,15,16
3334,2021-11,22,26
3334,2021-12,22,22
3334,2022-01,24,31
3334,2022-02,58,60
3334,2022-03,37,43
3334,2022-04,49,50
3334,2022-05,37,41
3334,2022-06,14,19
3334,2022-07,28,28
3334,2022-08,42,46
3334,2022-09,16,19
3334,2022-10,42,48
3334,2022-11,46,46
3334,2022-12,18,24
3334,2023-01,36,40
3334,2023-02,20,20
3334,2023-03,18,27
3334,2023-04,26,31
3334,2023-05,31,33
3334,2023-06,11,11
3334,2023-07,17,20
3334,2023-08,18,18
3334,2023-09,14,16
3334,2023-10,26,28
3334,2023-11,20,25
3334,2023-12,42,47
3334,2024-01,27,30
3334,2024-02,33,38
3334,2024-03,27,29
3334,2024-04,50,50
3334,2024-05,35,35
3334,2024-06,13,13
3334,2024-07,13,13
3334,2024-08,10,14
3334,2024-09,16,18
3334,2024-10,19,21
3334,2024-11,18,18
3334,2024-12,7,7
3334,2025-01,14,15
3334,2025-02,10,12
3334,2025-03,8,8
3334,2025-04,13,13
3334,2025-05,15,16
3334,2025-06,30,33
3334,2025-07,7,7
3334,2025-08,13,13
3334,2025-09,12,13
3334,2025-10,22,33
3334,2025-11,4,4
3334,2025-12,7,7
3334,2026-01,2,2
3334,2026-02,1,1
3335,2020-01,75,77
3335,2020-02,79,81
3335,2020-03,64,72
3335,2020-04,63,76
3335,2020-05,36,46
3335,2020-06,43,52
3335,2020-07,33,42
3335,2020-08,33,43
3335,2020-09,83,86
3335,2020-10,74,82
3335,2020-11,73,79
3335,2020-12,67,70
3335,2021-01,48,58
3335,2021-02,64,80
3335,2021-03,81,85
3335,2021-04,66,73
3335,2021-05,74,79
3335,2021-06,58,59
3335,2021-07,56,65
3335,2021-08,51,54
3335,2021-09,96,108
3335,2021-10,79,89
3335,2021-11,108,117
3335,2021-12,117,125
3335,2022-01,95,114
3335,2022-02,92,94
3335,2022-03,128,133
3335,2022-04,107,114
3335,2022-05,134,140
3335,2022-06,115,118
3335,2022-07,94,97
3335,2022-08,120,127
3335,2022-09,118,123
3335,2022-10,114,124
3335,2022-11,90,97
3335,2022-12,86,93
3335,2023-01,74,85
3335,2023-02,84,103
3335,2023-03,122,131
3335,2023-04,85,87
3335,2023-05,92,94
3335,2023-06,69,69
3335,2023-07,64,66
3335,2023-08,63,65
3335,2023-09,66,79
3335,2023-10,78,89
3335,2023-11,79,89
3335,2023-12,97,102
3335,2024-01,63,69
3335,2024-02,85,87
3335,2024-03,96,106
3335,2024-04,71,81
3335,2024-05,57,57
3335,2024-06,63,65
3335,2024-07,51,52
3335,2024-08,64,66
3335,2024-09,68,68
3335,2024-10,75,84
3335,2024-11,74,76
3335,2024-12,85,89
3335,2025-01,67,69
3335,2025-02,88,98
3335,2025-03,109,121
3335,2025-04,101,111
3335,2025-05,77,78
3335,2025-06,55,58
3335,2025-07,60,61
3335,2025-08,59,60
3335,2025-09,84,89
3335,2025-10,88,93
3335,2025-11,97,98
3335,2025-12,94,97
3335,2026-01,12,13
3335,2026-02,54,57
3339,2020-01,105,118
3339,2020-02,131,265
3339,2020-03,71,171
3339,2020-04,41,41
3339,2020-05,49,49
3339,2020-06,52,61
3339,2020-07,50,100
3339,2020-08,47,55
3339,2020-09,81,132
3339,2020-10,86,90
3339,2020-11,72,79
3339,2020-12,114,126
3339,2021-01,86,96
3339,2021-02,97,153
3339,2021-03,114,167
3339,2021-04,185,340
3339,2021-05,156,163
3339,2021-06,169,180
3339,2021-07,130,146
3339,2021-08,210,247
3339,2021-09,273,321
3339,2021-10,260,309
3339,2021-11,313,403
3339,2021-12,240,314
3339,2022-01,265,303
3339,2022-02,307,416
3339,2022-03,349,404
3339,2022-04,285,327
3339,2022-05,353,439
3339,2022-06,305,350
3339,2022-07,186,201
3339,2022-08,282,341
3339,2022-09,367,534
3339,2022-10,417,624
3339,2022-11,367,435
3339,2022-12,349,400
3339,2023-01,378,413
3339,2023-02,340,365
3339,2023-03,481,550
3339,2023-04,461,504
3339,2023-05,638,677
3339,2023-06,476,495
3339,2023-07,497,594
3339,2023-08,591,678
3339,2023-09,380,400
3339,2023-10,404,433
3339,2023-11,397,426
3339,2023-12,381,426
3339,2024-01,369,426
3339,2024-02,356,385
3339,2024-03,281,304
3339,2024-04,317,354
3339,2024-05,319,345
3339,2024-06,314,331
3339,2024-07,173,190
3339,2024-08,275,288
3339,2024-09,313,354
3339,2024-10,277,322
3339,2024-11,324,366
3339,2024-12,260,263
3339,2025-01,308,422
3339,2025-02,243,267
3339,2025-03,238,281
3339,2025-04,248,264
3339,2025-05,300,337
3339,2025-06,174,196
3339,2025-07,131,159
3339,2025-08,250,276
3339,2025-09,300,315
3339,2025-10,306,379
3339,2025-11,211,258
3339,2025-12,164,208
3339,2026-01,71,76
3339,2026-02,239,268
3341,2020-01,31,31
3341,2020-02,16,18
3341,2020-03,20,22
3341,2020-04,8,8
3341,2020-05,11,11
3341,2020-06,6,6
3341,2020-07,5,5
3341,2020-08,14,14
3341,2020-09,16,17
3341,2020-10,21,23
3341,2020-11,19,21
3341,2020-12,11,11
3341,2021-01,16,18
3341,2021-02,19,19
3341,2021-03,34,34
3341,2021-04,28,28
3341,2021-05,19,20
3341,2021-06,26,27
3341,2021-07,20,20
3341,2021-08,24,24
3341,2021-09,39,39
3341,2021-10,45,50
3341,2021-11,49,58
3341,2021-12,42,42
3341,2022-01,39,39
3341,2022-02,26,26
3341,2022-03,49,57
3341,2022-04,48,53
3341,2022-05,76,80
3341,2022-06,51,51
3341,2022-07,35,36
3341,2022-08,34,34
3341,2022-09,25,25
3341,2022-10,41,45
3341,2022-11,24,25
3341,2022-12,23,25
3341,2023-01,31,31
3341,2023-02,33,35
3341,2023-03,19,19
3341,2023-04,15,15
3341,2023-05,21,21
3341,2023-06,26,28
3341,2023-07,14,15
3341,2023-08,25,35
3341,2023-09,15,16
3341,2023-10,23,31
3341,2023-11,33,36
3341,2023-12,24,49
3341,2024-01,19,19
3341,2024-02,23,25
3341,2024-03,22,26
3341,2024-04,21,21
3341,2024-05,16,18
3341,2024-06,22,26
3341,2024-07,13,13
3341,2024-08,10,11
3341,2024-09,7,7
3341,2024-10,15,16
3341,2024-11,13,14
3341,2024-12,16,16
3341,2025-01,17,17
3341,2025-02,12,13
3341,2025-03,12,22
3341,2025-04,14,15
3341,2025-05,9,9
3341,2025-06,5,5
3341,2025-07,13,13
3341,2025-08,15,25
3341,2025-09,20,21
3341,2025-10,22,22
3341,2025-11,13,14
3341,2025-12,16,16
3341,2026-01,6,6
3341,2026-02,21,31
3342,2020-01,19,19
3342,2020-02,24,34
3342,2020-03,19,20
3342,2020-04,18,22
3342,2020-05,19,23
3342,2020-06,13,14
3342,2020-07,9,11
3342,2020-08,14,14
3342,2020-09,15,18
3342,2020-10,24,27
3342,2020-11,15,16
3342,2020-12,27,31
3342,2021-01,16,23
3342,2021-02,28,30
3342,2021-03,24,25
3342,2021-04,30,35
3342,2021-05,26,33
3342,2021-06,19,25
3342,2021-07,8,9
3342,2021-08,27,30
3342,2021-09,36,41
3342,2021-10,43,47
3342,2021-11,24,31
3342,2021-12,33,38
3342,2022-01,26,36
3342,2022-02,34,145
3342,2022-03,57,61
3342,2022-04,29,40
3342,2022-05,35,50
3342,2022-06,19,24
3342,2022-07,16,21
3342,2022-08,41,52
3342,2022-09,42,50
3342,2022-10,34,46
3342,2022-11,29,33
3342,2022-12,27,33
3342,2023-01,39,48
3342,2023-02,34,61
3342,2023-03,42,54
3342,2023-04,24,35
3342,2023-05,36,38
3342,2023-06,23,25
3342,2023-07,22,26
3342,2023-08,30,40
3342,2023-09,37,41
3342,2023-10,45,47
3342,2023-11,31,46
3342,2023-12,42,43
3342,2024-01,26,43
3342,2024-02,30,35
3342,2024-03,25,39
3342,2024-04,25,32
3342,2024-05,26,29
3342,2024-06,12,17
3342,2024-07,12,15
3342,2024-08,18,30
3342,2024-09,33,42
3342,2024-10,24,30
3342,2024-11,21,32
3342,2024-12,28,32
3342,2025-01,24,37
3342,2025-02,25,45
3342,2025-03,21,23
3342,2025-04,28,33
3342,2025-05,19,24
3342,2025-06,9,10
3342,2025-07,11,13
3342,2025-08,20,31
3342,2025-09,20,30
3342,2025-10,22,23
3342,2025-11,27,36
3342,2025-12,16,19
3342,2026-01,2,5
3342,2026-02,21,38
3343,2020-01,49,49
3343,2020-02,46,46
3343,2020-03,39,39
3343,2020-04,25,25
3343,2020-05,21,22
3343,2020-06,15,15
3343,2020-07,19,19
3343,2020-08,22,23
3343,2020-09,24,24
3343,2020-10,30,31
3343,2020-11,30,30
3343,2020-12,28,31
3343,2021-01,30,79
3343,2021-02,28,29
3343,2021-03,33,33
3343,2021-04,35,35
3343,2021-05,59,59
3343,2021-06,38,39
3343,2021-07,19,20
3343,2021-08,29,29
3343,2021-09,46,46
3343,2021-10,66,68
3343,2021-11,60,63
3343,2021-12,68,73
3343,2022-01,56,58
3343,2022-02,69,71
3343,2022-03,101,123
3343,2022-04,57,57
3343,2022-05,101,101
3343,2022-06,73,75
3343,2022-07,50,50
3343,2022-08,59,59
3343,2022-09,69,79
3343,2022-10,84,91
3343,2022-11,53,55
3343,2022-12,63,74
3343,2023-01,74,74
3343,2023-02,81,83
3343,2023-03,75,78
3343,2023-04,35,36
3343,2023-05,78,79
3343,2023-06,47,47
3343,2023-07,41,41
3343,2023-08,38,38
3343,2023-09,39,39
3343,2023-10,54,54
3343,2023-11,62,63
3343,2023-12,31,32
3343,2024-01,45,45
3343,2024-02,52,53
3343,2024-03,46,46
3343,2024-04,58,59
3343,2024-05,38,38
3343,2024-06,25,25
3343,2024-07,26,27
3343,2024-08,22,22
3343,2024-09,40,40
3343,2024-10,37,37
3343,2024-11,41,41
3343,2024-12,40,41
3343,2025-01,36,36
3343,2025-02,42,42
3343,2025-03,35,35
3343,2025-04,51,52
3343,2025-05,35,36
3343,2025-06,32,33
3343,2025-07,17,17
3343,2025-08,38,53
3343,2025-09,39,41
3343,2025-10,38,38
3343,2025-11,41,41
3343,2025-12,25,26
3343,2026-01,2,2
3343,2026-02,17,17
3351,2020-01,9,9
3351,2020-02,7,7
3351,2020-03,5,5
3351,2020-04,6,6
3351,2020-05,1,1
3351,2020-06,21,501
3351,2020-07,6,8
3351,2020-08,2,2
3351,2020-09,9,10
3351,2020-10,2,2
3351,2020-11,1,1
3351,2020-12,2,2
3351,2021-01,2,4
3351,2021-02,16,16
3351,2021-03,7,7
3351,2021-04,6,6
3351,2021-05,8,10
3351,2021-06,14,17
3351,2021-07,2,2
3351,2021-08,6,6
3351,2021-09,5,5
3351,2021-10,8,8
3351,2021-11,7,9
3351,2021-12,16,17
3351,2022-01,38,538
3351,2022-02,15,17
3351,2022-03,11,16
3351,2022-04,8,8
3351,2022-05,15,15
3351,2022-06,33,494
3351,2022-07,5,5
3351,2022-08,3,3
3351,2022-09,20,20
3351,2022-10,6,6
3351,2022-11,10,10
3351,2022-12,32,485
3351,2023-01,11,11
3351,2023-02,16,16
3351,2023-03,15,22
3351,2023-04,9,10
3351,2023-05,5,5
3351,2023-06,24,417
3351,2023-07,4,4
3351,2023-08,8,8
3351,2023-09,18,18
3351,2023-10,8,8
3351,2023-11,12,12
3351,2023-12,25,48
3351,2024-01,4,4
3351,2024-02,14,14
3351,2024-03,11,11
3351,2024-04,6,6
3351,2024-05,9,9
3351,2024-06,5,74
3351,2024-07,6,6
3351,2024-08,9,9
3351,2024-09,22,22
3351,2024-10,8,8
3351,2024-11,9,9
3351,2024-12,13,13
3351,2025-01,7,7
3351,2025-02,17,17
3351,2025-03,16,16
3351,2025-04,10,33
3351,2025-05,5,6
3351,2025-06,2,2
3351,2025-07,3,9
3351,2025-08,12,12
3351,2025-09,8,8
3351,2025-10,3,3
3351,2025-11,4,4
3351,2025-12,6,32
3351,2026-01,1,1
3351,2026-02,5,5
3352,2020-01,63,352
3352,2020-02,47,169
3352,2020-03,20,94
3352,2020-04,37,110
3352,2020-05,26,81
3352,2020-06,10,13
3352,2020-07,6,17
3352,2020-08,12,29
3352,2020-09,13,25
3352,2020-10,8,41
3352,2020-11,10,28
3352,2020-12,21,88
3352,2021-01,47,173
3352,2021-02,43,190
3352,2021-03,23,37
3352,2021-04,33,67
3352,2021-05,30,69
3352,2021-06,13,56
3352,2021-07,5,10
3352,2021-08,26,72
3352,2021-09,37,84
3352,2021-10,14,51
3352,2021-11,11,14
3352,2021-12,17,50
3352,2022-01,53,279
3352,2022-02,70,268
3352,2022-03,26,63
3352,2022-04,58,212
3352,2022-05,45,132
3352,2022-06,12,25
3352,2022-07,5,5
3352,2022-08,21,60
3352,2022-09,23,101
3352,2022-10,32,85
3352,2022-11,23,85
3352,2022-12,25,141
3352,2023-01,64,709
3352,2023-02,17,68
3352,2023-03,76,449
3352,2023-04,83,224
3352,2023-05,66,92
3352,2023-06,9,38
3352,2023-07,8,42
3352,2023-08,13,33
3352,2023-09,21,46
3352,2023-10,9,9
3352,2023-11,3,7
3352,2023-12,3,54
3352,2024-01,6,22
3352,2024-02,7,28
3352,2024-03,14,53
3352,2024-05,4,52
3352,2024-06,2,2
3352,2024-07,2,2
3352,2024-08,3,3
3352,2024-09,3,3
3352,2024-10,2,9
3352,2024-12,17,68
3352,2025-01,32,299
3352,2025-02,36,192
3352,2025-03,7,16
3352,2025-04,17,48
3352,2025-05,16,42
3352,2025-06,14,47
3352,2025-08,8,36
3352,2025-09,7,13
3352,2025-10,7,11
3352,2025-11,33,102
3352,2025-12,40,136
3352,2026-02,13,42
3353,2020-01,15,82
3353,2020-02,17,131
3353,2020-03,19,132
3353,2020-04,36,207
3353,2020-05,11,25
3353,2020-06,16,84
3353,2020-07,8,20
3353,2020-08,9,42
3353,2020-09,20,54
3353,2020-10,8,44
3353,2020-11,59,300
3353,2020-12,17,142
3353,2021-01,21,92
3353,2021-02,40,362
3353,2021-03,50,426
3353,2021-04,58,613
3353,2021-05,34,258
3353,2021-06,31,379
3353,2021-07,25,238
3353,2021-08,41,445
3353,2021-09,54,417
3353,2021-10,37,519
3353,2021-11,37,342
3353,2021-12,42,418
3353,2022-01,35,194
3353,2022-02,47,361
3353,2022-03,59,713
3353,2022-04,30,206
3353,2022-05,14,114
3353,2022-06,24,170
3353,2022-07,28,185
3353,2022-08,29,162
3353,2022-09,83,288
3353,2022-10,35,74
3353,2022-11,36,47
3353,2022-12,70,118
3353,2023-01,51,157
3353,2023-02,51,135
3353,2023-03,26,73
3353,2023-04,48,58
3353,2023-05,53,80
3353,2023-06,6,7
3353,2023-07,4,4
3353,2023-08,1,1
3353,2023-09,6,7
3353,2023-10,4,4
3353,2023-11,4,10
3353,2023-12,3,16
3353,2024-01,1,1
3353,2024-02,54,82
3353,2024-03,51,128
3353,2024-04,4,4
3353,2024-05,8,13
3353,2024-06,4,6
3353,2024-07,5,10
3353,2024-08,13,32
3353,2024-09,1,1
3353,2024-10,18,22
3353,2024-11,148,155
3353,2024-12,23,80
3353,2025-01,27,28
3353,2025-02,69,75
3353,2025-03,106,106
3353,2025-04,55,61
3353,2025-05,30,33
3353,2025-06,11,11
3353,2025-07,19,20
3353,2025-08,37,37
3353,2025-09,47,49
3353,2025-10,58,74
3353,2025-11,24,33
3353,2025-12,38,40
3353,2026-02,10,21
3354,2020-01,100,128
3354,2020-02,73,80
3354,2020-03,70,75
3354,2020-04,61,69
3354,2020-05,40,41
3354,2020-06,32,35
3354,2020-07,37,42
3354,2020-08,37,39
3354,2020-09,53,65
3354,2020-10,75,81
3354,2020-11,85,97
3354,2020-12,80,110
3354,2021-01,79,111
3354,2021-02,88,117
3354,2021-03,106,118
3354,2021-04,104,113
3354,2021-05,84,91
3354,2021-06,73,85
3354,2021-07,55,60
3354,2021-08,68,81
3354,2021-09,137,152
3354,2021-10,99,110
3354,2021-11,83,91
3354,2021-12,145,204
3354,2022-01,110,120
3354,2022-02,130,154
3354,2022-03,148,155
3354,2022-04,129,137
3354,2022-05,215,226
3354,2022-06,149,171
3354,2022-07,138,156
3354,2022-08,131,139
3354,2022-09,203,217
3354,2022-10,246,264
3354,2022-11,290,296
3354,2022-12,303,317
3354,2023-01,313,332
3354,2023-02,383,418
3354,2023-03,340,351
3354,2023-04,223,237
3354,2023-05,370,394
3354,2023-06,191,200
3354,2023-07,199,238
3354,2023-08,217,230
3354,2023-09,225,239
3354,2023-10,204,234
3354,2023-11,232,266
3354,2023-12,224,232
3354,2024-01,182,190
3354,2024-02,283,302
3354,2024-03,229,246
3354,2024-04,233,265
3354,2024-05,242,255
3354,2024-06,162,171
3354,2024-07,100,118
3354,2024-08,152,168
3354,2024-09,182,196
3354,2024-10,221,239
3354,2024-11,162,191
3354,2024-12,183,201
3354,2025-01,260,277
3354,2025-02,275,340
3354,2025-03,194,212
3354,2025-04,185,213
3354,2025-05,145,156
3354,2025-06,139,151
3354,2025-07,85,87
3354,2025-08,181,194
3354,2025-09,196,221
3354,2025-10,182,204
3354,2025-11,170,186
3354,2025-12,182,197
3354,2026-01,36,45
3354,2026-02,170,183
3355,2020-01,38,41
3355,2020-02,46,49
3355,2020-03,37,39
3355,2020-04,23,24
3355,2020-05,29,30
3355,2020-06,30,32
3355,2020-07,20,21
3355,2020-08,28,28
3355,2020-09,35,42
3355,2020-10,51,55
3355,2020-11,36,37
3355,2020-12,53,64
3355,2021-01,28,29
3355,2021-02,42,51
3355,2021-03,49,53
3355,2021-04,52,54
3355,2021-05,64,68
3355,2021-06,49,56
3355,2021-07,30,35
3355,2021-08,44,62
3355,2021-09,57,63
3355,2021-10,68,87
3355,2021-11,68,78
3355,2021-12,73,77
3355,2022-01,60,63
3355,2022-02,99,109
3355,2022-03,86,100
3355,2022-04,77,105
3355,2022-05,91,105
3355,2022-06,76,87
3355,2022-07,46,51
3355,2022-08,55,59
3355,2022-09,84,89
3355,2022-10,80,85
3355,2022-11,56,63
3355,2022-12,67,67
3355,2023-01,65,74
3355,2023-02,49,51
3355,2023-03,82,90
3355,2023-04,57,60
3355,2023-05,59,63
3355,2023-06,49,70
3355,2023-07,42,44
3355,2023-08,41,62
3355,2023-09,66,70
3355,2023-10,61,65
3355,2023-11,46,59
3355,2023-12,44,49
3355,2024-01,48,50
3355,2024-02,55,57
3355,2024-03,52,55
3355,2024-04,55,60
3355,2024-05,51,53
3355,2024-06,48,49
3355,2024-07,34,35
3355,2024-08,35,37
3355,2024-09,63,64
3355,2024-10,99,106
3355,2024-11,54,57
3355,2024-12,50,53
3355,2025-01,53,56
3355,2025-02,57,66
3355,2025-03,62,64
3355,2025-04,51,53
3355,2025-05,42,48
3355,2025-06,41,48
3355,2025-07,30,30
3355,2025-08,41,51
3355,2025-09,71,97
3355,2025-10,65,71
3355,2025-11,58,63
3355,2025-12,52,56
3355,2026-01,10,11
3355,2026-02,57,61
3359,2020-01,174,201
3359,2020-02,232,289
3359,2020-03,139,236
3359,2020-04,124,390
3359,2020-05,124,239
3359,2020-06,123,135
3359,2020-07,84,316
3359,2020-08,69,136
3359,2020-09,139,244
3359,2020-10,147,248
3359,2020-11,155,195
3359,2020-12,127,135
3359,2021-01,129,210
3359,2021-02,187,279
3359,2021-03,161,199
3359,2021-04,186,340
3359,2021-05,201,235
3359,2021-06,173,315
3359,2021-07,98,122
3359,2021-08,103,119
3359,2021-09,206,412
3359,2021-10,215,250
3359,2021-11,234,288
3359,2021-12,224,288
3359,2022-01,201,283
3359,2022-02,309,422
3359,2022-03,285,388
3359,2022-04,258,518
3359,2022-05,336,501
3359,2022-06,251,422
3359,2022-07,137,230
3359,2022-08,204,254
3359,2022-09,286,407
3359,2022-10,239,328
3359,2022-11,247,312
3359,2022-12,234,286
3359,2023-01,231,380
3359,2023-02,239,366
3359,2023-03,329,361
3359,2023-04,197,231
3359,2023-05,291,327
3359,2023-06,208,225
3359,2023-07,111,147
3359,2023-08,148,173
3359,2023-09,149,212
3359,2023-10,168,215
3359,2023-11,191,306
3359,2023-12,134,262
3359,2024-01,169,236
3359,2024-02,181,258
3359,2024-03,167,226
3359,2024-04,174,237
3359,2024-05,168,230
3359,2024-06,172,195
3359,2024-07,95,103
3359,2024-08,132,157
3359,2024-09,150,198
3359,2024-10,191,289
3359,2024-11,148,183
3359,2024-12,152,170
3359,2025-01,150,163
3359,2025-02,180,212
3359,2025-03,187,246
3359,2025-04,193,258
3359,2025-05,190,221
3359,2025-06,135,144
3359,2025-07,93,100
3359,2025-08,133,149
3359,2025-09,169,343
3359,2025-10,210,237
3359,2025-11,188,219
3359,2025-12,213,314
3359,2026-01,7,306
3359,2026-02,120,559
3360,2020-01,11,17
3360,2020-02,9,13
3360,2020-03,9,13
3360,2020-04,6,15
3360,2020-05,5,6
3360,2020-06,6,7
3360,2020-07,6,6
3360,2020-08,3,6
3360,2020-09,5,7
3360,2020-10,3,9
3360,2020-11,6,6
3360,2020-12,3,3
3360,2021-01,2,3
3360,2021-02,6,6
3360,2021-03,11,62
3360,2021-04,2,3
3360,2021-05,6,23
3360,2021-06,12,22
3360,2021-07,3,7
3360,2021-08,6,7
3360,2021-09,10,17
3360,2021-10,8,9
3360,2021-11,14,22
3360,2021-12,8,8
3360,2022-01,6,11
3360,2022-02,20,35
3360,2022-03,6,18
3360,2022-04,5,7
3360,2022-05,11,30
3360,2022-06,4,4
3360,2022-07,2,6
3360,2022-08,3,7
3360,2022-09,19,30
3360,2022-10,19,43
3360,2022-11,15,23
3360,2022-12,9,23
3360,2023-01,7,16
3360,2023-02,18,34
3360,2023-03,14,20
3360,2023-04,8,12
3360,2023-05,19,39
3360,2023-06,7,11
3360,2023-07,1,3
3360,2023-08,6,10
3360,2023-09,26,48
3360,2023-10,7,9
3360,2023-11,13,21
3360,2023-12,14,17
3360,2024-01,15,43
3360,2024-02,16,36
3360,2024-03,15,23
3360,2024-04,20,33
3360,2024-05,10,12
3360,2024-06,2,3
3360,2024-07,2,2
3360,2024-08,13,24
3360,2024-09,25,37
3360,2024-10,18,30
3360,2024-11,11,15
3360,2024-12,8,8
3360,2025-01,7,8
3360,2025-02,7,11
3360,2025-03,10,10
3360,2025-04,8,10
3360,2025-05,13,23
3360,2025-06,5,9
3360,2025-07,2,3
3360,2025-08,4,4
3360,2025-09,10,28
3360,2025-10,15,17
3360,2025-11,12,12
3360,2025-12,7,8
3360,2026-02,17,27
3411,2020-01,305,864
3411,2020-02,262,637
3411,2020-03,270,641
3411,2020-04,155,327
3411,2020-05,175,323
3411,2020-06,160,224
3411,2020-07,120,184
3411,2020-08,164,277
3411,2020-09,212,358
3411,2020-10,198,294
3411,2020-11,194,328
3411,2020-12,215,500
3411,2021-01,224,589
3411,2021-02,262,650
3411,2021-03,309,664
3411,2021-04,288,552
3411,2021-05,321,576
3411,2021-06,251,407
3411,2021-07,193,298
3411,2021-08,226,385
3411,2021-09,383,723
3411,2021-10,329,552
3411,2021-11,337,644
3411,2021-12,356,865
3411,2022-01,381,1043
3411,2022-02,402,1538
3411,2022-03,512,1299
3411,2022-04,436,1286
3411,2022-05,460,916
3411,2022-06,361,648
3411,2022-07,195,372
3411,2022-08,371,769
3411,2022-09,457,822
3411,2022-10,451,840
3411,2022-11,447,1160
3411,2022-12,377,840
3411,2023-01,486,1646
3411,2023-02,432,1123
3411,2023-03,584,1821
3411,2023-04,393,955
3411,2023-05,450,955
3411,2023-06,298,659
3411,2023-07,198,460
3411,2023-08,477,2551
3411,2023-09,339,800
3411,2023-10,397,1047
3411,2023-11,363,954
3411,2023-12,302,794
3411,2024-01,442,1411
3411,2024-02,424,1237
3411,2024-03,431,1024
3411,2024-04,455,1207
3411,2024-05,311,803
3411,2024-06,196,367
3411,2024-07,179,328
3411,2024-08,318,624
3411,2024-09,334,769
3411,2024-10,336,654
3411,2024-11,334,703
3411,2024-12,299,747
3411,2025-01,586,1844
3411,2025-02,541,1352
3411,2025-03,431,1208
3411,2025-04,373,861
3411,2025-05,402,810
3411,2025-06,271,527
3411,2025-07,222,492
3411,2025-08,311,732
3411,2025-09,517,1234
3411,2025-10,528,1140
3411,2025-11,533,1290
3411,2025-12,437,1344
3411,2026-01,124,619
3411,2026-02,438,1629
3412,2020-07,1,1
3412,2021-05,1,2
3412,2021-07,1,1
3412,2021-08,1,1
3412,2021-09,1,1
3412,2021-11,3,3
3412,2022-04,2,2
3412,2022-05,4,4
3412,2022-06,1,1
3412,2022-08,2,2
3412,2022-09,1,1
3412,2022-10,1,1
3412,2023-04,1,1
3412,2023-05,2,2
3412,2023-06,1,1
3412,2023-08,2,2
3412,2023-10,1,1
3412,2024-02,1,2
3412,2024-04,1,1
3412,2024-05,1,1
3412,2024-06,2,2
3412,2024-07,2,2
3412,2024-10,1,1
3412,2024-11,1,1
3412,2025-01,1,1
3412,2025-02,1,1
3412,2025-04,1,1
3412,2025-06,1,1
3412,2025-08,1,1
3412,2025-09,1,1
3421,2020-01,2,6
3421,2020-05,1,1
3421,2020-09,1,3
3421,2020-10,1,4
3421,2020-12,1,1
3421,2021-02,1,1
3421,2021-03,1,2
3421,2021-10,1,6
3421,2021-12,2,2
3421,2022-12,1,4
3421,2023-04,1,2
3421,2023-10,1,4
3421,2023-11,1,1
3421,2024-03,2,2
3421,2024-11,2,7
3421,2025-03,1,2
3421,2025-06,1,1
3421,2025-12,2,11
3422,2020-01,293,711
3422,2020-02,192,432
3422,2020-03,172,339
3422,2020-04,289,735
3422,2020-05,369,1091
3422,2020-06,261,518
3422,2020-07,128,330
3422,2020-08,126,294
3422,2020-09,122,361
3422,2020-10,129,387
3422,2020-11,346,591
3422,2020-12,268,624
3422,2021-01,211,609
3422,2021-02,149,331
3422,2021-03,149,309
3422,2021-04,250,544
3422,2021-05,524,1142
3422,2021-06,449,887
3422,2021-07,217,416
3422,2021-08,416,1341
3422,2021-09,268,582
3422,2021-10,443,969
3422,2021-11,788,1475
3422,2021-12,635,1143
3422,2022-01,561,1133
3422,2022-02,274,495
3422,2022-03,660,1263
3422,2022-04,704,1385
3422,2022-05,900,1533
3422,2022-06,741,1279
3422,2022-07,339,695
3422,2022-08,653,991
3422,2022-09,302,601
3422,2022-10,633,1164
3422,2022-11,512,1010
3422,2022-12,561,945
3422,2023-01,448,838
3422,2023-02,181,531
3422,2023-03,280,1168
3422,2023-04,341,681
3422,2023-05,546,1058
3422,2023-06,494,731
3422,2023-07,432,771
3422,2023-08,418,670
3422,2023-09,164,314
3422,2023-10,153,250
3422,2023-11,227,381
3422,2023-12,180,275
3422,2024-01,172,299
3422,2024-02,118,181
3422,2024-03,156,234
3422,2024-04,167,253
3422,2024-05,173,256
3422,2024-06,371,406
3422,2024-07,111,148
3422,2024-08,294,457
3422,2024-09,188,279
3422,2024-10,236,306
3422,2024-11,282,446
3422,2024-12,232,374
3422,2025-01,223,431
3422,2025-02,198,333
3422,2025-03,139,222
3422,2025-04,98,212
3422,2025-05,153,367
3422,2025-06,154,361
3422,2025-07,84,264
3422,2025-08,153,1290
3422,2025-09,135,218
3422,2025-10,168,557
3422,2025-11,260,309
3422,2025-12,177,240
3422,2026-01,35,56
3422,2026-02,73,130
3423,2020-01,125,315
3423,2020-02,75,249
3423,2020-03,75,214
3423,2020-04,48,62
3423,2020-05,68,125
3423,2020-06,93,105
3423,2020-07,52,58
3423,2020-08,46,60
3423,2020-09,45,70
3423,2020-10,54,70
3423,2020-11,37,55
3423,2020-12,56,113
3423,2021-01,50,130
3423,2021-02,50,151
3423,2021-03,82,275
3423,2021-04,76,191
3423,2021-05,97,147
3423,2021-06,105,169
3423,2021-07,55,95
3423,2021-08,71,105
3423,2021-09,99,168
3423,2021-10,104,157
3423,2021-11,113,174
3423,2021-12,122,280
3423,2022-01,86,142
3423,2022-02,146,442
3423,2022-03,188,426
3423,2022-04,184,311
3423,2022-05,279,536
3423,2022-06,146,238
3423,2022-07,71,107
3423,2022-08,135,219
3423,2022-09,137,225
3423,2022-10,118,162
3423,2022-11,124,170
3423,2022-12,277,374
3423,2023-01,202,395
3423,2023-02,166,427
3423,2023-03,213,406
3423,2023-04,140,191
3423,2023-05,197,255
3423,2023-06,275,311
3423,2023-07,126,144
3423,2023-08,86,125
3423,2023-09,85,113
3423,2023-10,89,156
3423,2023-11,90,126
3423,2023-12,96,226
3423,2024-01,109,275
3423,2024-02,140,398
3423,2024-03,115,251
3423,2024-04,100,224
3423,2024-05,132,243
3423,2024-06,91,115
3423,2024-07,71,117
3423,2024-08,87,150
3423,2024-09,83,138
3423,2024-10,89,135
3423,2024-11,99,126
3423,2024-12,128,228
3423,2025-01,112,283
3423,2025-02,110,432
3423,2025-03,159,367
3423,2025-04,95,180
3423,2025-05,137,178
3423,2025-06,107,139
3423,2025-07,44,66
3423,2025-08,77,108
3423,2025-09,116,152
3423,2025-10,102,132
3423,2025-11,82,216
3423,2025-12,134,229
3423,2026-01,18,143
3423,2026-02,72,156
3424,2020-01,10,12
3424,2020-02,13,19
3424,2020-03,10,10
3424,2020-04,2,3
3424,2020-05,4,4
3424,2020-06,3,3
3424,2020-07,5,107
3424,2020-08,5,7
3424,2020-09,6,9
3424,2020-10,3,4
3424,2020-11,7,11
3424,2020-12,9,19
3424,2021-01,6,114
3424,2021-02,11,14
3424,2021-03,13,20
3424,2021-04,13,20
3424,2021-05,11,13
3424,2021-06,11,14
3424,2021-07,5,7
3424,2021-08,8,15
3424,2021-09,25,27
3424,2021-10,12,13
3424,2021-11,20,22
3424,2021-12,24,32
3424,2022-01,19,25
3424,2022-02,17,22
3424,2022-03,27,82
3424,2022-04,14,18
3424,2022-05,17,31
3424,2022-06,20,44
3424,2022-07,11,14
3424,2022-08,12,16
3424,2022-09,16,20
3424,2022-10,19,23
3424,2022-11,12,31
3424,2022-12,8,106
3424,2023-01,12,14
3424,2023-02,20,46
3424,2023-03,17,29
3424,2023-04,9,10
3424,2023-05,14,15
3424,2023-06,13,20
3424,2023-07,7,9
3424,2023-08,8,8
3424,2023-09,9,9
3424,2023-10,12,12
3424,2023-11,13,15
3424,2023-12,8,19
3424,2024-01,8,17
3424,2024-02,20,42
3424,2024-03,16,26
3424,2024-04,9,11
3424,2024-05,8,8
3424,2024-06,3,4
3424,2024-07,4,4
3424,2024-08,8,11
3424,2024-09,9,10
3424,2024-10,16,23
3424,2024-11,11,14
3424,2024-12,7,7
3424,2025-01,9,13
3424,2025-02,8,8
3424,2025-03,8,24
3424,2025-04,13,13
3424,2025-05,10,11
3424,2025-06,4,4
3424,2025-07,3,7
3424,2025-08,15,16
3424,2025-09,16,18
3424,2025-10,17,20
3424,2025-11,13,27
3424,2025-12,19,22
3424,2026-01,2,2
3424,2026-02,11,12
3431,2020-01,48,60
3431,2020-02,39,66
3431,2020-03,22,29
3431,2020-04,43,76
3431,2020-05,7,7
3431,2020-06,31,51
3431,2020-07,23,36
3431,2020-08,24,28
3431,2020-09,10,11
3431,2020-10,18,18
3431,2020-11,14,14
3431,2020-12,6,6
3431,2021-01,8,11
3431,2021-02,18,21
3431,2021-03,45,61
3431,2021-04,14,14
3431,2021-05,33,34
3431,2021-06,29,32
3431,2021-07,17,18
3431,2021-08,26,32
3431,2021-09,33,37
3431,2021-10,29,29
3431,2021-11,64,66
3431,2021-12,40,40
3431,2022-01,22,23
3431,2022-02,74,94
3431,2022-03,49,54
3431,2022-04,47,58
3431,2022-05,32,35
3431,2022-06,48,57
3431,2022-07,18,21
3431,2022-08,63,78
3431,2022-09,31,39
3431,2022-10,17,17
3431,2022-11,15,15
3431,2022-12,6,7
3431,2023-01,41,52
3431,2023-02,36,42
3431,2023-03,25,32
3431,2023-04,13,15
3431,2023-05,19,22
3431,2023-06,16,16
3431,2023-07,16,16
3431,2023-08,11,11
3431,2023-09,12,15
3431,2023-10,35,38
3431,2023-11,9,9
3431,2023-12,7,8
3431,2024-01,17,28
3431,2024-02,20,25
3431,2024-03,17,17
3431,2024-04,25,29
3431,2024-05,30,30
3431,2024-06,22,22
3431,2024-07,16,16
3431,2024-08,25,26
3431,2024-09,10,10
3431,2024-10,11,11
3431,2024-11,13,13
3431,2024-12,9,10
3431,2025-01,21,33
3431,2025-02,20,20
3431,2025-03,16,17
3431,2025-04,13,16
3431,2025-05,15,18
3431,2025-06,12,16
3431,2025-07,9,9
3431,2025-08,5,6
3431,2025-09,13,14
3431,2025-10,6,6
3431,2025-11,6,6
3431,2025-12,6,7
3431,2026-01,4,11
3431,2026-02,17,22
3432,2020-01,17,20
3432,2020-02,16,16
3432,2020-03,10,12
3432,2020-04,4,4
3432,2020-05,2,2
3432,2020-06,6,7
3432,2020-07,8,8
3432,2020-08,29,52
3432,2020-09,16,22
3432,2020-10,13,14
3432,2020-11,6,7
3432,2020-12,9,10
3432,2021-01,16,20
3432,2021-02,6,16
3432,2021-03,13,14
3432,2021-04,16,22
3432,2021-05,14,17
3432,2021-06,15,16
3432,2021-07,15,20
3432,2021-08,26,27
3432,2021-09,48,51
3432,2021-10,29,32
3432,2021-11,25,27
3432,2021-12,36,40
3432,2022-01,21,27
3432,2022-02,24,35
3432,2022-03,25,33
3432,2022-04,34,46
3432,2022-05,22,26
3432,2022-06,24,32
3432,2022-07,17,23
3432,2022-08,22,26
3432,2022-09,35,38
3432,2022-10,37,39
3432,2022-11,22,23
3432,2022-12,30,34
3432,2023-01,26,30
3432,2023-02,14,17
3432,2023-03,24,25
3432,2023-04,13,13
3432,2023-05,21,24
3432,2023-06,15,15
3432,2023-07,19,19
3432,2023-08,26,27
3432,2023-09,10,11
3432,2023-10,11,12
3432,2023-11,12,26
3432,2023-12,13,23
3432,2024-01,13,13
3432,2024-02,14,14
3432,2024-03,19,20
3432,2024-04,15,15
3432,2024-05,26,26
3432,2024-06,15,16
3432,2024-07,11,11
3432,2024-08,13,13
3432,2024-09,14,15
3432,2024-10,7,9
3432,2024-11,23,23
3432,2024-12,16,17
3432,2025-01,23,23
3432,2025-02,25,25
3432,2025-03,54,56
3432,2025-04,18,18
3432,2025-05,12,14
3432,2025-06,9,9
3432,2025-07,18,18
3432,2025-08,22,23
3432,2025-09,14,15
3432,2025-10,16,17
3432,2025-11,17,21
3432,2025-12,12,18
3432,2026-01,1,1
3432,2026-02,13,13
3433,2020-01,12,16
3433,2020-02,11,19
3433,2020-03,8,10
3433,2020-04,10,19
3433,2020-05,8,18
3433,2020-06,7,8
3433,2020-07,8,15
3433,2020-08,9,18
3433,2020-09,12,15
3433,2020-10,10,13
3433,2020-11,14,15
3433,2020-12,12,13
3433,2021-01,17,17
3433,2021-02,19,22
3433,2021-03,24,26
3433,2021-04,10,13
3433,2021-05,29,40
3433,2021-06,25,34
3433,2021-07,6,10
3433,2021-08,9,18
3433,2021-09,12,16
3433,2021-10,9,9
3433,2021-11,13,14
3433,2021-12,14,15
3433,2022-01,20,20
3433,2022-02,15,22
3433,2022-03,34,62
3433,2022-04,20,25
3433,2022-05,18,23
3433,2022-06,15,26
3433,2022-07,12,16
3433,2022-08,6,8
3433,2022-09,23,29
3433,2022-10,15,16
3433,2022-11,20,20
3433,2022-12,14,84
3433,2023-01,19,23
3433,2023-02,12,13
3433,2023-03,15,16
3433,2023-04,10,14
3433,2023-05,8,8
3433,2023-06,8,12
3433,2023-07,3,3
3433,2023-08,3,15
3433,2023-09,6,6
3433,2023-10,5,11
3433,2023-11,17,17
3433,2023-12,19,27
3433,2024-01,43,50
3433,2024-02,30,53
3433,2024-03,22,24
3433,2024-04,24,24
3433,2024-05,24,27
3433,2024-06,14,24
3433,2024-07,42,44
3433,2024-08,16,28
3433,2024-09,14,14
3433,2024-10,17,36
3433,2024-11,12,12
3433,2024-12,14,24
3433,2025-01,22,23
3433,2025-02,17,17
3433,2025-03,24,37
3433,2025-04,14,26
3433,2025-05,16,17
3433,2025-06,13,16
3433,2025-07,18,27
3433,2025-08,19,32
3433,2025-09,32,55
3433,2025-10,18,26
3433,2025-11,21,40
3433,2025-12,21,21
3433,2026-01,18,28
3433,2026-02,16,22
3439,2020-01,9,35
3439,2020-02,11,35
3439,2020-03,11,26
3439,2020-04,7,18
3439,2020-05,5,8
3439,2020-06,9,53
3439,2020-07,7,8
3439,2020-08,7,8
3439,2020-09,9,15
3439,2020-10,13,22
3439,2020-11,3,9
3439,2020-12,4,4
3439,2021-01,4,5
3439,2021-02,4,11
3439,2021-03,6,9
3439,2021-04,5,7
3439,2021-05,16,19
3439,2021-06,17,33
3439,2021-07,14,1021
3439,2021-08,11,26
3439,2021-09,12,29
3439,2021-10,14,23
3439,2021-11,18,24
3439,2021-12,10,41
3439,2022-01,13,48
3439,2022-02,18,61
3439,2022-03,28,51
3439,2022-04,11,36
3439,2022-05,19,27
3439,2022-06,19,35
3439,2022-07,10,14
3439,2022-08,15,161
3439,2022-09,11,20
3439,2022-10,12,32
3439,2022-11,19,26
3439,2022-12,16,31
3439,2023-01,17,44
3439,2023-02,15,27
3439,2023-03,21,35
3439,2023-04,14,25
3439,2023-05,10,11
3439,2023-06,13,20
3439,2023-07,12,23
3439,2023-08,9,19
3439,2023-09,7,26
3439,2023-10,16,117
3439,2023-11,14,35
3439,2023-12,6,15
3439,2024-01,25,103
3439,2024-02,19,56
3439,2024-03,23,70
3439,2024-04,20,41
3439,2024-05,29,47
3439,2024-06,21,48
3439,2024-07,13,36
3439,2024-08,11,33
3439,2024-09,12,52
3439,2024-10,10,21
3439,2024-11,11,22
3439,2024-12,6,7
3439,2025-01,19,46
3439,2025-02,15,32
3439,2025-03,11,37
3439,2025-04,21,37
3439,2025-05,10,21
3439,2025-06,9,12
3439,2025-07,10,20
3439,2025-08,16,81
3439,2025-09,22,58
3439,2025-10,9,18
3439,2025-11,13,22
3439,2025-12,23,36
3439,2026-01,4,19
3439,2026-02,10,15
3441,2020-01,39,51
3441,2020-02,38,51
3441,2020-03,23,30
3441,2020-04,19,21
3441,2020-05,21,24
3441,2020-06,43,63
3441,2020-07,32,40
3441,2020-08,37,56
3441,2020-09,46,63
3441,2020-10,49,62
3441,2020-11,40,64
3441,2020-12,22,28
3441,2021-01,33,49
3441,2021-02,29,36
3441,2021-03,61,75
3441,2021-04,54,67
3441,2021-05,33,60
3441,2021-06,30,46
3441,2021-07,34,48
3441,2021-08,19,26
3441,2021-09,44,53
3441,2021-10,40,53
3441,2021-11,25,33
3441,2021-12,30,57
3441,2022-01,38,61
3441,2022-02,42,52
3441,2022-03,48,70
3441,2022-04,25,32
3441,2022-05,41,84
3441,2022-06,30,41
3441,2022-07,20,25
3441,2022-08,26,32
3441,2022-09,28,35
3441,2022-10,12,14
3441,2022-11,19,20
3441,2022-12,33,35
3441,2023-01,19,20
3441,2023-02,27,41
3441,2023-03,28,35
3441,2023-04,19,30
3441,2023-05,17,25
3441,2023-06,23,32
3441,2023-07,23,29
3441,2023-08,27,34
3441,2023-09,11,13
3441,2023-10,18,21
3441,2023-11,17,21
3441,2023-12,10,11
3441,2024-01,30,45
3441,2024-02,28,38
3441,2024-03,32,37
3441,2024-04,34,44
3441,2024-05,25,30
3441,2024-06,32,34
3441,2024-07,19,24
3441,2024-08,20,26
3441,2024-09,17,22
3441,2024-10,34,41
3441,2024-11,27,31
3441,2024-12,19,21
3441,2025-01,39,49
3441,2025-02,39,59
3441,2025-03,54,59
3441,2025-04,40,46
3441,2025-05,37,46
3441,2025-06,23,27
3441,2025-07,55,63
3441,2025-08,28,34
3441,2025-09,46,55
3441,2025-10,50,56
3441,2025-11,23,29
3441,2025-12,39,48
3441,2026-01,14,21
3441,2026-02,21,27
3449,2019-11,1,10
3449,2020-01,194,332
3449,2020-02,180,337
3449,2020-03,163,316
3449,2020-04,76,117
3449,2020-05,137,152
3449,2020-06,128,216
3449,2020-07,85,164
3449,2020-08,115,236
3449,2020-09,131,176
3449,2020-10,130,185
3449,2020-11,113,213
3449,2020-12,143,269
3449,2021-01,108,186
3449,2021-02,131,154
3449,2021-03,115,200
3449,2021-04,122,169
3449,2021-05,170,260
3449,2021-06,141,228
3449,2021-07,70,192
3449,2021-08,156,280
3449,2021-09,171,332
3449,2021-10,197,346
3449,2021-11,198,302
3449,2021-12,179,386
3449,2022-01,171,314
3449,2022-02,192,322
3449,2022-03,229,413
3449,2022-04,151,267
3449,2022-05,194,460
3449,2022-06,207,346
3449,2022-07,105,236
3449,2022-08,189,482
3449,2022-09,186,350
3449,2022-10,203,505
3449,2022-11,226,396
3449,2022-12,178,382
3449,2023-01,210,392
3449,2023-02,170,399
3449,2023-03,188,327
3449,2023-04,148,325
3449,2023-05,220,450
3449,2023-06,165,468
3449,2023-07,100,288
3449,2023-08,207,644
3449,2023-09,196,683
3449,2023-10,172,486
3449,2023-11,171,421
3449,2023-12,88,207
3449,2024-01,108,423
3449,2024-02,136,297
3449,2024-03,86,191
3449,2024-04,113,377
3449,2024-05,147,314
3449,2024-06,139,458
3449,2024-07,50,69
3449,2024-08,133,348
3449,2024-09,133,352
3449,2024-10,100,205
3449,2024-11,132,416
3449,2024-12,104,213
3449,2025-01,115,338
3449,2025-02,116,189
3449,2025-03,132,233
3449,2025-04,151,211
3449,2025-05,178,443
3449,2025-06,92,166
3449,2025-07,78,154
3449,2025-08,102,286
3449,2025-09,136,298
3449,2025-10,107,224
3449,2025-11,120,190
3449,2025-12,88,145
3449,2026-01,29,195
3449,2026-02,83,135
3451,2020-01,111,119
3451,2020-02,118,145
3451,2020-03,83,100
3451,2020-04,19,21
3451,2020-05,39,47
3451,2020-06,39,97
3451,2020-07,47,54
3451,2020-08,54,58
3451,2020-09,46,55
3451,2020-10,54,68
3451,2020-11,22,25
3451,2020-12,31,37
3451,2021-01,36,36
3451,2021-02,58,61
3451,2021-03,101,112
3451,2021-04,101,106
3451,2021-05,92,103
3451,2021-06,93,104
3451,2021-07,86,102
3451,2021-08,124,145
3451,2021-09,117,155
3451,2021-10,152,213
3451,2021-11,132,150
3451,2021-12,113,133
3451,2022-01,118,158
3451,2022-02,170,200
3451,2022-03,214,252
3451,2022-04,171,191
3451,2022-05,200,316
3451,2022-06,127,160
3451,2022-07,86,103
3451,2022-08,145,164
3451,2022-09,141,160
3451,2022-10,109,118
3451,2022-11,80,94
3451,2022-12,77,84
3451,2023-01,130,147
3451,2023-02,106,116
3451,2023-03,150,181
3451,2023-04,113,131
3451,2023-05,161,181
3451,2023-06,106,118
3451,2023-07,83,91
3451,2023-08,103,106
3451,2023-09,110,117
3451,2023-10,86,92
3451,2023-11,104,118
3451,2023-12,59,72
3451,2024-01,99,108
3451,2024-02,111,127
3451,2024-03,116,127
3451,2024-04,93,98
3451,2024-05,106,111
3451,2024-06,165,172
3451,2024-07,91,107
3451,2024-08,99,107
3451,2024-09,109,123
3451,2024-10,73,81
3451,2024-11,62,68
3451,2024-12,43,48
3451,2025-01,94,103
3451,2025-02,115,130
3451,2025-03,135,154
3451,2025-04,126,143
3451,2025-05,103,140
3451,2025-06,90,118
3451,2025-07,101,122
3451,2025-08,106,119
3451,2025-09,100,112
3451,2025-10,67,77
3451,2025-11,57,62
3451,2025-12,70,77
3451,2026-01,39,48
3451,2026-02,82,106
3452,2020-01,13,14
3452,2020-02,19,22
3452,2020-03,13,26
3452,2020-04,8,10
3452,2020-05,13,13
3452,2020-06,8,8
3452,2020-07,4,4
3452,2020-08,4,8
3452,2020-09,10,10
3452,2020-10,9,9
3452,2020-11,21,21
3452,2020-12,17,17
3452,2021-01,13,16
3452,2021-02,8,8
3452,2021-03,12,12
3452,2021-04,19,19
3452,2021-05,24,24
3452,2021-06,21,21
3452,2021-07,19,38
3452,2021-08,23,44
3452,2021-09,16,24
3452,2021-10,17,17
3452,2021-11,22,26
3452,2021-12,20,20
3452,2022-01,16,17
3452,2022-02,23,26
3452,2022-03,40,44
3452,2022-04,18,19
3452,2022-05,33,38
3452,2022-06,25,25
3452,2022-07,11,11
3452,2022-08,20,21
3452,2022-09,29,32
3452,2022-10,18,18
3452,2022-11,16,17
3452,2022-12,16,16
3452,2023-01,15,17
3452,2023-02,12,12
3452,2023-03,25,27
3452,2023-04,19,21
3452,2023-05,16,17
3452,2023-06,15,15
3452,2023-07,12,12
3452,2023-08,15,17
3452,2023-09,19,20
3452,2023-10,22,22
3452,2023-11,14,14
3452,2023-12,16,16
3452,2024-01,19,20
3452,2024-02,7,7
3452,2024-03,16,17
3452,2024-04,13,16
3452,2024-05,6,7
3452,2024-06,6,8
3452,2024-07,4,4
3452,2024-08,13,14
3452,2024-09,10,11
3452,2024-10,15,15
3452,2024-11,8,8
3452,2024-12,13,13
3452,2025-01,15,181
3452,2025-02,15,16
3452,2025-03,16,20
3452,2025-04,16,17
3452,2025-05,21,35
3452,2025-06,7,7
3452,2025-07,8,9
3452,2025-08,11,11
3452,2025-09,18,19
3452,2025-10,8,8
3452,2025-11,10,10
3452,2025-12,19,21
3452,2026-01,5,5
3452,2026-02,6,10
3511,2020-01,186,246
3511,2020-02,227,267
3511,2020-03,257,345
3511,2020-04,152,182
3511,2020-05,136,190
3511,2020-06,139,303
3511,2020-07,98,111
3511,2020-08,151,260
3511,2020-09,174,379
3511,2020-10,201,428
3511,2020-11,223,241
3511,2020-12,227,265
3511,2021-01,187,400
3511,2021-02,209,342
3511,2021-03,276,388
3511,2021-04,265,355
3511,2021-05,293,359
3511,2021-06,240,340
3511,2021-07,142,164
3511,2021-08,206,280
3511,2021-09,329,710
3511,2021-10,313,391
3511,2021-11,363,420
3511,2021-12,327,389
3511,2022-01,269,423
3511,2022-02,413,664
3511,2022-03,389,484
3511,2022-04,444,508
3511,2022-05,423,481
3511,2022-06,380,447
3511,2022-07,266,310
3511,2022-08,328,408
3511,2022-09,434,551
3511,2022-10,427,586
3511,2022-11,465,530
3511,2022-12,388,445
3511,2023-01,365,469
3511,2023-02,389,457
3511,2023-03,447,524
3511,2023-04,266,311
3511,2023-05,914,1043
3511,2023-06,469,537
3511,2023-07,161,205
3511,2023-08,242,276
3511,2023-09,342,580
3511,2023-10,314,403
3511,2023-11,306,336
3511,2023-12,274,307
3511,2024-01,260,287
3511,2024-02,318,386
3511,2024-03,240,280
3511,2024-04,235,284
3511,2024-05,222,258
3511,2024-06,186,214
3511,2024-07,163,190
3511,2024-08,189,197
3511,2024-09,236,270
3511,2024-10,235,269
3511,2024-11,167,226
3511,2024-12,198,246
3511,2025-01,222,272
3511,2025-02,206,230
3511,2025-03,255,322
3511,2025-04,209,239
3511,2025-05,204,234
3511,2025-06,162,202
3511,2025-07,110,123
3511,2025-08,155,250
3511,2025-09,189,211
3511,2025-10,205,240
3511,2025-11,177,218
3511,2025-12,196,214
3511,2026-01,40,51
3511,2026-02,135,158
3512,2020-01,374,2507
3512,2020-02,345,1948
3512,2020-03,313,393
3512,2020-04,202,784
3512,2020-05,148,192
3512,2020-06,158,203
3512,2020-07,106,121
3512,2020-08,195,273
3512,2020-09,286,328
3512,2020-10,322,446
3512,2020-11,303,487
3512,2020-12,256,378
3512,2021-01,253,371
3512,2021-02,353,752
3512,2021-03,407,582
3512,2021-04,415,761
3512,2021-05,428,967
3512,2021-06,379,927
3512,2021-07,233,276
3512,2021-08,390,623
3512,2021-09,567,815
3512,2021-10,574,790
3512,2021-11,494,654
3512,2021-12,549,636
3512,2022-01,503,616
3512,2022-02,601,784
3512,2022-03,696,867
3512,2022-04,672,831
3512,2022-05,710,862
3512,2022-06,524,675
3512,2022-07,352,417
3512,2022-08,578,706
3512,2022-09,645,880
3512,2022-10,629,836
3512,2022-11,574,708
3512,2022-12,521,619
3512,2023-01,564,640
3512,2023-02,557,665
3512,2023-03,623,942
3512,2023-04,463,615
3512,2023-05,662,772
3512,2023-06,455,555
3512,2023-07,270,323
3512,2023-08,367,470
3512,2023-09,376,428
3512,2023-10,419,511
3512,2023-11,379,424
3512,2023-12,262,281
3512,2024-01,282,331
3512,2024-02,349,393
3512,2024-03,330,388
3512,2024-04,345,396
3512,2024-05,264,314
3512,2024-06,250,306
3512,2024-07,217,315
3512,2024-08,248,306
3512,2024-09,249,275
3512,2024-10,239,291
3512,2024-11,255,298
3512,2024-12,181,204
3512,2025-01,281,339
3512,2025-02,238,308
3512,2025-03,328,383
3512,2025-04,264,296
3512,2025-05,265,296
3512,2025-06,222,254
3512,2025-07,113,124
3512,2025-08,209,249
3512,2025-09,242,282
3512,2025-10,231,258
3512,2025-11,230,257
3512,2025-12,211,230
3512,2026-01,36,56
3512,2026-02,136,173
3513,2020-01,153,166
3513,2020-02,117,146
3513,2020-03,98,136
3513,2020-04,77,89
3513,2020-05,76,80
3513,2020-06,70,94
3513,2020-07,47,49
3513,2020-08,71,101
3513,2020-09,97,103
3513,2020-10,106,123
3513,2020-11,88,102
3513,2020-12,114,117
3513,2021-01,119,129
3513,2021-02,121,158
3513,2021-03,192,200
3513,2021-04,150,168
3513,2021-05,124,144
3513,2021-06,110,128
3513,2021-07,83,95
3513,2021-08,113,133
3513,2021-09,186,230
3513,2021-10,178,206
3513,2021-11,200,219
3513,2021-12,184,234
3513,2022-01,113,122
3513,2022-02,180,219
3513,2022-03,186,193
3513,2022-04,199,230
3513,2022-05,193,229
3513,2022-06,172,183
3513,2022-07,120,131
3513,2022-08,149,195
3513,2022-09,195,209
3513,2022-10,182,192
3513,2022-11,188,204
3513,2022-12,184,196
3513,2023-01,192,218
3513,2023-02,167,224
3513,2023-03,218,244
3513,2023-04,139,158
3513,2023-05,209,218
3513,2023-06,152,177
3513,2023-07,80,132
3513,2023-08,154,172
3513,2023-09,160,169
3513,2023-10,177,182
3513,2023-11,199,223
3513,2023-12,147,193
3513,2024-01,164,178
3513,2024-02,268,292
3513,2024-03,283,328
3513,2024-04,155,208
3513,2024-05,151,203
3513,2024-06,106,142
3513,2024-07,82,104
3513,2024-08,95,121
3513,2024-09,131,137
3513,2024-10,143,150
3513,2024-11,127,150
3513,2024-12,123,139
3513,2025-01,152,160
3513,2025-02,155,186
3513,2025-03,148,185
3513,2025-04,169,215
3513,2025-05,191,255
3513,2025-06,131,206
3513,2025-07,85,115
3513,2025-08,127,142
3513,2025-09,128,140
3513,2025-10,141,151
3513,2025-11,117,127
3513,2025-12,100,107
3513,2026-01,21,22
3513,2026-02,75,77
3514,2020-01,92,113
3514,2020-02,91,111
3514,2020-03,75,81
3514,2020-04,78,86
3514,2020-05,61,68
3514,2020-06,51,54
3514,2020-07,41,73
3514,2020-08,41,45
3514,2020-09,75,81
3514,2020-10,68,104
3514,2020-11,80,96
3514,2020-12,80,99
3514,2021-01,84,132
3514,2021-02,73,99
3514,2021-03,102,113
3514,2021-04,117,132
3514,2021-05,96,121
3514,2021-06,99,119
3514,2021-07,46,65
3514,2021-08,73,98
3514,2021-09,111,151
3514,2021-10,125,140
3514,2021-11,119,136
3514,2021-12,113,124
3514,2022-01,121,139
3514,2022-02,157,206
3514,2022-03,187,350
3514,2022-04,151,159
3514,2022-05,151,190
3514,2022-06,121,136
3514,2022-07,100,131
3514,2022-08,124,199
3514,2022-09,141,164
3514,2022-10,187,253
3514,2022-11,150,186
3514,2022-12,133,146
3514,2023-01,175,192
3514,2023-02,147,160
3514,2023-03,126,155
3514,2023-04,120,171
3514,2023-05,159,212
3514,2023-06,130,151
3514,2023-07,104,129
3514,2023-08,135,165
3514,2023-09,124,150
3514,2023-10,175,210
3514,2023-11,119,138
3514,2023-12,128,136
3514,2024-01,104,122
3514,2024-02,103,127
3514,2024-03,86,102
3514,2024-04,89,124
3514,2024-05,89,101
3514,2024-06,73,77
3514,2024-07,56,63
3514,2024-08,66,83
3514,2024-09,66,69
3514,2024-10,98,102
3514,2024-11,81,92
3514,2024-12,83,90
3514,2025-01,61,74
3514,2025-02,92,105
3514,2025-03,80,90
3514,2025-04,86,108
3514,2025-05,76,85
3514,2025-06,65,71
3514,2025-07,46,62
3514,2025-08,51,77
3514,2025-09,79,102
3514,2025-10,80,95
3514,2025-11,66,73
3514,2025-12,100,105
3514,2026-01,18,19
3514,2026-02,57,57
3515,2020-01,27,30
3515,2020-02,29,31
3515,2020-03,32,39
3515,2020-04,22,23
3515,2020-05,16,16
3515,2020-06,12,13
3515,2020-07,11,12
3515,2020-08,12,13
3515,2020-09,35,35
3515,2020-10,36,36
3515,2020-11,44,45
3515,2020-12,51,52
3515,2021-01,27,27
3515,2021-02,39,41
3515,2021-03,44,46
3515,2021-04,55,56
3515,2021-05,35,36
3515,2021-06,26,26
3515,2021-07,28,28
3515,2021-08,31,33
3515,2021-09,36,41
3515,2021-10,48,62
3515,2021-11,56,64
3515,2021-12,39,40
3515,2022-01,29,31
3515,2022-02,50,51
3515,2022-03,42,44
3515,2022-04,32,34
3515,2022-05,44,45
3515,2022-06,47,48
3515,2022-07,21,21
3515,2022-08,31,41
3515,2022-09,31,35
3515,2022-10,26,37
3515,2022-11,37,38
3515,2022-12,20,22
3515,2023-01,34,46
3515,2023-02,20,23
3515,2023-03,43,46
3515,2023-04,25,26
3515,2023-05,34,38
3515,2023-06,30,30
3515,2023-07,24,24
3515,2023-08,30,33
3515,2023-09,20,20
3515,2023-10,35,39
3515,2023-11,26,26
3515,2023-12,36,38
3515,2024-01,25,25
3515,2024-02,21,21
3515,2024-03,13,13
3515,2024-04,21,24
3515,2024-05,19,19
3515,2024-06,20,20
3515,2024-07,7,7
3515,2024-08,11,11
3515,2024-09,28,32
3515,2024-10,23,24
3515,2024-11,21,24
3515,2024-12,16,19
3515,2025-01,11,12
3515,2025-02,21,24
3515,2025-03,11,13
3515,2025-04,13,13
3515,2025-05,16,16
3515,2025-06,7,7
3515,2025-07,10,10
3515,2025-08,7,7
3515,2025-09,9,9
3515,2025-10,15,15
3515,2025-11,7,7
3515,2025-12,12,14
3515,2026-01,1,1
3515,2026-02,8,8
3521,2020-01,10,11
3521,2020-02,7,11
3521,2020-03,8,8
3521,2020-04,4,7
3521,2020-05,5,5
3521,2020-08,3,15
3521,2020-09,2,2
3521,2020-10,5,7
3521,2020-11,5,5
3521,2020-12,8,36
3521,2021-01,10,31
3521,2021-02,11,16
3521,2021-03,10,15
3521,2021-04,9,13
3521,2021-05,17,18
3521,2021-06,11,17
3521,2021-07,9,9
3521,2021-08,6,7
3521,2021-09,13,14
3521,2021-10,12,13
3521,2021-11,14,15
3521,2021-12,14,14
3521,2022-01,11,11
3521,2022-02,19,22
3521,2022-03,7,7
3521,2022-04,13,17
3521,2022-05,10,13
3521,2022-06,13,22
3521,2022-07,10,10
3521,2022-08,12,14
3521,2022-09,12,14
3521,2022-10,19,19
3521,2022-11,19,20
3521,2022-12,11,11
3521,2023-01,17,19
3521,2023-02,21,21
3521,2023-03,16,17
3521,2023-04,18,33
3521,2023-05,10,10
3521,2023-06,7,7
3521,2023-07,9,9
3521,2023-08,15,17
3521,2023-09,12,15
3521,2023-10,19,21
3521,2023-11,5,6
3521,2023-12,10,16
3521,2024-01,6,7
3521,2024-02,11,12
3521,2024-03,10,10
3521,2024-04,16,16
3521,2024-05,6,6
3521,2024-06,12,13
3521,2024-07,12,12
3521,2024-08,8,8
3521,2024-09,10,26
3521,2024-10,18,63
3521,2024-11,5,15
3521,2024-12,10,12
3521,2025-01,9,9
3521,2025-02,3,3
3521,2025-03,5,14
3521,2025-04,13,20
3521,2025-05,10,10
3521,2025-06,9,9
3521,2025-07,4,4
3521,2025-08,5,5
3521,2025-09,12,12
3521,2025-10,11,11
3521,2025-11,17,17
3521,2025-12,11,16
3521,2026-01,2,4
3521,2026-02,12,12
3522,2020-01,20,43
3522,2020-02,33,36
3522,2020-03,22,31
3522,2020-04,10,11
3522,2020-05,13,17
3522,2020-06,20,39
3522,2020-07,4,6
3522,2020-08,9,9
3522,2020-09,18,20
3522,2020-10,11,11
3522,2020-11,20,22
3522,2020-12,17,35
3522,2021-01,16,40
3522,2021-02,14,14
3522,2021-03,11,15
3522,2021-04,20,26
3522,2021-05,20,25
3522,2021-06,14,17
3522,2021-07,14,14
3522,2021-08,22,37
3522,2021-09,23,29
3522,2021-10,34,47
3522,2021-11,32,37
3522,2021-12,24,26
3522,2022-01,29,35
3522,2022-02,52,82
3522,2022-03,45,55
3522,2022-04,45,58
3522,2022-05,34,47
3522,2022-06,49,102
3522,2022-07,24,40
3522,2022-08,27,28
3522,2022-09,40,92
3522,2022-10,35,40
3522,2022-11,36,37
3522,2022-12,33,34
3522,2023-01,30,46
3522,2023-02,32,50
3522,2023-03,37,77
3522,2023-04,25,26
3522,2023-05,36,40
3522,2023-06,17,17
3522,2023-07,7,8
3522,2023-08,13,13
3522,2023-09,16,46
3522,2023-10,21,27
3522,2023-11,16,29
3522,2023-12,30,53
3522,2024-01,26,42
3522,2024-02,17,23
3522,2024-03,26,31
3522,2024-04,18,24
3522,2024-05,23,24
3522,2024-06,21,21
3522,2024-07,11,11
3522,2024-08,19,19
3522,2024-09,22,31
3522,2024-10,23,28
3522,2024-11,31,49
3522,2024-12,30,95
3522,2025-01,15,18
3522,2025-02,17,21
3522,2025-03,21,30
3522,2025-04,16,16
3522,2025-05,18,18
3522,2025-06,22,23
3522,2025-07,6,8
3522,2025-08,8,8
3522,2025-09,21,27
3522,2025-10,20,34
3522,2025-11,14,28
3522,2025-12,11,15
3522,2026-01,3,3
3522,2026-02,12,15
4111,2020-01,558,758
4111,2020-02,576,654
4111,2020-03,451,479
4111,2020-04,247,256
4111,2020-05,273,387
4111,2020-06,241,252
4111,2020-07,185,212
4111,2020-08,188,224
4111,2020-09,306,331
4111,2020-10,309,365
4111,2020-11,311,331
4111,2020-12,225,243
4111,2021-01,294,311
4111,2021-02,403,442
4111,2021-03,475,498
4111,2021-04,473,496
4111,2021-05,469,485
4111,2021-06,434,456
4111,2021-07,238,252
4111,2021-08,334,343
4111,2021-09,519,539
4111,2021-10,583,1225
4111,2021-11,564,590
4111,2021-12,551,591
4111,2022-01,601,636
4111,2022-02,623,681
4111,2022-03,872,1003
4111,2022-04,687,721
4111,2022-05,749,779
4111,2022-06,660,690
4111,2022-07,400,448
4111,2022-08,572,717
4111,2022-09,701,748
4111,2022-10,698,737
4111,2022-11,662,695
4111,2022-12,555,586
4111,2023-01,633,671
4111,2023-02,618,635
4111,2023-03,801,983
4111,2023-04,650,706
4111,2023-05,736,780
4111,2023-06,581,615
4111,2023-07,339,369
4111,2023-08,404,438
4111,2023-09,441,473
4111,2023-10,441,480
4111,2023-11,406,419
4111,2023-12,331,357
4111,2024-01,413,452
4111,2024-02,420,439
4111,2024-03,447,466
4111,2024-04,442,463
4111,2024-05,418,445
4111,2024-06,316,351
4111,2024-07,270,292
4111,2024-08,289,381
4111,2024-09,365,410
4111,2024-10,304,338
4111,2024-11,296,331
4111,2024-12,211,219
4111,2025-01,278,306
4111,2025-02,326,336
4111,2025-03,347,358
4111,2025-04,332,344
4111,2025-05,255,274
4111,2025-06,212,274
4111,2025-07,139,142
4111,2025-08,183,186
4111,2025-09,250,269
4111,2025-10,233,244
4111,2025-11,212,219
4111,2025-12,200,213
4111,2026-01,28,32
4111,2026-02,131,136
4112,2020-01,281,295
4112,2020-02,347,367
4112,2020-03,233,266
4112,2020-04,180,192
4112,2020-05,161,165
4112,2020-06,163,200
4112,2020-07,111,117
4112,2020-08,112,122
4112,2020-09,215,243
4112,2020-10,203,228
4112,2020-11,179,204
4112,2020-12,154,169
4112,2021-01,169,184
4112,2021-02,224,254
4112,2021-03,253,277
4112,2021-04,285,308
4112,2021-05,274,321
4112,2021-06,246,271
4112,2021-07,183,197
4112,2021-08,258,281
4112,2021-09,402,433
4112,2021-10,384,417
4112,2021-11,416,460
4112,2021-12,411,473
4112,2022-01,458,532
4112,2022-02,531,696
4112,2022-03,638,746
4112,2022-04,404,490
4112,2022-05,457,625
4112,2022-06,421,478
4112,2022-07,323,365
4112,2022-08,434,517
4112,2022-09,418,490
4112,2022-10,432,479
4112,2022-11,457,516
4112,2022-12,393,457
4112,2023-01,443,538
4112,2023-02,489,554
4112,2023-03,473,530
4112,2023-04,369,428
4112,2023-05,466,534
4112,2023-06,346,375
4112,2023-07,236,269
4112,2023-08,280,308
4112,2023-09,296,339
4112,2023-10,265,297
4112,2023-11,312,359
4112,2023-12,269,308
4112,2024-01,310,343
4112,2024-02,302,335
4112,2024-03,323,370
4112,2024-04,260,279
4112,2024-05,261,287
4112,2024-06,186,195
4112,2024-07,153,175
4112,2024-08,190,205
4112,2024-09,221,275
4112,2024-10,261,281
4112,2024-11,224,255
4112,2024-12,243,269
4112,2025-01,216,235
4112,2025-02,247,303
4112,2025-03,263,289
4112,2025-04,205,225
4112,2025-05,182,193
4112,2025-06,146,153
4112,2025-07,132,143
4112,2025-08,167,190
4112,2025-09,227,259
4112,2025-10,261,285
4112,2025-11,203,219
4112,2025-12,207,246
4112,2026-01,21,48
4112,2026-02,145,160
4113,2020-01,153,187
4113,2020-02,124,158
4113,2020-03,134,204
4113,2020-04,62,67
4113,2020-05,52,71
4113,2020-06,60,69
4113,2020-07,57,65
4113,2020-08,85,93
4113,2020-09,109,138
4113,2020-10,112,142
4113,2020-11,93,163
4113,2020-12,91,140
4113,2021-01,95,123
4113,2021-02,122,145
4113,2021-03,167,263
4113,2021-04,178,233
4113,2021-05,145,168
4113,2021-06,197,282
4113,2021-07,130,233
4113,2021-08,158,223
4113,2021-09,284,540
4113,2021-10,281,350
4113,2021-11,233,299
4113,2021-12,206,253
4113,2022-01,245,308
4113,2022-02,270,350
4113,2022-03,329,522
4113,2022-04,246,335
4113,2022-05,271,320
4113,2022-06,244,267
4113,2022-07,181,220
4113,2022-08,243,317
4113,2022-09,297,360
4113,2022-10,307,436
4113,2022-11,255,282
4113,2022-12,216,256
4113,2023-01,300,417
4113,2023-02,261,598
4113,2023-03,332,624
4113,2023-04,194,256
4113,2023-05,298,316
4113,2023-06,275,284
4113,2023-07,217,247
4113,2023-08,215,372
4113,2023-09,213,226
4113,2023-10,164,200
4113,2023-11,118,126
4113,2023-12,137,277
4113,2024-01,146,259
4113,2024-02,157,213
4113,2024-03,169,232
4113,2024-04,173,179
4113,2024-05,132,147
4113,2024-06,136,190
4113,2024-07,104,207
4113,2024-08,109,138
4113,2024-09,107,118
4113,2024-10,118,135
4113,2024-11,97,100
4113,2024-12,92,94
4113,2025-01,117,134
4113,2025-02,113,191
4113,2025-03,101,112
4113,2025-04,86,94
4113,2025-05,76,129
4113,2025-06,92,96
4113,2025-07,61,78
4113,2025-08,87,119
4113,2025-09,88,100
4113,2025-10,98,105
4113,2025-11,100,111
4113,2025-12,116,133
4113,2026-01,12,13
4113,2026-02,36,63
4114,2020-01,163,208
4114,2020-02,145,209
4114,2020-03,96,114
4114,2020-04,40,48
4114,2020-05,44,52
4114,2020-06,47,51
4114,2020-07,44,50
4114,2020-08,52,64
4114,2020-09,100,107
4114,2020-10,81,91
4114,2020-11,97,107
4114,2020-12,92,103
4114,2021-01,95,105
4114,2021-02,113,120
4114,2021-03,114,126
4114,2021-04,139,144
4114,2021-05,116,136
4114,2021-06,101,106
4114,2021-07,65,70
4114,2021-08,107,123
4114,2021-09,142,155
4114,2021-10,172,188
4114,2021-11,149,163
4114,2021-12,152,173
4114,2022-01,145,152
4114,2022-02,153,158
4114,2022-03,178,205
4114,2022-04,155,177
4114,2022-05,171,192
4114,2022-06,156,174
4114,2022-07,80,85
4114,2022-08,133,144
4114,2022-09,134,151
4114,2022-10,120,124
4114,2022-11,134,151
4114,2022-12,129,130
4114,2023-01,133,163
4114,2023-02,113,126
4114,2023-03,149,164
4114,2023-04,106,113
4114,2023-05,133,134
4114,2023-06,112,130
4114,2023-07,82,87
4114,2023-08,82,104
4114,2023-09,91,96
4114,2023-10,120,135
4114,2023-11,83,88
4114,2023-12,70,78
4114,2024-01,95,98
4114,2024-02,77,114
4114,2024-03,69,72
4114,2024-04,119,162
4114,2024-05,101,116
4114,2024-06,91,106
4114,2024-07,60,75
4114,2024-08,72,106
4114,2024-09,88,103
4114,2024-10,68,84
4114,2024-11,57,65
4114,2024-12,85,95
4114,2025-01,80,100
4114,2025-02,76,78
4114,2025-03,86,95
4114,2025-04,83,88
4114,2025-05,70,156
4114,2025-06,62,82
4114,2025-07,45,45
4114,2025-08,77,84
4114,2025-09,145,179
4114,2025-10,73,77
4114,2025-11,61,77
4114,2025-12,60,65
4114,2026-01,24,33
4114,2026-02,40,41
4115,2020-01,66,75
4115,2020-02,62,81
4115,2020-03,75,88
4115,2020-04,40,74
4115,2020-05,24,31
4115,2020-06,20,22
4115,2020-07,18,18
4115,2020-08,25,31
4115,2020-09,39,48
4115,2020-10,39,40
4115,2020-11,34,36
4115,2020-12,45,47
4115,2021-01,47,47
4115,2021-02,77,89
4115,2021-03,79,82
4115,2021-04,84,97
4115,2021-05,64,69
4115,2021-06,74,77
4115,2021-07,47,50
4115,2021-08,52,57
4115,2021-09,95,98
4115,2021-10,118,126
4115,2021-11,99,110
4115,2021-12,118,131
4115,2022-01,109,121
4115,2022-02,121,125
4115,2022-03,154,176
4115,2022-04,169,189
4115,2022-05,123,142
4115,2022-06,99,120
4115,2022-07,60,67
4115,2022-08,84,87
4115,2022-09,122,131
4115,2022-10,120,126
4115,2022-11,99,102
4115,2022-12,101,112
4115,2023-01,92,115
4115,2023-02,81,102
4115,2023-03,106,121
4115,2023-04,116,143
4115,2023-05,137,169
4115,2023-06,62,70
4115,2023-07,70,70
4115,2023-08,68,93
4115,2023-09,71,77
4115,2023-10,54,60
4115,2023-11,75,78
4115,2023-12,38,39
4115,2024-01,55,63
4115,2024-02,55,63
4115,2024-03,61,69
4115,2024-04,57,60
4115,2024-05,53,56
4115,2024-06,38,48
4115,2024-07,46,50
4115,2024-08,37,45
4115,2024-09,44,66
4115,2024-10,43,45
4115,2024-11,46,46
4115,2024-12,35,49
4115,2025-01,58,83
4115,2025-02,53,56
4115,2025-03,58,65
4115,2025-04,74,78
4115,2025-05,49,53
4115,2025-06,36,41
4115,2025-07,24,24
4115,2025-08,38,40
4115,2025-09,36,37
4115,2025-10,34,36
4115,2025-11,27,27
4115,2025-12,50,51
4115,2026-01,2,3
4115,2026-02,20,20
4116,2020-01,27,28
4116,2020-02,14,315
4116,2020-03,25,26
4116,2020-04,20,20
4116,2020-05,25,27
4116,2020-06,22,23
4116,2020-07,14,14
4116,2020-08,16,16
4116,2020-09,22,22
4116,2020-10,31,332
4116,2020-11,27,127
4116,2020-12,33,33
4116,2021-01,29,333
4116,2021-02,32,131
4116,2021-03,44,45
4116,2021-04,36,339
4116,2021-05,48,62
4116,2021-06,31,31
4116,2021-07,12,12
4116,2021-08,33,75
4116,2021-09,45,295
4116,2021-10,29,30
4116,2021-11,41,42
4116,2021-12,49,103
4116,2022-01,38,63
4116,2022-02,47,78
4116,2022-03,56,58
4116,2022-04,40,49
4116,2022-05,92,98
4116,2022-06,62,67
4116,2022-07,19,21
4116,2022-08,31,55
4116,2022-09,47,47
4116,2022-10,35,36
4116,2022-11,42,70
4116,2022-12,38,38
4116,2023-01,39,55
4116,2023-02,32,40
4116,2023-03,32,47
4116,2023-04,26,33
4116,2023-05,40,45
4116,2023-06,36,36
4116,2023-07,8,9
4116,2023-08,26,43
4116,2023-09,23,45
4116,2023-10,30,111
4116,2023-11,24,26
4116,2023-12,25,623
4116,2024-01,40,54
4116,2024-02,22,23
4116,2024-03,25,26
4116,2024-04,36,63
4116,2024-05,37,54
4116,2024-06,30,49
4116,2024-07,11,210
4116,2024-08,22,23
4116,2024-09,26,28
4116,2024-10,24,24
4116,2024-11,26,39
4116,2024-12,17,22
4116,2025-01,32,49
4116,2025-02,34,78
4116,2025-03,26,45
4116,2025-04,31,31
4116,2025-05,24,28
4116,2025-06,18,18
4116,2025-07,12,16
4116,2025-08,27,49
4116,2025-09,26,29
4116,2025-10,25,54
4116,2025-11,21,40
4116,2025-12,22,23
4116,2026-01,3,3
4116,2026-02,9,9
4117,2019-10,1,1
4117,2019-12,3,41
4117,2020-01,272,476
4117,2020-02,311,400
4117,2020-03,211,246
4117,2020-04,126,137
4117,2020-05,131,142
4117,2020-06,131,144
4117,2020-07,82,102
4117,2020-08,119,135
4117,2020-09,163,184
4117,2020-10,181,195
4117,2020-11,204,336
4117,2020-12,247,465
4117,2021-01,218,321
4117,2021-02,211,248
4117,2021-03,227,255
4117,2021-04,224,359
4117,2021-05,263,289
4117,2021-06,209,231
4117,2021-07,132,158
4117,2021-08,176,198
4117,2021-09,252,287
4117,2021-10,319,364
4117,2021-11,346,571
4117,2021-12,346,515
4117,2022-01,337,387
4117,2022-02,414,554
4117,2022-03,431,570
4117,2022-04,300,461
4117,2022-05,396,539
4117,2022-06,276,331
4117,2022-07,202,228
4117,2022-08,307,350
4117,2022-09,373,424
4117,2022-10,362,400
4117,2022-11,350,656
4117,2022-12,329,441
4117,2023-01,426,502
4117,2023-02,390,470
4117,2023-03,405,512
4117,2023-04,251,285
4117,2023-05,358,445
4117,2023-06,263,291
4117,2023-07,137,143
4117,2023-08,245,278
4117,2023-09,254,285
4117,2023-10,230,267
4117,2023-11,174,241
4117,2023-12,146,356
4117,2024-01,178,219
4117,2024-02,189,233
4117,2024-03,186,225
4117,2024-04,168,198
4117,2024-05,136,162
4117,2024-06,89,103
4117,2024-07,83,94
4117,2024-08,119,123
4117,2024-09,150,167
4117,2024-10,140,148
4117,2024-11,141,191
4117,2024-12,148,258
4117,2025-01,178,281
4117,2025-02,152,211
4117,2025-03,171,193
4117,2025-04,132,152
4117,2025-05,139,157
4117,2025-06,98,122
4117,2025-07,77,91
4117,2025-08,91,93
4117,2025-09,124,137
4117,2025-10,143,157
4117,2025-11,170,255
4117,2025-12,167,439
4117,2026-01,23,175
4117,2026-02,99,179
4119,2020-01,730,867
4119,2020-02,753,1067
4119,2020-03,633,854
4119,2020-04,344,423
4119,2020-05,316,373
4119,2020-06,374,471
4119,2020-07,249,292
4119,2020-08,300,399
4119,2020-09,430,539
4119,2020-10,638,796
4119,2020-11,488,683
4119,2020-12,436,562
4119,2021-01,450,549
4119,2021-02,581,845
4119,2021-03,635,1034
4119,2021-04,643,761
4119,2021-05,720,862
4119,2021-06,661,1295
4119,2021-07,404,487
4119,2021-08,477,574
4119,2021-09,734,920
4119,2021-10,886,1146
4119,2021-11,919,1169
4119,2021-12,854,1147
4119,2022-01,830,1176
4119,2022-02,1061,1690
4119,2022-03,1331,2614
4119,2022-04,1107,1602
4119,2022-05,1130,1736
4119,2022-06,972,1301
4119,2022-07,624,921
4119,2022-08,848,1071
4119,2022-09,1038,1293
4119,2022-10,1070,1383
4119,2022-11,865,1097
4119,2022-12,804,967
4119,2023-01,823,1486
4119,2023-02,902,1136
4119,2023-03,1067,1245
4119,2023-04,726,944
4119,2023-05,1007,1259
4119,2023-06,728,890
4119,2023-07,391,516
4119,2023-08,560,811
4119,2023-09,640,947
4119,2023-10,592,896
4119,2023-11,608,747
4119,2023-12,553,724
4119,2024-01,631,1154
4119,2024-02,668,806
4119,2024-03,580,655
4119,2024-04,703,941
4119,2024-05,632,753
4119,2024-06,448,666
4119,2024-07,394,700
4119,2024-08,448,589
4119,2024-09,483,758
4119,2024-10,561,709
4119,2024-11,427,562
4119,2024-12,446,591
4119,2025-01,508,639
4119,2025-02,497,586
4119,2025-03,502,694
4119,2025-04,508,689
4119,2025-05,496,623
4119,2025-06,394,555
4119,2025-07,292,345
4119,2025-08,357,573
4119,2025-09,478,644
4119,2025-10,513,578
4119,2025-11,414,760
4119,2025-12,460,716
4119,2026-01,41,122
4119,2026-02,289,946
4211,2020-01,42,91
4211,2020-02,18,42
4211,2020-03,16,36
4211,2020-04,3,5
4211,2020-05,9,20
4211,2020-06,8,14
4211,2020-07,18,40
4211,2020-08,16,49
4211,2020-09,24,53
4211,2020-10,27,77
4211,2020-11,2,5
4211,2021-01,1,1
4211,2021-02,6,7
4211,2021-03,3,7
4211,2021-04,9,11
4211,2021-05,11,26
4211,2021-06,39,98
4211,2021-07,39,99
4211,2021-08,52,131
4211,2021-09,74,210
4211,2021-10,50,148
4211,2021-11,49,127
4211,2021-12,10,13
4211,2022-01,36,96
4211,2022-02,37,93
4211,2022-03,67,167
4211,2022-04,45,150
4211,2022-05,49,186
4211,2022-06,59,146
4211,2022-07,56,179
4211,2022-08,64,220
4211,2022-09,51,115
4211,2022-10,40,132
4211,2022-11,33,107
4211,2022-12,31,79
4211,2023-01,38,92
4211,2023-02,31,104
4211,2023-03,48,155
4211,2023-04,43,104
4211,2023-05,38,92
4211,2023-06,49,131
4211,2023-07,36,92
4211,2023-08,39,109
4211,2023-09,35,94
4211,2023-10,29,80
4211,2023-11,40,107
4211,2023-12,9,22
4211,2024-01,30,76
4211,2024-02,32,78
4211,2024-03,37,89
4211,2024-04,58,157
4211,2024-05,42,107
4211,2024-06,41,106
4211,2024-07,24,70
4211,2024-08,60,144
4211,2024-09,26,71
4211,2024-10,33,96
4211,2024-11,26,69
4211,2024-12,29,70
4211,2025-01,52,151
4211,2025-02,24,66
4211,2025-03,22,65
4211,2025-04,62,171
4211,2025-05,67,186
4211,2025-06,32,82
4211,2025-07,62,182
4211,2025-08,54,153
4211,2025-09,28,77
4211,2025-10,49,139
4211,2025-11,44,119
4211,2025-12,11,29
4211,2026-02,17,51
4212,2020-01,30,46
4212,2020-02,23,33
4212,2020-03,20,25
4212,2020-04,11,15
4212,2020-05,7,12
4212,2020-06,11,35
4212,2020-07,12,32
4212,2020-08,15,20
4212,2020-09,20,47
4212,2020-10,9,13
4212,2020-11,7,13
4212,2020-12,11,16
4212,2021-01,23,45
4212,2021-02,21,25
4212,2021-03,24,30
4212,2021-04,23,35
4212,2021-05,15,20
4212,2021-06,13,17
4212,2021-07,11,14
4212,2021-08,17,39
4212,2021-09,27,33
4212,2021-10,28,65
4212,2021-11,42,61
4212,2021-12,38,47
4212,2022-01,41,57
4212,2022-02,42,55
4212,2022-03,54,81
4212,2022-04,37,59
4212,2022-05,62,93
4212,2022-06,37,41
4212,2022-07,24,29
4212,2022-08,55,63
4212,2022-09,50,59
4212,2022-10,56,71
4212,2022-11,44,52
4212,2022-12,48,65
4212,2023-01,37,49
4212,2023-02,51,69
4212,2023-03,26,33
4212,2023-04,25,32
4212,2023-05,36,43
4212,2023-06,13,27
4212,2023-07,12,13
4212,2023-08,34,50
4212,2023-09,33,46
4212,2023-10,34,52
4212,2023-11,26,30
4212,2023-12,11,11
4212,2024-01,8,10
4212,2024-02,14,14
4212,2024-03,30,34
4212,2024-04,32,32
4212,2024-05,12,12
4212,2024-06,8,10
4212,2024-07,12,17
4212,2024-08,10,10
4212,2024-09,10,12
4212,2024-10,36,66
4212,2024-11,9,11
4212,2024-12,5,7
4212,2025-01,13,14
4212,2025-02,21,31
4212,2025-03,14,23
4212,2025-04,12,21
4212,2025-05,6,6
4212,2025-06,3,3
4212,2025-07,5,7
4212,2025-08,7,9
4212,2025-09,12,12
4212,2025-10,29,46
4212,2025-11,8,9
4212,2025-12,9,21
4212,2026-01,2,4
4212,2026-02,13,14
4221,2020-01,56,184
4221,2020-02,63,251
4221,2020-03,20,60
4221,2020-04,12,14
4221,2020-05,5,15
4221,2020-06,3,3
4221,2020-07,4,8
4221,2020-08,7,22
4221,2020-09,18,43
4221,2020-10,10,12
4221,2020-11,16,28
4221,2020-12,11,26
4221,2021-01,21,45
4221,2021-02,20,38
4221,2021-03,24,39
4221,2021-04,27,39
4221,2021-05,23,141
4221,2021-06,27,69
4221,2021-07,21,29
4221,2021-08,23,46
4221,2021-09,30,71
4221,2021-10,38,62
4221,2021-11,42,107
4221,2021-12,40,93
4221,2022-01,55,168
4221,2022-02,74,200
4221,2022-03,92,261
4221,2022-04,52,108
4221,2022-05,70,182
4221,2022-06,42,67
4221,2022-07,40,61
4221,2022-08,36,56
4221,2022-09,52,113
4221,2022-10,44,92
4221,2022-11,47,139
4221,2022-12,45,93
4221,2023-01,53,167
4221,2023-02,93,234
4221,2023-03,129,246
4221,2023-04,53,88
4221,2023-05,156,177
4221,2023-06,106,113
4221,2023-07,209,217
4221,2023-08,182,203
4221,2023-09,174,195
4221,2023-10,105,131
4221,2023-11,136,154
4221,2023-12,180,372
4221,2024-01,196,279
4221,2024-02,205,270
4221,2024-03,60,78
4221,2024-04,59,84
4221,2024-05,25,34
4221,2024-06,15,22
4221,2024-07,11,12
4221,2024-08,20,34
4221,2024-09,23,27
4221,2024-10,28,37
4221,2024-11,18,42
4221,2024-12,16,31
4221,2025-01,39,57
4221,2025-02,37,63
4221,2025-03,24,44
4221,2025-04,24,45
4221,2025-05,20,33
4221,2025-06,16,36
4221,2025-07,16,36
4221,2025-08,28,43
4221,2025-09,24,37
4221,2025-10,31,34
4221,2025-11,16,22
4221,2025-12,18,49
4221,2026-01,9,17
4221,2026-02,24,99
4222,2020-01,1791,4633
4222,2020-02,1618,4380
4222,2020-03,1417,28745
4222,2020-04,745,2229
4222,2020-05,660,1450
4222,2020-06,606,1300
4222,2020-07,616,1294
4222,2020-08,735,1634
4222,2020-09,902,2266
4222,2020-10,943,2659
4222,2020-11,799,1997
4222,2020-12,647,1676
4222,2021-01,880,2379
4222,2021-02,955,2667
4222,2021-03,1116,2764
4222,2021-04,1328,3375
4222,2021-05,1291,3003
4222,2021-06,1002,2304
4222,2021-07,877,2097
4222,2021-08,1188,3151
4222,2021-09,1683,4051
4222,2021-10,1988,4950
4222,2021-11,2085,5083
4222,2021-12,2049,5276
4222,2022-01,2063,5245
4222,2022-02,2170,5858
4222,2022-03,2642,6173
4222,2022-04,2329,5538
4222,2022-05,2752,6794
4222,2022-06,2235,4498
4222,2022-07,1546,3926
4222,2022-08,2224,4611
4222,2022-09,2321,4297
4222,2022-10,2517,5122
4222,2022-11,2904,5466
4222,2022-12,2670,4783
4222,2023-01,2399,5134
4222,2023-02,2842,5935
4222,2023-03,3997,8933
4222,2023-04,3628,9301
4222,2023-05,3845,9302
4222,2023-06,3124,5322
4222,2023-07,2459,4326
4222,2023-08,2662,4329
4222,2023-09,2496,4227
4222,2023-10,2753,4482
4222,2023-11,2016,3533
4222,2023-12,989,1598
4222,2024-01,1458,2493
4222,2024-02,1468,2475
4222,2024-03,1622,2896
4222,2024-04,1735,3050
4222,2024-05,1694,2526
4222,2024-06,1475,2097
4222,2024-07,916,1681
4222,2024-08,933,1742
4222,2024-09,744,1308
4222,2024-10,947,1719
4222,2024-11,725,1120
4222,2024-12,560,1117
4222,2025-01,875,1613
4222,2025-02,749,1812
4222,2025-03,835,1688
4222,2025-04,872,1659
4222,2025-05,790,1428
4222,2025-06,597,1012
4222,2025-07,497,817
4222,2025-08,716,1436
4222,2025-09,713,1412
4222,2025-10,644,1089
4222,2025-11,501,875
4222,2025-12,388,836
4222,2026-01,83,264
4222,2026-02,335,794
4223,2020-01,38,61
4223,2020-02,38,91
4223,2020-03,33,64
4223,2020-04,20,38
4223,2020-05,14,36
4223,2020-06,6,12
4223,2020-07,6,15
4223,2020-08,16,25
4223,2020-09,15,19
4223,2020-10,18,26
4223,2020-11,25,31
4223,2020-12,15,24
4223,2021-01,21,69
4223,2021-02,34,76
4223,2021-03,34,51
4223,2021-04,27,62
4223,2021-05,23,38
4223,2021-06,41,46
4223,2021-07,38,96
4223,2021-08,48,104
4223,2021-09,73,100
4223,2021-10,38,62
4223,2021-11,32,54
4223,2021-12,48,85
4223,2022-01,39,116
4223,2022-02,46,106
4223,2022-03,63,118
4223,2022-04,55,98
4223,2022-05,68,195
4223,2022-06,35,61
4223,2022-07,31,68
4223,2022-08,34,56
4223,2022-09,49,89
4223,2022-10,44,54
4223,2022-11,27,51
4223,2022-12,21,38
4223,2023-01,46,131
4223,2023-02,34,85
4223,2023-03,46,61
4223,2023-04,48,82
4223,2023-05,65,89
4223,2023-06,14,27
4223,2023-07,18,35
4223,2023-08,18,40
4223,2023-09,22,39
4223,2023-10,18,36
4223,2023-11,16,41
4223,2023-12,15,27
4223,2024-01,26,53
4223,2024-02,26,48
4223,2024-03,26,72
4223,2024-04,32,41
4223,2024-05,16,22
4223,2024-06,24,62
4223,2024-07,15,30
4223,2024-08,23,43
4223,2024-09,14,42
4223,2024-10,19,21
4223,2024-11,15,19
4223,2024-12,13,14
4223,2025-01,20,32
4223,2025-02,16,28
4223,2025-03,38,49
4223,2025-04,20,30
4223,2025-05,12,16
4223,2025-06,9,26
4223,2025-07,7,8
4223,2025-08,10,17
4223,2025-09,14,18
4223,2025-10,22,36
4223,2025-11,28,33
4223,2025-12,16,28
4223,2026-01,3,4
4223,2026-02,16,39
4224,2020-01,222,353
4224,2020-02,297,1856
4224,2020-03,94,482
4224,2020-04,35,50
4224,2020-05,27,42
4224,2020-06,51,83
4224,2020-07,59,81
4224,2020-08,69,133
4224,2020-09,53,93
4224,2020-10,88,104
4224,2020-11,33,140
4224,2020-12,39,52
4224,2021-01,100,224
4224,2021-02,81,171
4224,2021-03,141,244
4224,2021-04,164,270
4224,2021-05,151,227
4224,2021-06,130,197
4224,2021-07,186,243
4224,2021-08,213,303
4224,2021-09,258,479
4224,2021-10,283,390
4224,2021-11,290,467
4224,2021-12,158,230
4224,2022-01,277,512
4224,2022-02,368,719
4224,2022-03,489,831
4224,2022-04,403,856
4224,2022-05,385,690
4224,2022-06,286,392
4224,2022-07,249,353
4224,2022-08,320,494
4224,2022-09,272,427
4224,2022-10,203,266
4224,2022-11,172,216
4224,2022-12,204,532
4224,2023-01,297,579
4224,2023-02,330,752
4224,2023-03,408,915
4224,2023-04,295,520
4224,2023-05,392,522
4224,2023-06,221,311
4224,2023-07,201,307
4224,2023-08,209,288
4224,2023-09,212,234
4224,2023-10,170,303
4224,2023-11,137,156
4224,2023-12,176,409
4224,2024-01,254,531
4224,2024-02,270,516
4224,2024-03,227,334
4224,2024-04,267,371
4224,2024-05,216,271
4224,2024-06,149,234
4224,2024-07,147,355
4224,2024-08,176,237
4224,2024-09,146,170
4224,2024-10,114,157
4224,2024-11,89,98
4224,2024-12,124,215
4224,2025-01,229,434
4224,2025-02,210,433
4224,2025-03,224,340
4224,2025-04,184,267
4224,2025-05,162,229
4224,2025-06,117,154
4224,2025-07,126,158
4224,2025-08,145,218
4224,2025-09,149,240
4224,2025-10,138,198
4224,2025-11,123,219
4224,2025-12,158,235
4224,2026-01,93,222
4224,2026-02,136,413
4225,2019-12,1,1
4225,2020-01,316,505
4225,2020-02,312,491
4225,2020-03,222,280
4225,2020-04,85,120
4225,2020-05,84,122
4225,2020-06,102,120
4225,2020-07,110,134
4225,2020-08,138,216
4225,2020-09,165,211
4225,2020-10,163,235
4225,2020-11,161,215
4225,2020-12,110,140
4225,2021-01,140,218
4225,2021-02,178,236
4225,2021-03,200,262
4225,2021-04,255,325
4225,2021-05,245,329
4225,2021-06,244,293
4225,2021-07,205,236
4225,2021-08,236,377
4225,2021-09,361,462
4225,2021-10,378,484
4225,2021-11,383,487
4225,2021-12,410,538
4225,2022-01,369,580
4225,2022-02,429,544
4225,2022-03,501,668
4225,2022-04,470,595
4225,2022-05,543,734
4225,2022-06,515,642
4225,2022-07,307,401
4225,2022-08,392,518
4225,2022-09,405,644
4225,2022-10,400,578
4225,2022-11,370,499
4225,2022-12,297,447
4225,2023-01,382,646
4225,2023-02,359,496
4225,2023-03,438,615
4225,2023-04,335,422
4225,2023-05,398,514
4225,2023-06,350,459
4225,2023-07,275,371
4225,2023-08,302,464
4225,2023-09,309,353
4225,2023-10,291,389
4225,2023-11,306,471
4225,2023-12,240,361
4225,2024-01,302,421
4225,2024-02,320,482
4225,2024-03,317,576
4225,2024-04,324,430
4225,2024-05,246,278
4225,2024-06,210,220
4225,2024-07,155,171
4225,2024-08,225,269
4225,2024-09,238,273
4225,2024-10,234,285
4225,2024-11,229,312
4225,2024-12,217,285
4225,2025-01,255,321
4225,2025-02,254,326
4225,2025-03,241,300
4225,2025-04,252,333
4225,2025-05,203,248
4225,2025-06,166,208
4225,2025-07,146,168
4225,2025-08,198,244
4225,2025-09,238,297
4225,2025-10,217,261
4225,2025-11,168,258
4225,2025-12,199,287
4225,2026-01,32,49
4225,2026-02,142,186
4226,2020-01,464,1102
4226,2020-02,77,308
4226,2020-03,50,210
4226,2020-04,18,57
4226,2020-05,7,33
4226,2020-06,13,39
4226,2020-07,69,314
4226,2020-08,63,235
4226,2020-09,98,296
4226,2020-10,152,288
4226,2020-11,39,73
4226,2020-12,8,31
4226,2021-01,79,300
4226,2021-02,20,49
4226,2021-03,167,595
4226,2021-04,107,390
4226,2021-05,73,282
4226,2021-06,34,134
4226,2021-07,67,273
4226,2021-08,93,317
4226,2021-09,214,321
4226,2021-10,141,536
4226,2021-11,53,198
4226,2021-12,48,169
4226,2022-01,156,563
4226,2022-02,93,157
4226,2022-03,96,270
4226,2022-04,115,405
4226,2022-05,117,357
4226,2022-06,73,257
4226,2022-07,201,594
4226,2022-08,45,261
4226,2022-09,55,156
4226,2022-10,160,418
4226,2022-11,197,336
4226,2022-12,41,80
4226,2023-01,185,628
4226,2023-02,62,113
4226,2023-03,125,338
4226,2023-04,36,119
4226,2023-05,272,858
4226,2023-06,44,78
4226,2023-07,29,137
4226,2023-08,133,451
4226,2023-09,30,69
4226,2023-10,193,832
4226,2023-11,42,145
4226,2023-12,19,103
4226,2024-01,78,291
4226,2024-02,38,173
4226,2024-03,30,71
4226,2024-04,145,616
4226,2024-05,31,162
4226,2024-06,62,207
4226,2024-07,64,260
4226,2024-08,33,114
4226,2024-09,19,64
4226,2024-10,123,415
4226,2024-11,24,108
4226,2024-12,59,273
4226,2025-01,90,327
4226,2025-02,25,101
4226,2025-03,47,117
4226,2025-04,30,131
4226,2025-05,36,88
4226,2025-06,33,124
4226,2025-07,22,98
4226,2025-08,25,155
4226,2025-09,26,125
4226,2025-10,22,110
4226,2025-11,9,14
4226,2025-12,22,59
4226,2026-01,2,3
4226,2026-02,17,35
4321,2020-01,44,66
4321,2020-02,42,45
4321,2020-03,58,80
4321,2020-04,21,23
4321,2020-05,36,43
4321,2020-06,27,27
4321,2020-07,21,26
4321,2020-08,23,31
4321,2020-09,51,52
4321,2020-10,41,43
4321,2020-11,40,78
4321,2020-12,49,57
4321,2021-01,49,50
4321,2021-02,32,34
4321,2021-03,40,45
4321,2021-04,58,74
4321,2021-05,58,69
4321,2021-06,52,56
4321,2021-07,41,43
4321,2021-08,43,45
4321,2021-09,60,67
4321,2021-10,91,126
4321,2021-11,84,117
4321,2021-12,84,143
4321,2022-01,91,118
4321,2022-02,127,136
4321,2022-03,118,136
4321,2022-04,96,108
4321,2022-05,106,133
4321,2022-06,95,144
4321,2022-07,67,70
4321,2022-08,67,79
4321,2022-09,105,121
4321,2022-10,76,77
4321,2022-11,79,91
4321,2022-12,60,74
4321,2023-01,65,71
4321,2023-02,70,71
4321,2023-03,64,66
4321,2023-04,62,64
4321,2023-05,88,90
4321,2023-06,52,52
4321,2023-07,34,37
4321,2023-08,50,50
4321,2023-09,69,69
4321,2023-10,71,71
4321,2023-11,53,60
4321,2023-12,56,61
4321,2024-01,95,95
4321,2024-02,77,79
4321,2024-03,83,84
4321,2024-04,89,89
4321,2024-05,55,57
4321,2024-06,67,98
4321,2024-07,55,65
4321,2024-08,62,66
4321,2024-09,70,78
4321,2024-10,68,71
4321,2024-11,40,44
4321,2024-12,29,34
4321,2025-01,47,50
4321,2025-02,69,82
4321,2025-03,64,70
4321,2025-04,55,55
4321,2025-05,57,57
4321,2025-06,54,67
4321,2025-07,35,44
4321,2025-08,50,58
4321,2025-09,57,60
4321,2025-10,41,49
4321,2025-11,38,39
4321,2025-12,32,55
4321,2026-01,9,9
4321,2026-02,53,86
4322,2020-01,611,2330
4322,2020-02,644,2437
4322,2020-03,749,2612
4322,2020-04,413,1533
4322,2020-05,388,1542
4322,2020-06,300,824
4322,2020-07,306,928
4322,2020-08,532,1792
4322,2020-09,667,2959
4322,2020-10,575,2897
4322,2020-11,562,2172
4322,2020-12,309,1597
4322,2021-01,449,1539
4322,2021-02,539,1512
4322,2021-03,768,2173
4322,2021-04,887,2663
4322,2021-05,905,2426
4322,2021-06,701,1964
4322,2021-07,476,1423
4322,2021-08,794,2567
4322,2021-09,1135,4081
4322,2021-10,1273,6148
4322,2021-11,1192,4264
4322,2021-12,1060,3030
4322,2022-01,1260,4417
4322,2022-02,1475,4467
4322,2022-03,1789,5147
4322,2022-04,1640,5166
4322,2022-05,2127,6966
4322,2022-06,1783,5680
4322,2022-07,1144,3539
4322,2022-08,1613,5008
4322,2022-09,2123,6053
4322,2022-10,1766,6188
4322,2022-11,1358,4937
4322,2022-12,1223,4336
4322,2023-01,1343,4481
4322,2023-02,1365,3733
4322,2023-03,1548,4031
4322,2023-04,1355,3999
4322,2023-05,1861,5645
4322,2023-06,1250,3212
4322,2023-07,748,1928
4322,2023-08,1265,4271
4322,2023-09,1168,3470
4322,2023-10,1046,3193
4322,2023-11,900,2363
4322,2023-12,696,2027
4322,2024-01,951,2735
4322,2024-02,1032,3161
4322,2024-03,1109,3152
4322,2024-04,1318,3495
4322,2024-05,1174,2945
4322,2024-06,756,1731
4322,2024-07,576,1424
4322,2024-08,822,2568
4322,2024-09,950,3132
4322,2024-10,1026,3341
4322,2024-11,744,2137
4322,2024-12,456,1162
4322,2025-01,851,2520
4322,2025-02,888,2522
4322,2025-03,1105,3466
4322,2025-04,1103,3456
4322,2025-05,859,2233
4322,2025-06,661,1453
4322,2025-07,426,1116
4322,2025-08,854,2814
4322,2025-09,985,3259
4322,2025-10,922,2787
4322,2025-11,711,1873
4322,2025-12,496,1325
4322,2026-01,153,407
4322,2026-02,559,1734
4323,2020-01,102,218
4323,2020-02,137,214
4323,2020-03,91,129
4323,2020-04,39,39
4323,2020-05,30,37
4323,2020-06,52,60
4323,2020-07,49,56
4323,2020-08,53,98
4323,2020-09,63,94
4323,2020-10,66,73
4323,2020-11,73,98
4323,2020-12,56,66
4323,2021-01,85,184
4323,2021-02,83,146
4323,2021-03,137,165
4323,2021-04,110,117
4323,2021-05,102,173
4323,2021-06,85,124
4323,2021-07,89,97
4323,2021-08,115,165
4323,2021-09,148,193
4323,2021-10,143,175
4323,2021-11,144,157
4323,2021-12,211,259
4323,2022-01,190,253
4323,2022-02,235,429
4323,2022-03,326,988
4323,2022-04,257,1059
4323,2022-05,208,246
4323,2022-06,160,194
4323,2022-07,112,132
4323,2022-08,210,374
4323,2022-09,181,340
4323,2022-10,171,248
4323,2022-11,125,179
4323,2022-12,147,223
4323,2023-01,186,353
4323,2023-02,142,195
4323,2023-03,243,347
4323,2023-04,158,200
4323,2023-05,208,285
4323,2023-06,135,149
4323,2023-07,75,79
4323,2023-08,164,330
4323,2023-09,121,133
4323,2023-10,116,133
4323,2023-11,114,164
4323,2023-12,132,421
4323,2024-01,178,297
4323,2024-02,167,325
4323,2024-03,157,175
4323,2024-04,158,236
4323,2024-05,130,161
4323,2024-06,111,153
4323,2024-07,73,89
4323,2024-08,87,105
4323,2024-09,109,120
4323,2024-10,115,137
4323,2024-11,115,143
4323,2024-12,101,157
4323,2025-01,132,160
4323,2025-02,133,288
4323,2025-03,138,235
4323,2025-04,139,187
4323,2025-05,84,102
4323,2025-06,77,133
4323,2025-07,60,95
4323,2025-08,107,266
4323,2025-09,135,163
4323,2025-10,104,145
4323,2025-11,88,106
4323,2025-12,83,98
4323,2026-01,24,56
4323,2026-02,104,196
4410,2020-01,22,30
4410,2020-02,23,28
4410,2020-03,16,40
4410,2020-04,13,28
4410,2020-05,14,17
4410,2020-06,15,15
4410,2020-07,10,12
4410,2020-08,12,13
4410,2020-09,19,34
4410,2020-10,20,24
4410,2020-11,22,43
4410,2020-12,11,17
4410,2021-01,11,17
4410,2021-02,20,22
4410,2021-03,19,21
4410,2021-04,32,61
4410,2021-05,16,32
4410,2021-06,26,32
4410,2021-07,10,12
4410,2021-08,17,36
4410,2021-09,24,37
4410,2021-10,37,47
4410,2021-11,27,73
4410,2021-12,53,75
4410,2022-01,39,76
4410,2022-02,50,76
4410,2022-03,41,87
4410,2022-04,40,51
4410,2022-05,56,60
4410,2022-06,28,34
4410,2022-07,11,15
4410,2022-08,33,48
4410,2022-09,35,53
4410,2022-10,42,60
4410,2022-11,28,53
4410,2022-12,42,44
4410,2023-01,46,76
4410,2023-02,37,74
4410,2023-03,62,109
4410,2023-04,27,93
4410,2023-05,47,89
4410,2023-06,26,35
4410,2023-07,7,16
4410,2023-08,21,30
4410,2023-09,17,36
4410,2023-10,25,53
4410,2023-11,30,59
4410,2023-12,16,24
4410,2024-01,29,42
4410,2024-02,21,35
4410,2024-03,48,66
4410,2024-04,42,92
4410,2024-05,35,44
4410,2024-06,18,30
4410,2024-07,16,24
4410,2024-08,34,58
4410,2024-09,34,39
4410,2024-10,42,56
4410,2024-11,44,92
4410,2024-12,44,105
4410,2025-01,34,56
4410,2025-02,30,43
4410,2025-03,22,47
4410,2025-04,41,134
4410,2025-05,30,56
4410,2025-06,24,26
4410,2025-07,12,24
4410,2025-08,41,50
4410,2025-09,52,65
4410,2025-10,49,51
4410,2025-11,36,48
4410,2025-12,19,26
4410,2026-01,2,4
4410,2026-02,26,52
4420,2020-01,95,328
4420,2020-02,98,694
4420,2020-03,112,625
4420,2020-04,33,128
4420,2020-05,22,52
4420,2020-06,26,78
4420,2020-07,32,99
4420,2020-08,56,206
4420,2020-09,89,312
4420,2020-10,105,777
4420,2020-11,116,437
4420,2020-12,52,173
4420,2021-01,65,204
4420,2021-02,95,375
4420,2021-03,138,770
4420,2021-04,83,323
4420,2021-05,95,316
4420,2021-06,73,207
4420,2021-07,57,250
4420,2021-08,114,517
4420,2021-09,139,697
4420,2021-10,190,929
4420,2021-11,131,498
4420,2021-12,107,365
4420,2022-01,87,224
4420,2022-02,89,372
4420,2022-03,141,929
4420,2022-04,142,766
4420,2022-05,153,558
4420,2022-06,87,325
4420,2022-07,70,370
4420,2022-08,117,463
4420,2022-09,167,606
4420,2022-10,154,639
4420,2022-11,117,519
4420,2022-12,109,241
4420,2023-01,113,303
4420,2023-02,108,358
4420,2023-03,198,1166
4420,2023-04,122,782
4420,2023-05,169,762
4420,2023-06,75,242
4420,2023-07,64,180
4420,2023-08,79,273
4420,2023-09,74,359
4420,2023-10,90,232
4420,2023-11,68,208
4420,2023-12,48,78
4420,2024-01,77,157
4420,2024-02,87,391
4420,2024-03,151,863
4420,2024-04,67,326
4420,2024-05,55,210
4420,2024-06,41,122
4420,2024-07,45,91
4420,2024-08,69,209
4420,2024-09,56,264
4420,2024-10,80,525
4420,2024-11,34,252
4420,2024-12,53,68
4420,2025-01,90,181
4420,2025-02,96,524
4420,2025-03,157,809
4420,2025-04,121,511
4420,2025-05,63,229
4420,2025-06,42,130
4420,2025-07,47,96
4420,2025-08,52,124
4420,2025-09,75,207
4420,2025-10,89,322
4420,2025-11,44,202
4420,2025-12,41,94
4420,2026-01,2,5
4420,2026-02,51,158
5111,2020-01,3,29
5111,2020-02,2,19
5111,2020-03,2,36
5111,2020-04,1,10
5111,2020-10,1,1
5111,2021-01,1,15
5111,2021-05,1,3
5111,2021-07,2,160
5111,2021-08,1,80
5111,2021-09,1,1
5111,2021-10,1,3
5111,2022-01,3,25
5111,2022-02,7,110
5111,2022-03,1,20
5111,2022-06,3,21
5111,2023-01,1,1
5111,2023-02,5,44
5111,2023-07,5,24
5111,2023-11,1,8
5111,2024-06,1,1
5111,2024-10,1,1
5111,2024-11,1,1
5111,2024-12,1,1
5111,2025-01,1,1
5111,2025-03,2,40
5111,2025-05,2,2
5111,2025-06,1,1
5111,2025-08,1,1
5111,2026-01,1,1
5112,2020-01,11,34
5112,2020-02,7,28
5112,2020-03,5,27
5112,2020-04,5,12
5112,2020-05,1,2
5112,2020-06,2,2
5112,2020-08,3,9
5112,2020-09,6,29
5112,2020-10,10,23
5112,2020-11,3,32
5112,2020-12,13,102
5112,2021-01,3,10
5112,2021-02,8,126
5112,2021-03,10,55
5112,2021-04,13,46
5112,2021-05,5,23
5112,2021-06,1,2
5112,2021-07,7,212
5112,2021-08,7,35
5112,2021-09,17,267
5112,2021-10,17,108
5112,2021-11,20,199
5112,2021-12,22,179
5112,2022-01,8,76
5112,2022-02,20,217
5112,2022-03,35,197
5112,2022-04,14,146
5112,2022-05,7,46
5112,2022-06,6,63
5112,2022-07,4,37
5112,2022-08,26,172
5112,2022-09,11,61
5112,2022-10,11,96
5112,2022-11,13,41
5112,2022-12,28,139
5112,2023-01,20,147
5112,2023-02,16,169
5112,2023-03,18,33
5112,2023-04,10,84
5112,2023-05,8,43
5112,2023-06,8,26
5112,2023-07,11,129
5112,2023-08,6,24
5112,2023-09,6,26
5112,2023-10,10,55
5112,2023-11,10,47
5112,2023-12,14,73
5112,2024-01,9,19
5112,2024-02,13,55
5112,2024-03,25,145
5112,2024-04,30,38
5112,2024-05,10,33
5112,2024-06,2,5
5112,2024-07,8,24
5112,2024-08,10,47
5112,2024-09,1,4
5112,2024-10,7,28
5112,2024-11,7,8
5112,2024-12,6,6
5112,2025-01,7,20
5112,2025-02,10,23
5112,2025-03,5,27
5112,2025-04,5,7
5112,2025-05,3,3
5112,2025-06,2,5
5112,2025-07,6,9
5112,2025-08,3,6
5112,2025-09,2,8
5112,2025-10,12,21
5112,2025-11,12,33
5112,2025-12,6,15
5112,2026-01,2,2
5112,2026-02,5,25
5113,2020-01,42,235
5113,2020-02,54,176
5113,2020-03,21,49
5113,2020-04,4,13
5113,2020-05,5,13
5113,2020-06,3,12
5113,2020-07,1,10
5113,2020-08,5,14
5113,2020-09,8,17
5113,2020-10,8,16
5113,2020-11,2,4
5113,2020-12,22,85
5113,2021-01,23,52
5113,2021-02,28,117
5113,2021-03,23,158
5113,2021-04,11,28
5113,2021-05,7,15
5113,2021-06,14,32
5113,2021-07,6,12
5113,2021-08,12,26
5113,2021-09,10,32
5113,2021-10,15,49
5113,2021-11,22,53
5113,2021-12,29,93
5113,2022-01,55,306
5113,2022-02,61,237
5113,2022-03,49,215
5113,2022-04,36,62
5113,2022-05,40,77
5113,2022-06,17,26
5113,2022-07,15,20
5113,2022-08,23,40
5113,2022-09,16,46
5113,2022-10,18,36
5113,2022-11,13,24
5113,2022-12,55,331
5113,2023-01,114,551
5113,2023-02,76,426
5113,2023-03,49,213
5113,2023-04,21,67
5113,2023-05,21,216
5113,2023-06,20,63
5113,2023-07,8,23
5113,2023-08,17,48
5113,2023-09,18,35
5113,2023-10,14,28
5113,2023-11,6,14
5113,2023-12,20,76
5113,2024-01,58,222
5113,2024-02,59,188
5113,2024-03,36,115
5113,2024-04,19,44
5113,2024-05,18,45
5113,2024-06,11,39
5113,2024-07,9,15
5113,2024-08,8,15
5113,2024-09,15,36
5113,2024-10,19,28
5113,2024-11,13,51
5113,2024-12,31,114
5113,2025-01,64,209
5113,2025-02,53,156
5113,2025-03,44,148
5113,2025-04,21,34
5113,2025-05,9,20
5113,2025-06,10,19
5113,2025-07,8,15
5113,2025-08,21,36
5113,2025-09,21,32
5113,2025-10,10,55
5113,2025-11,18,28
5113,2025-12,31,81
5113,2026-01,29,97
5113,2026-02,42,111
5120,2019-11,1,20
5120,2019-12,4,8
5120,2020-01,836,1429
5120,2020-02,844,1700
5120,2020-03,579,1222
5120,2020-04,273,451
5120,2020-05,295,438
5120,2020-06,384,596
5120,2020-07,355,527
5120,2020-08,400,638
5120,2020-09,491,678
5120,2020-10,453,680
5120,2020-11,268,415
5120,2020-12,221,468
5120,2021-01,351,665
5120,2021-02,442,848
5120,2021-03,551,969
5120,2021-04,706,1148
5120,2021-05,792,1225
5120,2021-06,753,1179
5120,2021-07,530,856
5120,2021-08,772,1387
5120,2021-09,903,1397
5120,2021-10,1087,1627
5120,2021-11,889,1398
5120,2021-12,711,1184
5120,2022-01,795,1495
5120,2022-02,1140,1942
5120,2022-03,1636,2703
5120,2022-04,1270,2259
5120,2022-05,1283,1944
5120,2022-06,964,1364
5120,2022-07,797,1368
5120,2022-08,1164,1854
5120,2022-09,1016,1541
5120,2022-10,813,1261
5120,2022-11,744,1401
5120,2022-12,611,1186
5120,2023-01,966,1698
5120,2023-02,891,1642
5120,2023-03,1177,2036
5120,2023-04,997,1661
5120,2023-05,1138,1800
5120,2023-06,742,1082
5120,2023-07,609,928
5120,2023-08,780,1223
5120,2023-09,759,1128
5120,2023-10,717,1104
5120,2023-11,605,840
5120,2023-12,396,749
5120,2024-01,786,1493
5120,2024-02,795,1337
5120,2024-03,807,1347
5120,2024-04,839,1217
5120,2024-05,749,1068
5120,2024-06,627,1131
5120,2024-07,528,788
5120,2024-08,663,1162
5120,2024-09,637,915
5120,2024-10,608,856
5120,2024-11,515,800
5120,2024-12,394,633
5120,2025-01,748,1432
5120,2025-02,705,1448
5120,2025-03,789,1234
5120,2025-04,747,1154
5120,2025-05,678,1049
5120,2025-06,527,756
5120,2025-07,440,610
5120,2025-08,603,900
5120,2025-09,614,846
5120,2025-10,563,836
5120,2025-11,491,699
5120,2025-12,391,601
5120,2026-01,254,594
5120,2026-02,483,874
5131,2019-12,2,4
5131,2020-01,559,1132
5131,2020-02,620,1426
5131,2020-03,277,648
5131,2020-04,66,127
5131,2020-05,120,256
5131,2020-06,198,419
5131,2020-07,217,341
5131,2020-08,230,486
5131,2020-09,226,423
5131,2020-10,194,382
5131,2020-11,66,113
5131,2020-12,30,79
5131,2021-01,122,353
5131,2021-02,218,529
5131,2021-03,262,616
5131,2021-04,357,756
5131,2021-05,486,974
5131,2021-06,484,1003
5131,2021-07,506,976
5131,2021-08,577,1308
5131,2021-09,604,1142
5131,2021-10,652,2244
5131,2021-11,661,1138
5131,2021-12,328,631
5131,2022-01,427,1099
5131,2022-02,859,2032
5131,2022-03,1143,2421
5131,2022-04,919,2040
5131,2022-05,943,1985
5131,2022-06,572,1046
5131,2022-07,526,1076
5131,2022-08,922,1838
5131,2022-09,624,1128
5131,2022-10,542,1090
5131,2022-11,497,1020
5131,2022-12,391,1403
5131,2023-01,639,1490
5131,2023-02,741,1873
5131,2023-03,774,1776
5131,2023-04,741,1981
5131,2023-05,770,1461
5131,2023-06,447,846
5131,2023-07,461,887
5131,2023-08,606,963
5131,2023-09,469,849
5131,2023-10,435,802
5131,2023-11,317,532
5131,2023-12,255,533
5131,2024-01,404,1117
5131,2024-02,530,1219
5131,2024-03,521,983
5131,2024-04,581,1102
5131,2024-05,487,900
5131,2024-06,361,690
5131,2024-07,333,574
5131,2024-08,489,898
5131,2024-09,419,1186
5131,2024-10,311,505
5131,2024-11,270,475
5131,2024-12,221,494
5131,2025-01,400,942
5131,2025-02,446,1083
5131,2025-03,460,980
5131,2025-04,462,862
5131,2025-05,358,713
5131,2025-06,235,435
5131,2025-07,339,561
5131,2025-08,432,761
5131,2025-09,318,552
5131,2025-10,295,549
5131,2025-11,267,497
5131,2025-12,217,552
5131,2026-01,182,552
5131,2026-02,333,720
5132,2020-01,107,230
5132,2020-02,125,405
5132,2020-03,55,179
5132,2020-04,7,9
5132,2020-05,22,41
5132,2020-06,34,89
5132,2020-07,56,120
5132,2020-08,83,209
5132,2020-09,68,154
5132,2020-10,83,165
5132,2020-11,14,33
5132,2020-12,6,7
5132,2021-01,19,49
5132,2021-02,53,393
5132,2021-03,64,135
5132,2021-04,90,185
5132,2021-05,98,186
5132,2021-06,144,323
5132,2021-07,103,183
5132,2021-08,160,334
5132,2021-09,146,318
5132,2021-10,163,327
5132,2021-11,175,418
5132,2021-12,84,177
5132,2022-01,87,198
5132,2022-02,212,421
5132,2022-03,287,620
5132,2022-04,249,583
5132,2022-05,260,498
5132,2022-06,166,297
5132,2022-07,162,451
5132,2022-08,247,535
5132,2022-09,169,312
5132,2022-10,123,313
5132,2022-11,130,386
5132,2022-12,90,248
5132,2023-01,142,265
5132,2023-02,155,298
5132,2023-03,161,304
5132,2023-04,161,469
5132,2023-05,210,1267
5132,2023-06,96,149
5132,2023-07,97,351
5132,2023-08,134,191
5132,2023-09,96,138
5132,2023-10,90,173
5132,2023-11,74,104
5132,2023-12,43,70
5132,2024-01,115,200
5132,2024-02,98,184
5132,2024-03,124,199
5132,2024-04,149,219
5132,2024-05,115,169
5132,2024-06,106,180
5132,2024-07,101,156
5132,2024-08,120,209
5132,2024-09,96,135
5132,2024-10,88,141
5132,2024-11,70,87
5132,2024-12,65,98
5132,2025-01,148,290
5132,2025-02,145,234
5132,2025-03,161,251
5132,2025-04,131,214
5132,2025-05,93,148
5132,2025-06,68,102
5132,2025-07,91,165
5132,2025-08,114,181
5132,2025-09,95,133
5132,2025-10,77,131
5132,2025-11,59,96
5132,2025-12,56,77
5132,2026-01,40,70
5132,2026-02,70,176
5141,2020-01,119,149
5141,2020-02,107,145
5141,2020-03,67,83
5141,2020-04,24,31
5141,2020-05,57,74
5141,2020-06,63,81
5141,2020-07,74,90
5141,2020-08,119,153
5141,2020-09,97,130
5141,2020-10,86,105
5141,2020-11,48,64
5141,2020-12,34,46
5141,2021-01,43,57
5141,2021-02,62,80
5141,2021-03,85,127
5141,2021-04,94,144
5141,2021-05,104,123
5141,2021-06,100,143
5141,2021-07,104,155
5141,2021-08,148,209
5141,2021-09,133,189
5141,2021-10,120,160
5141,2021-11,112,173
5141,2021-12,74,111
5141,2022-01,99,148
5141,2022-02,119,148
5141,2022-03,169,255
5141,2022-04,136,189
5141,2022-05,169,238
5141,2022-06,129,185
5141,2022-07,112,165
5141,2022-08,169,256
5141,2022-09,114,144
5141,2022-10,102,128
5141,2022-11,93,127
5141,2022-12,57,76
5141,2023-01,112,153
5141,2023-02,87,121
5141,2023-03,111,147
5141,2023-04,109,159
5141,2023-05,99,136
5141,2023-06,91,130
5141,2023-07,79,119
5141,2023-08,112,157
5141,2023-09,100,150
5141,2023-10,93,123
5141,2023-11,73,117
5141,2023-12,41,57
5141,2024-01,81,106
5141,2024-02,92,119
5141,2024-03,93,127
5141,2024-04,87,121
5141,2024-05,87,117
5141,2024-06,84,134
5141,2024-07,75,101
5141,2024-08,93,122
5141,2024-09,94,127
5141,2024-10,67,100
5141,2024-11,61,87
5141,2024-12,40,53
5141,2025-01,67,87
5141,2025-02,40,49
5141,2025-03,75,104
5141,2025-04,69,99
5141,2025-05,54,70
5141,2025-06,75,104
5141,2025-07,68,91
5141,2025-08,80,211
5141,2025-09,79,95
5141,2025-10,78,109
5141,2025-11,59,78
5141,2025-12,45,65
5141,2026-01,41,67
5141,2026-02,52,78
5142,2020-01,24,35
5142,2020-02,27,37
5142,2020-03,20,24
5142,2020-04,6,6
5142,2020-05,14,14
5142,2020-06,16,16
5142,2020-07,27,28
5142,2020-08,22,25
5142,2020-09,20,24
5142,2020-10,25,33
5142,2020-11,9,10
5142,2020-12,15,17
5142,2021-01,18,18
5142,2021-02,10,17
5142,2021-03,38,60
5142,2021-04,34,37
5142,2021-05,35,46
5142,2021-06,32,44
5142,2021-07,18,26
5142,2021-08,42,68
5142,2021-09,30,53
5142,2021-10,36,52
5142,2021-11,36,42
5142,2021-12,24,28
5142,2022-01,27,30
5142,2022-02,32,41
5142,2022-03,55,77
5142,2022-04,26,34
5142,2022-05,40,49
5142,2022-06,31,35
5142,2022-07,17,22
5142,2022-08,33,48
5142,2022-09,18,29
5142,2022-10,13,18
5142,2022-11,19,22
5142,2022-12,12,16
5142,2023-01,29,32
5142,2023-02,36,46
5142,2023-03,34,40
5142,2023-04,17,21
5142,2023-05,27,41
5142,2023-06,23,35
5142,2023-07,26,31
5142,2023-08,23,34
5142,2023-09,21,27
5142,2023-10,12,13
5142,2023-11,25,34
5142,2023-12,12,15
5142,2024-01,16,21
5142,2024-02,22,29
5142,2024-03,22,28
5142,2024-04,34,44
5142,2024-05,22,25
5142,2024-06,29,34
5142,2024-07,15,20
5142,2024-08,36,49
5142,2024-09,28,39
5142,2024-10,17,23
5142,2024-11,25,31
5142,2024-12,18,20
5142,2025-01,24,27
5142,2025-02,30,41
5142,2025-03,24,29
5142,2025-04,35,44
5142,2025-05,23,27
5142,2025-06,20,24
5142,2025-07,19,21
5142,2025-08,26,27
5142,2025-09,15,15
5142,2025-10,23,30
5142,2025-11,17,20
5142,2025-12,13,14
5142,2026-01,10,11
5142,2026-02,20,23
5143,2020-01,32,58
5143,2020-02,32,101
5143,2020-03,26,72
5143,2020-04,2,2
5143,2020-05,12,18
5143,2020-06,9,16
5143,2020-07,11,114
5143,2020-08,16,22
5143,2020-09,28,76
5143,2020-10,23,43
5143,2020-11,20,28
5143,2020-12,15,20
5143,2021-01,25,133
5143,2021-02,24,34
5143,2021-03,24,40
5143,2021-04,32,39
5143,2021-05,25,35
5143,2021-06,34,119
5143,2021-07,36,48
5143,2021-08,49,76
5143,2021-09,61,158
5143,2021-10,37,100
5143,2021-11,44,100
5143,2021-12,50,206
5143,2022-01,55,177
5143,2022-02,52,120
5143,2022-03,47,86
5143,2022-04,36,90
5143,2022-05,52,105
5143,2022-06,41,54
5143,2022-07,37,67
5143,2022-08,62,130
5143,2022-09,37,46
5143,2022-10,49,85
5143,2022-11,35,57
5143,2022-12,30,44
5143,2023-01,52,101
5143,2023-02,37,50
5143,2023-03,42,71
5143,2023-04,42,81
5143,2023-05,51,96
5143,2023-06,31,49
5143,2023-07,25,31
5143,2023-08,55,103
5143,2023-09,49,75
5143,2023-10,36,63
5143,2023-11,34,51
5143,2023-12,20,25
5143,2024-01,47,78
5143,2024-02,35,49
5143,2024-03,33,57
5143,2024-04,22,32
5143,2024-05,32,42
5143,2024-06,30,39
5143,2024-07,27,37
5143,2024-08,57,92
5143,2024-09,37,58
5143,2024-10,35,73
5143,2024-11,30,41
5143,2024-12,26,40
5143,2025-01,40,57
5143,2025-02,41,65
5143,2025-03,38,59
5143,2025-04,26,34
5143,2025-05,19,30
5143,2025-06,20,25
5143,2025-07,14,21
5143,2025-08,40,63
5143,2025-09,35,54
5143,2025-10,44,70
5143,2025-11,30,43
5143,2025-12,32,43
5143,2026-01,14,20
5143,2026-02,23,32
5144,2020-01,14,15
5144,2020-02,14,15
5144,2020-03,10,11
5144,2020-04,5,7
5144,2020-05,8,8
5144,2020-06,6,8
5144,2020-07,3,3
5144,2020-08,3,3
5144,2020-09,6,6
5144,2020-10,6,10
5144,2020-11,5,5
5144,2020-12,5,6
5144,2021-01,14,17
5144,2021-02,4,6
5144,2021-03,8,10
5144,2021-04,7,11
5144,2021-05,12,15
5144,2021-06,10,18
5144,2021-07,7,11
5144,2021-08,8,8
5144,2021-09,12,13
5144,2021-10,13,22
5144,2021-11,17,22
5144,2021-12,10,11
5144,2022-01,21,43
5144,2022-02,17,19
5144,2022-03,19,28
5144,2022-04,9,9
5144,2022-05,15,16
5144,2022-06,10,15
5144,2022-07,9,14
5144,2022-08,16,22
5144,2022-09,6,6
5144,2022-10,12,16
5144,2022-11,12,18
5144,2022-12,6,6
5144,2023-01,16,20
5144,2023-02,8,11
5144,2023-03,10,13
5144,2023-04,8,10
5144,2023-05,12,15
5144,2023-06,8,8
5144,2023-07,7,10
5144,2023-08,19,29
5144,2023-09,12,15
5144,2023-10,3,3
5144,2023-11,9,13
5144,2023-12,1,1
5144,2024-01,12,15
5144,2024-02,14,17
5144,2024-03,10,11
5144,2024-04,12,18
5144,2024-05,4,4
5144,2024-06,9,10
5144,2024-07,9,10
5144,2024-08,6,7
5144,2024-09,6,6
5144,2024-10,5,5
5144,2024-11,7,10
5144,2024-12,6,9
5144,2025-01,7,9
5144,2025-02,14,20
5144,2025-03,10,12
5144,2025-04,11,13
5144,2025-05,15,15
5144,2025-06,11,12
5144,2025-07,9,9
5144,2025-08,17,18
5144,2025-09,14,15
5144,2025-10,8,8
5144,2025-11,10,10
5144,2025-12,9,11
5144,2026-01,4,4
5144,2026-02,8,9
5149,2020-01,56,72
5149,2020-02,59,151
5149,2020-03,25,88
5149,2020-04,9,11
5149,2020-05,13,18
5149,2020-06,27,36
5149,2020-07,21,35
5149,2020-08,34,50
5149,2020-09,35,81
5149,2020-10,22,30
5149,2020-11,14,19
5149,2020-12,18,23
5149,2021-01,20,37
5149,2021-02,22,36
5149,2021-03,27,48
5149,2021-04,22,27
5149,2021-05,33,49
5149,2021-06,43,124
5149,2021-07,27,37
5149,2021-08,72,98
5149,2021-09,52,150
5149,2021-10,36,47
5149,2021-11,47,107
5149,2021-12,39,190
5149,2022-01,52,135
5149,2022-02,46,108
5149,2022-03,52,89
5149,2022-04,43,81
5149,2022-05,49,151
5149,2022-06,47,77
5149,2022-07,47,78
5149,2022-08,51,152
5149,2022-09,54,76
5149,2022-10,49,60
5149,2022-11,38,55
5149,2022-12,37,50
5149,2023-01,53,104
5149,2023-02,34,47
5149,2023-03,61,93
5149,2023-04,52,98
5149,2023-05,59,85
5149,2023-06,30,47
5149,2023-07,35,52
5149,2023-08,71,115
5149,2023-09,35,46
5149,2023-10,50,74
5149,2023-11,39,53
5149,2023-12,17,24
5149,2024-01,67,91
5149,2024-02,50,64
5149,2024-03,57,84
5149,2024-04,61,79
5149,2024-05,49,64
5149,2024-06,52,72
5149,2024-07,36,57
5149,2024-08,45,72
5149,2024-09,57,139
5149,2024-10,39,51
5149,2024-11,40,85
5149,2024-12,14,19
5149,2025-01,39,59
5149,2025-02,27,37
5149,2025-03,38,49
5149,2025-04,46,65
5149,2025-05,49,109
5149,2025-06,31,41
5149,2025-07,29,44
5149,2025-08,31,40
5149,2025-09,60,84
5149,2025-10,41,61
5149,2025-11,45,70
5149,2025-12,21,35
5149,2026-01,19,30
5149,2026-02,30,40
5151,2020-01,32,36
5151,2020-02,42,45
5151,2020-03,27,30
5151,2020-04,15,19
5151,2020-05,24,25
5151,2020-06,19,20
5151,2020-07,19,21
5151,2020-08,21,24
5151,2020-09,38,66
5151,2020-10,38,42
5151,2020-11,18,19
5151,2020-12,36,50
5151,2021-01,23,25
5151,2021-02,31,38
5151,2021-03,39,41
5151,2021-04,36,48
5151,2021-05,58,64
5151,2021-06,53,61
5151,2021-07,36,45
5151,2021-08,50,56
5151,2021-09,69,75
5151,2021-10,84,99
5151,2021-11,85,100
5151,2021-12,65,73
5151,2022-01,63,76
5151,2022-02,93,108
5151,2022-03,82,89
5151,2022-04,87,95
5151,2022-05,119,137
5151,2022-06,81,89
5151,2022-07,40,51
5151,2022-08,87,107
5151,2022-09,115,127
5151,2022-10,60,112
5151,2022-11,60,74
5151,2022-12,34,35
5151,2023-01,68,75
5151,2023-02,54,60
5151,2023-03,87,101
5151,2023-04,73,83
5151,2023-05,91,102
5151,2023-06,50,53
5151,2023-07,64,66
5151,2023-08,51,58
5151,2023-09,59,64
5151,2023-10,55,62
5151,2023-11,39,43
5151,2023-12,35,38
5151,2024-01,58,71
5151,2024-02,50,56
5151,2024-03,44,57
5151,2024-04,51,58
5151,2024-05,42,46
5151,2024-06,43,45
5151,2024-07,34,46
5151,2024-08,41,44
5151,2024-09,60,67
5151,2024-10,55,60
5151,2024-11,43,50
5151,2024-12,42,49
5151,2025-01,43,53
5151,2025-02,55,73
5151,2025-03,62,74
5151,2025-04,139,146
5151,2025-05,58,69
5151,2025-06,42,52
5151,2025-07,37,44
5151,2025-08,57,75
5151,2025-09,54,57
5151,2025-10,62,69
5151,2025-11,35,48
5151,2025-12,40,46
5151,2026-01,7,11
5151,2026-02,53,59
5152,2020-01,395,859
5152,2020-02,522,1329
5152,2020-03,349,546
5152,2020-04,227,308
5152,2020-05,207,281
5152,2020-06,227,298
5152,2020-07,129,162
5152,2020-08,186,220
5152,2020-09,286,365
5152,2020-10,258,381
5152,2020-11,233,283
5152,2020-12,226,327
5152,2021-01,294,578
5152,2021-02,367,736
5152,2021-03,350,528
5152,2021-04,316,387
5152,2021-05,333,446
5152,2021-06,268,354
5152,2021-07,165,209
5152,2021-08,237,291
5152,2021-09,319,405
5152,2021-10,400,489
5152,2021-11,368,460
5152,2021-12,443,613
5152,2022-01,552,975
5152,2022-02,579,1256
5152,2022-03,673,1248
5152,2022-04,498,920
5152,2022-05,519,764
5152,2022-06,434,564
5152,2022-07,270,317
5152,2022-08,428,609
5152,2022-09,438,516
5152,2022-10,409,502
5152,2022-11,363,425
5152,2022-12,400,621
5152,2023-01,516,1014
5152,2023-02,549,1044
5152,2023-03,599,1018
5152,2023-04,543,768
5152,2023-05,622,803
5152,2023-06,330,534
5152,2023-07,209,257
5152,2023-08,346,454
5152,2023-09,376,521
5152,2023-10,364,422
5152,2023-11,324,397
5152,2023-12,331,535
5152,2024-01,449,807
5152,2024-02,570,1153
5152,2024-03,483,802
5152,2024-04,415,541
5152,2024-05,312,422
5152,2024-06,249,287
5152,2024-07,188,212
5152,2024-08,228,318
5152,2024-09,333,374
5152,2024-10,356,448
5152,2024-11,290,421
5152,2024-12,328,448
5152,2025-01,513,1076
5152,2025-02,438,1033
5152,2025-03,493,650
5152,2025-04,370,469
5152,2025-05,318,358
5152,2025-06,229,286
5152,2025-07,161,204
5152,2025-08,263,299
5152,2025-09,317,388
5152,2025-10,352,461
5152,2025-11,276,403
5152,2025-12,273,320
5152,2026-01,135,435
5152,2026-02,319,693
5161,2020-01,8,8
5161,2020-02,34,146
5161,2020-03,11,13
5161,2020-04,10,19
5161,2020-05,11,16
5161,2020-06,8,10
5161,2020-07,5,5
5161,2020-08,4,4
5161,2020-09,7,7
5161,2020-10,11,12
5161,2020-11,5,5
5161,2020-12,5,7
5161,2021-01,7,7
5161,2021-02,40,96
5161,2021-03,12,12
5161,2021-04,23,63
5161,2021-05,12,19
5161,2021-06,7,7
5161,2021-07,6,9
5161,2021-08,28,55
5161,2021-09,5,5
5161,2021-10,15,19
5161,2021-11,9,9
5161,2021-12,2,2
5161,2022-01,11,29
5161,2022-02,9,10
5161,2022-03,29,31
5161,2022-04,23,36
5161,2022-05,12,12
5161,2022-06,18,19
5161,2022-07,5,5
5161,2022-08,15,16
5161,2022-09,11,13
5161,2022-10,39,66
5161,2022-11,23,30
5161,2022-12,34,48
5161,2023-01,15,15
5161,2023-02,20,21
5161,2023-03,13,14
5161,2023-04,18,25
5161,2023-05,13,14
5161,2023-06,6,8
5161,2023-07,6,6
5161,2023-08,6,7
5161,2023-09,6,15
5161,2023-10,4,4
5161,2023-11,10,11
5161,2023-12,6,6
5161,2024-01,20,22
5161,2024-02,12,15
5161,2024-03,5,5
5161,2024-04,7,7
5161,2024-05,7,7
5161,2024-06,3,12
5161,2024-07,5,6
5161,2024-08,6,6
5161,2024-09,7,7
5161,2024-10,13,13
5161,2024-11,6,7
5161,2024-12,50,51
5161,2025-01,10,10
5161,2025-02,35,36
5161,2025-03,67,67
5161,2025-04,21,21
5161,2025-05,6,6
5161,2025-06,7,11
5161,2025-07,6,6
5161,2025-08,16,22
5161,2025-09,36,37
5161,2025-10,37,38
5161,2025-11,8,9
5161,2025-12,4,5
5161,2026-01,1,1
5161,2026-02,12,12
5169,2020-01,35,50
5169,2020-02,71,222
5169,2020-03,37,168
5169,2020-04,63,239
5169,2020-05,62,240
5169,2020-06,6,23
5169,2020-07,54,407
5169,2020-08,1,1
5169,2020-09,58,228
5169,2020-10,59,225
5169,2020-11,52,209
5169,2020-12,55,217
5169,2021-01,56,271
5169,2021-02,56,221
5169,2021-03,69,234
5169,2021-04,9,51
5169,2021-05,64,233
5169,2021-06,70,266
5169,2021-07,4,4
5169,2021-08,58,231
5169,2021-09,68,251
5169,2021-10,80,278
5169,2021-11,8,8
5169,2021-12,75,281
5169,2022-01,84,352
5169,2022-02,71,280
5169,2022-03,20,27
5169,2022-04,29,92
5169,2022-05,103,307
5169,2022-06,21,21
5169,2022-07,13,13
5169,2022-08,7,13
5169,2022-09,9,12
5169,2022-10,72,276
5169,2022-11,12,27
5169,2022-12,8,14
5169,2023-01,83,340
5169,2023-02,76,386
5169,2023-03,105,545
5169,2023-04,2,51
5169,2023-05,68,340
5169,2023-06,30,98
5169,2023-07,22,24
5169,2023-08,8,14
5169,2023-09,4,4
5169,2023-10,5,5
5169,2023-11,2,4
5169,2023-12,35,152
5169,2024-01,1,3
5169,2024-02,75,394
5169,2024-03,70,351
5169,2024-04,4,6
5169,2024-05,5,5
5169,2024-06,2,6
5169,2024-07,20,20
5169,2024-08,7,16
5169,2024-09,10,12
5169,2024-10,6,8
5169,2024-11,12,28
5169,2024-12,9,31
5169,2025-01,26,69
5169,2025-02,16,97
5169,2025-03,17,54
5169,2025-04,14,46
5169,2025-05,15,55
5169,2025-06,11,25
5169,2025-07,11,16
5169,2025-08,25,97
5169,2025-09,17,62
5169,2025-10,3,11
5169,2025-11,4,9
5169,2025-12,5,5
5169,2026-02,4,16
5221,2020-01,102,108
5221,2020-02,73,76
5221,2020-03,60,73
5221,2020-04,33,38
5221,2020-05,33,37
5221,2020-06,54,55
5221,2020-07,48,60
5221,2020-08,79,102
5221,2020-09,70,90
5221,2020-10,66,70
5221,2020-11,46,53
5221,2020-12,52,53
5221,2021-01,53,53
5221,2021-02,74,74
5221,2021-03,105,119
5221,2021-04,82,84
5221,2021-05,104,105
5221,2021-06,93,100
5221,2021-07,99,109
5221,2021-08,95,99
5221,2021-09,129,131
5221,2021-10,125,128
5221,2021-11,126,128
5221,2021-12,111,118
5221,2022-01,155,158
5221,2022-02,167,178
5221,2022-03,216,238
5221,2022-04,150,164
5221,2022-05,163,166
5221,2022-06,130,140
5221,2022-07,125,125
5221,2022-08,181,186
5221,2022-09,196,200
5221,2022-10,210,213
5221,2022-11,148,149
5221,2022-12,155,160
5221,2023-01,184,184
5221,2023-02,135,138
5221,2023-03,164,168
5221,2023-04,131,136
5221,2023-05,110,122
5221,2023-06,121,122
5221,2023-07,78,81
5221,2023-08,97,99
5221,2023-09,97,97
5221,2023-10,113,113
5221,2023-11,81,81
5221,2023-12,58,76
5221,2024-01,95,104
5221,2024-02,108,137
5221,2024-03,88,103
5221,2024-04,100,102
5221,2024-05,66,67
5221,2024-06,93,93
5221,2024-07,72,73
5221,2024-08,78,79
5221,2024-09,114,114
5221,2024-10,92,97
5221,2024-11,89,90
5221,2024-12,76,78
5221,2025-01,124,129
5221,2025-02,107,107
5221,2025-03,126,157
5221,2025-04,95,99
5221,2025-05,94,94
5221,2025-06,69,69
5221,2025-07,88,91
5221,2025-08,98,98
5221,2025-09,90,90
5221,2025-10,81,85
5221,2025-11,74,78
5221,2025-12,74,78
5221,2026-01,10,10
5221,2026-02,64,65
5222,2020-01,749,1117
5222,2020-02,639,1113
5222,2020-03,431,879
5222,2020-04,186,322
5222,2020-05,151,218
5222,2020-06,190,307
5222,2020-07,219,306
5222,2020-08,307,595
5222,2020-09,293,486
5222,2020-10,314,504
5222,2020-11,276,365
5222,2020-12,210,300
5222,2021-01,303,501
5222,2021-02,458,922
5222,2021-03,670,1082
5222,2021-04,503,785
5222,2021-05,459,739
5222,2021-06,419,639
5222,2021-07,379,546
5222,2021-08,608,921
5222,2021-09,688,1162
5222,2021-10,738,1954
5222,2021-11,874,1872
5222,2021-12,823,1063
5222,2022-01,904,1771
5222,2022-02,1114,2497
5222,2022-03,1354,2630
5222,2022-04,1112,1907
5222,2022-05,1273,1750
5222,2022-06,1004,1220
5222,2022-07,916,1170
5222,2022-08,1135,1604
5222,2022-09,1075,1343
5222,2022-10,1142,1491
5222,2022-11,859,1129
5222,2022-12,793,1097
5222,2023-01,1038,2138
5222,2023-02,1139,2266
5222,2023-03,1372,2219
5222,2023-04,1070,1572
5222,2023-05,1255,1573
5222,2023-06,830,983
5222,2023-07,706,908
5222,2023-08,892,1186
5222,2023-09,754,910
5222,2023-10,709,950
5222,2023-11,658,811
5222,2023-12,492,671
5222,2024-01,947,1998
5222,2024-02,913,1958
5222,2024-03,879,1348
5222,2024-04,1006,1490
5222,2024-05,687,884
5222,2024-06,495,601
5222,2024-07,493,616
5222,2024-08,712,909
5222,2024-09,630,775
5222,2024-10,723,889
5222,2024-11,587,672
5222,2024-12,487,585
5222,2025-01,897,1626
5222,2025-02,876,1546
5222,2025-03,838,1190
5222,2025-04,810,1067
5222,2025-05,625,890
5222,2025-06,407,491
5222,2025-07,522,687
5222,2025-08,674,929
5222,2025-09,602,752
5222,2025-10,653,1013
5222,2025-11,512,597
5222,2025-12,496,649
5222,2026-01,150,584
5222,2026-02,429,1105
5223,2020-01,1372,2417
5223,2020-02,1370,2554
5223,2020-03,816,1454
5223,2020-04,299,493
5223,2020-05,368,561
5223,2020-06,446,578
5223,2020-07,459,539
5223,2020-08,683,932
5223,2020-09,672,886
5223,2020-10,687,1051
5223,2020-11,461,670
5223,2020-12,466,635
5223,2021-01,746,1378
5223,2021-02,844,1688
5223,2021-03,1101,2221
5223,2021-04,1117,1700
5223,2021-05,1073,1559
5223,2021-06,887,1378
5223,2021-07,707,1100
5223,2021-08,1116,1659
5223,2021-09,1310,1789
5223,2021-10,1381,2022
5223,2021-11,1233,2267
5223,2021-12,1094,1954
5223,2022-01,1545,3580
5223,2022-02,1648,4325
5223,2022-03,2249,4899
5223,2022-04,1824,4477
5223,2022-05,1786,3345
5223,2022-06,1126,1427
5223,2022-07,980,1410
5223,2022-08,1678,2302
5223,2022-09,1411,2107
5223,2022-10,1319,2213
5223,2022-11,1138,1763
5223,2022-12,977,1248
5223,2023-01,1359,3595
5223,2023-02,1371,2832
5223,2023-03,1950,2669
5223,2023-04,1542,2050
5223,2023-05,1530,2235
5223,2023-06,928,1238
5223,2023-07,1243,1522
5223,2023-08,1494,1794
5223,2023-09,1183,1388
5223,2023-10,788,979
5223,2023-11,905,1112
5223,2023-12,709,1018
5223,2024-01,1117,1978
5223,2024-02,1159,1809
5223,2024-03,1241,1578
5223,2024-04,1155,1455
5223,2024-05,863,1099
5223,2024-06,577,764
5223,2024-07,687,879
5223,2024-08,826,1004
5223,2024-09,829,1004
5223,2024-10,756,1053
5223,2024-11,658,749
5223,2024-12,561,811
5223,2025-01,1040,1579
5223,2025-02,1112,1838
5223,2025-03,1265,1572
5223,2025-04,1102,1351
5223,2025-05,789,1005
5223,2025-06,505,647
5223,2025-07,518,644
5223,2025-08,837,964
5223,2025-09,828,925
5223,2025-10,721,891
5223,2025-11,562,638
5223,2025-12,551,1129
5223,2026-01,181,476
5223,2026-02,725,1486
5224,2020-01,27,27
5224,2020-02,37,40
5224,2020-03,26,27
5224,2020-05,1,1
5224,2020-06,20,20
5224,2020-07,19,19
5224,2020-08,15,16
5224,2020-09,21,23
5224,2020-10,17,18
5224,2020-11,15,15
5224,2020-12,11,12
5224,2021-01,12,13
5224,2021-02,28,30
5224,2021-03,43,50
5224,2021-04,43,43
5224,2021-05,28,29
5224,2021-06,24,25
5224,2021-07,27,27
5224,2021-08,46,50
5224,2021-09,66,71
5224,2021-10,45,49
5224,2021-11,55,57
5224,2021-12,34,38
5224,2022-01,45,46
5224,2022-02,55,58
5224,2022-03,74,77
5224,2022-04,63,66
5224,2022-05,45,45
5224,2022-06,29,29
5224,2022-07,31,32
5224,2022-08,35,40
5224,2022-09,39,39
5224,2022-10,18,18
5224,2022-11,10,10
5224,2022-12,3,3
5224,2023-01,8,8
5224,2023-02,15,17
5224,2023-03,27,30
5224,2023-04,17,18
5224,2023-05,12,16
5224,2023-06,12,12
5224,2023-07,7,7
5224,2023-08,15,16
5224,2023-09,9,9
5224,2023-10,13,13
5224,2023-11,15,16
5224,2023-12,11,13
5224,2024-01,15,17
5224,2024-02,16,20
5224,2024-03,4,4
5224,2024-04,13,15
5224,2024-05,7,7
5224,2024-06,9,9
5224,2024-07,4,4
5224,2024-08,3,3
5224,2024-09,9,9
5224,2024-10,8,8
5224,2024-11,6,6
5224,2024-12,7,7
5224,2025-01,8,10
5224,2025-02,7,7
5224,2025-03,16,16
5224,2025-04,14,15
5224,2025-05,11,14
5224,2025-06,4,4
5224,2025-07,3,3
5224,2025-08,8,9
5224,2025-09,4,4
5224,2025-10,5,5
5224,2025-11,7,8
5224,2025-12,8,8
5225,2020-01,83,90
5225,2020-02,77,94
5225,2020-03,63,84
5225,2020-04,13,15
5225,2020-05,22,27
5225,2020-06,33,37
5225,2020-07,26,28
5225,2020-08,52,54
5225,2020-09,42,44
5225,2020-10,38,38
5225,2020-11,30,35
5225,2020-12,15,17
5225,2021-01,25,25
5225,2021-02,37,50
5225,2021-03,65,75
5225,2021-04,65,69
5225,2021-05,45,50
5225,2021-06,36,42
5225,2021-07,30,34
5225,2021-08,112,115
5225,2021-09,82,92
5225,2021-10,76,79
5225,2021-11,76,83
5225,2021-12,64,67
5225,2022-01,103,137
5225,2022-02,95,122
5225,2022-03,145,164
5225,2022-04,71,83
5225,2022-05,116,134
5225,2022-06,53,64
5225,2022-07,42,48
5225,2022-08,91,108
5225,2022-09,92,102
5225,2022-10,85,100
5225,2022-11,64,168
5225,2022-12,63,112
5225,2023-01,98,161
5225,2023-02,110,276
5225,2023-03,146,329
5225,2023-04,77,113
5225,2023-05,106,149
5225,2023-06,76,185
5225,2023-07,53,63
5225,2023-08,101,151
5225,2023-09,77,154
5225,2023-10,58,84
5225,2023-11,68,84
5225,2023-12,34,39
5225,2024-01,54,62
5225,2024-02,65,90
5225,2024-03,88,143
5225,2024-04,94,165
5225,2024-05,48,54
5225,2024-06,34,35
5225,2024-07,30,32
5225,2024-08,55,70
5225,2024-09,67,71
5225,2024-10,47,64
5225,2024-11,41,48
5225,2024-12,24,29
5225,2025-01,58,61
5225,2025-02,39,41
5225,2025-03,97,99
5225,2025-04,52,58
5225,2025-05,31,34
5225,2025-06,24,24
5225,2025-07,23,23
5225,2025-08,51,53
5225,2025-09,46,46
5225,2025-10,33,34
5225,2025-11,34,37
5225,2025-12,26,28
5225,2026-01,7,10
5225,2026-02,38,44
5226,2020-01,24,41
5226,2020-02,39,44
5226,2020-03,14,16
5226,2020-04,16,27
5226,2020-05,10,12
5226,2020-06,13,19
5226,2020-07,9,10
5226,2020-08,15,23
5226,2020-09,20,61
5226,2020-10,22,24
5226,2020-11,15,16
5226,2020-12,12,19
5226,2021-01,25,30
5226,2021-02,24,25
5226,2021-03,27,49
5226,2021-04,15,16
5226,2021-05,21,21
5226,2021-06,31,33
5226,2021-07,18,33
5226,2021-08,33,54
5226,2021-09,37,40
5226,2021-10,45,58
5226,2021-11,32,44
5226,2021-12,42,66
5226,2022-01,37,47
5226,2022-02,36,51
5226,2022-03,47,58
5226,2022-04,30,32
5226,2022-05,54,64
5226,2022-06,19,32
5226,2022-07,22,34
5226,2022-08,40,63
5226,2022-09,52,77
5226,2022-10,40,64
5226,2022-11,39,49
5226,2022-12,32,72
5226,2023-01,42,48
5226,2023-02,40,48
5226,2023-03,48,52
5226,2023-04,34,45
5226,2023-05,33,38
5226,2023-06,36,36
5226,2023-07,41,45
5226,2023-08,37,66
5226,2023-09,39,40
5226,2023-10,36,48
5226,2023-11,14,35
5226,2023-12,21,24
5226,2024-01,35,35
5226,2024-02,31,41
5226,2024-03,34,36
5226,2024-04,49,62
5226,2024-05,24,26
5226,2024-06,21,23
5226,2024-07,17,22
5226,2024-08,24,34
5226,2024-09,19,19
5226,2024-10,28,30
5226,2024-11,19,20
5226,2024-12,22,26
5226,2025-01,27,49
5226,2025-02,24,32
5226,2025-03,42,44
5226,2025-04,29,33
5226,2025-05,16,18
5226,2025-06,11,11
5226,2025-07,16,16
5226,2025-08,13,21
5226,2025-09,31,43
5226,2025-10,23,27
5226,2025-11,15,15
5226,2025-12,21,42
5226,2026-01,4,8
5226,2026-02,18,21
5227,2020-01,29,29
5227,2020-02,21,23
5227,2020-03,18,19
5227,2020-04,14,14
5227,2020-05,8,8
5227,2020-06,4,4
5227,2020-07,5,5
5227,2020-08,11,11
5227,2020-09,12,12
5227,2020-10,11,11
5227,2020-11,10,11
5227,2020-12,11,12
5227,2021-01,12,12
5227,2021-02,10,11
5227,2021-03,26,27
5227,2021-04,23,24
5227,2021-05,16,17
5227,2021-06,8,8
5227,2021-07,7,7
5227,2021-08,11,11
5227,2021-09,26,26
5227,2021-10,23,23
5227,2021-11,21,21
5227,2021-12,15,15
5227,2022-01,22,24
5227,2022-02,20,21
5227,2022-03,33,44
5227,2022-04,24,28
5227,2022-05,21,21
5227,2022-06,26,27
5227,2022-07,27,31
5227,2022-08,28,32
5227,2022-09,36,36
5227,2022-10,27,30
5227,2022-11,19,20
5227,2022-12,23,24
5227,2023-01,42,50
5227,2023-02,27,28
5227,2023-03,38,45
5227,2023-04,26,26
5227,2023-05,28,28
5227,2023-06,32,33
5227,2023-07,24,25
5227,2023-08,31,39
5227,2023-09,19,30
5227,2023-10,18,20
5227,2023-11,30,30
5227,2023-12,24,25
5227,2024-01,28,47
5227,2024-02,46,53
5227,2024-03,46,66
5227,2024-04,19,20
5227,2024-05,32,32
5227,2024-06,21,23
5227,2024-07,16,18
5227,2024-08,22,22
5227,2024-09,22,31
5227,2024-10,22,22
5227,2024-11,19,21
5227,2024-12,23,24
5227,2025-01,48,52
5227,2025-02,48,57
5227,2025-03,36,46
5227,2025-04,29,31
5227,2025-05,22,23
5227,2025-06,16,21
5227,2025-07,23,25
5227,2025-08,27,30
5227,2025-09,28,29
5227,2025-10,17,17
5227,2025-11,29,29
5227,2025-12,11,11
5227,2026-01,10,13
5227,2026-02,20,20
5230,2020-01,118,1878
5230,2020-02,106,5736
5230,2020-03,67,4180
5230,2020-04,35,316
5230,2020-05,34,70
5230,2020-06,23,30
5230,2020-07,35,55
5230,2020-08,39,63
5230,2020-09,38,75
5230,2020-10,36,69
5230,2020-11,38,254
5230,2020-12,26,434
5230,2021-01,41,1182
5230,2021-02,65,392
5230,2021-03,82,513
5230,2021-04,78,383
5230,2021-05,96,1128
5230,2021-06,77,873
5230,2021-07,76,1865
5230,2021-08,73,185
5230,2021-09,75,642
5230,2021-10,95,197
5230,2021-11,71,361
5230,2021-12,78,1361
5230,2022-01,103,300
5230,2022-02,115,1060
5230,2022-03,181,1159
5230,2022-04,124,1439
5230,2022-05,140,699
5230,2022-06,99,888
5230,2022-07,79,1853
5230,2022-08,119,1486
5230,2022-09,94,1022
5230,2022-10,74,510
5230,2022-11,70,926
5230,2022-12,50,85
5230,2023-01,110,1664
5230,2023-02,104,1360
5230,2023-03,156,904
5230,2023-04,115,1721
5230,2023-05,94,3145
5230,2023-06,61,985
5230,2023-07,71,1169
5230,2023-08,88,121
5230,2023-09,69,515
5230,2023-10,47,97
5230,2023-11,44,60
5230,2023-12,35,1627
5230,2024-01,94,212
5230,2024-02,85,190
5230,2024-03,70,454
5230,2024-04,72,93
5230,2024-05,67,92
5230,2024-06,33,342
5230,2024-07,28,637
5230,2024-08,50,476
5230,2024-09,41,65
5230,2024-10,41,83
5230,2024-11,28,33
5230,2024-12,35,1541
5230,2025-01,72,203
5230,2025-02,64,139
5230,2025-03,51,1886
5230,2025-04,73,141
5230,2025-05,40,383
5230,2025-06,32,355
5230,2025-07,36,535
5230,2025-08,58,105
5230,2025-09,47,72
5230,2025-10,48,56
5230,2025-11,37,76
5230,2025-12,43,1606
5230,2026-01,18,195
5230,2026-02,43,71
5241,2020-01,1433,2605
5241,2020-02,1503,2943
5241,2020-03,1035,2113
5241,2020-04,529,834
5241,2020-05,318,1330
5241,2020-06,474,1359
5241,2020-07,136,194
5241,2020-08,577,1719
5241,2020-09,722,1839
5241,2020-10,641,733
5241,2020-11,385,1234
5241,2020-12,189,245
5241,2021-01,270,526
5241,2021-02,351,1627
5241,2021-03,317,799
5241,2021-04,455,1316
5241,2021-05,422,1753
5241,2021-06,406,739
5241,2021-07,349,412
5241,2021-08,760,1095
5241,2021-09,946,1170
5241,2021-10,822,2040
5241,2021-11,1047,3030
5241,2021-12,1035,4419
5241,2022-01,1579,3669
5241,2022-02,1973,4028
5241,2022-03,2766,6660
5241,2022-04,2579,5387
5241,2022-05,3203,6461
5241,2022-06,2888,4900
5241,2022-07,3007,4626
5241,2022-08,3165,4558
5241,2022-09,3720,5520
5241,2022-10,3677,3980
5241,2022-11,5310,5909
5241,2022-12,5456,5618
5241,2023-01,5459,5598
5241,2023-02,4966,5311
5241,2023-03,5985,6620
5241,2023-04,4558,5111
5241,2023-05,4995,5644
5241,2023-06,3017,3229
5241,2023-07,3281,3551
5241,2023-08,3150,3563
5241,2023-09,2883,3097
5241,2023-10,2793,2970
5241,2023-11,2432,2664
5241,2023-12,2063,2318
5241,2024-01,2704,2988
5241,2024-02,2301,2582
5241,2024-03,1515,1671
5241,2024-04,1735,2179
5241,2024-05,1922,2698
5241,2024-06,1706,2252
5241,2024-07,1710,1884
5241,2024-08,1605,1736
5241,2024-09,1808,1948
5241,2024-10,2295,2831
5241,2024-11,1036,1333
5241,2024-12,529,1009
5241,2025-01,650,1363
5241,2025-02,642,1185
5241,2025-03,692,1577
5241,2025-04,568,1158
5241,2025-05,399,884
5241,2025-06,369,1072
5241,2025-07,364,1275
5241,2025-08,367,1029
5241,2025-09,296,829
5241,2025-10,266,466
5241,2025-11,311,452
5241,2025-12,161,304
5241,2026-01,54,433
5241,2026-02,152,306
5242,2019-11,1,2
5242,2019-12,1,1
5242,2020-01,1359,2342
5242,2020-02,1747,2792
5242,2020-03,1059,1954
5242,2020-04,857,1794
5242,2020-05,811,1602
5242,2020-06,692,1451
5242,2020-07,801,1790
5242,2020-08,1009,2240
5242,2020-09,1027,3814
5242,2020-10,1084,6422
5242,2020-11,944,2204
5242,2020-12,636,2326
5242,2021-01,823,2444
5242,2021-02,1024,3878
5242,2021-03,1443,2242
5242,2021-04,1743,3421
5242,2021-05,1500,3145
5242,2021-06,1409,3085
5242,2021-07,1009,2009
5242,2021-08,1273,2573
5242,2021-09,2128,4817
5242,2021-10,2515,6964
5242,2021-11,2652,8721
5242,2021-12,2392,8565
5242,2022-01,1635,5836
5242,2022-02,1483,5946
5242,2022-03,1221,3293
5242,2022-04,1118,3646
5242,2022-05,1564,4053
5242,2022-06,1141,2504
5242,2022-07,1035,2715
5242,2022-08,1714,4576
5242,2022-09,1972,4512
5242,2022-10,1369,2560
5242,2022-11,1612,2957
5242,2022-12,1409,2527
5242,2023-01,1601,2864
5242,2023-02,1647,3016
5242,2023-03,2413,3621
5242,2023-04,1717,2728
5242,2023-05,2700,3871
5242,2023-06,1916,2509
5242,2023-07,2084,2751
5242,2023-08,2001,3031
5242,2023-09,2140,3373
5242,2023-10,1783,2929
5242,2023-11,1867,3700
5242,2023-12,1717,2771
5242,2024-01,2378,3411
5242,2024-02,1833,2900
5242,2024-03,1441,2718
5242,2024-04,1650,3218
5242,2024-05,2110,3473
5242,2024-06,1546,2301
5242,2024-07,1236,2170
5242,2024-08,1695,2605
5242,2024-09,1303,2298
5242,2024-10,1714,2495
5242,2024-11,1067,1699
5242,2024-12,753,1241
5242,2025-01,1121,1836
5242,2025-02,1132,1932
5242,2025-03,998,1907
5242,2025-04,999,2353
5242,2025-05,926,2181
5242,2025-06,625,1483
5242,2025-07,490,1103
5242,2025-08,657,1685
5242,2025-09,855,1599
5242,2025-10,566,1186
5242,2025-11,494,1301
5242,2025-12,400,1010
5242,2026-01,90,170
5242,2026-02,259,860
5311,2020-01,443,1080
5311,2020-02,327,1047
5311,2020-03,267,1048
5311,2020-04,217,530
5311,2020-05,279,508
5311,2020-06,201,286
5311,2020-07,87,191
5311,2020-08,279,649
5311,2020-09,312,882
5311,2020-10,350,756
5311,2020-11,389,912
5311,2020-12,268,569
5311,2021-01,299,695
5311,2021-02,255,691
5311,2021-03,327,949
5311,2021-04,315,806
5311,2021-05,320,621
5311,2021-06,269,450
5311,2021-07,118,260
5311,2021-08,388,920
5311,2021-09,452,1003
5311,2021-10,492,1082
5311,2021-11,601,1323
5311,2021-12,471,1222
5311,2022-01,540,2119
5311,2022-02,476,2464
5311,2022-03,517,2787
5311,2022-04,443,1638
5311,2022-05,634,2361
5311,2022-06,623,1059
5311,2022-07,269,500
5311,2022-08,743,2274
5311,2022-09,713,2315
5311,2022-10,706,2068
5311,2022-11,692,2093
5311,2022-12,597,1901
5311,2023-01,599,2184
5311,2023-02,425,1365
5311,2023-03,517,1350
5311,2023-04,378,972
5311,2023-05,562,1219
5311,2023-06,479,940
5311,2023-07,175,317
5311,2023-08,464,1208
5311,2023-09,694,1237
5311,2023-10,480,924
5311,2023-11,501,973
5311,2023-12,316,836
5311,2024-01,461,877
5311,2024-02,392,1206
5311,2024-03,232,629
5311,2024-04,214,474
5311,2024-05,230,471
5311,2024-06,172,292
5311,2024-07,93,330
5311,2024-08,367,709
5311,2024-09,231,635
5311,2024-10,308,737
5311,2024-11,322,923
5311,2024-12,233,479
5311,2025-01,325,1052
5311,2025-02,238,924
5311,2025-03,226,836
5311,2025-04,209,560
5311,2025-05,223,514
5311,2025-06,204,338
5311,2025-07,78,271
5311,2025-08,286,641
5311,2025-09,289,666
5311,2025-10,349,1025
5311,2025-11,293,761
5311,2025-12,229,725
5311,2026-01,38,161
5311,2026-02,159,582
5312,2020-01,259,605
5312,2020-02,179,497
5312,2020-03,139,841
5312,2020-04,174,339
5312,2020-05,298,495
5312,2020-06,369,679
5312,2020-07,117,163
5312,2020-08,276,548
5312,2020-09,261,396
5312,2020-10,260,395
5312,2020-11,279,704
5312,2020-12,214,314
5312,2021-01,143,296
5312,2021-02,155,448
5312,2021-03,199,455
5312,2021-04,226,425
5312,2021-05,348,544
5312,2021-06,456,823
5312,2021-07,127,177
5312,2021-08,422,630
5312,2021-09,416,896
5312,2021-10,429,769
5312,2021-11,373,674
5312,2021-12,401,656
5312,2022-01,311,848
5312,2022-02,231,1133
5312,2022-03,355,1322
5312,2022-04,346,1033
5312,2022-05,519,1642
5312,2022-06,624,1021
5312,2022-07,207,399
5312,2022-08,578,1488
5312,2022-09,518,1634
5312,2022-10,545,1986
5312,2022-11,432,1593
5312,2022-12,406,1237
5312,2023-01,346,1714
5312,2023-02,284,1889
5312,2023-03,300,2278
5312,2023-04,259,1393
5312,2023-05,510,2121
5312,2023-06,522,1761
5312,2023-07,160,1519
5312,2023-08,471,1900
5312,2023-09,375,923
5312,2023-10,367,603
5312,2023-11,309,667
5312,2023-12,297,599
5312,2024-01,267,498
5312,2024-02,238,589
5312,2024-03,219,464
5312,2024-04,298,815
5312,2024-05,359,649
5312,2024-06,355,607
5312,2024-07,165,239
5312,2024-08,378,656
5312,2024-09,294,541
5312,2024-10,364,921
5312,2024-11,275,675
5312,2024-12,269,422
5312,2025-01,246,531
5312,2025-02,188,555
5312,2025-03,219,597
5312,2025-04,282,660
5312,2025-05,343,767
5312,2025-06,408,1586
5312,2025-07,158,319
5312,2025-08,369,629
5312,2025-09,342,532
5312,2025-10,385,750
5312,2025-11,283,649
5312,2025-12,259,572
5312,2026-01,18,83
5312,2026-02,114,404
5321,2019-12,13,1154
5321,2020-01,982,11315
5321,2020-02,956,9040
5321,2020-03,942,7373
5321,2020-04,658,5499
5321,2020-05,483,3255
5321,2020-06,379,3075
5321,2020-07,279,1542
5321,2020-08,402,1095
5321,2020-09,585,1663
5321,2020-10,546,1782
5321,2020-11,738,5229
5321,2020-12,610,9603
5321,2021-01,803,9896
5321,2021-02,736,5773
5321,2021-03,822,6391
5321,2021-04,743,5101
5321,2021-05,748,5632
5321,2021-06,563,4792
5321,2021-07,520,2366
5321,2021-08,612,1883
5321,2021-09,940,3226
5321,2021-10,923,2941
5321,2021-11,1059,4780
5321,2021-12,1123,13371
5321,2022-01,1474,11041
5321,2022-02,1333,6724
5321,2022-03,1531,6577
5321,2022-04,1325,8330
5321,2022-05,1682,9064
5321,2022-06,1293,7582
5321,2022-07,903,5168
5321,2022-08,1168,4319
5321,2022-09,1213,3940
5321,2022-10,1057,3188
5321,2022-11,1150,6313
5321,2022-12,1154,15656
5321,2023-01,1558,13912
5321,2023-02,1372,7314
5321,2023-03,1978,12807
5321,2023-04,1385,6161
5321,2023-05,3008,14493
5321,2023-06,1671,6523
5321,2023-07,1475,2957
5321,2023-08,975,3053
5321,2023-09,1619,3635
5321,2023-10,1202,4092
5321,2023-11,1221,4499
5321,2023-12,1226,13391
5321,2024-01,1462,13949
5321,2024-02,1452,6537
5321,2024-03,1142,6902
5321,2024-04,1163,7468
5321,2024-05,920,7627
5321,2024-06,743,4946
5321,2024-07,594,2139
5321,2024-08,768,2140
5321,2024-09,801,2068
5321,2024-10,818,2518
5321,2024-11,790,3727
5321,2024-12,732,14997
5321,2025-01,1310,10713
5321,2025-02,1119,5020
5321,2025-03,1229,4995
5321,2025-04,1159,5626
5321,2025-05,886,4938
5321,2025-06,643,6396
5321,2025-07,527,2143
5321,2025-08,775,3219
5321,2025-09,1022,2902
5321,2025-10,1072,3418
5321,2025-11,892,4133
5321,2025-12,948,16534
5321,2026-01,388,7338
5321,2026-02,806,6040
5323,2019-10,1,1
5323,2019-11,4,211
5323,2019-12,7,222
5323,2020-01,407,1395
5323,2020-02,348,1303
5323,2020-03,300,1148
5323,2020-04,181,667
5323,2020-05,195,622
5323,2020-06,311,660
5323,2020-07,216,552
5323,2020-08,242,533
5323,2020-09,285,577
5323,2020-10,316,525
5323,2020-11,387,1401
5323,2020-12,311,1838
5323,2021-01,371,1182
5323,2021-02,373,919
5323,2021-03,409,770
5323,2021-04,375,1294
5323,2021-05,377,1009
5323,2021-06,312,1007
5323,2021-07,196,299
5323,2021-08,223,380
5323,2021-09,420,744
5323,2021-10,409,723
5323,2021-11,485,1564
5323,2021-12,544,2428
5323,2022-01,589,1568
5323,2022-02,585,1559
5323,2022-03,562,1802
5323,2022-04,417,1592
5323,2022-05,440,1601
5323,2022-06,382,1052
5323,2022-07,209,331
5323,2022-08,369,692
5323,2022-09,483,755
5323,2022-10,448,812
5323,2022-11,478,2233
5323,2022-12,507,2018
5323,2023-01,674,1392
5323,2023-02,587,1780
5323,2023-03,685,1928
5323,2023-04,380,902
5323,2023-05,552,1793
5323,2023-06,322,601
5323,2023-07,210,348
5323,2023-08,334,500
5323,2023-09,365,556
5323,2023-10,367,634
5323,2023-11,369,1425
5323,2023-12,341,1771
5323,2024-01,429,1212
5323,2024-02,384,1828
5323,2024-03,411,883
5323,2024-04,324,1061
5323,2024-05,237,1107
5323,2024-06,194,392
5323,2024-07,161,275
5323,2024-08,260,415
5323,2024-09,290,474
5323,2024-10,327,527
5323,2024-11,347,1508
5323,2024-12,344,1596
5323,2025-01,445,1672
5323,2025-02,455,1115
5323,2025-03,443,1105
5323,2025-04,330,954
5323,2025-05,259,877
5323,2025-06,189,310
5323,2025-07,182,299
5323,2025-08,281,418
5323,2025-09,374,588
5323,2025-10,335,516
5323,2025-11,431,1989
5323,2025-12,514,3226
5323,2026-01,86,422
5323,2026-02,320,1102
5325,2020-01,1,6
5325,2020-02,5,21
5325,2020-03,3,3
5325,2020-04,2,4
5325,2020-05,3,3
5325,2020-06,4,5
5325,2020-07,1,1
5325,2020-08,5,5
5325,2020-09,7,19
5325,2020-10,2,3
5325,2020-11,3,15
5325,2020-12,3,4
5325,2021-01,7,10
5325,2021-02,5,9
5325,2021-03,2,2
5325,2021-04,5,5
5325,2021-05,4,5
5325,2021-06,4,5
5325,2021-07,4,4
5325,2021-08,6,8
5325,2021-09,9,11
5325,2021-10,4,5
5325,2021-11,8,25
5325,2021-12,3,6
5325,2022-01,8,18
5325,2022-02,8,9
5325,2022-03,5,5
5325,2022-04,8,8
5325,2022-05,8,9
5325,2022-06,6,9
5325,2022-07,5,6
5325,2022-08,7,10
5325,2022-09,10,58
5325,2022-10,15,25
5325,2022-11,7,26
5325,2022-12,6,20
5325,2023-01,5,21
5325,2023-02,17,227
5325,2023-03,13,15
5325,2023-04,8,12
5325,2023-05,13,15
5325,2023-06,8,8
5325,2023-07,4,6
5325,2023-08,5,19
5325,2023-09,2,2
5325,2023-10,20,25
5325,2023-11,4,21
5325,2023-12,7,17
5325,2024-01,7,7
5325,2024-02,6,6
5325,2024-03,3,3
5325,2024-04,3,4
5325,2024-05,3,4
5325,2024-06,2,6
5325,2024-07,3,3
5325,2024-08,2,2
5325,2024-09,1,1
5325,2024-11,1,3
5325,2024-12,1,1
5325,2025-01,1,1
5325,2025-02,1,3
5325,2025-03,3,13
5325,2025-04,2,20
5325,2025-05,4,6
5325,2025-08,1,1
5325,2025-09,2,6
5325,2025-11,1,16
5325,2025-12,1,1
5325,2026-02,1,1
5326,2020-01,8,32
5326,2020-02,2,3
5326,2020-03,3,3
5326,2020-04,3,3
5326,2020-05,5,5
5326,2020-06,3,7
5326,2020-07,1,1
5326,2020-08,2,3
5326,2020-09,5,11
5326,2020-10,3,27
5326,2020-11,16,77
5326,2020-12,9,57
5326,2021-01,3,3
5326,2021-02,8,8
5326,2021-03,12,19
5326,2021-04,7,13
5326,2021-05,5,9
5326,2021-06,1,1
5326,2021-07,3,16
5326,2021-08,9,20
5326,2021-09,14,25
5326,2021-10,23,252
5326,2021-11,12,54
5326,2021-12,39,267
5326,2022-01,2,5
5326,2022-02,6,12
5326,2022-03,10,14
5326,2022-04,6,16
5326,2022-05,4,12
5326,2022-06,9,12
5326,2022-07,5,5
5326,2022-08,4,5
5326,2022-09,12,25
5326,2022-10,27,245
5326,2022-11,16,74
5326,2022-12,21,221
5326,2023-01,11,33
5326,2023-02,10,132
5326,2023-03,6,11
5326,2023-04,4,4
5326,2023-05,6,7
5326,2023-06,8,8
5326,2023-07,1,1
5326,2023-08,3,4
5326,2023-09,3,18
5326,2023-10,36,162
5326,2023-11,40,108
5326,2023-12,23,156
5326,2024-01,29,192
5326,2024-02,23,174
5326,2024-03,10,79
5326,2024-04,8,8
5326,2024-05,13,16
5326,2024-06,4,4
5326,2024-07,2,11
5326,2024-08,10,35
5326,2024-09,6,31
5326,2024-10,12,14
5326,2024-11,58,144
5326,2024-12,14,43
5326,2025-01,35,111
5326,2025-02,30,72
5326,2025-03,24,44
5326,2025-04,7,16
5326,2025-05,3,5
5326,2025-06,4,13
5326,2025-07,1,1
5326,2025-08,7,10
5326,2025-09,9,13
5326,2025-10,17,107
5326,2025-11,56,240
5326,2025-12,40,140
5326,2026-01,2,6
5326,2026-02,13,25
5330,2019-12,5,800
5330,2020-01,99,3740
5330,2020-02,94,2226
5330,2020-03,147,3503
5330,2020-04,99,3267
5330,2020-05,57,1410
5330,2020-06,32,213
5330,2020-07,18,75
5330,2020-08,22,251
5330,2020-09,41,169
5330,2020-10,40,167
5330,2020-11,49,279
5330,2020-12,63,2237
5330,2021-01,67,1950
5330,2021-02,100,2470
5330,2021-03,80,1437
5330,2021-04,95,1305
5330,2021-05,77,1414
5330,2021-06,81,926
5330,2021-07,50,456
5330,2021-08,59,580
5330,2021-09,67,319
5330,2021-10,77,400
5330,2021-11,73,1502
5330,2021-12,99,2487
5330,2022-01,144,5119
5330,2022-02,121,1970
5330,2022-03,170,3156
5330,2022-04,179,2037
5330,2022-05,269,2690
5330,2022-06,292,1771
5330,2022-07,83,602
5330,2022-08,103,798
5330,2022-09,112,621
5330,2022-10,114,465
5330,2022-11,128,856
5330,2022-12,174,3950
5330,2023-01,204,5204
5330,2023-02,242,5078
5330,2023-03,273,5745
5330,2023-04,229,3106
5330,2023-05,270,3673
5330,2023-06,806,2174
5330,2023-07,687,1766
5330,2023-08,130,1135
5330,2023-09,324,1201
5330,2023-10,232,652
5330,2023-11,140,493
5330,2023-12,124,4298
5330,2024-01,253,4040
5330,2024-02,243,4720
5330,2024-03,222,2398
5330,2024-04,258,3692
5330,2024-05,238,3407
5330,2024-06,412,1402
5330,2024-07,92,900
5330,2024-08,96,810
5330,2024-09,69,450
5330,2024-10,99,471
5330,2024-11,77,778
5330,2024-12,113,5126
5330,2025-01,196,5980
5330,2025-02,175,3281
5330,2025-03,184,4010
5330,2025-04,174,3559
5330,2025-05,145,2700
5330,2025-06,101,1863
5330,2025-07,66,629
5330,2025-08,82,779
5330,2025-09,128,1106
5330,2025-10,112,871
5330,2025-11,118,1531
5330,2025-12,170,7817
5330,2026-01,109,4052
5330,2026-02,154,2324
5341,2019-12,1,3
5341,2020-01,89,388
5341,2020-02,60,189
5341,2020-03,71,377
5341,2020-04,35,134
5341,2020-05,32,126
5341,2020-06,31,64
5341,2020-07,26,34
5341,2020-08,48,70
5341,2020-09,59,88
5341,2020-10,53,90
5341,2020-11,40,133
5341,2020-12,51,470
5341,2021-01,72,293
5341,2021-02,45,147
5341,2021-03,68,131
5341,2021-04,48,91
5341,2021-05,49,118
5341,2021-06,40,61
5341,2021-07,23,45
5341,2021-08,30,57
5341,2021-09,81,136
5341,2021-10,50,96
5341,2021-11,76,223
5341,2021-12,68,545
5341,2022-01,81,244
5341,2022-02,86,283
5341,2022-03,97,324
5341,2022-04,80,147
5341,2022-05,78,303
5341,2022-06,65,457
5341,2022-07,42,77
5341,2022-08,70,138
5341,2022-09,67,103
5341,2022-10,67,134
5341,2022-11,96,1135
5341,2022-12,83,460
5341,2023-01,107,301
5341,2023-02,72,171
5341,2023-03,86,329
5341,2023-04,49,123
5341,2023-05,72,622
5341,2023-06,39,94
5341,2023-07,21,36
5341,2023-08,42,78
5341,2023-09,53,136
5341,2023-10,47,60
5341,2023-11,61,356
5341,2023-12,35,448
5341,2024-01,56,246
5341,2024-02,33,202
5341,2024-03,38,295
5341,2024-04,35,213
5341,2024-05,15,165
5341,2024-06,17,26
5341,2024-07,19,26
5341,2024-08,28,53
5341,2024-09,35,47
5341,2024-10,25,39
5341,2024-11,35,395
5341,2024-12,39,224
5341,2025-01,44,223
5341,2025-02,36,173
5341,2025-03,36,105
5341,2025-04,27,125
5341,2025-05,32,172
5341,2025-06,19,33
5341,2025-07,46,72
5341,2025-08,29,57
5341,2025-09,41,85
5341,2025-10,42,99
5341,2025-11,39,218
5341,2025-12,55,726
5341,2026-01,18,108
5341,2026-02,20,86
5342,2019-12,6,353
5342,2020-01,476,3424
5342,2020-02,440,2556
5342,2020-03,416,1904
5342,2020-04,286,907
5342,2020-05,232,677
5342,2020-06,248,1154
5342,2020-07,160,305
5342,2020-08,206,398
5342,2020-09,337,742
5342,2020-10,318,682
5342,2020-11,268,761
5342,2020-12,234,1724
5342,2021-01,316,2589
5342,2021-02,405,1306
5342,2021-03,446,1512
5342,2021-04,408,1342
5342,2021-05,397,1187
5342,2021-06,297,982
5342,2021-07,222,664
5342,2021-08,322,711
5342,2021-09,524,1382
5342,2021-10,529,1246
5342,2021-11,516,1201
5342,2021-12,508,2431
5342,2022-01,618,4140
5342,2022-02,600,2142
5342,2022-03,782,3581
5342,2022-04,592,2898
5342,2022-05,564,2571
5342,2022-06,518,2426
5342,2022-07,289,917
5342,2022-08,537,1077
5342,2022-09,639,1551
5342,2022-10,618,1391
5342,2022-11,521,1138
5342,2022-12,587,2940
5342,2023-01,706,3138
5342,2023-02,675,2404
5342,2023-03,763,2532
5342,2023-04,482,1268
5342,2023-05,898,2434
5342,2023-06,431,1407
5342,2023-07,265,726
5342,2023-08,447,1081
5342,2023-09,509,978
5342,2023-10,504,1118
5342,2023-11,469,1263
5342,2023-12,401,3141
5342,2024-01,501,1937
5342,2024-02,570,1759
5342,2024-03,578,1691
5342,2024-04,566,1770
5342,2024-05,435,1672
5342,2024-06,323,957
5342,2024-07,228,510
5342,2024-08,387,724
5342,2024-09,376,835
5342,2024-10,432,843
5342,2024-11,393,1479
5342,2024-12,378,1871
5342,2025-01,490,2330
5342,2025-02,557,1610
5342,2025-03,494,2056
5342,2025-04,419,1580
5342,2025-05,410,1608
5342,2025-06,258,800
5342,2025-07,242,484
5342,2025-08,389,780
5342,2025-09,512,1015
5342,2025-10,507,1128
5342,2025-11,456,1331
5342,2025-12,441,3243
5342,2026-01,105,1124
5342,2026-02,397,1402
5343,2019-10,1,1
5343,2019-12,1,80
5343,2020-01,2067,3708
5343,2020-02,2017,4056
5343,2020-03,2207,4173
5343,2020-04,1350,2505
5343,2020-05,1153,1785
5343,2020-06,1131,1737
5343,2020-07,1083,1549
5343,2020-08,1298,1902
5343,2020-09,1385,1989
5343,2020-10,1349,1959
5343,2020-11,1248,1915
5343,2020-12,1026,1578
5343,2021-01,1282,2223
5343,2021-02,1405,2546
5343,2021-03,1790,3060
5343,2021-04,1942,3145
5343,2021-05,1963,2986
5343,2021-06,1767,2622
5343,2021-07,1598,2480
5343,2021-08,1945,2922
5343,2021-09,2164,3229
5343,2021-10,2179,3224
5343,2021-11,2250,3415
5343,2021-12,1898,2851
5343,2022-01,2617,4434
5343,2022-02,2542,4585
5343,2022-03,3373,5738
5343,2022-04,3269,5303
5343,2022-05,3503,5501
5343,2022-06,2793,4628
5343,2022-07,2455,3797
5343,2022-08,2897,4170
5343,2022-09,2950,4456
5343,2022-10,2598,4093
5343,2022-11,2552,3892
5343,2022-12,2137,3608
5343,2023-01,3016,5472
5343,2023-02,2495,4395
5343,2023-03,3823,8007
5343,2023-04,2900,4836
5343,2023-05,3974,6054
5343,2023-06,2715,4230
5343,2023-07,2059,3142
5343,2023-08,2633,3997
5343,2023-09,2792,3905
5343,2023-10,2230,3291
5343,2023-11,2170,3051
5343,2023-12,1687,2563
5343,2024-01,2679,4679
5343,2024-02,2521,4159
5343,2024-03,2790,4621
5343,2024-04,3163,4770
5343,2024-05,2638,4074
5343,2024-06,2116,3031
5343,2024-07,1786,2793
5343,2024-08,2051,2919
5343,2024-09,2172,2900
5343,2024-10,2169,2839
5343,2024-11,2081,2836
5343,2024-12,1383,2307
5343,2025-01,2423,3663
5343,2025-02,2144,3709
5343,2025-03,2613,4221
5343,2025-04,2537,3784
5343,2025-05,2412,3673
5343,2025-06,1735,2432
5343,2025-07,1850,2557
5343,2025-08,2131,2917
5343,2025-09,2253,2981
5343,2025-10,2114,2811
5343,2025-11,1940,2567
5343,2025-12,1545,2359
5343,2026-01,616,1269
5343,2026-02,1593,2946
5349,2020-01,10,14
5349,2020-02,14,27
5349,2020-03,5,5
5349,2020-04,10,16
5349,2020-05,4,4
5349,2020-06,1,1
5349,2020-07,3,3
5349,2020-08,6,9
5349,2020-09,12,13
5349,2020-10,14,45
5349,2020-11,25,53
5349,2020-12,9,13
5349,2021-01,8,12
5349,2021-02,16,21
5349,2021-03,31,77
5349,2021-04,20,143
5349,2021-05,7,10
5349,2021-06,18,47
5349,2021-07,4,7
5349,2021-08,12,71
5349,2021-09,13,31
5349,2021-10,11,11
5349,2021-11,21,58
5349,2021-12,15,30
5349,2022-01,27,127
5349,2022-02,14,28
5349,2022-03,14,28
5349,2022-04,19,72
5349,2022-05,16,28
5349,2022-06,11,13
5349,2022-07,9,40
5349,2022-08,7,8
5349,2022-09,17,17
5349,2022-10,11,14
5349,2022-11,18,28
5349,2022-12,22,83
5349,2023-01,23,46
5349,2023-02,24,335
5349,2023-03,24,427
5349,2023-04,5,37
5349,2023-05,11,11
5349,2023-06,10,11
5349,2023-07,5,5
5349,2023-08,5,5
5349,2023-09,12,13
5349,2023-10,17,18
5349,2023-11,14,23
5349,2023-12,11,18
5349,2024-01,16,16
5349,2024-02,27,34
5349,2024-03,10,30
5349,2024-04,12,39
5349,2024-05,10,13
5349,2024-06,3,4
5349,2024-07,4,5
5349,2024-08,6,6
5349,2024-09,9,9
5349,2024-10,7,7
5349,2024-11,4,4
5349,2024-12,7,9
5349,2025-01,15,18
5349,2025-02,18,40
5349,2025-03,18,71
5349,2025-04,15,18
5349,2025-05,10,10
5349,2025-06,8,8
5349,2025-07,7,7
5349,2025-08,8,8
5349,2025-09,5,5
5349,2025-10,12,14
5349,2025-11,9,10
5349,2025-12,15,16
5349,2026-01,2,4
5349,2026-02,16,19
5350,2020-01,173,510
5350,2020-02,165,184
5350,2020-03,109,129
5350,2020-04,36,37
5350,2020-05,79,87
5350,2020-06,83,114
5350,2020-07,61,71
5350,2020-08,110,118
5350,2020-09,176,196
5350,2020-10,148,166
5350,2020-11,129,185
5350,2020-12,101,379
5350,2021-01,154,223
5350,2021-02,134,195
5350,2021-03,115,129
5350,2021-04,170,197
5350,2021-05,171,207
5350,2021-06,138,158
5350,2021-07,93,105
5350,2021-08,173,198
5350,2021-09,196,225
5350,2021-10,193,227
5350,2021-11,178,293
5350,2021-12,134,144
5350,2022-01,213,297
5350,2022-02,166,209
5350,2022-03,153,174
5350,2022-04,148,169
5350,2022-05,206,227
5350,2022-06,189,208
5350,2022-07,101,109
5350,2022-08,206,227
5350,2022-09,213,233
5350,2022-10,214,235
5350,2022-11,228,294
5350,2022-12,172,280
5350,2023-01,187,225
5350,2023-02,180,289
5350,2023-03,194,216
5350,2023-04,184,195
5350,2023-05,212,248
5350,2023-06,167,181
5350,2023-07,114,128
5350,2023-08,184,203
5350,2023-09,216,245
5350,2023-10,195,232
5350,2023-11,188,251
5350,2023-12,126,160
5350,2024-01,218,256
5350,2024-02,189,232
5350,2024-03,179,197
5350,2024-04,159,181
5350,2024-05,162,181
5350,2024-06,148,161
5350,2024-07,120,130
5350,2024-08,171,187
5350,2024-09,187,204
5350,2024-10,186,216
5350,2024-11,184,242
5350,2024-12,141,182
5350,2025-01,191,207
5350,2025-02,141,155
5350,2025-03,170,190
5350,2025-04,143,157
5350,2025-05,170,186
5350,2025-06,142,175
5350,2025-07,87,106
5350,2025-08,159,174
5350,2025-09,184,214
5350,2025-10,216,257
5350,2025-11,185,279
5350,2025-12,158,193
5350,2026-01,51,76
5350,2026-02,121,135
5411,2020-01,32,84
5411,2020-02,20,59
5411,2020-03,21,38
5411,2020-04,12,24
5411,2020-05,8,95
5411,2020-06,15,37
5411,2020-07,12,29
5411,2020-08,13,39
5411,2020-09,23,60
5411,2020-10,28,159
5411,2020-11,25,55
5411,2020-12,24,54
5411,2021-01,12,25
5411,2021-02,24,56
5411,2021-03,14,130
5411,2021-04,19,46
5411,2021-05,10,59
5411,2021-06,13,25
5411,2021-07,13,21
5411,2021-08,20,67
5411,2021-09,31,101
5411,2021-10,32,151
5411,2021-11,33,110
5411,2021-12,40,83
5411,2022-01,28,85
5411,2022-02,18,53
5411,2022-03,35,83
5411,2022-04,14,28
5411,2022-05,14,39
5411,2022-06,23,37
5411,2022-07,13,28
5411,2022-08,22,93
5411,2022-09,32,114
5411,2022-10,43,152
5411,2022-11,19,42
5411,2022-12,37,97
5411,2023-01,26,71
5411,2023-02,33,72
5411,2023-03,19,42
5411,2023-04,16,27
5411,2023-05,18,76
5411,2023-06,19,31
5411,2023-07,15,42
5411,2023-08,32,79
5411,2023-09,38,169
5411,2023-10,43,210
5411,2023-11,42,111
5411,2023-12,39,110
5411,2024-01,18,52
5411,2024-02,48,123
5411,2024-03,16,36
5411,2024-04,28,107
5411,2024-05,17,43
5411,2024-06,26,106
5411,2024-07,16,53
5411,2024-08,24,109
5411,2024-09,33,149
5411,2024-10,52,181
5411,2024-11,40,146
5411,2024-12,36,107
5411,2025-01,37,120
5411,2025-02,25,70
5411,2025-03,33,91
5411,2025-04,16,40
5411,2025-05,21,33
5411,2025-06,20,74
5411,2025-07,14,28
5411,2025-08,25,147
5411,2025-09,56,261
5411,2025-10,32,92
5411,2025-11,31,127
5411,2025-12,36,106
5411,2026-01,14,49
5411,2026-02,22,58
5412,2020-01,68,2247
5412,2020-02,31,481
5412,2020-03,27,247
5412,2020-04,26,653
5412,2020-05,13,107
5412,2020-06,10,42
5412,2020-07,13,103
5412,2020-08,35,275
5412,2020-09,37,216
5412,2020-10,37,171
5412,2020-11,31,485
5412,2020-12,45,586
5412,2021-01,66,2475
5412,2021-02,28,150
5412,2021-03,53,725
5412,2021-04,44,358
5412,2021-05,25,203
5412,2021-06,19,253
5412,2021-07,5,88
5412,2021-08,35,275
5412,2021-09,30,233
5412,2021-10,42,709
5412,2021-11,44,392
5412,2021-12,40,691
5412,2022-01,76,1165
5412,2022-02,40,295
5412,2022-03,71,1308
5412,2022-04,56,696
5412,2022-05,46,506
5412,2022-06,14,76
5412,2022-07,25,315
5412,2022-08,46,462
5412,2022-09,23,218
5412,2022-10,50,672
5412,2022-11,39,555
5412,2022-12,45,1492
5412,2023-01,99,3065
5412,2023-02,55,1106
5412,2023-03,68,1022
5412,2023-04,34,454
5412,2023-05,66,594
5412,2023-06,13,92
5412,2023-07,17,73
5412,2023-08,44,534
5412,2023-09,36,317
5412,2023-10,52,449
5412,2023-11,44,612
5412,2023-12,38,530
5412,2024-01,94,1484
5412,2024-02,51,518
5412,2024-03,59,767
5412,2024-04,51,659
5412,2024-05,34,336
5412,2024-06,7,48
5412,2024-07,13,161
5412,2024-08,42,340
5412,2024-09,40,329
5412,2024-10,34,252
5412,2024-11,46,365
5412,2024-12,37,217
5412,2025-01,77,1588
5412,2025-02,34,296
5412,2025-03,51,571
5412,2025-04,36,353
5412,2025-05,27,121
5412,2025-06,9,63
5412,2025-07,12,92
5412,2025-08,34,319
5412,2025-09,30,259
5412,2025-10,69,677
5412,2025-11,45,1013
5412,2025-12,54,389
5412,2026-01,3,80
5412,2026-02,38,385
5413,2019-12,1,20
5413,2020-01,117,542
5413,2020-02,138,750
5413,2020-03,87,598
5413,2020-04,57,204
5413,2020-05,34,153
5413,2020-06,30,124
5413,2020-07,32,110
5413,2020-08,31,124
5413,2020-09,62,179
5413,2020-10,61,282
5413,2020-11,40,123
5413,2020-12,44,189
5413,2021-01,88,622
5413,2021-02,79,517
5413,2021-03,86,346
5413,2021-04,101,381
5413,2021-05,70,298
5413,2021-06,61,231
5413,2021-07,62,269
5413,2021-08,103,435
5413,2021-09,107,428
5413,2021-10,102,439
5413,2021-11,115,451
5413,2021-12,110,494
5413,2022-01,169,918
5413,2022-02,171,962
5413,2022-03,205,1502
5413,2022-04,203,838
5413,2022-05,165,993
5413,2022-06,124,503
5413,2022-07,94,383
5413,2022-08,174,773
5413,2022-09,156,551
5413,2022-10,134,416
5413,2022-11,127,562
5413,2022-12,129,2283
5413,2023-01,185,1711
5413,2023-02,182,1293
5413,2023-03,219,1455
5413,2023-04,157,869
5413,2023-05,120,932
5413,2023-06,106,445
5413,2023-07,94,254
5413,2023-08,95,311
5413,2023-09,104,260
5413,2023-10,99,417
5413,2023-11,121,376
5413,2023-12,72,1037
5413,2024-01,166,960
5413,2024-02,150,562
5413,2024-03,150,717
5413,2024-04,98,800
5413,2024-05,119,813
5413,2024-06,77,318
5413,2024-07,81,574
5413,2024-08,96,481
5413,2024-09,143,644
5413,2024-10,166,560
5413,2024-11,128,378
5413,2024-12,118,903
5413,2025-01,227,1472
5413,2025-02,170,1072
5413,2025-03,143,641
5413,2025-04,196,693
5413,2025-05,143,701
5413,2025-06,111,900
5413,2025-07,83,411
5413,2025-08,115,328
5413,2025-09,153,523
5413,2025-10,110,478
5413,2025-11,105,410
5413,2025-12,126,909
5413,2026-01,192,1160
5413,2026-02,103,436
5414,2020-01,15,107
5414,2020-02,11,31
5414,2020-03,11,24
5414,2020-04,6,12
5414,2020-05,8,8
5414,2020-06,11,60
5414,2020-07,7,25
5414,2020-08,14,72
5414,2020-09,6,7
5414,2020-10,7,16
5414,2020-11,11,44
5414,2020-12,7,23
5414,2021-01,9,27
5414,2021-02,14,32
5414,2021-03,20,42
5414,2021-04,6,10
5414,2021-05,6,7
5414,2021-06,6,11
5414,2021-07,12,25
5414,2021-08,9,18
5414,2021-09,14,39
5414,2021-10,19,36
5414,2021-11,20,61
5414,2021-12,12,23
5414,2022-01,18,31
5414,2022-02,20,44
5414,2022-03,24,63
5414,2022-04,16,66
5414,2022-05,33,177
5414,2022-06,10,30
5414,2022-07,15,31
5414,2022-08,26,68
5414,2022-09,19,32
5414,2022-10,10,18
5414,2022-11,20,72
5414,2022-12,14,43
5414,2023-01,28,66
5414,2023-02,21,68
5414,2023-03,19,41
5414,2023-04,18,62
5414,2023-05,14,60
5414,2023-06,9,48
5414,2023-07,7,10
5414,2023-08,23,94
5414,2023-09,21,54
5414,2023-10,17,52
5414,2023-11,16,27
5414,2023-12,12,67
5414,2024-01,18,123
5414,2024-02,21,40
5414,2024-03,17,102
5414,2024-04,16,29
5414,2024-05,8,8
5414,2024-06,10,40
5414,2024-07,10,33
5414,2024-08,21,43
5414,2024-09,16,22
5414,2024-10,10,36
5414,2024-11,8,8
5414,2024-12,16,33
5414,2025-01,20,76
5414,2025-02,16,26
5414,2025-03,23,26
5414,2025-04,19,20
5414,2025-05,8,8
5414,2025-06,4,8
5414,2025-07,11,31
5414,2025-08,18,18
5414,2025-09,14,21
5414,2025-10,15,32
5414,2025-11,11,23
5414,2025-12,15,25
5414,2026-01,5,12
5414,2026-02,12,31
5419,2020-01,60,191
5419,2020-02,59,244
5419,2020-03,51,202
5419,2020-04,37,158
5419,2020-05,13,30
5419,2020-06,24,52
5419,2020-07,21,76
5419,2020-08,20,34
5419,2020-09,32,54
5419,2020-10,28,51
5419,2020-11,34,67
5419,2020-12,29,91
5419,2021-01,20,98
5419,2021-02,49,337
5419,2021-03,50,168
5419,2021-04,57,130
5419,2021-05,55,90
5419,2021-06,56,102
5419,2021-07,29,50
5419,2021-08,55,139
5419,2021-09,79,145
5419,2021-10,59,135
5419,2021-11,57,124
5419,2021-12,49,156
5419,2022-01,83,274
5419,2022-02,100,405
5419,2022-03,126,461
5419,2022-04,81,291
5419,2022-05,91,360
5419,2022-06,51,128
5419,2022-07,47,119
5419,2022-08,77,185
5419,2022-09,71,232
5419,2022-10,57,140
5419,2022-11,64,138
5419,2022-12,59,366
5419,2023-01,58,352
5419,2023-02,237,2038
5419,2023-03,258,2113
5419,2023-04,166,1328
5419,2023-05,228,1478
5419,2023-06,66,174
5419,2023-07,29,149
5419,2023-08,77,505
5419,2023-09,56,185
5419,2023-10,34,98
5419,2023-11,46,99
5419,2023-12,42,120
5419,2024-01,68,236
5419,2024-02,91,492
5419,2024-03,56,168
5419,2024-04,55,194
5419,2024-05,72,260
5419,2024-06,37,93
5419,2024-07,28,99
5419,2024-08,46,182
5419,2024-09,35,97
5419,2024-10,37,70
5419,2024-11,40,92
5419,2024-12,36,76
5419,2025-01,74,410
5419,2025-02,63,335
5419,2025-03,54,178
5419,2025-04,52,192
5419,2025-05,51,121
5419,2025-06,33,99
5419,2025-07,23,33
5419,2025-08,43,96
5419,2025-09,44,119
5419,2025-10,37,79
5419,2025-11,28,56
5419,2025-12,43,179
5419,2026-01,24,123
5419,2026-02,49,246
6111,2020-01,11,36
6111,2020-02,7,205
6111,2020-03,9,25
6111,2020-04,11,16
6111,2020-05,3,7
6111,2020-06,4,4
6111,2020-07,5,8
6111,2020-08,11,24
6111,2020-09,11,34
6111,2020-10,3,3
6111,2020-11,11,241
6111,2020-12,9,148
6111,2021-01,9,34
6111,2021-02,10,22
6111,2021-03,14,17
6111,2021-04,11,33
6111,2021-05,5,17
6111,2021-06,5,13
6111,2021-07,4,14
6111,2021-08,6,14
6111,2021-09,9,29
6111,2021-10,16,55
6111,2021-11,14,116
6111,2021-12,15,127
6111,2022-01,21,124
6111,2022-02,8,16
6111,2022-03,16,28
6111,2022-04,8,11
6111,2022-05,3,3
6111,2022-06,4,11
6111,2022-07,4,8
6111,2022-08,5,13
6111,2022-09,12,146
6111,2022-10,3,106
6111,2022-11,8,52
6111,2022-12,10,35
6111,2023-01,10,41
6111,2023-02,14,52
6111,2023-03,6,16
6111,2023-04,7,20
6111,2023-05,9,35
6111,2023-06,6,7
6111,2023-07,6,7
6111,2023-08,8,219
6111,2023-09,10,324
6111,2023-10,2,7
6111,2023-11,12,87
6111,2023-12,8,20
6111,2024-01,11,31
6111,2024-02,15,47
6111,2024-03,4,54
6111,2024-04,10,40
6111,2024-05,7,14
6111,2024-06,7,20
6111,2024-07,9,290
6111,2024-08,7,21
6111,2024-09,8,37
6111,2024-10,10,54
6111,2024-11,13,178
6111,2024-12,9,98
6111,2025-01,8,17
6111,2025-02,9,44
6111,2025-03,7,12
6111,2025-04,9,52
6111,2025-05,8,14
6111,2025-06,7,14
6111,2025-07,4,8
6111,2025-08,13,41
6111,2025-09,1,2
6111,2025-10,8,30
6111,2025-11,13,22
6111,2025-12,10,261
6111,2026-01,5,13
6111,2026-02,4,41
6112,2020-01,69,398
6112,2020-02,100,207
6112,2020-03,29,43
6112,2020-04,39,71
6112,2020-05,34,59
6112,2020-06,35,54
6112,2020-07,18,24
6112,2020-08,23,39
6112,2020-09,19,43
6112,2020-10,19,45
6112,2020-11,24,48
6112,2020-12,33,79
6112,2021-01,54,186
6112,2021-02,76,147
6112,2021-03,51,157
6112,2021-04,58,120
6112,2021-05,39,71
6112,2021-06,42,89
6112,2021-07,17,34
6112,2021-08,29,64
6112,2021-09,32,72
6112,2021-10,19,30
6112,2021-11,18,48
6112,2021-12,36,137
6112,2022-01,86,297
6112,2022-02,90,247
6112,2022-03,88,243
6112,2022-04,55,174
6112,2022-05,73,161
6112,2022-06,49,104
6112,2022-07,20,28
6112,2022-08,31,91
6112,2022-09,25,65
6112,2022-10,23,75
6112,2022-11,19,37
6112,2022-12,36,99
6112,2023-01,60,162
6112,2023-02,77,189
6112,2023-03,77,170
6112,2023-04,82,199
6112,2023-05,46,95
6112,2023-06,73,193
6112,2023-07,44,69
6112,2023-08,36,68
6112,2023-09,36,81
6112,2023-10,27,54
6112,2023-11,29,103
6112,2023-12,23,109
6112,2024-01,58,213
6112,2024-02,78,214
6112,2024-03,60,111
6112,2024-04,73,150
6112,2024-05,51,115
6112,2024-06,53,74
6112,2024-07,26,69
6112,2024-08,35,89
6112,2024-09,16,25
6112,2024-10,34,62
6112,2024-11,29,106
6112,2024-12,38,86
6112,2025-01,80,246
6112,2025-02,58,113
6112,2025-03,68,177
6112,2025-04,52,85
6112,2025-05,77,141
6112,2025-06,28,46
6112,2025-07,18,38
6112,2025-08,30,98
6112,2025-09,33,84
6112,2025-10,16,60
6112,2025-11,29,146
6112,2025-12,47,138
6112,2026-01,41,179
6112,2026-02,112,168
6113,2019-12,1,1
6113,2020-01,198,777
6113,2020-02,231,883
6113,2020-03,110,311
6113,2020-04,88,141
6113,2020-05,70,176
6113,2020-06,54,79
6113,2020-07,34,56
6113,2020-08,49,70
6113,2020-09,62,94
6113,2020-10,67,130
6113,2020-11,55,84
6113,2020-12,97,264
6113,2021-01,184,650
6113,2021-02,181,567
6113,2021-03,173,415
6113,2021-04,118,243
6113,2021-05,110,218
6113,2021-06,78,142
6113,2021-07,41,58
6113,2021-08,73,125
6113,2021-09,75,120
6113,2021-10,73,131
6113,2021-11,58,149
6113,2021-12,128,403
6113,2022-01,248,946
6113,2022-02,320,1028
6113,2022-03,317,970
6113,2022-04,214,532
6113,2022-05,219,440
6113,2022-06,106,193
6113,2022-07,75,143
6113,2022-08,98,142
6113,2022-09,79,107
6113,2022-10,93,185
6113,2022-11,81,202
6113,2022-12,153,631
6113,2023-01,310,1403
6113,2023-02,245,766
6113,2023-03,262,699
6113,2023-04,179,393
6113,2023-05,215,487
6113,2023-06,112,150
6113,2023-07,73,105
6113,2023-08,94,151
6113,2023-09,77,127
6113,2023-10,78,165
6113,2023-11,81,175
6113,2023-12,129,454
6113,2024-01,285,1014
6113,2024-02,318,1111
6113,2024-03,238,603
6113,2024-04,187,414
6113,2024-05,132,275
6113,2024-06,57,103
6113,2024-07,44,114
6113,2024-08,74,107
6113,2024-09,68,103
6113,2024-10,64,127
6113,2024-11,77,192
6113,2024-12,135,704
6113,2025-01,286,1178
6113,2025-02,220,825
6113,2025-03,201,512
6113,2025-04,121,430
6113,2025-05,83,127
6113,2025-06,57,113
6113,2025-07,43,96
6113,2025-08,55,79
6113,2025-09,79,147
6113,2025-10,64,163
6113,2025-11,86,215
6113,2025-12,185,848
6113,2026-01,97,424
6113,2026-02,196,572
6121,2020-01,29,34
6121,2020-02,27,40
6121,2020-03,44,46
6121,2020-04,27,31
6121,2020-05,20,23
6121,2020-06,24,24
6121,2020-07,17,20
6121,2020-08,18,22
6121,2020-09,21,29
6121,2020-10,14,15
6121,2020-11,15,20
6121,2020-12,22,23
6121,2021-01,22,24
6121,2021-02,20,25
6121,2021-03,53,56
6121,2021-04,32,38
6121,2021-05,22,23
6121,2021-06,18,20
6121,2021-07,31,39
6121,2021-08,28,28
6121,2021-09,33,39
6121,2021-10,30,37
6121,2021-11,42,57
6121,2021-12,34,48
6121,2022-01,37,49
6121,2022-02,35,48
6121,2022-03,34,43
6121,2022-04,30,43
6121,2022-05,20,25
6121,2022-06,27,33
6121,2022-07,26,36
6121,2022-08,31,46
6121,2022-09,37,50
6121,2022-10,23,35
6121,2022-11,41,48
6121,2022-12,30,42
6121,2023-01,45,56
6121,2023-02,34,44
6121,2023-03,34,41
6121,2023-04,19,26
6121,2023-05,31,33
6121,2023-06,22,24
6121,2023-07,24,27
6121,2023-08,23,28
6121,2023-09,29,35
6121,2023-10,27,33
6121,2023-11,15,18
6121,2023-12,17,21
6121,2024-01,22,39
6121,2024-02,30,42
6121,2024-03,31,39
6121,2024-04,31,33
6121,2024-05,15,17
6121,2024-06,19,24
6121,2024-07,10,10
6121,2024-08,26,29
6121,2024-09,24,26
6121,2024-10,17,20
6121,2024-11,16,20
6121,2024-12,21,33
6121,2025-01,30,45
6121,2025-02,19,28
6121,2025-03,38,53
6121,2025-04,26,39
6121,2025-05,17,27
6121,2025-06,11,14
6121,2025-07,19,25
6121,2025-08,30,34
6121,2025-09,25,29
6121,2025-10,22,36
6121,2025-11,21,28
6121,2025-12,22,28
6121,2026-01,9,11
6121,2026-02,17,19
6122,2020-01,19,36
6122,2020-02,7,12
6122,2020-03,8,11
6122,2020-04,2,3
6122,2020-05,3,4
6122,2020-06,3,3
6122,2020-07,3,5
6122,2020-08,11,16
6122,2020-09,8,9
6122,2020-10,7,17
6122,2020-11,4,4
6122,2020-12,3,3
6122,2021-01,8,12
6122,2021-02,7,8
6122,2021-03,8,11
6122,2021-04,7,10
6122,2021-05,9,12
6122,2021-06,10,19
6122,2021-07,9,22
6122,2021-08,19,59
6122,2021-09,16,24
6122,2021-10,23,62
6122,2021-11,16,28
6122,2021-12,7,11
6122,2022-01,12,15
6122,2022-02,14,21
6122,2022-03,20,30
6122,2022-04,19,25
6122,2022-05,15,24
6122,2022-06,16,23
6122,2022-07,14,24
6122,2022-08,22,34
6122,2022-09,13,26
6122,2022-10,17,24
6122,2022-11,15,20
6122,2022-12,10,11
6122,2023-01,18,32
6122,2023-02,12,17
6122,2023-03,17,23
6122,2023-04,17,51
6122,2023-05,19,24
6122,2023-06,14,28
6122,2023-07,9,19
6122,2023-08,18,22
6122,2023-09,15,20
6122,2023-10,14,19
6122,2023-11,17,22
6122,2023-12,10,17
6122,2024-01,19,28
6122,2024-02,20,28
6122,2024-03,12,14
6122,2024-04,17,39
6122,2024-05,9,10
6122,2024-06,7,9
6122,2024-07,9,10
6122,2024-08,13,23
6122,2024-09,23,32
6122,2024-10,14,19
6122,2024-11,10,14
6122,2024-12,7,8
6122,2025-01,16,22
6122,2025-02,18,24
6122,2025-03,15,18
6122,2025-04,7,11
6122,2025-05,11,16
6122,2025-06,16,23
6122,2025-07,5,8
6122,2025-08,15,22
6122,2025-09,18,31
6122,2025-10,19,24
6122,2025-11,6,7
6122,2025-12,16,20
6122,2026-01,4,5
6122,2026-02,15,22
6129,2020-01,16,39
6129,2020-02,16,73
6129,2020-03,9,23
6129,2020-04,4,5
6129,2020-05,6,6
6129,2020-06,3,5
6129,2020-07,9,11
6129,2020-08,12,12
6129,2020-09,8,8
6129,2020-10,12,16
6129,2020-11,10,11
6129,2020-12,11,36
6129,2021-01,11,37
6129,2021-02,11,20
6129,2021-03,12,23
6129,2021-04,5,6
6129,2021-05,10,10
6129,2021-06,7,8
6129,2021-07,9,14
6129,2021-08,9,9
6129,2021-09,22,26
6129,2021-10,12,14
6129,2021-11,10,14
6129,2021-12,18,32
6129,2022-01,13,24
6129,2022-02,22,63
6129,2022-03,18,20
6129,2022-04,15,20
6129,2022-05,9,10
6129,2022-06,11,12
6129,2022-07,13,23
6129,2022-08,14,15
6129,2022-09,15,20
6129,2022-10,14,23
6129,2022-11,16,19
6129,2022-12,10,17
6129,2023-01,19,91
6129,2023-02,12,41
6129,2023-03,15,23
6129,2023-04,8,9
6129,2023-05,12,17
6129,2023-06,9,11
6129,2023-08,14,18
6129,2023-09,9,12
6129,2023-10,11,13
6129,2023-11,8,8
6129,2023-12,11,37
6129,2024-01,18,32
6129,2024-02,16,21
6129,2024-03,12,28
6129,2024-04,15,18
6129,2024-05,12,13
6129,2024-06,6,14
6129,2024-07,7,12
6129,2024-08,15,17
6129,2024-09,16,27
6129,2024-10,17,22
6129,2024-11,7,8
6129,2024-12,9,34
6129,2025-01,8,17
6129,2025-02,14,32
6129,2025-03,12,13
6129,2025-04,20,26
6129,2025-05,8,9
6129,2025-06,10,15
6129,2025-07,6,7
6129,2025-08,14,16
6129,2025-09,17,25
6129,2025-10,10,14
6129,2025-11,8,11
6129,2025-12,6,31
6129,2026-01,3,3
6129,2026-02,10,26
6130,2020-01,5,6
6130,2020-02,10,10
6130,2020-03,9,9
6130,2020-04,4,4
6130,2020-05,2,3
6130,2020-06,3,3
6130,2020-07,2,4
6130,2020-08,7,7
6130,2020-09,4,4
6130,2020-10,12,13
6130,2020-11,8,11
6130,2020-12,5,6
6130,2021-01,3,3
6130,2021-02,5,8
6130,2021-03,8,13
6130,2021-04,8,12
6130,2021-05,9,10
6130,2021-06,10,11
6130,2021-07,3,3
6130,2021-08,7,7
6130,2021-09,5,5
6130,2021-10,5,13
6130,2021-11,9,10
6130,2021-12,10,21
6130,2022-01,8,17
6130,2022-02,11,15
6130,2022-03,6,7
6130,2022-04,12,22
6130,2022-05,7,8
6130,2022-06,10,10
6130,2022-07,5,5
6130,2022-08,4,4
6130,2022-09,6,6
6130,2022-10,3,3
6130,2022-11,2,2
6130,2022-12,2,2
6130,2023-01,6,9
6130,2023-02,8,18
6130,2023-03,8,29
6130,2023-04,5,5
6130,2023-05,9,10
6130,2023-06,5,16
6130,2023-07,3,4
6130,2023-08,5,6
6130,2023-09,2,2
6130,2023-10,4,4
6130,2023-11,8,9
6130,2023-12,2,2
6130,2024-01,7,7
6130,2024-02,7,7
6130,2024-03,5,5
6130,2024-04,9,9
6130,2024-05,7,7
6130,2024-06,12,17
6130,2024-07,4,4
6130,2024-08,10,12
6130,2024-09,4,6
6130,2024-10,5,6
6130,2024-11,10,16
6130,2024-12,5,6
6130,2025-01,12,14
6130,2025-02,6,6
6130,2025-03,6,6
6130,2025-04,5,16
6130,2025-05,2,2
6130,2025-06,1,1
6130,2025-07,5,19
6130,2025-08,3,3
6130,2025-09,7,22
6130,2025-10,2,2
6130,2025-11,7,11
6130,2025-12,2,2
6130,2026-01,1,1
6130,2026-02,4,5
6210,2019-11,1,50
6210,2020-01,15,51
6210,2020-02,21,51
6210,2020-03,35,85
6210,2020-04,65,337
6210,2020-05,64,169
6210,2020-06,20,38
6210,2020-07,7,21
6210,2020-08,17,33
6210,2020-09,12,67
6210,2020-10,16,77
6210,2020-11,24,627
6210,2020-12,23,195
6210,2021-01,20,119
6210,2021-02,18,56
6210,2021-03,33,98
6210,2021-04,25,38
6210,2021-05,28,88
6210,2021-06,14,56
6210,2021-07,15,48
6210,2021-08,12,26
6210,2021-09,12,48
6210,2021-10,12,115
6210,2021-11,31,561
6210,2021-12,34,255
6210,2022-01,29,221
6210,2022-02,47,200
6210,2022-03,54,295
6210,2022-04,27,174
6210,2022-05,32,342
6210,2022-06,26,118
6210,2022-07,26,58
6210,2022-08,24,150
6210,2022-09,17,55
6210,2022-10,23,286
6210,2022-11,31,344
6210,2022-12,13,67
6210,2023-01,37,267
6210,2023-02,31,147
6210,2023-03,38,94
6210,2023-04,27,45
6210,2023-05,24,138
6210,2023-06,17,91
6210,2023-07,25,67
6210,2023-08,33,68
6210,2023-09,20,58
6210,2023-10,21,99
6210,2023-11,20,500
6210,2023-12,31,102
6210,2024-01,39,213
6210,2024-02,45,158
6210,2024-03,40,124
6210,2024-04,38,89
6210,2024-05,23,89
6210,2024-06,31,76
6210,2024-07,15,116
6210,2024-08,22,47
6210,2024-09,26,192
6210,2024-10,39,345
6210,2024-11,21,252
6210,2024-12,36,232
6210,2025-01,45,220
6210,2025-02,36,122
6210,2025-03,45,126
6210,2025-04,22,37
6210,2025-05,21,56
6210,2025-06,13,37
6210,2025-07,18,27
6210,2025-08,24,96
6210,2025-09,22,47
6210,2025-10,41,333
6210,2025-11,29,433
6210,2025-12,18,202
6210,2026-01,11,40
6210,2026-02,28,81
6221,2020-01,3,8
6221,2020-02,1,2
6221,2020-03,2,3
6221,2020-04,6,13
6221,2020-05,1,1
6221,2020-08,1,1
6221,2020-09,1,1
6221,2020-11,2,2
6221,2020-12,1,1
6221,2021-01,1,1
6221,2021-02,5,5
6221,2021-03,2,4
6221,2021-07,1,2
6221,2021-09,2,2
6221,2021-10,1,1
6221,2022-01,1,1
6221,2022-02,1,1
6221,2022-03,4,9
6221,2022-04,2,2
6221,2022-05,3,5
6221,2022-06,1,40
6221,2022-07,2,2
6221,2022-08,4,4
6221,2022-10,1,1
6221,2022-11,1,40
6221,2022-12,5,6
6221,2023-02,2,120
6221,2023-03,3,4
6221,2023-04,3,4
6221,2023-05,3,3
6221,2023-06,1,40
6221,2023-07,2,11
6221,2023-08,3,3
6221,2023-10,2,2
6221,2023-11,1,2
6221,2023-12,1,1
6221,2024-01,1,1
6221,2024-02,7,8
6221,2024-03,4,6
6221,2024-04,1,1
6221,2024-05,4,11
6221,2024-06,3,3
6221,2024-07,1,1
6221,2024-08,1,1
6221,2024-10,2,2
6221,2024-11,4,7
6221,2024-12,1,1
6221,2025-01,3,3
6221,2025-02,2,3
6221,2025-03,2,3
6221,2025-04,5,6
6221,2025-05,4,6
6221,2025-07,2,3
6221,2025-08,3,3
6221,2025-09,4,4
6221,2025-10,3,4
6221,2025-11,2,3
6221,2026-02,3,4
6222,2020-02,1,1
6222,2020-09,1,4
6222,2021-03,1,1
6222,2021-08,1,1
6222,2022-01,3,3
6222,2022-05,2,2
6222,2022-11,1,2
6222,2023-01,3,4
6222,2023-02,1,1
6222,2023-04,1,2
6222,2023-11,1,2
6222,2024-03,1,2
6222,2024-07,1,1
6222,2024-08,1,1
6222,2025-08,1,2
7111,2020-01,265,575
7111,2020-02,296,878
7111,2020-03,268,663
7111,2020-04,211,557
7111,2020-05,189,461
7111,2020-06,257,684
7111,2020-07,164,353
7111,2020-08,239,519
7111,2020-09,313,779
7111,2020-10,274,638
7111,2020-11,268,688
7111,2020-12,202,449
7111,2021-01,290,659
7111,2021-02,262,630
7111,2021-03,378,915
7111,2021-04,554,1367
7111,2021-05,517,1472
7111,2021-06,446,1863
7111,2021-07,335,2221
7111,2021-08,420,1198
7111,2021-09,503,1528
7111,2021-10,484,1462
7111,2021-11,424,1381
7111,2021-12,350,898
7111,2022-01,486,1224
7111,2022-02,511,1209
7111,2022-03,554,1350
7111,2022-04,561,1531
7111,2022-05,621,1807
7111,2022-06,503,1288
7111,2022-07,356,928
7111,2022-08,509,1639
7111,2022-09,592,1756
7111,2022-10,509,1436
7111,2022-11,362,880
7111,2022-12,297,820
7111,2023-01,300,702
7111,2023-02,326,655
7111,2023-03,315,623
7111,2023-04,271,556
7111,2023-05,336,738
7111,2023-06,230,586
7111,2023-07,162,556
7111,2023-08,198,425
7111,2023-09,183,369
7111,2023-10,188,527
7111,2023-11,109,300
7111,2023-12,88,232
7111,2024-01,117,292
7111,2024-02,112,190
7111,2024-03,129,268
7111,2024-04,183,407
7111,2024-05,219,453
7111,2024-06,154,319
7111,2024-07,143,328
7111,2024-08,211,434
7111,2024-09,165,350
7111,2024-10,202,495
7111,2024-11,141,307
7111,2024-12,86,181
7111,2025-01,142,316
7111,2025-02,116,241
7111,2025-03,161,300
7111,2025-04,203,475
7111,2025-05,247,614
7111,2025-06,211,424
7111,2025-07,151,330
7111,2025-08,273,615
7111,2025-09,276,640
7111,2025-10,227,511
7111,2025-11,180,345
7111,2025-12,151,344
7111,2026-01,69,112
7111,2026-02,155,318
7112,2020-01,42,96
7112,2020-02,70,156
7112,2020-03,45,105
7112,2020-04,48,126
7112,2020-05,32,76
7112,2020-06,37,73
7112,2020-07,34,61
7112,2020-08,46,99
7112,2020-09,55,102
7112,2020-10,40,63
7112,2020-11,42,90
7112,2020-12,36,60
7112,2021-01,54,110
7112,2021-02,56,101
7112,2021-03,58,110
7112,2021-04,79,163
7112,2021-05,84,172
7112,2021-06,86,160
7112,2021-07,54,140
7112,2021-08,73,166
7112,2021-09,82,178
7112,2021-10,66,153
7112,2021-11,75,157
7112,2021-12,49,127
7112,2022-01,70,149
7112,2022-02,60,138
7112,2022-03,81,170
7112,2022-04,71,230
7112,2022-05,86,232
7112,2022-06,56,110
7112,2022-07,48,104
7112,2022-08,54,105
7112,2022-09,61,132
7112,2022-10,53,104
7112,2022-11,35,57
7112,2022-12,25,61
7112,2023-01,28,49
7112,2023-02,35,60
7112,2023-03,35,66
7112,2023-04,37,96
7112,2023-05,54,126
7112,2023-06,34,74
7112,2023-07,18,48
7112,2023-08,33,69
7112,2023-09,27,46
7112,2023-10,29,60
7112,2023-11,18,31
7112,2023-12,14,28
7112,2024-01,36,77
7112,2024-02,31,56
7112,2024-03,27,44
7112,2024-04,40,86
7112,2024-05,41,74
7112,2024-06,24,35
7112,2024-07,20,35
7112,2024-08,24,39
7112,2024-09,33,57
7112,2024-10,25,59
7112,2024-11,18,22
7112,2024-12,22,42
7112,2025-01,29,48
7112,2025-02,35,58
7112,2025-03,38,67
7112,2025-04,39,74
7112,2025-05,45,91
7112,2025-06,26,39
7112,2025-07,22,67
7112,2025-08,40,75
7112,2025-09,39,75
7112,2025-10,51,119
7112,2025-11,55,121
7112,2025-12,45,186
7112,2026-01,14,37
7112,2026-02,35,110
7113,2020-01,91,213
7113,2020-02,81,159
7113,2020-03,120,404
7113,2020-04,54,116
7113,2020-05,56,182
7113,2020-06,62,136
7113,2020-07,49,100
7113,2020-08,57,118
7113,2020-09,57,107
7113,2020-10,58,121
7113,2020-11,59,120
7113,2020-12,61,114
7113,2021-01,66,128
7113,2021-02,76,171
7113,2021-03,120,246
7113,2021-04,145,288
7113,2021-05,170,314
7113,2021-06,151,317
7113,2021-07,131,376
7113,2021-08,151,385
7113,2021-09,195,614
7113,2021-10,239,577
7113,2021-11,167,411
7113,2021-12,190,487
7113,2022-01,220,431
7113,2022-02,211,478
7113,2022-03,266,564
7113,2022-04,283,583
7113,2022-05,257,528
7113,2022-06,229,481
7113,2022-07,175,418
7113,2022-08,213,476
7113,2022-09,248,490
7113,2022-10,180,367
7113,2022-11,157,356
7113,2022-12,110,266
7113,2023-01,126,269
7113,2023-02,135,312
7113,2023-03,150,290
7113,2023-04,83,198
7113,2023-05,92,191
7113,2023-06,106,353
7113,2023-07,88,312
7113,2023-08,97,189
7113,2023-09,110,217
7113,2023-10,97,211
7113,2023-11,71,199
7113,2023-12,41,147
7113,2024-01,67,180
7113,2024-02,67,157
7113,2024-03,77,244
7113,2024-04,135,302
7113,2024-05,160,388
7113,2024-06,106,369
7113,2024-07,104,266
7113,2024-08,117,256
7113,2024-09,110,268
7113,2024-10,124,321
7113,2024-11,68,139
7113,2024-12,48,281
7113,2025-01,76,196
7113,2025-02,76,372
7113,2025-03,85,248
7113,2025-04,139,392
7113,2025-05,119,323
7113,2025-06,71,193
7113,2025-07,101,263
7113,2025-08,134,282
7113,2025-09,116,301
7113,2025-10,98,243
7113,2025-11,92,297
7113,2025-12,91,287
7113,2026-01,17,47
7113,2026-02,73,155
7114,2020-01,112,263
7114,2020-02,136,488
7114,2020-03,144,280
7114,2020-04,128,279
7114,2020-05,117,190
7114,2020-06,110,203
7114,2020-07,59,103
7114,2020-08,96,142
7114,2020-09,110,183
7114,2020-10,113,206
7114,2020-11,89,138
7114,2020-12,69,156
7114,2021-01,98,215
7114,2021-02,136,345
7114,2021-03,172,375
7114,2021-04,184,276
7114,2021-05,212,572
7114,2021-06,103,202
7114,2021-07,56,129
7114,2021-08,109,237
7114,2021-09,133,258
7114,2021-10,112,209
7114,2021-11,113,211
7114,2021-12,137,289
7114,2022-01,203,432
7114,2022-02,245,505
7114,2022-03,279,659
7114,2022-04,290,614
7114,2022-05,287,590
7114,2022-06,164,349
7114,2022-07,109,160
7114,2022-08,167,387
7114,2022-09,165,339
7114,2022-10,151,310
7114,2022-11,135,285
7114,2022-12,130,256
7114,2023-01,152,332
7114,2023-02,209,483
7114,2023-03,257,469
7114,2023-04,197,401
7114,2023-05,215,347
7114,2023-06,121,208
7114,2023-07,147,374
7114,2023-08,140,322
7114,2023-09,128,225
7114,2023-10,113,169
7114,2023-11,98,182
7114,2023-12,72,156
7114,2024-01,121,225
7114,2024-02,201,423
7114,2024-03,229,546
7114,2024-04,261,576
7114,2024-05,260,711
7114,2024-06,152,387
7114,2024-07,160,446
7114,2024-08,139,278
7114,2024-09,148,305
7114,2024-10,124,261
7114,2024-11,113,185
7114,2024-12,142,195
7114,2025-01,113,205
7114,2025-02,150,275
7114,2025-03,192,455
7114,2025-04,204,521
7114,2025-05,165,363
7114,2025-06,107,180
7114,2025-07,90,199
7114,2025-08,121,218
7114,2025-09,108,164
7114,2025-10,136,247
7114,2025-11,93,158
7114,2025-12,153,225
7114,2026-01,37,81
7114,2026-02,176,414
7115,2020-02,1,4
7115,2020-07,1,2
7115,2020-08,1,1
7115,2020-10,1,2
7115,2020-11,1,1
7115,2021-02,1,1
7115,2021-05,1,1
7115,2021-07,1,1
7115,2021-10,1,1
7115,2021-11,1,1
7115,2021-12,1,1
7115,2022-01,1,4
7115,2022-02,2,3
7115,2022-03,1,3
7115,2022-04,3,4
7115,2022-06,2,4
7115,2022-07,1,1
7115,2022-08,3,6
7115,2022-09,1,1
7115,2022-10,2,2
7115,2022-11,4,6
7115,2022-12,3,3
7115,2023-01,6,6
7115,2023-02,6,12
7115,2023-03,5,12
7115,2023-04,3,3
7115,2023-07,1,1
7115,2023-08,1,2
7115,2023-09,1,4
7115,2023-10,1,1
7115,2023-12,2,3
7115,2024-02,1,10
7115,2024-03,3,4
7115,2024-04,4,4
7115,2024-06,1,1
7115,2024-07,1,2
7115,2024-08,1,2
7115,2024-09,2,3
7115,2024-10,3,5
7115,2024-11,8,11
7115,2024-12,12,15
7115,2025-01,17,17
7115,2025-02,10,11
7115,2025-03,10,10
7115,2025-04,2,2
7115,2025-05,1,1
7115,2025-07,3,4
7115,2025-08,2,7
7115,2025-09,5,5
7115,2025-10,1,1
7115,2026-02,3,6
7116,2020-01,8,42
7116,2020-02,14,56
7116,2020-03,27,107
7116,2020-04,18,37
7116,2020-05,15,26
7116,2020-06,10,31
7116,2020-07,13,30
7116,2020-08,17,27
7116,2020-09,11,25
7116,2020-10,13,29
7116,2020-11,9,26
7116,2020-12,10,18
7116,2021-01,7,26
7116,2021-02,16,34
7116,2021-03,14,45
7116,2021-04,18,49
7116,2021-05,21,72
7116,2021-06,20,57
7116,2021-07,10,31
7116,2021-08,16,56
7116,2021-09,47,96
7116,2021-10,25,68
7116,2021-11,29,72
7116,2021-12,17,73
7116,2022-01,22,81
7116,2022-02,19,87
7116,2022-03,35,99
7116,2022-04,21,61
7116,2022-05,54,127
7116,2022-06,35,116
7116,2022-07,17,75
7116,2022-08,30,139
7116,2022-09,41,94
7116,2022-10,29,67
7116,2022-11,19,57
7116,2022-12,27,70
7116,2023-01,25,68
7116,2023-02,21,62
7116,2023-03,29,118
7116,2023-04,30,94
7116,2023-05,40,98
7116,2023-06,51,121
7116,2023-07,25,76
7116,2023-08,38,92
7116,2023-09,26,71
7116,2023-10,62,158
7116,2023-11,32,60
7116,2023-12,25,112
7116,2024-01,22,56
7116,2024-02,19,90
7116,2024-03,26,59
7116,2024-04,16,39
7116,2024-05,14,34
7116,2024-06,29,71
7116,2024-07,17,42
7116,2024-08,25,62
7116,2024-09,39,81
7116,2024-10,26,85
7116,2024-11,44,111
7116,2024-12,12,40
7116,2025-01,28,100
7116,2025-02,35,90
7116,2025-03,26,74
7116,2025-04,27,89
7116,2025-05,30,92
7116,2025-06,18,43
7116,2025-07,11,24
7116,2025-08,14,34
7116,2025-09,24,81
7116,2025-10,29,81
7116,2025-11,24,63
7116,2025-12,18,41
7116,2026-01,9,49
7116,2026-02,12,34
7119,2020-01,111,295
7119,2020-02,104,316
7119,2020-03,21,43
7119,2020-04,19,59
7119,2020-05,20,30
7119,2020-06,30,104
7119,2020-07,20,52
7119,2020-08,20,38
7119,2020-09,38,85
7119,2020-10,36,100
7119,2020-11,30,75
7119,2020-12,19,50
7119,2021-01,30,65
7119,2021-02,29,61
7119,2021-03,30,58
7119,2021-04,59,127
7119,2021-05,59,169
7119,2021-06,60,144
7119,2021-07,53,121
7119,2021-08,44,106
7119,2021-09,61,171
7119,2021-10,44,107
7119,2021-11,46,184
7119,2021-12,35,142
7119,2022-01,37,99
7119,2022-02,39,147
7119,2022-03,66,159
7119,2022-04,46,133
7119,2022-05,49,146
7119,2022-06,49,143
7119,2022-07,27,79
7119,2022-08,45,114
7119,2022-09,56,125
7119,2022-10,35,68
7119,2022-11,20,37
7119,2022-12,19,75
7119,2023-01,24,76
7119,2023-02,43,75
7119,2023-03,39,98
7119,2023-04,35,83
7119,2023-05,35,89
7119,2023-06,39,91
7119,2023-07,24,42
7119,2023-08,23,54
7119,2023-09,26,60
7119,2023-10,25,62
7119,2023-11,11,30
7119,2023-12,7,28
7119,2024-01,17,65
7119,2024-02,40,219
7119,2024-03,18,67
7119,2024-04,38,205
7119,2024-05,24,47
7119,2024-06,24,69
7119,2024-07,20,55
7119,2024-08,29,77
7119,2024-09,31,69
7119,2024-10,24,75
7119,2024-11,20,52
7119,2024-12,15,55
7119,2025-01,22,61
7119,2025-02,23,60
7119,2025-03,25,69
7119,2025-04,21,39
7119,2025-05,27,65
7119,2025-06,26,84
7119,2025-07,19,59
7119,2025-08,27,118
7119,2025-09,32,105
7119,2025-10,46,98
7119,2025-11,18,49
7119,2025-12,21,53
7119,2026-01,11,23
7119,2026-02,21,42
7121,2020-01,39,90
7121,2020-02,27,60
7121,2020-03,28,63
7121,2020-04,23,51
7121,2020-05,22,29
7121,2020-06,28,50
7121,2020-07,25,47
7121,2020-08,34,61
7121,2020-09,30,49
7121,2020-10,27,38
7121,2020-11,29,74
7121,2020-12,28,92
7121,2021-01,32,56
7121,2021-02,39,77
7121,2021-03,64,116
7121,2021-04,83,142
7121,2021-05,42,79
7121,2021-06,54,114
7121,2021-07,29,43
7121,2021-08,45,106
7121,2021-09,74,114
7121,2021-10,73,136
7121,2021-11,67,128
7121,2021-12,66,139
7121,2022-01,108,192
7121,2022-02,166,359
7121,2022-03,179,273
7121,2022-04,128,211
7121,2022-05,130,197
7121,2022-06,111,164
7121,2022-07,85,120
7121,2022-08,101,217
7121,2022-09,90,185
7121,2022-10,69,238
7121,2022-11,40,97
7121,2022-12,39,118
7121,2023-01,80,172
7121,2023-02,78,189
7121,2023-03,89,238
7121,2023-04,74,175
7121,2023-05,49,99
7121,2023-06,52,91
7121,2023-07,32,63
7121,2023-08,57,103
7121,2023-09,49,151
7121,2023-10,38,117
7121,2023-11,29,68
7121,2023-12,16,20
7121,2024-01,26,48
7121,2024-02,30,60
7121,2024-03,37,91
7121,2024-04,15,25
7121,2024-05,23,50
7121,2024-06,16,23
7121,2024-07,19,43
7121,2024-08,25,53
7121,2024-09,42,86
7121,2024-10,25,41
7121,2024-11,26,90
7121,2024-12,9,17
7121,2025-01,26,41
7121,2025-02,34,58
7121,2025-03,31,61
7121,2025-04,28,44
7121,2025-05,39,76
7121,2025-06,32,57
7121,2025-07,20,28
7121,2025-08,35,61
7121,2025-09,39,81
7121,2025-10,26,44
7121,2025-11,27,49
7121,2025-12,23,50
7121,2026-01,12,16
7121,2026-02,10,20
7122,2020-01,18,25
7122,2020-02,25,38
7122,2020-03,16,35
7122,2020-04,7,22
7122,2020-05,9,18
7122,2020-06,7,14
7122,2020-07,5,11
7122,2020-08,9,13
7122,2020-09,8,10
7122,2020-10,18,32
7122,2020-11,5,5
7122,2020-12,7,10
7122,2021-01,18,26
7122,2021-02,13,19
7122,2021-03,21,41
7122,2021-04,13,28
7122,2021-05,22,29
7122,2021-06,19,30
7122,2021-07,13,23
7122,2021-08,24,45
7122,2021-09,26,43
7122,2021-10,23,32
7122,2021-11,19,25
7122,2021-12,17,24
7122,2022-01,18,23
7122,2022-02,23,43
7122,2022-03,21,34
7122,2022-04,21,28
7122,2022-05,18,43
7122,2022-06,31,42
7122,2022-07,13,20
7122,2022-08,15,19
7122,2022-09,18,20
7122,2022-10,20,30
7122,2022-11,18,29
7122,2022-12,9,12
7122,2023-01,13,27
7122,2023-02,9,13
7122,2023-03,13,14
7122,2023-04,14,35
7122,2023-05,20,24
7122,2023-06,15,18
7122,2023-07,12,20
7122,2023-08,8,12
7122,2023-09,7,10
7122,2023-10,8,15
7122,2023-11,8,9
7122,2023-12,10,10
7122,2024-01,7,8
7122,2024-02,9,10
7122,2024-03,7,7
7122,2024-04,23,26
7122,2024-05,11,19
7122,2024-06,11,17
7122,2024-07,8,17
7122,2024-08,4,4
7122,2024-09,5,9
7122,2024-10,5,5
7122,2024-11,7,7
7122,2024-12,1,1
7122,2025-01,4,6
7122,2025-02,7,8
7122,2025-03,7,7
7122,2025-04,9,18
7122,2025-05,14,32
7122,2025-06,4,7
7122,2025-07,8,15
7122,2025-08,15,20
7122,2025-09,12,37
7122,2025-10,17,20
7122,2025-11,13,49
7122,2025-12,27,57
7122,2026-01,3,9
7122,2026-02,13,21
7123,2020-01,11,18
7123,2020-02,12,31
7123,2020-03,7,8
7123,2020-04,6,7
7123,2020-05,6,8
7123,2020-06,6,8
7123,2020-07,3,3
7123,2020-08,6,6
7123,2020-09,3,3
7123,2020-10,14,19
7123,2020-11,5,7
7123,2020-12,7,12
7123,2021-01,5,11
7123,2021-02,4,8
7123,2021-03,7,16
7123,2021-04,6,12
7123,2021-05,9,15
7123,2021-06,8,18
7123,2021-07,8,10
7123,2021-08,9,15
7123,2021-09,15,22
7123,2021-10,18,22
7123,2021-11,12,13
7123,2021-12,3,17
7123,2022-01,3,7
7123,2022-02,11,27
7123,2022-03,12,16
7123,2022-04,12,17
7123,2022-05,14,25
7123,2022-06,8,10
7123,2022-07,7,15
7123,2022-08,24,25
7123,2022-09,27,35
7123,2022-10,16,29
7123,2022-11,9,13
7123,2022-12,10,21
7123,2023-01,13,26
7123,2023-02,20,38
7123,2023-03,18,28
7123,2023-04,15,24
7123,2023-05,19,30
7123,2023-06,20,32
7123,2023-07,11,20
7123,2023-08,14,22
7123,2023-09,9,13
7123,2023-10,8,12
7123,2023-11,15,21
7123,2023-12,4,4
7123,2024-01,7,8
7123,2024-02,4,5
7123,2024-03,3,4
7123,2024-04,7,16
7123,2024-05,12,35
7123,2024-06,12,24
7123,2024-07,13,41
7123,2024-08,25,47
7123,2024-09,21,41
7123,2024-10,19,25
7123,2024-11,10,13
7123,2024-12,4,4
7123,2025-01,3,4
7123,2025-02,8,12
7123,2025-03,7,12
7123,2025-04,9,10
7123,2025-05,10,14
7123,2025-06,11,12
7123,2025-07,12,16
7123,2025-08,16,18
7123,2025-09,11,15
7123,2025-10,8,14
7123,2025-11,4,9
7123,2025-12,6,9
7123,2026-01,5,33
7123,2026-02,6,9
7124,2020-01,7,8
7124,2020-02,19,23
7124,2020-03,15,18
7124,2020-04,14,16
7124,2020-05,15,25
7124,2020-06,10,12
7124,2020-07,5,9
7124,2020-08,12,17
7124,2020-09,19,21
7124,2020-10,8,8
7124,2020-11,9,17
7124,2020-12,9,11
7124,2021-01,9,10
7124,2021-02,14,15
7124,2021-03,13,19
7124,2021-04,41,43
7124,2021-05,25,34
7124,2021-06,27,48
7124,2021-07,8,9
7124,2021-08,14,23
7124,2021-09,16,28
7124,2021-10,19,33
7124,2021-11,24,52
7124,2021-12,18,41
7124,2022-01,31,50
7124,2022-02,27,52
7124,2022-03,32,53
7124,2022-04,45,75
7124,2022-05,30,56
7124,2022-06,22,37
7124,2022-07,10,16
7124,2022-08,42,54
7124,2022-09,26,29
7124,2022-10,21,28
7124,2022-11,21,23
7124,2022-12,15,17
7124,2023-01,30,33
7124,2023-02,28,32
7124,2023-03,25,26
7124,2023-04,27,34
7124,2023-05,15,18
7124,2023-06,11,15
7124,2023-07,4,4
7124,2023-08,18,22
7124,2023-09,22,26
7124,2023-10,23,31
7124,2023-11,19,19
7124,2023-12,16,20
7124,2024-01,31,38
7124,2024-02,15,21
7124,2024-03,39,50
7124,2024-04,21,33
7124,2024-05,13,18
7124,2024-06,9,21
7124,2024-07,11,18
7124,2024-08,21,25
7124,2024-09,13,16
7124,2024-10,13,19
7124,2024-11,14,20
7124,2024-12,20,24
7124,2025-01,24,28
7124,2025-02,25,28
7124,2025-03,43,45
7124,2025-04,15,18
7124,2025-05,5,5
7124,2025-06,8,13
7124,2025-07,10,13
7124,2025-08,15,24
7124,2025-09,18,23
7124,2025-10,6,13
7124,2025-11,11,18
7124,2025-12,7,11
7124,2026-01,5,12
7124,2026-02,6,6
7125,2020-01,142,237
7125,2020-02,157,233
7125,2020-03,131,193
7125,2020-04,80,130
7125,2020-05,56,84
7125,2020-06,82,111
7125,2020-07,73,85
7125,2020-08,110,172
7125,2020-09,170,215
7125,2020-10,189,221
7125,2020-11,172,202
7125,2020-12,180,212
7125,2021-01,158,210
7125,2021-02,92,137
7125,2021-03,122,200
7125,2021-04,125,214
7125,2021-05,159,236
7125,2021-06,178,276
7125,2021-07,77,165
7125,2021-08,132,239
7125,2021-09,206,405
7125,2021-10,225,431
7125,2021-11,220,553
7125,2021-12,170,297
7125,2022-01,211,380
7125,2022-02,214,379
7125,2022-03,218,429
7125,2022-04,215,433
7125,2022-05,217,396
7125,2022-06,149,261
7125,2022-07,124,198
7125,2022-08,246,419
7125,2022-09,193,348
7125,2022-10,234,408
7125,2022-11,191,272
7125,2022-12,165,261
7125,2023-01,214,348
7125,2023-02,146,236
7125,2023-03,204,351
7125,2023-04,168,481
7125,2023-05,203,350
7125,2023-06,200,339
7125,2023-07,108,167
7125,2023-08,149,241
7125,2023-09,153,223
7125,2023-10,166,260
7125,2023-11,144,262
7125,2023-12,131,176
7125,2024-01,148,214
7125,2024-02,128,168
7125,2024-03,140,178
7125,2024-04,110,179
7125,2024-05,103,139
7125,2024-06,84,134
7125,2024-07,70,105
7125,2024-08,106,136
7125,2024-09,105,132
7125,2024-10,112,138
7125,2024-11,127,154
7125,2024-12,99,120
7125,2025-01,140,199
7125,2025-02,117,197
7125,2025-03,132,164
7125,2025-04,120,167
7125,2025-05,149,197
7125,2025-06,107,151
7125,2025-07,77,105
7125,2025-08,141,238
7125,2025-09,163,209
7125,2025-10,157,217
7125,2025-11,122,172
7125,2025-12,102,195
7125,2026-01,50,159
7125,2026-02,125,177
7126,2020-01,19,24
7126,2020-02,34,38
7126,2020-03,18,18
7126,2020-04,10,12
7126,2020-05,10,10
7126,2020-06,9,13
7126,2020-07,18,22
7126,2020-08,23,23
7126,2020-09,27,33
7126,2020-10,32,38
7126,2020-11,27,30
7126,2020-12,40,50
7126,2021-01,32,40
7126,2021-02,30,33
7126,2021-03,37,49
7126,2021-04,31,37
7126,2021-05,24,25
7126,2021-06,44,52
7126,2021-07,32,40
7126,2021-08,28,31
7126,2021-09,53,62
7126,2021-10,54,91
7126,2021-11,76,105
7126,2021-12,68,77
7126,2022-01,82,105
7126,2022-02,69,84
7126,2022-03,67,85
7126,2022-04,50,63
7126,2022-05,59,65
7126,2022-06,57,78
7126,2022-07,34,41
7126,2022-08,74,100
7126,2022-09,176,204
7126,2022-10,51,65
7126,2022-11,43,68
7126,2022-12,61,69
7126,2023-01,37,47
7126,2023-02,77,96
7126,2023-03,86,98
7126,2023-04,83,83
7126,2023-05,136,143
7126,2023-06,112,124
7126,2023-07,114,192
7126,2023-08,120,126
7126,2023-09,151,159
7126,2023-10,133,140
7126,2023-11,91,92
7126,2023-12,62,102
7126,2024-01,75,75
7126,2024-02,88,91
7126,2024-03,84,88
7126,2024-04,98,104
7126,2024-05,77,84
7126,2024-06,45,51
7126,2024-07,19,23
7126,2024-08,60,60
7126,2024-09,58,67
7126,2024-10,51,63
7126,2024-11,38,46
7126,2024-12,55,65
7126,2025-01,52,56
7126,2025-02,37,39
7126,2025-03,43,45
7126,2025-04,43,44
7126,2025-05,31,32
7126,2025-06,39,42
7126,2025-07,17,17
7126,2025-08,30,36
7126,2025-09,33,40
7126,2025-10,53,56
7126,2025-11,33,35
7126,2025-12,32,34
7126,2026-01,7,7
7126,2026-02,32,32
7131,2020-01,53,83
7131,2020-02,57,92
7131,2020-03,57,97
7131,2020-04,38,71
7131,2020-05,55,86
7131,2020-06,60,94
7131,2020-07,33,52
7131,2020-08,64,158
7131,2020-09,46,81
7131,2020-10,53,96
7131,2020-11,40,117
7131,2020-12,34,49
7131,2021-01,59,96
7131,2021-02,56,103
7131,2021-03,88,143
7131,2021-04,90,142
7131,2021-05,93,192
7131,2021-06,99,265
7131,2021-07,54,152
7131,2021-08,83,249
7131,2021-09,96,226
7131,2021-10,57,203
7131,2021-11,74,374
7131,2021-12,47,77
7131,2022-01,86,492
7131,2022-02,85,220
7131,2022-03,111,196
7131,2022-04,135,353
7131,2022-05,163,287
7131,2022-06,101,167
7131,2022-07,70,115
7131,2022-08,85,150
7131,2022-09,79,143
7131,2022-10,104,145
7131,2022-11,95,131
7131,2022-12,31,65
7131,2023-01,55,99
7131,2023-02,56,102
7131,2023-03,74,158
7131,2023-04,72,227
7131,2023-05,82,236
7131,2023-06,81,165
7131,2023-07,80,119
7131,2023-08,55,102
7131,2023-09,38,70
7131,2023-10,24,30
7131,2023-11,23,39
7131,2023-12,15,28
7131,2024-01,32,53
7131,2024-02,37,71
7131,2024-03,48,78
7131,2024-04,62,84
7131,2024-05,77,114
7131,2024-06,61,91
7131,2024-07,37,67
7131,2024-08,38,81
7131,2024-09,43,58
7131,2024-10,28,47
7131,2024-11,13,18
7131,2024-12,23,33
7131,2025-01,38,57
7131,2025-02,34,84
7131,2025-03,28,59
7131,2025-04,52,92
7131,2025-05,44,95
7131,2025-06,48,103
7131,2025-07,25,54
7131,2025-08,55,109
7131,2025-09,60,136
7131,2025-10,37,96
7131,2025-11,25,61
7131,2025-12,26,49
7131,2026-01,18,27
7131,2026-02,34,65
7132,2020-01,50,66
7132,2020-02,48,57
7132,2020-03,47,67
7132,2020-04,24,35
7132,2020-05,14,18
7132,2020-06,40,47
7132,2020-07,27,37
7132,2020-08,48,63
7132,2020-09,71,91
7132,2020-10,51,62
7132,2020-11,47,59
7132,2020-12,44,62
7132,2021-01,51,63
7132,2021-02,68,89
7132,2021-03,82,102
7132,2021-04,58,76
7132,2021-05,57,97
7132,2021-06,74,95
7132,2021-07,58,82
7132,2021-08,73,109
7132,2021-09,79,142
7132,2021-10,74,105
7132,2021-11,60,92
7132,2021-12,64,130
7132,2022-01,65,92
7132,2022-02,108,114
7132,2022-03,101,122
7132,2022-04,103,147
7132,2022-05,100,108
7132,2022-06,76,94
7132,2022-07,67,79
7132,2022-08,96,126
7132,2022-09,90,112
7132,2022-10,68,97
7132,2022-11,89,101
7132,2022-12,76,119
7132,2023-01,91,147
7132,2023-02,87,138
7132,2023-03,85,112
7132,2023-04,75,117
7132,2023-05,84,123
7132,2023-06,50,60
7132,2023-07,86,99
7132,2023-08,126,147
7132,2023-09,95,116
7132,2023-10,90,122
7132,2023-11,63,92
7132,2023-12,43,49
7132,2024-01,72,96
7132,2024-02,133,459
7132,2024-03,101,136
7132,2024-04,86,130
7132,2024-05,78,108
7132,2024-06,77,98
7132,2024-07,65,85
7132,2024-08,114,172
7132,2024-09,83,110
7132,2024-10,83,108
7132,2024-11,90,144
7132,2024-12,88,100
7132,2025-01,130,178
7132,2025-02,116,200
7132,2025-03,99,144
7132,2025-04,85,164
7132,2025-05,59,82
7132,2025-06,47,83
7132,2025-07,33,46
7132,2025-08,91,133
7132,2025-09,79,112
7132,2025-10,92,126
7132,2025-11,72,88
7132,2025-12,54,59
7132,2026-01,20,25
7132,2026-02,41,49
7133,2020-01,5,5
7133,2020-02,66,70
7133,2020-03,52,55
7133,2020-04,16,16
7133,2020-05,13,13
7133,2020-06,37,38
7133,2020-07,29,29
7133,2020-08,33,33
7133,2020-09,41,41
7133,2020-10,47,54
7133,2020-11,33,33
7133,2020-12,32,41
7133,2021-01,20,20
7133,2021-02,5,7
7133,2021-03,6,6
7133,2021-04,1,1
7133,2021-05,5,6
7133,2021-06,6,8
7133,2021-08,5,7
7133,2021-09,4,5
7133,2021-10,1,1
7133,2021-11,7,7
7133,2021-12,6,6
7133,2022-01,5,7
7133,2022-02,9,12
7133,2022-03,5,5
7133,2022-04,4,8
7133,2022-05,7,8
7133,2022-06,3,6
7133,2022-08,4,7
7133,2022-09,6,8
7133,2022-10,4,4
7133,2022-11,2,3
7133,2022-12,5,8
7133,2023-01,8,10
7133,2023-02,2,2
7133,2023-03,7,12
7133,2023-04,2,2
7133,2023-05,9,9
7133,2023-06,4,6
7133,2023-07,2,2
7133,2023-08,6,6
7133,2023-09,8,9
7133,2023-10,4,4
7133,2023-11,3,5
7133,2023-12,3,3
7133,2024-01,4,5
7133,2024-02,3,3
7133,2024-03,2,2
7133,2024-04,2,2
7133,2024-05,4,7
7133,2024-06,12,14
7133,2024-07,2,3
7133,2024-08,3,4
7133,2024-09,3,3
7133,2024-10,16,22
7133,2024-11,1,1
7133,2024-12,2,2
7133,2025-01,1,5
7133,2025-02,1,1
7133,2025-03,2,2
7133,2025-04,1,1
7133,2025-05,2,5
7133,2025-06,2,4
7133,2025-07,1,4
7133,2025-08,2,3
7133,2025-09,9,16
7133,2025-10,4,5
7133,2025-12,2,4
7133,2026-02,5,7
7134,2020-01,65,442
7134,2020-02,71,381
7134,2020-03,56,704
7134,2020-04,26,74
7134,2020-05,20,37
7134,2020-06,55,163
7134,2020-07,27,72
7134,2020-08,31,45
7134,2020-09,40,91
7134,2020-10,46,77
7134,2020-11,41,74
7134,2020-12,37,203
7134,2021-01,39,107
7134,2021-02,40,165
7134,2021-03,49,101
7134,2021-04,80,145
7134,2021-05,88,158
7134,2021-06,61,163
7134,2021-07,34,65
7134,2021-08,47,114
7134,2021-09,69,182
7134,2021-10,66,215
7134,2021-11,75,236
7134,2021-12,64,129
7134,2022-01,75,143
7134,2022-02,101,209
7134,2022-03,128,342
7134,2022-04,91,221
7134,2022-05,145,345
7134,2022-06,81,183
7134,2022-07,50,101
7134,2022-08,94,229
7134,2022-09,103,226
7134,2022-10,90,223
7134,2022-11,73,249
7134,2022-12,89,308
7134,2023-01,109,413
7134,2023-02,67,208
7134,2023-03,133,301
7134,2023-04,92,225
7134,2023-05,97,245
7134,2023-06,61,190
7134,2023-07,38,117
7134,2023-08,86,245
7134,2023-09,38,111
7134,2023-10,48,136
7134,2023-11,43,160
7134,2023-12,49,134
7134,2024-01,57,462
7134,2024-02,60,244
7134,2024-03,57,113
7134,2024-04,75,159
7134,2024-05,44,120
7134,2024-06,37,106
7134,2024-07,21,32
7134,2024-08,49,225
7134,2024-09,55,130
7134,2024-10,39,60
7134,2024-11,44,150
7134,2024-12,35,168
7134,2025-01,70,225
7134,2025-02,96,250
7134,2025-03,91,272
7134,2025-04,76,180
7134,2025-05,57,145
7134,2025-06,48,79
7134,2025-07,38,65
7134,2025-08,41,107
7134,2025-09,46,71
7134,2025-10,54,138
7134,2025-11,51,111
7134,2025-12,41,117
7134,2026-01,37,80
7134,2026-02,78,195
7211,2020-01,6,6
7211,2020-02,4,4
7211,2020-03,4,5
7211,2020-04,6,17
7211,2020-05,2,5
7211,2020-06,2,2
7211,2020-07,2,6
7211,2020-08,6,14
7211,2020-09,7,23
7211,2020-10,13,32
7211,2020-11,13,30
7211,2020-12,10,15
7211,2021-01,13,31
7211,2021-02,5,23
7211,2021-03,13,18
7211,2021-04,17,41
7211,2021-05,16,27
7211,2021-06,22,59
7211,2021-07,14,29
7211,2021-08,23,55
7211,2021-09,16,21
7211,2021-10,12,20
7211,2021-11,19,31
7211,2021-12,16,22
7211,2022-01,19,28
7211,2022-02,13,20
7211,2022-03,34,66
7211,2022-04,22,39
7211,2022-05,35,71
7211,2022-06,19,38
7211,2022-07,25,49
7211,2022-08,24,47
7211,2022-09,17,36
7211,2022-10,20,44
7211,2022-11,11,22
7211,2022-12,2,2
7211,2023-01,4,8
7211,2023-02,4,7
7211,2023-03,3,3
7211,2023-04,2,2
7211,2023-05,6,12
7211,2023-06,5,16
7211,2023-07,3,9
7211,2023-08,4,5
7211,2023-09,5,5
7211,2023-10,8,8
7211,2023-11,16,17
7211,2023-12,23,34
7211,2024-01,22,27
7211,2024-02,19,24
7211,2024-03,24,26
7211,2024-04,18,20
7211,2024-05,17,23
7211,2024-06,8,11
7211,2024-07,5,6
7211,2024-08,6,11
7211,2024-09,9,19
7211,2024-10,14,26
7211,2024-11,15,31
7211,2024-12,22,62
7211,2025-01,34,63
7211,2025-02,14,25
7211,2025-03,19,26
7211,2025-04,12,16
7211,2025-05,8,11
7211,2025-06,4,7
7211,2025-07,6,14
7211,2025-08,9,13
7211,2025-09,3,3
7211,2025-10,3,3
7211,2025-11,5,7
7211,2025-12,3,3
7211,2026-01,4,5
7211,2026-02,7,9
7212,2020-01,193,368
7212,2020-02,176,256
7212,2020-03,155,284
7212,2020-04,78,159
7212,2020-05,85,129
7212,2020-06,123,294
7212,2020-07,86,359
7212,2020-08,165,352
7212,2020-09,269,531
7212,2020-10,225,300
7212,2020-11,192,255
7212,2020-12,190,613
7212,2021-01,246,384
7212,2021-02,298,757
7212,2021-03,334,524
7212,2021-04,346,460
7212,2021-05,323,463
7212,2021-06,428,662
7212,2021-07,292,524
7212,2021-08,319,498
7212,2021-09,456,753
7212,2021-10,511,904
7212,2021-11,413,858
7212,2021-12,357,719
7212,2022-01,384,708
7212,2022-02,438,855
7212,2022-03,504,1177
7212,2022-04,410,1079
7212,2022-05,494,1262
7212,2022-06,355,751
7212,2022-07,271,534
7212,2022-08,462,1201
7212,2022-09,466,1156
7212,2022-10,490,1149
7212,2022-11,518,1290
7212,2022-12,531,1229
7212,2023-01,556,1385
7212,2023-02,465,1160
7212,2023-03,640,1619
7212,2023-04,523,1249
7212,2023-05,742,1897
7212,2023-06,798,1848
7212,2023-07,366,644
7212,2023-08,467,795
7212,2023-09,329,502
7212,2023-10,331,551
7212,2023-11,276,435
7212,2023-12,290,412
7212,2024-01,365,553
7212,2024-02,314,472
7212,2024-03,336,527
7212,2024-04,351,593
7212,2024-05,342,570
7212,2024-06,255,417
7212,2024-07,205,298
7212,2024-08,287,422
7212,2024-09,266,411
7212,2024-10,268,414
7212,2024-11,250,338
7212,2024-12,190,356
7212,2025-01,242,364
7212,2025-02,227,346
7212,2025-03,248,307
7212,2025-04,282,426
7212,2025-05,260,370
7212,2025-06,190,239
7212,2025-07,126,212
7212,2025-08,225,327
7212,2025-09,287,519
7212,2025-10,265,627
7212,2025-11,218,549
7212,2025-12,190,354
7212,2026-01,40,112
7212,2026-02,156,278
7213,2020-01,21,32
7213,2020-02,17,34
7213,2020-03,21,43
7213,2020-04,13,38
7213,2020-05,11,13
7213,2020-06,8,15
7213,2020-07,10,14
7213,2020-08,12,21
7213,2020-09,24,42
7213,2020-10,36,46
7213,2020-11,38,87
7213,2020-12,26,142
7213,2021-01,17,129
7213,2021-02,30,48
7213,2021-03,49,84
7213,2021-04,32,53
7213,2021-05,25,53
7213,2021-06,23,148
7213,2021-07,11,39
7213,2021-08,14,31
7213,2021-09,23,59
7213,2021-10,21,74
7213,2021-11,25,67
7213,2021-12,9,19
7213,2022-01,19,36
7213,2022-02,26,64
7213,2022-03,24,50
7213,2022-04,22,48
7213,2022-05,34,58
7213,2022-06,40,65
7213,2022-07,39,65
7213,2022-08,35,87
7213,2022-09,26,46
7213,2022-10,19,35
7213,2022-11,17,20
7213,2022-12,20,38
7213,2023-01,25,54
7213,2023-02,22,38
7213,2023-03,25,47
7213,2023-04,23,42
7213,2023-05,24,47
7213,2023-06,18,30
7213,2023-07,9,19
7213,2023-08,20,34
7213,2023-09,30,57
7213,2023-10,18,24
7213,2023-11,25,40
7213,2023-12,16,16
7213,2024-01,22,26
7213,2024-02,38,47
7213,2024-03,35,47
7213,2024-04,19,25
7213,2024-05,25,37
7213,2024-06,29,45
7213,2024-07,9,22
7213,2024-08,22,37
7213,2024-09,30,38
7213,2024-10,23,40
7213,2024-11,30,47
7213,2024-12,17,22
7213,2025-01,32,48
7213,2025-02,21,24
7213,2025-03,9,17
7213,2025-04,21,39
7213,2025-05,28,41
7213,2025-06,20,28
7213,2025-07,20,32
7213,2025-08,29,64
7213,2025-09,25,29
7213,2025-10,25,43
7213,2025-11,25,38
7213,2025-12,12,12
7213,2026-01,7,7
7213,2026-02,9,13
7214,2020-01,42,65
7214,2020-02,48,65
7214,2020-03,35,42
7214,2020-04,18,29
7214,2020-05,19,23
7214,2020-06,36,49
7214,2020-07,10,15
7214,2020-08,39,47
7214,2020-09,36,41
7214,2020-10,31,37
7214,2020-11,32,33
7214,2020-12,28,28
7214,2021-01,24,29
7214,2021-02,33,38
7214,2021-03,36,40
7214,2021-04,29,40
7214,2021-05,19,25
7214,2021-06,28,33
7214,2021-07,20,26
7214,2021-08,42,61
7214,2021-09,52,66
7214,2021-10,26,35
7214,2021-11,64,82
7214,2021-12,58,62
7214,2022-01,54,72
7214,2022-02,72,85
7214,2022-03,57,70
7214,2022-04,65,94
7214,2022-05,83,111
7214,2022-06,56,83
7214,2022-07,26,43
7214,2022-08,45,68
7214,2022-09,65,128
7214,2022-10,59,80
7214,2022-11,55,65
7214,2022-12,57,74
7214,2023-01,61,79
7214,2023-02,64,80
7214,2023-03,66,73
7214,2023-04,64,80
7214,2023-05,88,101
7214,2023-06,67,94
7214,2023-07,79,111
7214,2023-08,99,129
7214,2023-09,102,165
7214,2023-10,76,106
7214,2023-11,111,142
7214,2023-12,87,157
7214,2024-01,89,132
7214,2024-02,200,439
7214,2024-03,70,103
7214,2024-04,122,206
7214,2024-05,161,169
7214,2024-06,92,104
7214,2024-07,68,80
7214,2024-08,74,121
7214,2024-09,79,85
7214,2024-10,72,83
7214,2024-11,61,66
7214,2024-12,57,67
7214,2025-01,79,83
7214,2025-02,69,81
7214,2025-03,58,64
7214,2025-04,89,153
7214,2025-05,63,69
7214,2025-06,25,25
7214,2025-07,53,56
7214,2025-08,65,72
7214,2025-09,78,83
7214,2025-10,87,99
7214,2025-11,52,54
7214,2025-12,34,39
7214,2026-01,23,25
7214,2026-02,44,47
7215,2020-01,8,11
7215,2020-02,6,12
7215,2020-03,6,18
7215,2020-04,2,2
7215,2020-06,3,3
7215,2020-08,2,2
7215,2020-09,5,11
7215,2020-10,1,1
7215,2020-11,4,7
7215,2020-12,1,8
7215,2021-01,3,4
7215,2021-02,4,5
7215,2021-03,7,12
7215,2021-04,9,18
7215,2021-05,7,9
7215,2021-06,8,12
7215,2021-07,4,5
7215,2021-08,9,23
7215,2021-09,16,56
7215,2021-10,13,17
7215,2021-11,16,35
7215,2021-12,15,24
7215,2022-01,20,79
7215,2022-02,32,44
7215,2022-03,49,68
7215,2022-04,31,82
7215,2022-05,23,30
7215,2022-06,19,42
7215,2022-07,2,2
7215,2022-08,14,47
7215,2022-09,11,16
7215,2022-10,8,27
7215,2022-11,13,26
7215,2022-12,6,8
7215,2023-01,9,14
7215,2023-02,10,25
7215,2023-03,21,71
7215,2023-04,14,49
7215,2023-05,22,76
7215,2023-06,19,282
7215,2023-07,8,12
7215,2023-08,14,58
7215,2023-09,11,12
7215,2023-10,12,29
7215,2023-11,7,32
7215,2023-12,5,6
7215,2024-01,7,10
7215,2024-02,13,13
7215,2024-03,9,23
7215,2024-04,14,16
7215,2024-05,20,27
7215,2024-06,14,25
7215,2024-07,11,12
7215,2024-08,7,28
7215,2024-09,16,28
7215,2024-10,16,20
7215,2024-11,7,7
7215,2024-12,20,23
7215,2025-01,11,16
7215,2025-02,10,17
7215,2025-03,13,43
7215,2025-04,16,106
7215,2025-05,8,35
7215,2025-06,8,15
7215,2025-07,2,2
7215,2025-08,5,6
7215,2025-09,5,12
7215,2025-10,10,41
7215,2025-11,8,13
7215,2025-12,11,14
7215,2026-01,2,2
7215,2026-02,8,17
7221,2020-01,6,15
7221,2020-02,3,4
7221,2020-03,6,14
7221,2020-04,7,15
7221,2020-05,8,17
7221,2020-06,6,9
7221,2020-07,4,10
7221,2020-08,12,21
7221,2020-09,20,30
7221,2020-10,8,10
7221,2020-11,10,14
7221,2020-12,6,6
7221,2021-01,4,7
7221,2021-02,4,6
7221,2021-03,10,16
7221,2021-04,14,19
7221,2021-05,9,12
7221,2021-06,11,16
7221,2021-07,7,10
7221,2021-08,6,6
7221,2021-09,17,23
7221,2021-10,10,17
7221,2021-11,25,63
7221,2021-12,17,37
7221,2022-01,14,24
7221,2022-02,17,51
7221,2022-03,20,72
7221,2022-04,8,11
7221,2022-05,16,26
7221,2022-06,13,36
7221,2022-07,7,8
7221,2022-08,14,26
7221,2022-09,13,14
7221,2022-10,17,30
7221,2022-11,12,13
7221,2022-12,16,16
7221,2023-01,20,27
7221,2023-02,14,22
7221,2023-03,20,30
7221,2023-04,16,20
7221,2023-05,14,24
7221,2023-06,10,15
7221,2023-07,2,4
7221,2023-08,6,10
7221,2023-09,10,14
7221,2023-10,11,16
7221,2023-11,6,10
7221,2023-12,7,8
7221,2024-01,12,17
7221,2024-02,16,17
7221,2024-03,16,22
7221,2024-04,10,15
7221,2024-05,12,12
7221,2024-06,13,18
7221,2024-07,9,13
7221,2024-08,14,16
7221,2024-09,19,21
7221,2024-10,18,22
7221,2024-11,3,3
7221,2024-12,5,10
7221,2025-01,10,11
7221,2025-02,4,4
7221,2025-03,5,6
7221,2025-04,10,21
7221,2025-05,8,10
7221,2025-06,4,6
7221,2025-07,3,3
7221,2025-08,12,12
7221,2025-09,22,35
7221,2025-10,9,13
7221,2025-11,9,12
7221,2025-12,2,2
7221,2026-01,1,1
7221,2026-02,3,5
7222,2020-01,16,16
7222,2020-02,24,24
7222,2020-03,25,26
7222,2020-04,6,7
7222,2020-05,9,9
7222,2020-06,8,8
7222,2020-07,7,7
7222,2020-08,13,15
7222,2020-09,13,13
7222,2020-10,24,28
7222,2020-11,22,24
7222,2020-12,20,22
7222,2021-01,21,23
7222,2021-02,13,15
7222,2021-03,14,14
7222,2021-04,18,21
7222,2021-05,21,23
7222,2021-06,23,24
7222,2021-07,8,9
7222,2021-08,11,11
7222,2021-09,21,23
7222,2021-10,29,38
7222,2021-11,23,24
7222,2021-12,14,14
7222,2022-01,33,34
7222,2022-02,18,28
7222,2022-03,27,30
7222,2022-04,28,32
7222,2022-05,37,38
7222,2022-06,29,32
7222,2022-07,28,29
7222,2022-08,27,28
7222,2022-09,29,31
7222,2022-10,36,38
7222,2022-11,55,63
7222,2022-12,46,52
7222,2023-01,71,93
7222,2023-02,32,46
7222,2023-03,32,41
7222,2023-04,49,53
7222,2023-05,61,67
7222,2023-06,67,67
7222,2023-07,9,9
7222,2023-08,24,26
7222,2023-09,28,28
7222,2023-10,33,33
7222,2023-11,27,27
7222,2023-12,51,51
7222,2024-01,49,49
7222,2024-02,47,51
7222,2024-03,61,62
7222,2024-04,49,57
7222,2024-05,35,39
7222,2024-06,22,24
7222,2024-07,21,21
7222,2024-08,13,13
7222,2024-09,22,22
7222,2024-10,21,22
7222,2024-11,17,20
7222,2024-12,7,7
7222,2025-01,15,18
7222,2025-02,8,9
7222,2025-03,9,10
7222,2025-04,17,17
7222,2025-05,12,12
7222,2025-06,9,9
7222,2025-07,12,12
7222,2025-08,12,16
7222,2025-09,14,14
7222,2025-10,18,18
7222,2025-11,21,23
7222,2025-12,13,17
7222,2026-01,2,2
7222,2026-02,8,11
7223,2020-01,296,524
7223,2020-02,349,908
7223,2020-03,294,616
7223,2020-04,179,287
7223,2020-05,113,173
7223,2020-06,131,222
7223,2020-07,105,189
7223,2020-08,244,458
7223,2020-09,328,627
7223,2020-10,348,643
7223,2020-11,339,598
7223,2020-12,313,558
7223,2021-01,422,1003
7223,2021-02,546,1182
7223,2021-03,616,1048
7223,2021-04,694,1212
7223,2021-05,728,1162
7223,2021-06,726,1153
7223,2021-07,465,769
7223,2021-08,602,1141
7223,2021-09,776,1426
7223,2021-10,746,1410
7223,2021-11,652,1034
7223,2021-12,680,1117
7223,2022-01,877,2612
7223,2022-02,764,2835
7223,2022-03,973,2614
7223,2022-04,840,1995
7223,2022-05,956,1526
7223,2022-06,762,1220
7223,2022-07,502,761
7223,2022-08,773,1314
7223,2022-09,853,1454
7223,2022-10,837,1495
7223,2022-11,835,1263
7223,2022-12,666,971
7223,2023-01,728,1261
7223,2023-02,726,1215
7223,2023-03,933,1609
7223,2023-04,695,1208
7223,2023-05,978,1540
7223,2023-06,948,1501
7223,2023-07,612,1028
7223,2023-08,776,1215
7223,2023-09,738,1166
7223,2023-10,758,1181
7223,2023-11,713,1030
7223,2023-12,707,1054
7223,2024-01,844,1342
7223,2024-02,832,1291
7223,2024-03,895,1386
7223,2024-04,951,1417
7223,2024-05,907,1523
7223,2024-06,579,937
7223,2024-07,488,750
7223,2024-08,574,848
7223,2024-09,612,938
7223,2024-10,623,951
7223,2024-11,597,787
7223,2024-12,427,650
7223,2025-01,624,1177
7223,2025-02,619,863
7223,2025-03,660,965
7223,2025-04,592,873
7223,2025-05,607,844
7223,2025-06,450,682
7223,2025-07,341,523
7223,2025-08,503,808
7223,2025-09,596,936
7223,2025-10,567,888
7223,2025-11,523,739
7223,2025-12,413,690
7223,2026-01,128,216
7223,2026-02,350,547
7224,2020-01,6,6
7224,2020-02,5,10
7224,2020-03,5,15
7224,2020-04,2,14
7224,2020-05,1,1
7224,2020-06,1,1
7224,2020-07,1,2
7224,2020-08,2,11
7224,2020-09,5,8
7224,2020-10,12,19
7224,2020-11,7,14
7224,2020-12,4,8
7224,2021-01,11,12
7224,2021-02,8,18
7224,2021-03,21,29
7224,2021-04,17,27
7224,2021-05,19,25
7224,2021-06,14,19
7224,2021-07,9,13
7224,2021-08,18,36
7224,2021-09,24,47
7224,2021-10,30,55
7224,2021-11,23,37
7224,2021-12,20,29
7224,2022-01,16,26
7224,2022-02,20,30
7224,2022-03,15,29
7224,2022-04,11,16
7224,2022-05,20,31
7224,2022-06,17,21
7224,2022-07,14,23
7224,2022-08,11,12
7224,2022-09,13,17
7224,2022-10,10,12
7224,2022-11,10,10
7224,2022-12,13,16
7224,2023-01,18,20
7224,2023-02,13,18
7224,2023-03,16,18
7224,2023-04,13,16
7224,2023-05,23,30
7224,2023-06,14,19
7224,2023-07,5,5
7224,2023-08,16,17
7224,2023-09,18,19
7224,2023-10,19,19
7224,2023-11,19,20
7224,2023-12,5,8
7224,2024-01,1,1
7224,2024-02,4,4
7224,2024-03,12,13
7224,2024-04,8,8
7224,2024-05,14,17
7224,2024-06,11,12
7224,2024-07,8,8
7224,2024-08,7,7
7224,2024-09,5,6
7224,2024-10,10,10
7224,2024-11,7,7
7224,2024-12,7,8
7224,2025-01,5,6
7224,2025-02,7,7
7224,2025-03,9,12
7224,2025-04,10,14
7224,2025-05,18,18
7224,2025-06,5,5
7224,2025-07,5,5
7224,2025-08,9,10
7224,2025-09,19,22
7224,2025-10,19,23
7224,2025-11,9,9
7224,2025-12,10,10
7224,2026-01,1,1
7224,2026-02,5,6
7231,2020-01,493,563
7231,2020-02,566,691
7231,2020-03,468,565
7231,2020-04,205,249
7231,2020-05,225,248
7231,2020-06,225,284
7231,2020-07,168,201
7231,2020-08,356,537
7231,2020-09,430,539
7231,2020-10,387,456
7231,2020-11,394,439
7231,2020-12,306,351
7231,2021-01,419,960
7231,2021-02,473,741
7231,2021-03,558,679
7231,2021-04,602,846
7231,2021-05,724,846
7231,2021-06,599,724
7231,2021-07,297,376
7231,2021-08,497,584
7231,2021-09,788,1020
7231,2021-10,713,943
7231,2021-11,824,1055
7231,2021-12,757,1041
7231,2022-01,797,974
7231,2022-02,946,1367
7231,2022-03,1039,1443
7231,2022-04,718,921
7231,2022-05,1242,1548
7231,2022-06,998,1227
7231,2022-07,608,701
7231,2022-08,996,1258
7231,2022-09,1683,1994
7231,2022-10,1498,1707
7231,2022-11,1168,1384
7231,2022-12,1226,1407
7231,2023-01,1460,1700
7231,2023-02,1726,2079
7231,2023-03,1618,1844
7231,2023-04,1282,1525
7231,2023-05,1698,1904
7231,2023-06,1285,1427
7231,2023-07,1036,1220
7231,2023-08,1660,2054
7231,2023-09,1460,1651
7231,2023-10,1189,1307
7231,2023-11,1400,1572
7231,2023-12,1506,1719
7231,2024-01,2176,2393
7231,2024-02,2172,2739
7231,2024-03,1068,1265
7231,2024-04,1042,1306
7231,2024-05,905,1186
7231,2024-06,786,881
7231,2024-07,573,736
7231,2024-08,934,1160
7231,2024-09,1014,1232
7231,2024-10,1041,1271
7231,2024-11,887,1047
7231,2024-12,766,897
7231,2025-01,1085,1306
7231,2025-02,842,990
7231,2025-03,701,805
7231,2025-04,708,830
7231,2025-05,654,753
7231,2025-06,502,571
7231,2025-07,374,439
7231,2025-08,543,713
7231,2025-09,763,942
7231,2025-10,682,829
7231,2025-11,609,756
7231,2025-12,597,718
7231,2026-01,184,214
7231,2026-02,478,551
7232,2020-01,1,1
7232,2020-03,4,7
7232,2020-08,1,1
7232,2020-10,3,8
7232,2020-11,1,1
7232,2021-05,16,16
7232,2021-06,9,9
7232,2021-07,4,4
7232,2021-08,6,7
7232,2021-09,1,1
7232,2021-10,1,1
7232,2021-11,1,2
7232,2022-02,2,5
7232,2022-03,2,3
7232,2022-05,1,4
7232,2022-06,1,1
7232,2022-08,3,9
7232,2022-11,7,17
7232,2022-12,2,6
7232,2023-01,3,3
7232,2023-02,1,1
7232,2023-03,3,6
7232,2023-04,3,6
7232,2023-05,1,4
7232,2023-06,3,6
7232,2023-07,1,2
7232,2023-08,2,5
7232,2023-09,3,6
7232,2023-10,2,2
7232,2023-11,4,16
7232,2023-12,4,7
7232,2024-01,1,1
7232,2024-02,5,5
7232,2024-03,1,1
7232,2024-04,4,4
7232,2024-07,4,4
7232,2024-08,2,21
7232,2024-10,5,24
7232,2024-11,2,8
7232,2024-12,2,4
7232,2025-01,2,3
7232,2025-02,2,2
7232,2025-03,1,1
7232,2025-04,1,1
7232,2025-05,1,1
7232,2025-06,2,2
7232,2025-07,1,1
7232,2025-08,1,1
7232,2025-09,1,1
7232,2025-10,1,3
7232,2025-11,1,1
7232,2025-12,3,4
7232,2026-02,3,3
7233,2020-01,319,1235
7233,2020-02,287,488
7233,2020-03,326,551
7233,2020-04,162,259
7233,2020-05,144,222
7233,2020-06,128,193
7233,2020-07,68,130
7233,2020-08,161,260
7233,2020-09,249,404
7233,2020-10,212,324
7233,2020-11,236,324
7233,2020-12,207,410
7233,2021-01,243,469
7233,2021-02,313,449
7233,2021-03,338,507
7233,2021-04,511,668
7233,2021-05,340,571
7233,2021-06,332,497
7233,2021-07,253,396
7233,2021-08,363,652
7233,2021-09,474,750
7233,2021-10,442,593
7233,2021-11,498,715
7233,2021-12,542,780
7233,2022-01,610,1031
7233,2022-02,566,955
7233,2022-03,728,1223
7233,2022-04,668,1033
7233,2022-05,819,1234
7233,2022-06,617,889
7233,2022-07,412,521
7233,2022-08,610,905
7233,2022-09,670,1044
7233,2022-10,779,1013
7233,2022-11,624,895
7233,2022-12,655,932
7233,2023-01,651,1064
7233,2023-02,605,836
7233,2023-03,788,1095
7233,2023-04,592,827
7233,2023-05,790,1110
7233,2023-06,798,1094
7233,2023-07,485,699
7233,2023-08,576,787
7233,2023-09,637,752
7233,2023-10,660,865
7233,2023-11,671,881
7233,2023-12,568,724
7233,2024-01,825,1106
7233,2024-02,730,1004
7233,2024-03,619,919
7233,2024-04,672,974
7233,2024-05,585,762
7233,2024-06,417,590
7233,2024-07,357,496
7233,2024-08,440,680
7233,2024-09,554,700
7233,2024-10,611,826
7233,2024-11,446,545
7233,2024-12,403,564
7233,2025-01,457,676
7233,2025-02,416,533
7233,2025-03,369,480
7233,2025-04,369,496
7233,2025-05,296,406
7233,2025-06,229,291
7233,2025-07,176,231
7233,2025-08,260,320
7233,2025-09,301,490
7233,2025-10,337,454
7233,2025-11,316,500
7233,2025-12,275,409
7233,2026-01,71,106
7233,2026-02,233,293
7311,2020-01,14,16
7311,2020-02,37,54
7311,2020-03,26,47
7311,2020-04,16,23
7311,2020-05,2,2
7311,2020-06,14,15
7311,2020-07,4,4
7311,2020-08,14,16
7311,2020-09,12,23
7311,2020-10,26,31
7311,2020-11,11,21
7311,2020-12,11,12
7311,2021-01,19,24
7311,2021-02,22,59
7311,2021-03,39,47
7311,2021-04,20,21
7311,2021-05,21,22
7311,2021-06,18,20
7311,2021-07,11,13
7311,2021-08,23,26
7311,2021-09,20,22
7311,2021-10,32,40
7311,2021-11,32,54
7311,2021-12,29,34
7311,2022-01,33,35
7311,2022-02,37,52
7311,2022-03,41,59
7311,2022-04,37,68
7311,2022-05,51,76
7311,2022-06,25,44
7311,2022-07,20,35
7311,2022-08,26,39
7311,2022-09,31,38
7311,2022-10,58,108
7311,2022-11,29,33
7311,2022-12,27,30
7311,2023-01,59,96
7311,2023-02,35,93
7311,2023-03,39,57
7311,2023-04,38,38
7311,2023-05,41,46
7311,2023-06,19,24
7311,2023-07,22,28
7311,2023-08,22,28
7311,2023-09,39,44
7311,2023-10,32,35
7311,2023-11,22,22
7311,2023-12,31,32
7311,2024-01,40,45
7311,2024-02,51,125
7311,2024-03,33,34
7311,2024-04,33,38
7311,2024-05,21,21
7311,2024-06,21,22
7311,2024-07,13,17
7311,2024-08,25,47
7311,2024-09,25,34
7311,2024-10,36,40
7311,2024-11,28,28
7311,2024-12,27,34
7311,2025-01,25,26
7311,2025-02,43,71
7311,2025-03,44,73
7311,2025-04,34,36
7311,2025-05,34,36
7311,2025-06,23,23
7311,2025-07,10,13
7311,2025-08,20,26
7311,2025-09,30,75
7311,2025-10,34,35
7311,2025-11,29,39
7311,2025-12,36,36
7311,2026-01,7,8
7311,2026-02,29,72
7312,2020-01,1,1
7312,2020-02,2,2
7312,2020-08,2,5
7312,2020-09,1,1
7312,2020-10,1,1
7312,2020-12,1,1
7312,2021-01,1,1
7312,2021-04,1,1
7312,2021-05,1,1
7312,2021-08,1,1
7312,2021-09,4,6
7312,2021-10,1,1
7312,2021-11,1,2
7312,2022-01,2,4
7312,2022-02,4,16
7312,2022-03,2,2
7312,2022-04,4,7
7312,2022-05,1,1
7312,2022-06,1,1
7312,2022-07,5,7
7312,2022-08,3,3
7312,2022-10,2,3
7312,2022-11,1,1
7312,2022-12,2,2
7312,2023-02,1,1
7312,2023-03,2,4
7312,2023-05,5,7
7312,2023-06,2,2
7312,2023-07,2,2
7312,2023-08,2,2
7312,2023-09,1,1
7312,2023-10,2,4
7312,2023-11,2,2
7312,2023-12,1,1
7312,2024-03,1,1
7312,2024-04,2,2
7312,2024-05,4,4
7312,2024-06,3,3
7312,2024-08,2,2
7312,2024-10,2,2
7312,2024-11,1,1
7312,2024-12,5,5
7312,2025-01,1,1
7312,2025-03,1,1
7312,2025-04,2,2
7312,2025-06,2,2
7312,2025-07,1,1
7312,2025-08,3,3
7312,2025-09,2,2
7312,2025-10,2,2
7312,2025-11,2,2
7312,2025-12,1,1
7312,2026-01,1,1
7312,2026-02,2,2
7319,2020-01,4,5
7319,2020-02,7,8
7319,2020-03,6,6
7319,2020-04,6,7
7319,2020-05,11,12
7319,2020-06,7,7
7319,2020-07,1,1
7319,2020-08,3,3
7319,2020-09,4,6
7319,2020-10,2,2
7319,2020-11,3,5
7319,2020-12,4,5
7319,2021-01,1,1
7319,2021-02,6,8
7319,2021-03,12,14
7319,2021-04,8,10
7319,2021-05,9,10
7319,2021-06,6,7
7319,2021-07,4,5
7319,2021-08,3,3
7319,2021-09,11,12
7319,2021-10,8,9
7319,2021-11,5,7
7319,2021-12,6,6
7319,2022-01,3,3
7319,2022-02,8,9
7319,2022-03,12,16
7319,2022-04,12,13
7319,2022-05,13,15
7319,2022-06,5,5
7319,2022-07,7,7
7319,2022-08,8,10
7319,2022-09,5,7
7319,2022-10,15,19
7319,2022-11,15,22
7319,2022-12,13,19
7319,2023-01,16,25
7319,2023-02,19,24
7319,2023-03,19,24
7319,2023-04,8,8
7319,2023-05,16,20
7319,2023-06,17,30
7319,2023-07,7,13
7319,2023-08,13,17
7319,2023-09,5,6
7319,2023-11,5,8
7319,2023-12,5,6
7319,2024-01,7,9
7319,2024-02,5,5
7319,2024-03,9,11
7319,2024-04,10,10
7319,2024-05,8,9
7319,2024-06,10,12
7319,2024-07,21,22
7319,2024-08,12,14
7319,2024-09,3,5
7319,2024-10,5,7
7319,2024-11,1,1
7319,2024-12,4,5
7319,2025-01,3,4
7319,2025-02,6,6
7319,2025-03,11,13
7319,2025-04,10,13
7319,2025-05,6,6
7319,2025-06,10,12
7319,2025-07,3,5
7319,2025-08,6,6
7319,2025-09,6,18
7319,2025-10,2,3
7319,2025-11,5,5
7319,2025-12,5,5
7319,2026-01,3,5
7319,2026-02,8,8
7321,2020-01,11,13
7321,2020-02,6,10
7321,2020-03,3,3
7321,2020-04,1,1
7321,2020-05,1,1
7321,2020-06,2,2
7321,2020-07,7,8
7321,2020-08,3,3
7321,2020-09,7,9
7321,2020-10,11,14
7321,2020-11,7,8
7321,2020-12,8,8
7321,2021-01,11,12
7321,2021-02,4,4
7321,2021-03,3,6
7321,2021-04,4,4
7321,2021-05,5,7
7321,2021-06,6,6
7321,2021-07,1,1
7321,2021-08,3,3
7321,2021-09,10,19
7321,2021-10,10,30
7321,2021-11,7,23
7321,2021-12,15,36
7321,2022-01,12,31
7321,2022-02,15,47
7321,2022-03,18,50
7321,2022-04,21,43
7321,2022-05,18,52
7321,2022-06,26,62
7321,2022-07,14,35
7321,2022-08,23,73
7321,2022-09,16,44
7321,2022-10,19,67
7321,2022-11,15,58
7321,2022-12,17,51
7321,2023-01,14,45
7321,2023-02,15,37
7321,2023-03,9,46
7321,2023-04,11,33
7321,2023-05,13,36
7321,2023-06,6,27
7321,2023-07,4,4
7321,2023-08,2,3
7321,2023-09,6,11
7321,2023-10,5,6
7321,2023-11,1,2
7321,2023-12,1,1
7321,2024-01,3,3
7321,2024-02,5,5
7321,2024-03,4,11
7321,2024-04,7,15
7321,2024-05,3,4
7321,2024-06,6,8
7321,2024-07,2,4
7321,2024-08,8,8
7321,2024-09,5,5
7321,2024-10,6,6
7321,2024-11,5,13
7321,2024-12,5,13
7321,2025-01,5,21
7321,2025-02,7,13
7321,2025-03,3,15
7321,2025-04,11,12
7321,2025-05,8,10
7321,2025-06,7,9
7321,2025-07,5,9
7321,2025-08,10,12
7321,2025-09,9,10
7321,2025-10,3,3
7321,2025-11,2,2
7321,2025-12,3,3
7321,2026-02,9,9
7322,2020-01,11,36
7322,2020-02,10,11
7322,2020-03,12,14
7322,2020-04,9,14
7322,2020-05,8,10
7322,2020-06,3,5
7322,2020-07,3,3
7322,2020-08,10,12
7322,2020-09,12,12
7322,2020-10,11,13
7322,2020-11,12,14
7322,2020-12,9,10
7322,2021-01,14,34
7322,2021-02,14,19
7322,2021-03,13,21
7322,2021-04,15,18
7322,2021-05,9,20
7322,2021-06,18,30
7322,2021-07,9,16
7322,2021-08,14,29
7322,2021-09,18,26
7322,2021-10,22,29
7322,2021-11,20,74
7322,2021-12,11,27
7322,2022-01,20,81
7322,2022-02,19,29
7322,2022-03,27,81
7322,2022-04,33,133
7322,2022-05,30,34
7322,2022-06,33,49
7322,2022-07,19,28
7322,2022-08,26,31
7322,2022-09,28,38
7322,2022-10,27,38
7322,2022-11,22,25
7322,2022-12,12,16
7322,2023-01,15,64
7322,2023-02,7,10
7322,2023-03,18,35
7322,2023-04,17,35
7322,2023-05,18,21
7322,2023-06,16,21
7322,2023-07,10,14
7322,2023-08,19,21
7322,2023-09,12,20
7322,2023-10,10,16
7322,2023-11,13,17
7322,2023-12,7,11
7322,2024-01,9,79
7322,2024-02,25,29
7322,2024-03,21,25
7322,2024-04,16,24
7322,2024-05,23,35
7322,2024-06,38,58
7322,2024-07,27,42
7322,2024-08,20,36
7322,2024-09,24,30
7322,2024-10,22,34
7322,2024-11,25,42
7322,2024-12,14,27
7322,2025-01,12,38
7322,2025-02,16,31
7322,2025-03,25,36
7322,2025-04,16,19
7322,2025-05,20,30
7322,2025-06,12,17
7322,2025-07,7,15
7322,2025-08,9,14
7322,2025-09,12,26
7322,2025-10,12,16
7322,2025-11,17,27
7322,2025-12,12,18
7322,2026-01,5,11
7322,2026-02,9,41
7323,2020-02,2,2
7323,2020-03,1,1
7323,2020-04,1,1
7323,2020-06,2,2
7323,2020-07,1,1
7323,2020-08,1,1
7323,2020-09,1,1
7323,2020-10,2,3
7323,2020-11,2,2
7323,2020-12,2,2
7323,2021-01,3,3
7323,2021-02,2,2
7323,2021-03,3,5
7323,2021-04,2,2
7323,2021-05,3,8
7323,2021-06,2,6
7323,2021-07,2,3
7323,2021-08,3,6
7323,2021-09,3,3
7323,2021-10,5,11
7323,2021-11,5,5
7323,2021-12,3,4
7323,2022-01,9,23
7323,2022-02,3,10
7323,2022-03,5,10
7323,2022-04,7,7
7323,2022-05,4,4
7323,2022-06,1,1
7323,2022-08,2,2
7323,2022-09,2,4
7323,2022-10,6,18
7323,2022-11,6,7
7323,2022-12,1,1
7323,2023-01,1,1
7323,2023-02,4,5
7323,2023-03,4,5
7323,2023-04,2,4
7323,2023-05,6,7
7323,2023-06,12,12
7323,2023-07,3,3
7323,2023-08,2,4
7323,2023-09,3,5
7323,2023-11,1,1
7323,2023-12,1,5
7323,2024-01,2,6
7323,2024-02,1,1
7323,2024-03,3,10
7323,2024-04,8,23
7323,2024-05,5,6
7323,2024-06,1,1
7323,2024-09,2,3
7323,2024-10,1,1
7323,2024-11,2,3
7323,2024-12,1,1
7323,2025-01,1,1
7323,2025-02,4,6
7323,2025-03,2,4
7323,2025-04,3,5
7323,2025-05,2,4
7323,2025-06,1,1
7323,2025-07,3,8
7323,2025-08,3,3
7323,2025-09,3,8
7323,2025-10,4,5
7323,2025-11,3,9
7323,2025-12,3,7
7323,2026-01,1,1
7323,2026-02,1,2
7411,2020-01,261,500
7411,2020-02,269,443
7411,2020-03,209,338
7411,2020-04,149,259
7411,2020-05,103,179
7411,2020-06,100,160
7411,2020-07,71,112
7411,2020-08,123,203
7411,2020-09,160,263
7411,2020-10,161,233
7411,2020-11,153,230
7411,2020-12,143,185
7411,2021-01,170,243
7411,2021-02,197,381
7411,2021-03,303,585
7411,2021-04,283,518
7411,2021-05,281,531
7411,2021-06,238,420
7411,2021-07,163,454
7411,2021-08,326,672
7411,2021-09,388,539
7411,2021-10,388,758
7411,2021-11,420,834
7411,2021-12,387,729
7411,2022-01,476,966
7411,2022-02,483,915
7411,2022-03,544,917
7411,2022-04,453,901
7411,2022-05,462,762
7411,2022-06,448,960
7411,2022-07,342,539
7411,2022-08,416,666
7411,2022-09,592,1167
7411,2022-10,711,1320
7411,2022-11,541,903
7411,2022-12,572,987
7411,2023-01,790,1150
7411,2023-02,578,876
7411,2023-03,647,948
7411,2023-04,595,771
7411,2023-05,1099,1382
7411,2023-06,1268,1612
7411,2023-07,1338,1434
7411,2023-08,869,1038
7411,2023-09,464,674
7411,2023-10,332,404
7411,2023-11,387,491
7411,2023-12,307,377
7411,2024-01,383,513
7411,2024-02,328,414
7411,2024-03,295,363
7411,2024-04,243,339
7411,2024-05,260,439
7411,2024-06,214,308
7411,2024-07,116,153
7411,2024-08,237,378
7411,2024-09,240,382
7411,2024-10,249,326
7411,2024-11,285,516
7411,2024-12,190,254
7411,2025-01,247,384
7411,2025-02,208,299
7411,2025-03,230,308
7411,2025-04,235,405
7411,2025-05,187,361
7411,2025-06,167,343
7411,2025-07,142,219
7411,2025-08,193,345
7411,2025-09,284,602
7411,2025-10,283,353
7411,2025-11,275,338
7411,2025-12,234,351
7411,2026-01,89,250
7411,2026-02,198,284
7412,2020-01,121,153
7412,2020-02,157,209
7412,2020-03,132,165
7412,2020-04,99,127
7412,2020-05,49,57
7412,2020-06,58,72
7412,2020-07,42,64
7412,2020-08,71,101
7412,2020-09,112,141
7412,2020-10,138,163
7412,2020-11,126,152
7412,2020-12,106,163
7412,2021-01,90,146
7412,2021-02,135,241
7412,2021-03,199,297
7412,2021-04,153,214
7412,2021-05,155,228
7412,2021-06,165,207
7412,2021-07,99,118
7412,2021-08,136,244
7412,2021-09,188,243
7412,2021-10,213,293
7412,2021-11,230,330
7412,2021-12,226,312
7412,2022-01,200,343
7412,2022-02,245,335
7412,2022-03,280,400
7412,2022-04,289,524
7412,2022-05,259,387
7412,2022-06,234,290
7412,2022-07,168,196
7412,2022-08,213,296
7412,2022-09,232,297
7412,2022-10,284,517
7412,2022-11,245,412
7412,2022-12,300,429
7412,2023-01,295,379
7412,2023-02,198,298
7412,2023-03,277,356
7412,2023-04,170,246
7412,2023-05,208,322
7412,2023-06,225,321
7412,2023-07,147,219
7412,2023-08,205,286
7412,2023-09,182,249
7412,2023-10,233,367
7412,2023-11,260,348
7412,2023-12,261,298
7412,2024-01,329,422
7412,2024-02,274,338
7412,2024-03,282,367
7412,2024-04,287,367
7412,2024-05,278,330
7412,2024-06,171,203
7412,2024-07,169,183
7412,2024-08,156,182
7412,2024-09,230,278
7412,2024-10,205,281
7412,2024-11,193,239
7412,2024-12,157,199
7412,2025-01,199,295
7412,2025-02,197,270
7412,2025-03,176,366
7412,2025-04,181,222
7412,2025-05,147,167
7412,2025-06,120,176
7412,2025-07,92,109
7412,2025-08,123,142
7412,2025-09,147,219
7412,2025-10,149,218
7412,2025-11,112,163
7412,2025-12,112,141
7412,2026-01,32,48
7412,2026-02,89,138
7413,2020-01,28,34
7413,2020-02,30,45
7413,2020-03,46,81
7413,2020-04,31,41
7413,2020-05,20,27
7413,2020-06,20,27
7413,2020-07,7,7
7413,2020-08,14,16
7413,2020-09,18,22
7413,2020-10,19,26
7413,2020-11,23,24
7413,2020-12,26,32
7413,2021-01,26,36
7413,2021-02,19,20
7413,2021-03,39,53
7413,2021-04,30,38
7413,2021-05,31,39
7413,2021-06,22,24
7413,2021-07,17,18
7413,2021-08,35,36
7413,2021-09,45,50
7413,2021-10,39,49
7413,2021-11,37,95
7413,2021-12,41,52
7413,2022-01,32,39
7413,2022-02,32,45
7413,2022-03,67,83
7413,2022-04,46,69
7413,2022-05,50,112
7413,2022-06,49,62
7413,2022-07,36,45
7413,2022-08,61,63
7413,2022-09,44,54
7413,2022-10,53,61
7413,2022-11,57,82
7413,2022-12,42,49
7413,2023-01,49,85
7413,2023-02,55,123
7413,2023-03,99,175
7413,2023-04,128,185
7413,2023-05,111,180
7413,2023-06,81,116
7413,2023-07,46,50
7413,2023-08,150,261
7413,2023-09,94,156
7413,2023-10,55,62
7413,2023-11,60,99
7413,2023-12,68,106
7413,2024-01,77,138
7413,2024-02,103,170
7413,2024-03,73,99
7413,2024-04,77,102
7413,2024-05,52,58
7413,2024-06,28,42
7413,2024-07,26,29
7413,2024-08,46,60
7413,2024-09,71,106
7413,2024-10,63,79
7413,2024-11,58,76
7413,2024-12,45,47
7413,2025-01,56,82
7413,2025-02,59,77
7413,2025-03,38,58
7413,2025-04,70,86
7413,2025-05,33,65
7413,2025-06,28,28
7413,2025-07,52,59
7413,2025-08,66,940
7413,2025-09,65,80
7413,2025-10,66,81
7413,2025-11,40,56
7413,2025-12,40,62
7413,2026-01,9,15
7413,2026-02,28,51
7420,2020-01,184,249
7420,2020-02,189,214
7420,2020-03,127,182
7420,2020-04,86,118
7420,2020-05,87,121
7420,2020-06,127,176
7420,2020-07,95,147
7420,2020-08,144,220
7420,2020-09,209,284
7420,2020-10,190,225
7420,2020-11,140,172
7420,2020-12,110,135
7420,2021-01,119,170
7420,2021-02,140,194
7420,2021-03,212,251
7420,2021-04,178,264
7420,2021-05,194,286
7420,2021-06,151,217
7420,2021-07,98,153
7420,2021-08,178,259
7420,2021-09,259,428
7420,2021-10,285,565
7420,2021-11,262,407
7420,2021-12,196,251
7420,2022-01,235,302
7420,2022-02,231,281
7420,2022-03,283,356
7420,2022-04,300,353
7420,2022-05,289,374
7420,2022-06,299,374
7420,2022-07,166,210
7420,2022-08,264,361
7420,2022-09,282,348
7420,2022-10,289,420
7420,2022-11,267,327
7420,2022-12,229,279
7420,2023-01,311,387
7420,2023-02,297,415
7420,2023-03,384,553
7420,2023-04,303,511
7420,2023-05,271,416
7420,2023-06,191,236
7420,2023-07,159,205
7420,2023-08,248,341
7420,2023-09,279,317
7420,2023-10,263,330
7420,2023-11,222,279
7420,2023-12,263,351
7420,2024-01,234,279
7420,2024-02,242,294
7420,2024-03,228,283
7420,2024-04,238,319
7420,2024-05,189,229
7420,2024-06,217,305
7420,2024-07,135,142
7420,2024-08,201,228
7420,2024-09,192,238
7420,2024-10,243,311
7420,2024-11,209,244
7420,2024-12,166,210
7420,2025-01,195,248
7420,2025-02,197,287
7420,2025-03,175,216
7420,2025-04,186,246
7420,2025-05,127,177
7420,2025-06,136,172
7420,2025-07,143,178
7420,2025-08,154,214
7420,2025-09,223,297
7420,2025-10,221,265
7420,2025-11,183,236
7420,2025-12,187,249
7420,2026-01,39,55
7420,2026-02,131,181
7521,2020-03,1,4
7521,2020-04,1,1
7521,2020-06,1,1
7521,2020-08,1,1
7521,2020-09,3,4
7521,2020-10,1,1
7521,2020-11,1,1
7521,2020-12,4,8
7521,2021-01,6,14
7521,2021-02,1,1
7521,2021-03,9,9
7521,2021-04,5,8
7521,2021-05,4,4
7521,2021-06,9,17
7521,2021-07,6,6
7521,2021-08,11,15
7521,2021-09,12,17
7521,2021-10,7,10
7521,2021-11,6,12
7521,2021-12,6,6
7521,2022-01,3,3
7521,2022-02,7,7
7521,2022-03,4,4
7521,2022-04,11,11
7521,2022-05,10,12
7521,2022-06,4,6
7521,2022-07,2,2
7521,2022-08,1,1
7521,2022-09,3,5
7521,2022-10,4,6
7521,2022-11,4,6
7521,2022-12,4,4
7521,2023-01,2,2
7521,2023-02,2,2
7521,2023-03,4,4
7521,2023-04,1,2
7521,2023-05,4,4
7521,2023-06,1,1
7521,2023-07,3,3
7521,2023-08,6,7
7521,2023-09,8,8
7521,2023-10,9,9
7521,2023-11,6,6
7521,2023-12,3,5
7521,2024-01,3,3
7521,2024-02,4,4
7521,2024-03,5,5
7521,2024-04,2,2
7521,2024-05,5,10
7521,2024-06,2,2
7521,2024-07,1,1
7521,2024-08,4,5
7521,2024-09,1,1
7521,2024-10,4,4
7521,2024-11,2,2
7521,2024-12,1,1
7521,2025-01,1,1
7521,2025-02,3,3
7521,2025-03,3,3
7521,2025-05,4,7
7521,2025-06,5,5
7521,2025-07,2,3
7521,2025-08,3,3
7521,2025-10,3,3
7521,2025-11,4,4
7521,2025-12,6,6
7521,2026-01,2,2
7521,2026-02,3,3
7522,2020-01,22,42
7522,2020-02,26,36
7522,2020-03,18,22
7522,2020-04,14,25
7522,2020-05,19,41
7522,2020-06,18,27
7522,2020-07,14,20
7522,2020-08,14,17
7522,2020-09,41,70
7522,2020-10,19,26
7522,2020-11,16,17
7522,2020-12,24,34
7522,2021-01,21,28
7522,2021-02,25,70
7522,2021-03,35,66
7522,2021-04,53,82
7522,2021-05,31,38
7522,2021-06,34,70
7522,2021-07,16,34
7522,2021-08,29,47
7522,2021-09,46,94
7522,2021-10,64,88
7522,2021-11,40,54
7522,2021-12,34,64
7522,2022-01,40,54
7522,2022-02,30,64
7522,2022-03,41,72
7522,2022-04,34,56
7522,2022-05,35,41
7522,2022-06,23,61
7522,2022-07,19,25
7522,2022-08,20,48
7522,2022-09,35,52
7522,2022-10,28,46
7522,2022-11,24,31
7522,2022-12,23,29
7522,2023-01,28,30
7522,2023-02,16,23
7522,2023-03,20,30
7522,2023-04,13,27
7522,2023-05,15,40
7522,2023-06,16,25
7522,2023-07,8,12
7522,2023-08,25,35
7522,2023-09,15,18
7522,2023-10,27,48
7522,2023-11,15,21
7522,2023-12,6,19
7522,2024-01,14,31
7522,2024-02,17,25
7522,2024-03,13,17
7522,2024-04,20,26
7522,2024-05,14,16
7522,2024-06,13,16
7522,2024-07,8,9
7522,2024-08,24,27
7522,2024-09,20,38
7522,2024-10,14,21
7522,2024-11,12,14
7522,2024-12,19,19
7522,2025-01,40,46
7522,2025-02,31,33
7522,2025-03,38,53
7522,2025-04,15,16
7522,2025-05,13,15
7522,2025-06,12,15
7522,2025-07,8,8
7522,2025-08,15,26
7522,2025-09,15,19
7522,2025-10,23,47
7522,2025-11,22,26
7522,2025-12,26,47
7522,2026-01,2,3
7522,2026-02,22,32
7523,2020-01,20,31
7523,2020-02,25,37
7523,2020-03,21,28
7523,2020-04,10,22
7523,2020-05,13,25
7523,2020-06,15,18
7523,2020-07,15,19
7523,2020-08,21,32
7523,2020-09,32,56
7523,2020-10,28,67
7523,2020-11,30,87
7523,2020-12,30,68
7523,2021-01,40,79
7523,2021-02,39,80
7523,2021-03,47,79
7523,2021-04,55,115
7523,2021-05,33,61
7523,2021-06,31,119
7523,2021-07,26,58
7523,2021-08,40,98
7523,2021-09,51,144
7523,2021-10,73,127
7523,2021-11,65,101
7523,2021-12,55,136
7523,2022-01,46,122
7523,2022-02,88,206
7523,2022-03,78,171
7523,2022-04,93,227
7523,2022-05,100,221
7523,2022-06,87,155
7523,2022-07,54,91
7523,2022-08,58,191
7523,2022-09,59,117
7523,2022-10,46,98
7523,2022-11,43,61
7523,2022-12,40,68
7523,2023-01,37,50
7523,2023-02,32,58
7523,2023-03,38,68
7523,2023-04,31,96
7523,2023-05,36,89
7523,2023-06,34,68
7523,2023-07,25,36
7523,2023-08,15,16
7523,2023-09,28,36
7523,2023-10,32,38
7523,2023-11,12,13
7523,2023-12,10,14
7523,2024-01,14,33
7523,2024-02,21,55
7523,2024-03,14,26
7523,2024-04,23,43
7523,2024-05,25,49
7523,2024-06,19,27
7523,2024-07,15,24
7523,2024-08,20,28
7523,2024-09,26,36
7523,2024-10,40,42
7523,2024-11,23,46
7523,2024-12,24,34
7523,2025-01,39,95
7523,2025-02,39,114
7523,2025-03,32,109
7523,2025-04,32,59
7523,2025-05,25,43
7523,2025-06,21,37
7523,2025-07,13,22
7523,2025-08,39,77
7523,2025-09,24,39
7523,2025-10,28,59
7523,2025-11,13,15
7523,2025-12,17,26
7523,2026-01,3,3
7523,2026-02,17,32
7531,2020-01,11,11
7531,2020-02,16,17
7531,2020-03,11,14
7531,2020-04,10,14
7531,2020-05,3,12
7531,2020-06,7,7
7531,2020-07,4,4
7531,2020-08,5,5
7531,2020-09,10,11
7531,2020-10,5,6
7531,2020-11,13,17
7531,2020-12,5,5
7531,2021-01,6,6
7531,2021-02,5,5
7531,2021-03,10,12
7531,2021-04,7,8
7531,2021-05,19,24
7531,2021-06,11,11
7531,2021-07,7,7
7531,2021-08,16,19
7531,2021-09,13,14
7531,2021-10,7,8
7531,2021-11,15,23
7531,2021-12,8,9
7531,2022-01,14,16
7531,2022-02,15,16
7531,2022-03,15,15
7531,2022-04,22,28
7531,2022-05,14,18
7531,2022-06,12,13
7531,2022-07,13,18
7531,2022-08,14,17
7531,2022-09,13,14
7531,2022-10,15,15
7531,2022-11,8,8
7531,2022-12,11,13
7531,2023-01,11,12
7531,2023-02,9,14
7531,2023-03,19,19
7531,2023-04,12,14
7531,2023-05,14,14
7531,2023-06,11,13
7531,2023-07,9,9
7531,2023-08,17,17
7531,2023-09,14,14
7531,2023-10,13,15
7531,2023-11,11,12
7531,2023-12,9,10
7531,2024-01,9,10
7531,2024-02,13,14
7531,2024-03,7,7
7531,2024-04,6,6
7531,2024-05,21,25
7531,2024-06,9,9
7531,2024-07,8,9
7531,2024-08,12,12
7531,2024-09,12,14
7531,2024-10,15,15
7531,2024-11,14,15
7531,2024-12,11,12
7531,2025-01,14,15
7531,2025-02,8,10
7531,2025-03,25,30
7531,2025-04,14,19
7531,2025-05,18,19
7531,2025-06,6,8
7531,2025-07,5,7
7531,2025-08,11,12
7531,2025-09,15,16
7531,2025-10,11,16
7531,2025-11,9,9
7531,2025-12,9,9
7531,2026-01,3,3
7531,2026-02,2,2
7532,2020-01,3,4
7532,2020-02,3,3
7532,2020-03,4,4
7532,2020-04,1,5
7532,2020-06,1,2
7532,2020-07,1,1
7532,2020-10,1,1
7532,2020-12,2,2
7532,2021-01,1,1
7532,2021-02,3,3
7532,2021-04,1,1
7532,2021-05,4,4
7532,2021-06,1,1
7532,2021-07,1,1
7532,2021-08,1,1
7532,2021-09,1,2
7532,2021-10,3,3
7532,2021-11,2,2
7532,2021-12,1,1
7532,2022-02,3,5
7532,2022-03,2,4
7532,2022-04,2,3
7532,2022-05,1,1
7532,2022-07,1,1
7532,2022-10,1,1
7532,2022-11,1,1
7532,2023-03,1,1
7532,2023-04,1,1
7532,2023-05,1,2
7532,2023-07,1,1
7532,2023-08,2,4
7532,2024-01,1,1
7532,2024-04,1,1
7532,2024-05,1,1
7532,2024-06,1,1
7532,2024-07,3,3
7532,2024-10,2,6
7532,2024-11,1,1
7532,2025-01,1,1
7532,2025-02,2,2
7532,2025-03,5,5
7532,2025-05,2,3
7532,2025-07,1,1
7532,2025-10,2,2
7532,2025-11,2,2
7532,2026-02,2,2
7533,2020-01,4,17
7533,2020-02,4,5
7533,2020-03,6,6
7533,2020-04,2,2
7533,2020-05,4,4
7533,2020-07,1,1
7533,2020-08,3,3
7533,2020-09,4,5
7533,2020-10,3,3
7533,2020-11,10,10
7533,2021-01,3,3
7533,2021-02,4,5
7533,2021-03,10,10
7533,2021-04,9,23
7533,2021-05,4,9
7533,2021-06,16,22
7533,2021-07,2,2
7533,2021-08,15,15
7533,2021-09,18,39
7533,2021-10,6,7
7533,2021-11,1,1
7533,2021-12,13,13
7533,2022-01,23,26
7533,2022-02,23,27
7533,2022-03,13,14
7533,2022-04,19,21
7533,2022-05,23,24
7533,2022-06,15,17
7533,2022-07,15,15
7533,2022-08,18,20
7533,2022-09,16,22
7533,2022-10,12,13
7533,2022-11,19,20
7533,2022-12,8,12
7533,2023-01,10,17
7533,2023-02,3,9
7533,2023-03,55,256
7533,2023-04,14,58
7533,2023-05,4,4
7533,2023-06,3,4
7533,2023-07,1,2
7533,2023-09,7,15
7533,2023-10,5,5
7533,2023-11,3,3
7533,2023-12,3,7
7533,2024-01,2,2
7533,2024-02,1,1
7533,2024-03,3,4
7533,2024-05,3,3
7533,2024-06,5,9
7533,2024-07,2,2
7533,2024-08,2,2
7533,2024-09,6,8
7533,2024-10,7,10
7533,2024-11,16,20
7533,2024-12,4,7
7533,2025-01,6,10
7533,2025-02,9,10
7533,2025-03,9,14
7533,2025-04,3,4
7533,2025-05,5,7
7533,2025-06,3,3
7533,2025-08,11,13
7533,2025-09,3,3
7533,2025-10,7,9
7533,2025-11,1,1
7533,2025-12,7,15
7533,2026-01,3,4
7533,2026-02,3,4
7534,2020-01,2,2
7534,2020-02,1,1
7534,2020-03,1,1
7534,2020-04,3,3
7534,2020-06,1,1
7534,2020-08,2,2
7534,2020-09,2,2
7534,2020-10,4,5
7534,2020-11,1,1
7534,2020-12,3,3
7534,2021-01,3,4
7534,2021-02,1,1
7534,2021-03,1,1
7534,2021-04,4,4
7534,2021-05,3,4
7534,2021-06,5,5
7534,2021-08,1,1
7534,2021-09,2,2
7534,2021-10,2,2
7534,2021-11,3,4
7534,2021-12,2,2
7534,2022-01,1,1
7534,2022-02,1,1
7534,2022-03,3,4
7534,2022-04,4,5
7534,2022-05,4,4
7534,2022-06,3,5
7534,2022-07,1,1
7534,2022-08,3,3
7534,2022-09,3,3
7534,2022-11,3,3
7534,2022-12,2,2
7534,2023-01,5,10
7534,2023-02,4,4
7534,2023-03,3,3
7534,2023-04,2,2
7534,2023-05,3,3
7534,2023-06,4,4
7534,2023-07,1,1
7534,2023-08,3,4
7534,2023-09,5,8
7534,2023-10,3,3
7534,2023-11,4,6
7534,2023-12,2,7
7534,2024-01,2,2
7534,2024-02,2,2
7534,2024-03,2,2
7534,2024-04,6,8
7534,2024-05,4,5
7534,2024-06,5,5
7534,2024-07,4,4
7534,2024-08,3,5
7534,2024-09,1,1
7534,2024-10,2,3
7534,2024-11,4,6
7534,2024-12,3,3
7534,2025-01,5,5
7534,2025-03,2,2
7534,2025-04,1,3
7534,2025-05,1,1
7534,2025-06,2,2
7534,2025-07,1,1
7534,2025-09,2,2
7534,2025-10,2,2
7534,2025-11,2,3
7534,2025-12,1,1
7534,2026-01,3,3
7534,2026-02,1,1
7611,2020-01,16,35
7611,2020-02,14,41
7611,2020-03,10,17
7611,2020-04,9,27
7611,2020-05,10,22
7611,2020-06,13,18
7611,2020-07,13,36
7611,2020-08,13,53
7611,2020-09,10,32
7611,2020-10,10,19
7611,2020-11,9,39
7611,2020-12,9,38
7611,2021-01,16,91
7611,2021-02,13,93
7611,2021-03,21,74
7611,2021-04,16,54
7611,2021-05,19,37
7611,2021-06,10,32
7611,2021-07,27,93
7611,2021-08,15,49
7611,2021-09,21,64
7611,2021-10,19,66
7611,2021-11,15,52
7611,2021-12,13,42
7611,2022-01,13,52
7611,2022-02,16,91
7611,2022-03,17,158
7611,2022-04,18,84
7611,2022-05,16,51
7611,2022-06,6,25
7611,2022-07,9,10
7611,2022-08,16,38
7611,2022-09,12,67
7611,2022-10,13,59
7611,2022-11,14,37
7611,2022-12,5,5
7611,2023-01,7,40
7611,2023-02,18,120
7611,2023-03,21,75
7611,2023-04,21,65
7611,2023-05,14,40
7611,2023-06,11,22
7611,2023-07,4,10
7611,2023-08,17,56
7611,2023-09,12,44
7611,2023-10,13,40
7611,2023-11,10,26
7611,2023-12,5,13
7611,2024-01,15,76
7611,2024-02,8,33
7611,2024-03,22,83
7611,2024-04,20,29
7611,2024-05,11,16
7611,2024-06,10,10
7611,2024-07,8,14
7611,2024-08,4,17
7611,2024-09,11,36
7611,2024-10,9,22
7611,2024-11,4,52
7611,2024-12,10,33
7611,2025-01,10,28
7611,2025-02,19,42
7611,2025-03,15,60
7611,2025-04,12,19
7611,2025-05,13,24
7611,2025-06,7,9
7611,2025-07,5,14
7611,2025-08,14,133
7611,2025-09,11,92
7611,2025-10,13,19
7611,2025-11,9,17
7611,2025-12,19,63
7611,2026-01,6,144
7611,2026-02,19,242
7612,2020-01,67,88
7612,2020-02,43,63
7612,2020-03,53,62
7612,2020-04,21,27
7612,2020-05,18,20
7612,2020-06,26,32
7612,2020-07,27,31
7612,2020-08,23,31
7612,2020-09,38,47
7612,2020-10,51,61
7612,2020-11,29,32
7612,2020-12,25,29
7612,2021-01,46,52
7612,2021-02,44,55
7612,2021-03,54,57
7612,2021-04,70,80
7612,2021-05,52,71
7612,2021-06,64,74
7612,2021-07,40,47
7612,2021-08,66,74
7612,2021-09,76,94
7612,2021-10,67,98
7612,2021-11,76,96
7612,2021-12,57,70
7612,2022-01,81,122
7612,2022-02,103,140
7612,2022-03,115,165
7612,2022-04,90,119
7612,2022-05,103,150
7612,2022-06,82,104
7612,2022-07,48,67
7612,2022-08,94,114
7612,2022-09,77,112
7612,2022-10,113,122
7612,2022-11,70,85
7612,2022-12,67,85
7612,2023-01,92,114
7612,2023-02,120,140
7612,2023-03,124,161
7612,2023-04,64,80
7612,2023-05,111,184
7612,2023-06,74,79
7612,2023-07,57,161
7612,2023-08,95,195
7612,2023-09,71,85
7612,2023-10,72,78
7612,2023-11,71,77
7612,2023-12,23,31
7612,2024-01,61,84
7612,2024-02,52,71
7612,2024-03,59,85
7612,2024-04,55,85
7612,2024-05,47,59
7612,2024-06,46,61
7612,2024-07,49,81
7612,2024-08,45,55
7612,2024-09,44,56
7612,2024-10,26,33
7612,2024-11,34,35
7612,2024-12,36,39
7612,2025-01,66,84
7612,2025-02,64,83
7612,2025-03,64,78
7612,2025-04,59,71
7612,2025-05,63,75
7612,2025-06,38,45
7612,2025-07,18,21
7612,2025-08,57,67
7612,2025-09,48,56
7612,2025-10,43,61
7612,2025-11,35,45
7612,2025-12,26,31
7612,2026-01,17,22
7612,2026-02,34,45
7613,2020-01,2,2
7613,2020-02,6,6
7613,2020-03,7,7
7613,2020-04,3,3
7613,2020-05,1,1
7613,2020-06,5,6
7613,2020-07,1,1
7613,2020-08,3,5
7613,2020-09,4,4
7613,2020-10,4,4
7613,2020-11,1,1
7613,2020-12,8,9
7613,2021-01,7,8
7613,2021-02,5,6
7613,2021-03,8,10
7613,2021-04,7,7
7613,2021-05,2,2
7613,2021-07,2,2
7613,2021-08,1,1
7613,2021-09,5,5
7613,2021-10,4,4
7613,2021-11,3,5
7613,2021-12,9,9
7613,2022-01,3,3
7613,2022-02,17,19
7613,2022-03,2,2
7613,2022-04,4,4
7613,2022-05,4,5
7613,2022-06,6,6
7613,2022-07,2,2
7613,2022-08,6,6
7613,2022-09,4,4
7613,2022-10,5,6
7613,2022-11,3,4
7613,2022-12,4,4
7613,2023-01,5,5
7613,2023-02,12,20
7613,2023-03,11,24
7613,2023-05,12,408
7613,2023-06,5,104
7613,2023-07,5,5
7613,2023-08,2,2
7613,2023-09,8,8
7613,2023-10,6,6
7613,2023-11,5,5
7613,2023-12,4,6
7613,2024-01,1,1
7613,2024-02,8,16
7613,2024-03,2,2
7613,2024-04,10,12
7613,2024-05,3,3
7613,2024-07,2,2
7613,2024-08,7,7
7613,2024-09,4,4
7613,2024-10,8,8
7613,2024-11,8,8
7613,2024-12,7,7
7613,2025-01,3,3
7613,2025-02,4,4
7613,2025-03,6,10
7613,2025-04,9,11
7613,2025-05,5,5
7613,2025-06,2,2
7613,2025-07,4,4
7613,2025-08,6,6
7613,2025-09,4,5
7613,2025-10,5,6
7613,2025-11,2,2
7613,2025-12,7,7
7613,2026-01,4,12
7613,2026-02,2,2
8111,2020-01,8,86
8111,2020-02,2,21
8111,2020-03,2,37
8111,2020-04,5,39
8111,2020-05,3,6
8111,2020-06,5,8
8111,2020-08,3,5
8111,2020-09,7,7
8111,2020-10,3,3
8111,2020-11,6,306
8111,2020-12,5,23
8111,2021-01,5,205
8111,2021-02,6,15
8111,2021-03,2,2
8111,2021-04,5,27
8111,2021-05,6,9
8111,2021-06,3,5
8111,2021-07,3,4
8111,2021-08,10,25
8111,2021-09,8,29
8111,2021-10,2,2
8111,2021-11,10,255
8111,2021-12,21,88
8111,2022-01,14,210
8111,2022-02,12,41
8111,2022-03,8,11
8111,2022-04,9,77
8111,2022-05,11,18
8111,2022-06,10,63
8111,2022-08,8,18
8111,2022-09,16,77
8111,2022-10,10,40
8111,2022-11,13,41
8111,2022-12,19,352
8111,2023-01,14,172
8111,2023-02,27,198
8111,2023-03,33,415
8111,2023-04,37,302
8111,2023-05,17,146
8111,2023-06,10,29
8111,2023-07,9,12
8111,2023-08,11,16
8111,2023-09,5,7
8111,2023-10,10,20
8111,2023-11,9,30
8111,2023-12,19,275
8111,2024-01,14,60
8111,2024-02,5,9
8111,2024-03,5,14
8111,2024-04,10,36
8111,2024-05,23,98
8111,2024-06,9,19
8111,2024-07,9,12
8111,2024-08,20,51
8111,2024-09,11,16
8111,2024-10,12,16
8111,2024-11,11,115
8111,2024-12,16,69
8111,2025-01,11,45
8111,2025-02,18,61
8111,2025-03,16,104
8111,2025-04,5,5
8111,2025-05,9,19
8111,2025-06,6,8
8111,2025-07,5,8
8111,2025-08,4,5
8111,2025-09,4,4
8111,2025-10,9,95
8111,2025-11,9,30
8111,2025-12,11,45
8111,2026-01,2,4
8111,2026-02,13,40
8112,2020-01,3,3
8112,2020-02,1,1
8112,2020-03,2,2
8112,2020-04,1,1
8112,2020-08,2,2
8112,2020-10,2,2
8112,2020-11,1,1
8112,2020-12,4,11
8112,2021-01,2,2
8112,2021-02,2,6
8112,2021-03,3,4
8112,2021-04,5,5
8112,2021-07,1,1
8112,2021-08,1,2
8112,2021-09,1,1
8112,2021-10,1,1
8112,2021-11,3,3
8112,2021-12,5,5
8112,2022-01,4,4
8112,2022-02,7,22
8112,2022-03,9,14
8112,2022-04,5,11
8112,2022-05,3,9
8112,2022-06,3,4
8112,2022-07,1,1
8112,2022-08,2,4
8112,2022-09,5,9
8112,2022-10,3,3
8112,2022-12,3,3
8112,2023-01,5,6
8112,2023-02,5,20
8112,2023-03,3,3
8112,2023-04,2,4
8112,2023-05,7,10
8112,2023-06,1,2
8112,2023-07,2,2
8112,2023-08,2,3
8112,2023-09,1,1
8112,2023-10,1,1
8112,2023-11,1,10
8112,2023-12,1,35
8112,2024-01,3,5
8112,2024-02,2,2
8112,2024-05,1,1
8112,2024-06,1,1
8112,2024-08,4,10
8112,2024-09,4,4
8112,2024-10,3,3
8112,2024-11,5,5
8112,2024-12,2,95
8112,2025-01,8,28
8112,2025-02,2,6
8112,2025-03,1,1
8112,2025-04,1,5
8112,2025-05,3,3
8112,2025-08,1,1
8112,2025-09,1,1
8112,2025-10,3,3
8112,2025-11,8,8
8112,2025-12,4,8
8112,2026-02,2,6
8113,2020-02,2,2
8113,2020-03,1,1
8113,2020-04,3,4
8113,2020-05,1,1
8113,2020-06,15,77
8113,2020-07,2,7
8113,2020-08,1,1
8113,2020-09,2,3
8113,2020-10,2,2
8113,2020-11,1,2
8113,2020-12,2,2
8113,2021-01,2,2
8113,2021-02,2,3
8113,2021-03,7,8
8113,2021-04,2,3
8113,2021-05,7,13
8113,2021-06,1,1
8113,2021-07,3,3
8113,2021-08,10,16
8113,2021-09,4,5
8113,2021-10,5,5
8113,2021-11,1,1
8113,2021-12,2,3
8113,2022-01,1,1
8113,2022-02,3,4
8113,2022-03,5,7
8113,2022-04,5,10
8113,2022-05,3,5
8113,2022-06,8,10
8113,2022-07,3,3
8113,2022-08,8,10
8113,2022-09,9,15
8113,2022-10,6,22
8113,2022-11,10,15
8113,2022-12,5,10
8113,2023-01,8,12
8113,2023-02,9,19
8113,2023-03,17,22
8113,2023-04,12,14
8113,2023-05,6,9
8113,2023-06,5,7
8113,2023-07,6,7
8113,2023-08,4,7
8113,2023-10,6,9
8113,2023-11,1,1
8113,2023-12,1,1
8113,2024-01,3,6
8113,2024-02,2,4
8113,2024-03,1,3
8113,2024-04,7,9
8113,2024-05,2,3
8113,2024-06,3,4
8113,2024-07,3,8
8113,2024-08,7,15
8113,2024-09,8,11
8113,2024-10,4,6
8113,2024-11,3,5
8113,2024-12,3,8
8113,2025-01,2,2
8113,2025-02,1,1
8113,2025-03,5,6
8113,2025-04,5,7
8113,2025-05,8,9
8113,2025-06,5,6
8113,2025-08,7,8
8113,2025-09,7,8
8113,2025-10,3,4
8113,2025-11,2,2
8113,2025-12,13,13
8113,2026-01,9,9
8113,2026-02,14,14
8114,2020-01,6,7
8114,2020-02,16,32
8114,2020-03,12,46
8114,2020-04,22,36
8114,2020-05,14,26
8114,2020-06,13,38
8114,2020-07,7,12
8114,2020-08,13,46
8114,2020-09,9,12
8114,2020-10,13,14
8114,2020-11,10,11
8114,2020-12,7,8
8114,2021-01,7,7
8114,2021-02,16,18
8114,2021-03,24,30
8114,2021-04,26,70
8114,2021-05,15,68
8114,2021-06,23,101
8114,2021-07,16,27
8114,2021-08,19,32
8114,2021-09,27,52
8114,2021-10,29,52
8114,2021-11,28,37
8114,2021-12,24,45
8114,2022-01,18,37
8114,2022-02,25,53
8114,2022-03,36,56
8114,2022-04,22,42
8114,2022-05,30,56
8114,2022-06,27,45
8114,2022-07,18,18
8114,2022-08,27,41
8114,2022-09,21,50
8114,2022-10,21,26
8114,2022-11,25,72
8114,2022-12,17,47
8114,2023-01,19,63
8114,2023-02,14,31
8114,2023-03,19,35
8114,2023-04,12,23
8114,2023-05,18,28
8114,2023-06,11,21
8114,2023-07,25,109
8114,2023-08,37,119
8114,2023-09,20,38
8114,2023-10,38,58
8114,2023-11,31,83
8114,2023-12,39,97
8114,2024-01,40,73
8114,2024-02,36,55
8114,2024-03,37,64
8114,2024-04,29,37
8114,2024-05,26,55
8114,2024-06,36,80
8114,2024-07,61,136
8114,2024-08,29,39
8114,2024-09,37,55
8114,2024-10,40,53
8114,2024-11,26,40
8114,2024-12,19,38
8114,2025-01,49,109
8114,2025-02,39,81
8114,2025-03,15,27
8114,2025-04,20,27
8114,2025-05,38,92
8114,2025-06,16,32
8114,2025-07,13,33
8114,2025-08,12,30
8114,2025-09,18,34
8114,2025-10,26,34
8114,2025-11,16,27
8114,2025-12,23,46
8114,2026-01,6,6
8114,2026-02,20,35
8115,2020-02,3,3
8115,2020-10,1,1
8115,2020-12,2,2
8115,2021-01,1,1
8115,2021-02,2,2
8115,2021-04,2,3
8115,2021-08,1,1
8115,2021-09,1,1
8115,2022-01,1,1
8115,2022-02,1,1
8115,2022-04,1,1
8115,2022-05,1,1
8115,2022-08,1,1
8115,2022-09,1,2
8115,2022-10,1,1
8115,2022-12,1,1
8115,2023-03,1,1
8115,2023-06,1,1
8115,2023-09,2,2
8115,2024-05,1,1
8115,2024-06,1,1
8115,2024-10,1,1
8115,2024-11,3,3
8115,2024-12,4,4
8115,2025-01,2,2
8115,2025-02,1,1
8115,2025-03,3,3
8115,2025-09,1,1
8115,2025-10,1,1
8115,2025-11,2,4
8115,2025-12,2,4
8116,2020-01,4,7
8116,2020-02,2,13
8116,2020-03,2,2
8116,2020-04,1,2
8116,2020-06,3,4
8116,2020-07,2,2
8116,2020-08,2,2
8116,2020-09,4,4
8116,2020-12,1,1
8116,2021-01,3,3
8116,2021-02,3,5
8116,2021-03,3,3
8116,2021-04,4,6
8116,2021-05,5,9
8116,2021-06,4,6
8116,2021-07,5,16
8116,2021-08,4,6
8116,2021-09,11,20
8116,2021-10,3,4
8116,2021-11,4,6
8116,2021-12,4,7
8116,2022-01,3,4
8116,2022-02,5,6
8116,2022-03,8,17
8116,2022-04,6,7
8116,2022-05,5,13
8116,2022-06,5,12
8116,2022-07,4,4
8116,2022-08,5,11
8116,2022-09,7,9
8116,2022-10,3,4
8116,2022-12,3,5
8116,2023-01,5,18
8116,2023-02,5,18
8116,2023-03,6,9
8116,2023-04,3,7
8116,2023-05,4,9
8116,2023-06,3,10
8116,2023-07,2,2
8116,2023-08,3,9
8116,2023-09,2,3
8116,2023-10,2,2
8116,2023-11,1,2
8116,2023-12,3,3
8116,2024-01,13,30
8116,2024-02,5,8
8116,2024-03,5,21
8116,2024-04,2,5
8116,2024-05,4,4
8116,2024-06,11,11
8116,2024-07,5,12
8116,2024-08,3,3
8116,2024-09,4,7
8116,2024-10,4,13
8116,2024-11,4,4
8116,2024-12,3,5
8116,2025-01,3,22
8116,2025-02,11,34
8116,2025-03,4,4
8116,2025-04,2,2
8116,2025-05,6,6
8116,2025-06,14,14
8116,2025-07,24,26
8116,2025-08,15,21
8116,2025-09,7,9
8116,2025-10,2,2
8116,2025-11,5,5
8116,2025-12,2,4
8116,2026-01,1,1
8116,2026-02,4,28
8121,2020-01,8,14
8121,2020-02,10,17
8121,2020-03,10,27
8121,2020-04,2,27
8121,2020-05,7,16
8121,2020-06,6,6
8121,2020-07,10,24
8121,2020-08,8,19
8121,2020-09,15,23
8121,2020-10,18,24
8121,2020-11,11,39
8121,2020-12,11,33
8121,2021-01,16,32
8121,2021-02,17,39
8121,2021-03,16,42
8121,2021-04,28,69
8121,2021-05,23,58
8121,2021-06,37,127
8121,2021-07,15,38
8121,2021-08,17,53
8121,2021-09,26,71
8121,2021-10,32,71
8121,2021-11,34,81
8121,2021-12,20,27
8121,2022-01,37,113
8121,2022-02,49,170
8121,2022-03,65,169
8121,2022-04,43,165
8121,2022-05,24,53
8121,2022-06,31,72
8121,2022-07,17,35
8121,2022-08,37,69
8121,2022-09,25,44
8121,2022-10,26,35
8121,2022-11,36,39
8121,2022-12,50,77
8121,2023-01,40,75
8121,2023-02,22,31
8121,2023-03,36,71
8121,2023-04,17,28
8121,2023-05,29,105
8121,2023-06,30,58
8121,2023-07,32,81
8121,2023-08,37,75
8121,2023-09,27,38
8121,2023-10,21,36
8121,2023-11,12,18
8121,2023-12,6,12
8121,2024-01,8,12
8121,2024-02,20,50
8121,2024-03,31,49
8121,2024-04,15,53
8121,2024-05,24,64
8121,2024-06,18,27
8121,2024-07,8,21
8121,2024-08,16,34
8121,2024-09,18,26
8121,2024-10,12,15
8121,2024-11,14,22
8121,2024-12,12,16
8121,2025-01,15,17
8121,2025-02,25,51
8121,2025-03,29,40
8121,2025-04,41,69
8121,2025-05,15,20
8121,2025-06,14,26
8121,2025-07,12,31
8121,2025-08,15,17
8121,2025-09,25,34
8121,2025-10,20,33
8121,2025-11,26,48
8121,2025-12,16,23
8121,2026-01,4,4
8121,2026-02,11,18
8122,2020-09,1,1
8122,2020-11,1,1
8122,2020-12,1,1
8122,2021-04,3,3
8122,2021-05,3,9
8122,2021-06,2,2
8122,2021-07,3,7
8122,2021-08,2,3
8122,2021-09,1,2
8122,2021-12,2,5
8122,2022-01,2,13
8122,2022-02,2,10
8122,2022-03,2,2
8122,2022-06,1,5
8122,2022-07,2,6
8122,2022-08,1,1
8122,2022-09,1,3
8122,2022-10,1,1
8122,2022-11,4,4
8122,2022-12,3,7
8122,2023-01,6,6
8122,2023-02,4,7
8122,2023-03,5,10
8122,2023-04,4,4
8122,2023-05,1,1
8122,2023-07,1,1
8122,2023-08,4,4
8122,2023-09,3,3
8122,2023-10,3,5
8122,2023-11,4,4
8122,2023-12,1,1
8122,2024-01,4,4
8122,2024-02,4,4
8122,2024-03,4,4
8122,2024-04,3,3
8122,2024-05,1,1
8122,2024-06,7,9
8122,2024-07,2,2
8122,2024-08,1,1
8122,2024-09,3,4
8122,2024-12,1,1
8122,2025-02,1,1
8122,2025-03,1,1
8122,2025-04,2,4
8122,2025-05,1,1
8122,2025-09,1,1
8122,2025-10,1,1
8122,2025-12,3,3
8122,2026-02,4,4
8129,2020-01,38,278
8129,2020-02,22,178
8129,2020-03,33,65
8129,2020-04,12,14
8129,2020-05,8,16
8129,2020-06,10,16
8129,2020-07,10,16
8129,2020-08,20,32
8129,2020-09,23,50
8129,2020-10,27,52
8129,2020-11,21,64
8129,2020-12,20,44
8129,2021-01,42,271
8129,2021-02,36,137
8129,2021-03,46,81
8129,2021-04,42,114
8129,2021-05,45,89
8129,2021-06,43,156
8129,2021-07,42,102
8129,2021-08,38,128
8129,2021-09,72,203
8129,2021-10,60,173
8129,2021-11,87,252
8129,2021-12,47,114
8129,2022-01,68,515
8129,2022-02,80,227
8129,2022-03,69,224
8129,2022-04,68,157
8129,2022-05,84,183
8129,2022-06,76,161
8129,2022-07,56,124
8129,2022-08,111,290
8129,2022-09,97,195
8129,2022-10,101,256
8129,2022-11,87,171
8129,2022-12,79,182
8129,2023-01,87,496
8129,2023-02,59,259
8129,2023-03,102,378
8129,2023-04,56,151
8129,2023-05,103,319
8129,2023-06,80,198
8129,2023-07,75,208
8129,2023-08,91,243
8129,2023-09,90,224
8129,2023-10,66,140
8129,2023-11,50,133
8129,2023-12,35,137
8129,2024-01,67,230
8129,2024-02,53,193
8129,2024-03,63,155
8129,2024-04,58,111
8129,2024-05,74,119
8129,2024-06,50,62
8129,2024-07,37,67
8129,2024-08,69,98
8129,2024-09,62,95
8129,2024-10,43,65
8129,2024-11,50,74
8129,2024-12,44,87
8129,2025-01,41,204
8129,2025-02,49,114
8129,2025-03,63,145
8129,2025-04,65,125
8129,2025-05,43,84
8129,2025-06,35,83
8129,2025-07,34,89
8129,2025-08,58,114
8129,2025-09,55,150
8129,2025-10,56,100
8129,2025-11,43,74
8129,2025-12,51,1053
8129,2026-01,15,180
8129,2026-02,43,103
8131,2020-01,49,208
8131,2020-02,41,164
8131,2020-03,36,137
8131,2020-04,42,189
8131,2020-05,23,65
8131,2020-06,24,74
8131,2020-07,17,38
8131,2020-08,24,59
8131,2020-09,24,47
8131,2020-10,28,60
8131,2020-11,23,56
8131,2020-12,21,116
8131,2021-01,34,73
8131,2021-02,28,129
8131,2021-03,32,93
8131,2021-04,49,154
8131,2021-05,39,110
8131,2021-06,20,43
8131,2021-07,30,105
8131,2021-08,46,104
8131,2021-09,40,118
8131,2021-10,54,151
8131,2021-11,62,137
8131,2021-12,56,201
8131,2022-01,67,286
8131,2022-02,77,285
8131,2022-03,83,358
8131,2022-04,76,523
8131,2022-05,79,461
8131,2022-06,59,165
8131,2022-07,43,118
8131,2022-08,61,174
8131,2022-09,64,144
8131,2022-10,107,288
8131,2022-11,110,259
8131,2022-12,84,269
8131,2023-01,133,277
8131,2023-02,115,218
8131,2023-03,158,464
8131,2023-04,88,165
8131,2023-05,102,211
8131,2023-06,47,76
8131,2023-07,40,111
8131,2023-08,100,197
8131,2023-09,71,180
8131,2023-10,89,221
8131,2023-11,73,177
8131,2023-12,32,118
8131,2024-01,71,161
8131,2024-02,33,77
8131,2024-03,59,141
8131,2024-04,64,117
8131,2024-05,65,135
8131,2024-06,37,70
8131,2024-07,27,60
8131,2024-08,53,106
8131,2024-09,51,119
8131,2024-10,58,164
8131,2024-11,45,116
8131,2024-12,37,95
8131,2025-01,42,78
8131,2025-02,41,110
8131,2025-03,57,108
8131,2025-04,59,114
8131,2025-05,41,62
8131,2025-06,29,48
8131,2025-07,24,45
8131,2025-08,47,92
8131,2025-09,36,69
8131,2025-10,22,36
8131,2025-11,65,118
8131,2025-12,29,78
8131,2026-01,4,4
8131,2026-02,13,22
8132,2020-01,1,9
8132,2020-02,2,2
8132,2020-03,2,7
8132,2020-04,4,8
8132,2020-05,2,12
8132,2020-06,3,11
8132,2020-09,1,1
8132,2020-10,2,6
8132,2020-11,3,8
8132,2021-01,1,1
8132,2021-04,5,5
8132,2021-05,7,14
8132,2021-06,5,17
8132,2021-07,1,2
8132,2021-08,1,5
8132,2021-09,7,10
8132,2021-11,4,15
8132,2021-12,2,2
8132,2022-01,2,2
8132,2022-02,2,21
8132,2022-03,1,1
8132,2022-04,5,49
8132,2022-05,4,47
8132,2022-06,5,47
8132,2022-07,2,10
8132,2022-08,3,7
8132,2022-09,7,21
8132,2022-10,1,1
8132,2022-11,1,3
8132,2022-12,2,3
8132,2023-01,1,2
8132,2023-02,4,5
8132,2023-03,5,8
8132,2023-04,3,4
8132,2023-05,5,6
8132,2023-06,1,4
8132,2023-08,2,2
8132,2023-09,5,5
8132,2023-10,2,2
8132,2023-11,4,7
8132,2023-12,1,2
8132,2024-01,6,63
8132,2024-02,2,2
8132,2024-03,1,1
8132,2024-04,4,10
8132,2024-05,1,1
8132,2024-06,2,3
8132,2024-07,2,2
8132,2024-08,6,8
8132,2024-09,3,3
8132,2024-10,1,1
8132,2024-11,1,1
8132,2024-12,2,2
8132,2025-02,4,4
8132,2025-03,2,3
8132,2025-04,3,3
8132,2025-05,9,10
8132,2025-06,4,4
8132,2025-08,2,26
8132,2025-09,5,37
8132,2025-10,2,3
8132,2025-11,1,1
8132,2025-12,1,1
8141,2020-01,7,13
8141,2020-02,13,49
8141,2020-03,3,12
8141,2020-04,8,15
8141,2020-05,1,2
8141,2020-06,3,4
8141,2020-07,2,2
8141,2020-08,4,4
8141,2020-09,3,3
8141,2020-10,3,4
8141,2020-11,5,6
8141,2020-12,3,11
8141,2021-01,3,12
8141,2021-02,5,15
8141,2021-03,10,35
8141,2021-04,10,33
8141,2021-05,9,27
8141,2021-06,6,13
8141,2021-07,4,4
8141,2021-08,9,26
8141,2021-09,13,36
8141,2021-10,16,31
8141,2021-11,9,10
8141,2021-12,8,19
8141,2022-01,17,26
8141,2022-02,23,34
8141,2022-03,20,26
8141,2022-04,10,23
8141,2022-05,24,70
8141,2022-06,5,5
8141,2022-07,11,26
8141,2022-08,14,26
8141,2022-09,27,42
8141,2022-10,15,15
8141,2022-11,27,40
8141,2022-12,44,71
8141,2023-01,38,242
8141,2023-02,36,40
8141,2023-03,22,22
8141,2023-04,17,31
8141,2023-05,17,20
8141,2023-06,16,18
8141,2023-07,16,17
8141,2023-08,17,30
8141,2023-09,19,21
8141,2023-10,14,20
8141,2023-11,8,14
8141,2023-12,13,24
8141,2024-01,8,14
8141,2024-02,14,47
8141,2024-03,20,37
8141,2024-04,21,66
8141,2024-05,28,59
8141,2024-06,14,27
8141,2024-07,11,17
8141,2024-08,15,21
8141,2024-09,9,12
8141,2024-10,7,7
8141,2024-11,9,11
8141,2024-12,3,5
8141,2025-01,9,10
8141,2025-02,15,16
8141,2025-03,12,15
8141,2025-04,6,7
8141,2025-05,11,21
8141,2025-06,2,5
8141,2025-07,3,4
8141,2025-08,8,15
8141,2025-09,8,13
8141,2025-10,8,12
8141,2025-11,7,11
8141,2025-12,6,6
8141,2026-01,4,8
8141,2026-02,4,5
8142,2020-01,20,117
8142,2020-02,29,78
8142,2020-03,17,50
8142,2020-04,9,34
8142,2020-05,5,5
8142,2020-06,7,38
8142,2020-07,6,7
8142,2020-08,15,22
8142,2020-09,22,56
8142,2020-10,17,41
8142,2020-11,27,47
8142,2020-12,27,42
8142,2021-01,33,47
8142,2021-02,26,99
8142,2021-03,58,87
8142,2021-04,44,60
8142,2021-05,58,76
8142,2021-06,64,99
8142,2021-07,39,59
8142,2021-08,49,66
8142,2021-09,63,137
8142,2021-10,95,163
8142,2021-11,56,82
8142,2021-12,75,196
8142,2022-01,70,169
8142,2022-02,86,150
8142,2022-03,79,147
8142,2022-04,77,154
8142,2022-05,95,189
8142,2022-06,80,112
8142,2022-07,83,150
8142,2022-08,92,112
8142,2022-09,121,211
8142,2022-10,78,140
8142,2022-11,88,146
8142,2022-12,63,90
8142,2023-01,100,196
8142,2023-02,111,208
8142,2023-03,105,290
8142,2023-04,103,204
8142,2023-05,112,292
8142,2023-06,124,272
8142,2023-07,75,186
8142,2023-08,109,198
8142,2023-09,62,120
8142,2023-10,82,146
8142,2023-11,31,57
8142,2023-12,70,133
8142,2024-01,61,143
8142,2024-02,108,187
8142,2024-03,69,110
8142,2024-04,78,129
8142,2024-05,91,124
8142,2024-06,59,81
8142,2024-07,35,43
8142,2024-08,66,100
8142,2024-09,62,86
8142,2024-10,48,64
8142,2024-11,62,81
8142,2024-12,45,86
8142,2025-01,61,166
8142,2025-02,82,107
8142,2025-03,65,100
8142,2025-04,68,107
8142,2025-05,54,81
8142,2025-06,27,47
8142,2025-07,28,41
8142,2025-08,50,82
8142,2025-09,61,140
8142,2025-10,65,123
8142,2025-11,73,114
8142,2025-12,53,71
8142,2026-01,10,13
8142,2026-02,34,89
8143,2020-01,10,186
8143,2020-02,3,38
8143,2020-03,2,36
8143,2020-04,1,1
8143,2020-05,4,10
8143,2020-09,3,5
8143,2020-10,1,1
8143,2020-11,6,13
8143,2020-12,2,3
8143,2021-01,4,87
8143,2021-02,6,10
8143,2021-03,2,3
8143,2021-04,3,5
8143,2021-05,4,8
8143,2021-06,4,6
8143,2021-07,2,19
8143,2021-08,2,4
8143,2021-09,4,8
8143,2021-10,3,7
8143,2021-11,3,4
8143,2021-12,4,16
8143,2022-01,8,95
8143,2022-02,8,9
8143,2022-03,4,50
8143,2022-04,8,20
8143,2022-05,8,25
8143,2022-06,5,16
8143,2022-07,3,16
8143,2022-08,5,7
8143,2022-09,9,19
8143,2022-10,5,9
8143,2022-11,5,17
8143,2022-12,10,14
8143,2023-01,13,144
8143,2023-02,14,45
8143,2023-03,11,49
8143,2023-04,8,11
8143,2023-05,5,5
8143,2023-06,14,17
8143,2023-07,4,4
8143,2023-08,5,5
8143,2023-09,4,10
8143,2023-10,2,6
8143,2023-11,3,10
8143,2023-12,3,62
8143,2024-01,11,113
8143,2024-02,10,51
8143,2024-03,5,10
8143,2024-04,10,26
8143,2024-05,3,3
8143,2024-06,4,4
8143,2024-08,9,27
8143,2024-09,7,9
8143,2024-10,4,8
8143,2024-11,5,9
8143,2024-12,2,95
8143,2025-01,14,17
8143,2025-02,4,5
8143,2025-03,3,3
8143,2025-04,2,2
8143,2025-05,5,8
8143,2025-06,5,18
8143,2025-07,1,5
8143,2025-08,3,5
8143,2025-09,3,4
8143,2025-10,3,3
8143,2025-11,5,9
8143,2025-12,9,161
8143,2026-01,4,28
8143,2026-02,4,6
8151,2020-01,16,103
8151,2020-02,24,36
8151,2020-03,10,24
8151,2020-04,5,6
8151,2020-05,3,7
8151,2020-06,4,8
8151,2020-08,10,59
8151,2020-09,9,17
8151,2020-10,3,16
8151,2020-11,6,15
8151,2020-12,3,13
8151,2021-01,9,9
8151,2021-02,13,55
8151,2021-03,14,21
8151,2021-04,7,7
8151,2021-05,19,50
8151,2021-06,19,117
8151,2021-07,7,32
8151,2021-08,9,26
8151,2021-09,28,75
8151,2021-10,23,64
8151,2021-11,34,111
8151,2021-12,27,104
8151,2022-01,26,184
8151,2022-02,19,261
8151,2022-03,23,146
8151,2022-04,35,224
8151,2022-05,39,250
8151,2022-06,44,241
8151,2022-07,23,82
8151,2022-08,26,85
8151,2022-09,28,93
8151,2022-10,37,123
8151,2022-11,21,86
8151,2022-12,23,73
8151,2023-01,26,97
8151,2023-02,28,168
8151,2023-03,35,551
8151,2023-04,27,292
8151,2023-05,25,220
8151,2023-06,20,102
8151,2023-07,14,45
8151,2023-08,7,16
8151,2023-09,18,28
8151,2023-10,11,18
8151,2023-11,15,51
8151,2023-12,16,32
8151,2024-01,18,203
8151,2024-02,12,149
8151,2024-03,13,57
8151,2024-04,25,56
8151,2024-05,19,94
8151,2024-06,15,45
8151,2024-07,7,7
8151,2024-08,9,23
8151,2024-09,11,30
8151,2024-10,9,34
8151,2024-11,2,3
8151,2024-12,1,1
8151,2025-01,12,88
8151,2025-02,23,317
8151,2025-03,27,245
8151,2025-04,25,277
8151,2025-05,16,175
8151,2025-06,10,49
8151,2025-07,7,16
8151,2025-08,7,18
8151,2025-09,9,58
8151,2025-10,14,53
8151,2025-11,10,17
8151,2025-12,9,13
8151,2026-01,8,64
8151,2026-02,13,159
8159,2020-01,9,9
8159,2020-02,5,6
8159,2020-03,3,3
8159,2020-05,8,14
8159,2020-06,4,5
8159,2020-07,1,1
8159,2020-08,5,5
8159,2020-09,7,7
8159,2020-10,6,6
8159,2020-11,12,12
8159,2020-12,5,5
8159,2021-01,11,12
8159,2021-02,10,19
8159,2021-03,8,11
8159,2021-04,14,20
8159,2021-05,9,16
8159,2021-06,19,41
8159,2021-07,11,17
8159,2021-08,26,41
8159,2021-09,18,29
8159,2021-10,8,8
8159,2021-11,16,29
8159,2021-12,19,32
8159,2022-01,35,58
8159,2022-02,24,42
8159,2022-03,25,34
8159,2022-04,17,25
8159,2022-05,12,14
8159,2022-06,19,21
8159,2022-07,9,9
8159,2022-08,24,47
8159,2022-09,12,12
8159,2022-10,7,14
8159,2022-11,10,14
8159,2022-12,5,6
8159,2023-01,8,11
8159,2023-02,14,17
8159,2023-03,25,27
8159,2023-04,10,13
8159,2023-05,16,17
8159,2023-06,8,8
8159,2023-07,1,1
8159,2023-08,8,11
8159,2023-09,12,20
8159,2023-10,11,17
8159,2023-11,7,7
8159,2023-12,7,8
8159,2024-01,13,13
8159,2024-02,16,17
8159,2024-03,19,21
8159,2024-04,13,13
8159,2024-05,11,11
8159,2024-06,11,13
8159,2024-07,5,6
8159,2024-08,11,16
8159,2024-09,15,19
8159,2024-10,18,22
8159,2024-11,9,10
8159,2024-12,4,4
8159,2025-01,17,23
8159,2025-02,7,8
8159,2025-03,7,8
8159,2025-04,14,20
8159,2025-05,12,17
8159,2025-06,10,14
8159,2025-07,5,7
8159,2025-08,12,15
8159,2025-09,15,20
8159,2025-10,16,22
8159,2025-11,10,16
8159,2025-12,4,5
8159,2026-01,3,5
8159,2026-02,6,7
8161,2020-01,18,558
8161,2020-02,27,360
8161,2020-03,21,153
8161,2020-04,4,116
8161,2020-05,7,35
8161,2020-06,5,53
8161,2020-07,4,27
8161,2020-08,5,30
8161,2020-09,14,67
8161,2020-10,17,87
8161,2020-11,9,25
8161,2020-12,3,22
8161,2021-01,11,476
8161,2021-02,23,642
8161,2021-03,20,259
8161,2021-04,19,90
8161,2021-05,20,370
8161,2021-06,19,55
8161,2021-07,13,48
8161,2021-08,17,40
8161,2021-09,32,130
8161,2021-10,24,117
8161,2021-11,32,114
8161,2021-12,17,52
8161,2022-01,22,528
8161,2022-02,32,320
8161,2022-03,56,500
8161,2022-04,53,238
8161,2022-05,63,533
8161,2022-06,57,249
8161,2022-07,26,70
8161,2022-08,44,100
8161,2022-09,36,124
8161,2022-10,41,170
8161,2022-11,29,117
8161,2022-12,26,65
8161,2023-01,45,299
8161,2023-02,38,336
8161,2023-03,74,121
8161,2023-04,70,267
8161,2023-05,72,173
8161,2023-06,45,101
8161,2023-07,20,31
8161,2023-08,32,49
8161,2023-09,31,102
8161,2023-10,18,51
8161,2023-11,17,50
8161,2023-12,7,14
8161,2024-01,31,661
8161,2024-02,22,73
8161,2024-03,42,225
8161,2024-04,34,220
8161,2024-05,42,143
8161,2024-06,22,46
8161,2024-07,12,76
8161,2024-08,16,40
8161,2024-09,25,62
8161,2024-10,21,36
8161,2024-11,13,26
8161,2024-12,10,56
8161,2025-01,25,363
8161,2025-02,36,772
8161,2025-03,30,126
8161,2025-04,21,63
8161,2025-05,11,41
8161,2025-06,9,14
8161,2025-07,11,24
8161,2025-08,10,16
8161,2025-09,35,66
8161,2025-10,15,26
8161,2025-11,11,41
8161,2025-12,7,9
8161,2026-01,8,129
8161,2026-02,10,207
8162,2020-01,25,131
8162,2020-02,37,145
8162,2020-03,31,121
8162,2020-04,8,34
8162,2020-05,11,47
8162,2020-06,14,31
8162,2020-07,9,22
8162,2020-08,15,40
8162,2020-09,18,47
8162,2020-10,16,31
8162,2020-11,9,32
8162,2020-12,6,20
8162,2021-01,15,127
8162,2021-02,21,80
8162,2021-03,10,42
8162,2021-04,14,67
8162,2021-05,22,63
8162,2021-06,22,51
8162,2021-07,9,33
8162,2021-08,27,46
8162,2021-09,32,94
8162,2021-10,17,36
8162,2021-11,28,59
8162,2021-12,17,30
8162,2022-01,39,121
8162,2022-02,35,116
8162,2022-03,44,139
8162,2022-04,35,121
8162,2022-05,32,95
8162,2022-06,36,165
8162,2022-07,22,66
8162,2022-08,26,85
8162,2022-09,32,84
8162,2022-10,20,47
8162,2022-11,17,44
8162,2022-12,17,66
8162,2023-01,27,123
8162,2023-02,38,146
8162,2023-03,49,220
8162,2023-04,40,194
8162,2023-05,43,201
8162,2023-06,25,135
8162,2023-07,13,40
8162,2023-08,21,47
8162,2023-09,15,46
8162,2023-10,23,54
8162,2023-11,16,57
8162,2023-12,16,77
8162,2024-01,35,144
8162,2024-02,33,80
8162,2024-03,40,84
8162,2024-04,44,99
8162,2024-05,34,84
8162,2024-06,33,66
8162,2024-07,18,44
8162,2024-08,33,88
8162,2024-09,22,63
8162,2024-10,19,46
8162,2024-11,16,44
8162,2024-12,10,17
8162,2025-01,40,119
8162,2025-02,30,130
8162,2025-03,28,114
8162,2025-04,35,77
8162,2025-05,23,62
8162,2025-06,21,63
8162,2025-07,9,20
8162,2025-08,17,41
8162,2025-09,22,47
8162,2025-10,12,36
8162,2025-11,19,55
8162,2025-12,11,34
8162,2026-01,7,89
8162,2026-02,19,73
8163,2020-01,28,444
8163,2020-02,22,178
8163,2020-03,18,106
8163,2020-04,12,41
8163,2020-05,8,8
8163,2020-06,7,20
8163,2020-07,7,35
8163,2020-08,10,31
8163,2020-09,7,26
8163,2020-10,9,22
8163,2020-11,10,14
8163,2020-12,2,2
8163,2021-01,9,50
8163,2021-02,16,103
8163,2021-03,17,66
8163,2021-04,27,85
8163,2021-05,27,111
8163,2021-06,28,71
8163,2021-07,10,22
8163,2021-08,22,107
8163,2021-09,22,54
8163,2021-10,19,54
8163,2021-11,29,81
8163,2021-12,26,82
8163,2022-01,30,175
8163,2022-02,36,253
8163,2022-03,47,174
8163,2022-04,39,100
8163,2022-05,38,82
8163,2022-06,38,128
8163,2022-07,15,27
8163,2022-08,25,83
8163,2022-09,15,44
8163,2022-10,16,30
8163,2022-11,12,37
8163,2022-12,12,35
8163,2023-01,24,97
8163,2023-02,29,122
8163,2023-03,45,120
8163,2023-04,36,128
8163,2023-05,41,113
8163,2023-06,26,79
8163,2023-07,16,28
8163,2023-08,22,52
8163,2023-09,29,38
8163,2023-10,15,51
8163,2023-11,14,30
8163,2023-12,8,13
8163,2024-01,27,165
8163,2024-02,41,148
8163,2024-03,47,152
8163,2024-04,42,108
8163,2024-05,29,74
8163,2024-06,23,52
8163,2024-07,16,25
8163,2024-08,15,16
8163,2024-09,14,15
8163,2024-10,12,26
8163,2024-11,9,13
8163,2024-12,10,143
8163,2025-01,19,75
8163,2025-02,22,192
8163,2025-03,44,159
8163,2025-04,28,65
8163,2025-05,30,62
8163,2025-06,22,33
8163,2025-07,9,13
8163,2025-08,14,39
8163,2025-09,21,35
8163,2025-10,21,64
8163,2025-11,9,19
8163,2025-12,12,137
8163,2026-01,1,1
8163,2026-02,18,87
8169,2020-01,23,63
8169,2020-02,21,238
8169,2020-03,20,61
8169,2020-04,2,2
8169,2020-05,7,12
8169,2020-06,11,12
8169,2020-07,8,32
8169,2020-08,9,25
8169,2020-09,14,32
8169,2020-10,14,97
8169,2020-11,7,39
8169,2020-12,26,94
8169,2021-01,18,86
8169,2021-02,29,157
8169,2021-03,28,146
8169,2021-04,41,120
8169,2021-05,30,88
8169,2021-06,26,65
8169,2021-07,16,40
8169,2021-08,19,60
8169,2021-09,28,81
8169,2021-10,28,79
8169,2021-11,35,91
8169,2021-12,35,127
8169,2022-01,53,286
8169,2022-02,30,201
8169,2022-03,43,322
8169,2022-04,106,636
8169,2022-05,52,142
8169,2022-06,48,132
8169,2022-07,12,32
8169,2022-08,29,72
8169,2022-09,12,42
8169,2022-10,13,50
8169,2022-11,21,61
8169,2022-12,21,180
8169,2023-01,21,93
8169,2023-02,40,239
8169,2023-03,53,199
8169,2023-04,20,50
8169,2023-05,29,100
8169,2023-06,13,33
8169,2023-07,11,23
8169,2023-08,17,37
8169,2023-09,18,40
8169,2023-10,23,61
8169,2023-11,15,60
8169,2023-12,4,20
8169,2024-01,29,131
8169,2024-02,42,159
8169,2024-03,45,121
8169,2024-04,56,84
8169,2024-05,29,54
8169,2024-06,35,51
8169,2024-07,29,46
8169,2024-08,42,181
8169,2024-09,38,50
8169,2024-10,21,65
8169,2024-11,23,54
8169,2024-12,10,14
8169,2025-01,29,138
8169,2025-02,24,42
8169,2025-03,33,109
8169,2025-04,33,67
8169,2025-05,24,49
8169,2025-06,6,9
8169,2025-07,9,16
8169,2025-08,20,32
8169,2025-09,27,46
8169,2025-10,16,24
8169,2025-11,27,36
8169,2025-12,23,159
8169,2026-01,6,9
8169,2026-02,16,35
8171,2020-01,20,64
8171,2020-02,5,96
8171,2020-03,6,7
8171,2020-05,3,3
8171,2020-06,4,5
8171,2020-07,1,1
8171,2020-08,4,5
8171,2020-10,5,9
8171,2020-11,2,2
8171,2020-12,10,85
8171,2021-01,14,93
8171,2021-02,8,117
8171,2021-03,5,6
8171,2021-04,3,8
8171,2021-05,7,9
8171,2021-06,2,2
8171,2021-07,2,2
8171,2021-08,5,14
8171,2021-09,5,9
8171,2021-10,4,8
8171,2021-11,7,16
8171,2021-12,17,216
8171,2022-01,16,31
8171,2022-02,9,124
8171,2022-03,17,74
8171,2022-04,4,11
8171,2022-05,5,24
8171,2022-06,9,28
8171,2022-07,7,21
8171,2022-08,2,2
8171,2022-09,6,7
8171,2022-10,3,10
8171,2022-11,6,8
8171,2022-12,23,144
8171,2023-01,16,47
8171,2023-02,18,20
8171,2023-03,11,15
8171,2023-04,5,11
8171,2023-05,6,12
8171,2023-07,22,85
8171,2023-08,21,108
8171,2023-09,7,33
8171,2023-10,10,31
8171,2023-11,9,31
8171,2023-12,12,34
8171,2024-01,16,83
8171,2024-02,16,122
8171,2024-03,11,47
8171,2024-04,2,4
8171,2024-05,4,11
8171,2024-06,5,20
8171,2024-07,6,10
8171,2024-08,5,11
8171,2024-09,2,4
8171,2024-10,7,12
8171,2024-11,9,13
8171,2024-12,15,213
8171,2025-01,14,22
8171,2025-02,5,17
8171,2025-03,4,4
8171,2025-04,13,22
8171,2025-05,5,7
8171,2025-06,3,5
8171,2025-07,7,13
8171,2025-08,7,13
8171,2025-09,12,24
8171,2025-10,4,6
8171,2025-11,6,87
8171,2025-12,9,72
8171,2026-01,2,62
8171,2026-02,4,19
8172,2020-01,9,162
8172,2020-02,10,113
8172,2020-03,5,21
8172,2020-04,2,5
8172,2020-06,4,17
8172,2020-08,2,5
8172,2020-09,1,4
8172,2020-10,4,8
8172,2020-11,3,3
8172,2020-12,15,171
8172,2021-01,14,218
8172,2021-02,11,68
8172,2021-03,18,58
8172,2021-04,11,27
8172,2021-05,5,8
8172,2021-06,6,15
8172,2021-07,7,59
8172,2021-08,7,49
8172,2021-09,9,17
8172,2021-10,9,34
8172,2021-11,13,37
8172,2021-12,17,575
8172,2022-01,12,198
8172,2022-02,13,124
8172,2022-03,20,120
8172,2022-04,9,77
8172,2022-05,10,22
8172,2022-06,13,22
8172,2022-07,11,47
8172,2022-08,6,12
8172,2022-09,13,17
8172,2022-10,16,32
8172,2022-11,15,198
8172,2022-12,26,459
8172,2023-01,9,43
8172,2023-02,20,89
8172,2023-03,18,44
8172,2023-04,4,5
8172,2023-05,7,13
8172,2023-06,36,90
8172,2023-07,43,125
8172,2023-08,48,133
8172,2023-09,15,39
8172,2023-10,5,17
8172,2023-11,2,2
8172,2023-12,18,306
8172,2024-01,17,434
8172,2024-02,27,180
8172,2024-03,15,29
8172,2024-04,5,5
8172,2024-05,11,20
8172,2024-06,10,113
8172,2024-07,12,13
8172,2024-08,5,6
8172,2024-09,14,25
8172,2024-10,8,14
8172,2024-11,15,21
8172,2024-12,20,359
8172,2025-01,20,247
8172,2025-02,9,109
8172,2025-03,12,128
8172,2025-04,16,223
8172,2025-05,5,9
8172,2025-06,3,4
8172,2025-07,2,2
8172,2025-08,5,23
8172,2025-09,6,7
8172,2025-10,12,20
8172,2025-11,2,41
8172,2025-12,6,39
8172,2026-01,3,70
8172,2026-02,10,171
8173,2020-01,7,16
8173,2020-02,11,45
8173,2020-03,12,29
8173,2020-04,3,3
8173,2020-05,5,15
8173,2020-06,6,7
8173,2020-07,4,5
8173,2020-08,12,18
8173,2020-09,17,18
8173,2020-10,30,37
8173,2020-11,20,24
8173,2020-12,25,45
8173,2021-01,27,52
8173,2021-02,22,37
8173,2021-03,40,185
8173,2021-04,23,47
8173,2021-05,64,162
8173,2021-06,39,90
8173,2021-07,42,119
8173,2021-08,32,89
8173,2021-09,33,87
8173,2021-10,28,33
8173,2021-11,30,30
8173,2021-12,30,128
8173,2022-01,37,204
8173,2022-02,32,116
8173,2022-03,45,102
8173,2022-04,45,272
8173,2022-05,34,111
8173,2022-06,32,45
8173,2022-07,18,35
8173,2022-08,15,29
8173,2022-09,28,53
8173,2022-10,26,40
8173,2022-11,26,91
8173,2022-12,20,64
8173,2023-01,22,34
8173,2023-02,32,101
8173,2023-03,41,95
8173,2023-04,10,14
8173,2023-05,32,49
8173,2023-06,14,18
8173,2023-07,17,30
8173,2023-08,18,25
8173,2023-09,18,24
8173,2023-10,9,11
8173,2023-11,14,17
8173,2023-12,15,49
8173,2024-01,14,25
8173,2024-02,13,21
8173,2024-03,18,30
8173,2024-04,33,47
8173,2024-05,28,33
8173,2024-06,7,9
8173,2024-07,16,43
8173,2024-08,22,26
8173,2024-09,8,9
8173,2024-10,17,53
8173,2024-11,16,26
8173,2024-12,13,81
8173,2025-01,17,21
8173,2025-02,14,31
8173,2025-03,5,8
8173,2025-04,26,80
8173,2025-05,12,30
8173,2025-06,9,11
8173,2025-07,11,40
8173,2025-08,13,17
8173,2025-09,12,14
8173,2025-10,9,13
8173,2025-11,7,12
8173,2025-12,8,16
8173,2026-01,3,19
8173,2026-02,16,79
8174,2020-01,2,3
8174,2020-02,5,27
8174,2020-03,5,6
8174,2020-04,2,5
8174,2020-05,3,12
8174,2020-06,4,12
8174,2020-07,3,6
8174,2020-08,5,15
8174,2020-09,9,17
8174,2020-10,8,16
8174,2020-11,6,9
8174,2020-12,3,3
8174,2021-01,8,17
8174,2021-02,5,5
8174,2021-03,11,15
8174,2021-04,6,7
8174,2021-05,12,18
8174,2021-06,13,32
8174,2021-07,11,16
8174,2021-08,14,19
8174,2021-09,29,60
8174,2021-10,17,36
8174,2021-11,22,41
8174,2021-12,18,29
8174,2022-01,21,47
8174,2022-02,33,94
8174,2022-03,49,102
8174,2022-04,21,50
8174,2022-05,29,50
8174,2022-06,26,41
8174,2022-07,15,27
8174,2022-08,17,34
8174,2022-09,16,42
8174,2022-10,13,29
8174,2022-11,18,26
8174,2022-12,11,20
8174,2023-01,6,8
8174,2023-02,12,25
8174,2023-03,12,17
8174,2023-04,10,24
8174,2023-05,14,36
8174,2023-06,18,26
8174,2023-07,10,23
8174,2023-08,11,17
8174,2023-09,12,17
8174,2023-10,6,6
8174,2023-11,10,14
8174,2023-12,2,2
8174,2024-01,4,4
8174,2024-02,5,63
8174,2024-03,5,6
8174,2024-04,6,16
8174,2024-05,10,16
8174,2024-06,16,22
8174,2024-07,6,9
8174,2024-08,12,12
8174,2024-09,12,15
8174,2024-10,10,11
8174,2024-11,9,9
8174,2024-12,9,12
8174,2025-01,11,81
8174,2025-02,12,24
8174,2025-03,15,19
8174,2025-04,14,37
8174,2025-05,20,33
8174,2025-06,6,6
8174,2025-07,6,8
8174,2025-08,7,7
8174,2025-09,9,9
8174,2025-10,8,9
8174,2025-11,4,9
8174,2025-12,18,18
8174,2026-01,6,78
8174,2026-02,3,4
8181,2020-01,2,4
8181,2020-02,4,13
8181,2020-03,2,5
8181,2020-04,2,8
8181,2020-05,1,1
8181,2020-06,2,6
8181,2020-07,2,2
8181,2020-09,2,2
8181,2020-10,3,5
8181,2020-12,2,2
8181,2021-02,3,13
8181,2021-03,7,11
8181,2021-04,10,10
8181,2021-05,7,26
8181,2021-06,5,17
8181,2021-07,1,1
8181,2021-08,8,10
8181,2021-09,5,5
8181,2021-10,3,3
8181,2021-11,6,7
8181,2021-12,3,5
8181,2022-01,6,7
8181,2022-02,9,17
8181,2022-03,15,26
8181,2022-04,9,12
8181,2022-05,16,21
8181,2022-06,10,15
8181,2022-07,10,13
8181,2022-08,16,20
8181,2022-09,12,12
8181,2022-10,14,15
8181,2022-11,8,19
8181,2022-12,11,13
8181,2023-01,5,152
8181,2023-02,7,28
8181,2023-03,19,29
8181,2023-04,14,26
8181,2023-05,27,85
8181,2023-06,15,18
8181,2023-07,7,8
8181,2023-08,7,8
8181,2023-09,9,10
8181,2023-10,6,23
8181,2023-11,8,8
8181,2023-12,7,26
8181,2024-01,7,12
8181,2024-02,11,21
8181,2024-03,7,41
8181,2024-04,12,12
8181,2024-05,6,7
8181,2024-06,3,4
8181,2024-07,3,5
8181,2024-08,8,8
8181,2024-09,6,6
8181,2024-10,5,5
8181,2024-11,8,8
8181,2024-12,4,6
8181,2025-01,3,5
8181,2025-02,3,33
8181,2025-03,5,11
8181,2025-04,3,4
8181,2025-05,4,5
8181,2025-06,2,2
8181,2025-07,1,1
8181,2025-08,4,8
8181,2025-09,1,1
8181,2025-10,4,28
8181,2025-11,3,3
8181,2025-12,5,6
8181,2026-02,6,13
8189,2020-01,5,54
8189,2020-02,8,15
8189,2020-03,7,8
8189,2020-04,6,7
8189,2020-05,6,8
8189,2020-06,4,8
8189,2020-07,4,9
8189,2020-08,4,4
8189,2020-09,4,6
8189,2020-10,13,14
8189,2020-11,3,5
8189,2020-12,5,6
8189,2021-01,6,7
8189,2021-02,7,48
8189,2021-03,10,15
8189,2021-04,8,12
8189,2021-05,22,49
8189,2021-06,12,24
8189,2021-07,6,7
8189,2021-08,15,26
8189,2021-09,7,9
8189,2021-10,15,43
8189,2021-11,12,16
8189,2021-12,10,25
8189,2022-01,19,53
8189,2022-02,18,32
8189,2022-03,12,31
8189,2022-04,16,41
8189,2022-05,15,16
8189,2022-06,16,21
8189,2022-07,16,28
8189,2022-08,20,27
8189,2022-09,16,19
8189,2022-10,17,21
8189,2022-11,15,19
8189,2022-12,26,53
8189,2023-01,20,41
8189,2023-02,24,47
8189,2023-03,20,50
8189,2023-04,15,35
8189,2023-05,30,69
8189,2023-06,3,3
8189,2023-07,14,32
8189,2023-08,23,57
8189,2023-09,28,60
8189,2023-10,29,46
8189,2023-11,18,18
8189,2023-12,10,19
8189,2024-01,8,12
8189,2024-02,9,18
8189,2024-03,12,47
8189,2024-04,17,30
8189,2024-05,6,6
8189,2024-06,13,13
8189,2024-07,14,14
8189,2024-08,16,16
8189,2024-09,3,3
8189,2024-10,8,9
8189,2024-11,5,6
8189,2024-12,10,22
8189,2025-01,10,10
8189,2025-02,10,11
8189,2025-03,9,24
8189,2025-04,12,15
8189,2025-05,14,14
8189,2025-06,6,7
8189,2025-07,4,4
8189,2025-08,4,4
8189,2025-09,12,12
8189,2025-10,8,9
8189,2025-11,4,6
8189,2025-12,3,3
8189,2026-02,3,8
8191,2020-01,88,216
8191,2020-02,76,120
8191,2020-03,68,78
8191,2020-04,45,49
8191,2020-05,37,40
8191,2020-06,43,46
8191,2020-07,25,27
8191,2020-08,30,32
8191,2020-09,38,44
8191,2020-10,47,62
8191,2020-11,55,57
8191,2020-12,47,54
8191,2021-01,45,81
8191,2021-02,49,79
8191,2021-03,87,108
8191,2021-04,68,75
8191,2021-05,53,58
8191,2021-06,55,66
8191,2021-07,26,28
8191,2021-08,42,46
8191,2021-09,88,97
8191,2021-10,79,88
8191,2021-11,80,91
8191,2021-12,84,98
8191,2022-01,77,90
8191,2022-02,126,176
8191,2022-03,141,165
8191,2022-04,99,113
8191,2022-05,114,114
8191,2022-06,92,94
8191,2022-07,90,97
8191,2022-08,100,112
8191,2022-09,118,126
8191,2022-10,119,150
8191,2022-11,140,149
8191,2022-12,104,120
8191,2023-01,143,211
8191,2023-02,121,167
8191,2023-03,130,156
8191,2023-04,84,104
8191,2023-05,94,108
8191,2023-06,92,108
8191,2023-07,62,68
8191,2023-08,51,60
8191,2023-09,64,74
8191,2023-10,89,96
8191,2023-11,79,85
8191,2023-12,84,108
8191,2024-01,78,91
8191,2024-02,112,178
8191,2024-03,87,117
8191,2024-04,112,140
8191,2024-05,62,67
8191,2024-06,57,74
8191,2024-07,76,85
8191,2024-08,61,72
8191,2024-09,88,115
8191,2024-10,105,128
8191,2024-11,90,107
8191,2024-12,109,130
8191,2025-01,95,140
8191,2025-02,106,161
8191,2025-03,85,91
8191,2025-04,86,98
8191,2025-05,78,92
8191,2025-06,40,43
8191,2025-07,64,72
8191,2025-08,61,64
8191,2025-09,77,80
8191,2025-10,75,78
8191,2025-11,72,73
8191,2025-12,74,89
8191,2026-01,23,37
8191,2026-02,61,102
8192,2020-01,26,185
8192,2020-02,17,59
8192,2020-03,16,41
8192,2020-04,16,25
8192,2020-05,8,15
8192,2020-06,10,14
8192,2020-07,5,5
8192,2020-08,6,24
8192,2020-09,12,16
8192,2020-10,11,15
8192,2020-11,17,34
8192,2020-12,16,77
8192,2021-01,28,164
8192,2021-02,19,174
8192,2021-03,20,57
8192,2021-04,32,139
8192,2021-05,14,52
8192,2021-06,24,101
8192,2021-07,30,98
8192,2021-08,27,173
8192,2021-09,43,165
8192,2021-10,41,171
8192,2021-11,30,101
8192,2021-12,39,277
8192,2022-01,46,278
8192,2022-02,31,128
8192,2022-03,58,333
8192,2022-04,38,104
8192,2022-05,32,109
8192,2022-06,44,203
8192,2022-07,22,76
8192,2022-08,22,51
8192,2022-09,22,96
8192,2022-10,17,39
8192,2022-11,26,54
8192,2022-12,37,92
8192,2023-01,35,439
8192,2023-02,25,183
8192,2023-03,41,266
8192,2023-04,34,371
8192,2023-05,29,444
8192,2023-06,22,44
8192,2023-07,17,43
8192,2023-08,20,45
8192,2023-09,16,32
8192,2023-10,29,51
8192,2023-11,26,75
8192,2023-12,20,207
8192,2024-01,50,111
8192,2024-02,44,86
8192,2024-03,45,119
8192,2024-04,51,111
8192,2024-05,47,83
8192,2024-06,23,25
8192,2024-07,18,167
8192,2024-08,34,265
8192,2024-09,37,57
8192,2024-10,25,39
8192,2024-11,25,43
8192,2024-12,18,120
8192,2025-01,28,83
8192,2025-02,32,73
8192,2025-03,23,36
8192,2025-04,25,31
8192,2025-05,21,28
8192,2025-06,11,13
8192,2025-07,15,16
8192,2025-08,15,18
8192,2025-09,25,41
8192,2025-10,18,27
8192,2025-11,5,11
8192,2025-12,15,16
8192,2026-01,5,17
8192,2026-02,25,45
8193,2020-01,7,106
8193,2020-02,9,80
8193,2020-03,4,4
8193,2020-05,1,5
8193,2020-06,1,1
8193,2020-08,1,1
8193,2020-09,4,4
8193,2020-10,1,1
8193,2020-11,3,3
8193,2020-12,3,102
8193,2021-01,6,726
8193,2021-02,7,13
8193,2021-03,7,310
8193,2021-04,5,5
8193,2021-05,6,7
8193,2021-06,2,6
8193,2021-07,2,3
8193,2021-08,4,4
8193,2021-10,5,6
8193,2021-11,3,4
8193,2021-12,7,824
8193,2022-01,7,7
8193,2022-02,7,34
8193,2022-03,7,8
8193,2022-04,7,13
8193,2022-05,10,14
8193,2022-06,10,21
8193,2022-07,6,10
8193,2022-08,12,32
8193,2022-09,5,6
8193,2022-10,11,32
8193,2022-11,7,11
8193,2022-12,20,1088
8193,2023-01,25,34
8193,2023-02,27,98
8193,2023-03,7,7
8193,2023-04,3,302
8193,2023-05,9,14
8193,2023-06,6,6
8193,2023-07,4,8
8193,2023-08,9,17
8193,2023-09,10,22
8193,2023-10,4,7
8193,2023-11,3,3
8193,2023-12,13,837
8193,2024-01,14,439
8193,2024-02,8,204
8193,2024-03,12,194
8193,2024-04,11,18
8193,2024-05,2,4
8193,2024-06,7,14
8193,2024-07,4,8
8193,2024-08,8,15
8193,2024-09,15,28
8193,2024-10,4,9
8193,2024-11,6,84
8193,2024-12,11,1059
8193,2025-01,13,51
8193,2025-02,10,31
8193,2025-03,14,15
8193,2025-04,10,28
8193,2025-05,7,7
8193,2025-06,9,57
8193,2025-07,10,26
8193,2025-08,2,4
8193,2025-09,9,37
8193,2025-10,5,5
8193,2025-11,12,97
8193,2025-12,4,6
8193,2026-01,4,4
8193,2026-02,8,42
8199,2020-01,4,4
8199,2020-02,10,15
8199,2020-03,4,4
8199,2020-04,4,6
8199,2020-05,7,12
8199,2020-06,2,2
8199,2020-07,1,2
8199,2020-08,4,13
8199,2020-09,3,10
8199,2020-10,5,7
8199,2020-11,4,5
8199,2020-12,1,1
8199,2021-01,1,1
8199,2021-02,5,13
8199,2021-03,8,8
8199,2021-04,7,15
8199,2021-05,17,47
8199,2021-06,11,25
8199,2021-07,13,27
8199,2021-08,8,12
8199,2021-09,10,11
8199,2021-10,10,13
8199,2021-11,8,11
8199,2021-12,16,44
8199,2022-01,10,29
8199,2022-02,3,6
8199,2022-03,19,56
8199,2022-04,23,43
8199,2022-05,3,6
8199,2022-06,13,37
8199,2022-07,2,6
8199,2022-08,5,5
8199,2022-09,7,8
8199,2022-10,5,19
8199,2022-11,13,22
8199,2022-12,11,22
8199,2023-01,9,14
8199,2023-02,13,14
8199,2023-03,14,27
8199,2023-04,15,22
8199,2023-05,9,11
8199,2023-06,10,74
8199,2023-07,10,67
8199,2023-08,8,11
8199,2023-09,23,46
8199,2023-10,12,21
8199,2023-11,12,14
8199,2023-12,8,13
8199,2024-01,8,17
8199,2024-02,14,35
8199,2024-03,11,23
8199,2024-04,18,169
8199,2024-05,16,16
8199,2024-06,11,38
8199,2024-07,2,105
8199,2024-08,7,27
8199,2024-09,12,66
8199,2024-10,10,53
8199,2024-11,9,14
8199,2024-12,13,36
8199,2025-01,10,27
8199,2025-02,7,22
8199,2025-03,11,34
8199,2025-04,11,23
8199,2025-05,9,9
8199,2025-06,8,22
8199,2025-07,9,17
8199,2025-08,12,19
8199,2025-09,12,30
8199,2025-10,7,15
8199,2025-11,10,13
8199,2025-12,9,118
8199,2026-01,6,19
8199,2026-02,4,8
8211,2020-01,45,332
8211,2020-02,60,151
8211,2020-03,41,100
8211,2020-04,16,24
8211,2020-05,6,10
8211,2020-06,12,39
8211,2020-07,9,25
8211,2020-08,29,123
8211,2020-09,60,194
8211,2020-10,64,219
8211,2020-11,45,81
8211,2020-12,46,110
8211,2021-01,35,74
8211,2021-02,55,104
8211,2021-03,84,181
8211,2021-04,78,228
8211,2021-05,75,256
8211,2021-06,75,505
8211,2021-07,52,207
8211,2021-08,77,237
8211,2021-09,89,280
8211,2021-10,101,349
8211,2021-11,96,284
8211,2021-12,101,296
8211,2022-01,98,308
8211,2022-02,124,334
8211,2022-03,173,370
8211,2022-04,132,374
8211,2022-05,155,476
8211,2022-06,144,495
8211,2022-07,88,291
8211,2022-08,128,333
8211,2022-09,138,434
8211,2022-10,103,246
8211,2022-11,96,181
8211,2022-12,112,369
8211,2023-01,123,476
8211,2023-02,171,496
8211,2023-03,222,525
8211,2023-04,136,297
8211,2023-05,217,496
8211,2023-06,196,459
8211,2023-07,132,253
8211,2023-08,167,347
8211,2023-09,194,408
8211,2023-10,141,325
8211,2023-11,150,316
8211,2023-12,138,345
8211,2024-01,155,247
8211,2024-02,132,263
8211,2024-03,128,277
8211,2024-04,125,261
8211,2024-05,114,146
8211,2024-06,104,219
8211,2024-07,70,124
8211,2024-08,98,248
8211,2024-09,101,213
8211,2024-10,82,158
8211,2024-11,65,97
8211,2024-12,50,169
8211,2025-01,81,254
8211,2025-02,76,150
8211,2025-03,87,237
8211,2025-04,87,218
8211,2025-05,87,235
8211,2025-06,66,163
8211,2025-07,63,126
8211,2025-08,98,218
8211,2025-09,60,117
8211,2025-10,70,141
8211,2025-11,66,183
8211,2025-12,60,141
8211,2026-01,14,16
8211,2026-02,43,123
8212,2019-12,1,1
8212,2020-01,104,204
8212,2020-02,140,337
8212,2020-03,149,322
8212,2020-04,65,137
8212,2020-05,63,93
8212,2020-06,71,180
8212,2020-07,64,109
8212,2020-08,117,270
8212,2020-09,124,261
8212,2020-10,127,314
8212,2020-11,86,198
8212,2020-12,89,233
8212,2021-01,104,218
8212,2021-02,144,261
8212,2021-03,182,412
8212,2021-04,180,434
8212,2021-05,171,379
8212,2021-06,162,446
8212,2021-07,145,484
8212,2021-08,174,559
8212,2021-09,261,776
8212,2021-10,307,778
8212,2021-11,271,688
8212,2021-12,245,504
8212,2022-01,364,1062
8212,2022-02,380,1291
8212,2022-03,419,1222
8212,2022-04,363,980
8212,2022-05,377,942
8212,2022-06,394,972
8212,2022-07,370,840
8212,2022-08,371,821
8212,2022-09,440,1138
8212,2022-10,421,1020
8212,2022-11,421,978
8212,2022-12,364,910
8212,2023-01,373,1022
8212,2023-02,341,1025
8212,2023-03,417,1198
8212,2023-04,343,988
8212,2023-05,413,972
8212,2023-06,399,1048
8212,2023-07,400,1254
8212,2023-08,533,1562
8212,2023-09,346,749
8212,2023-10,307,829
8212,2023-11,231,588
8212,2023-12,191,683
8212,2024-01,253,573
8212,2024-02,191,708
8212,2024-03,207,435
8212,2024-04,215,480
8212,2024-05,199,418
8212,2024-06,151,237
8212,2024-07,150,214
8212,2024-08,157,280
8212,2024-09,153,282
8212,2024-10,174,273
8212,2024-11,149,270
8212,2024-12,112,187
8212,2025-01,113,213
8212,2025-02,146,263
8212,2025-03,167,301
8212,2025-04,172,394
8212,2025-05,164,361
8212,2025-06,138,304
8212,2025-07,149,449
8212,2025-08,223,443
8212,2025-09,186,291
8212,2025-10,184,275
8212,2025-11,185,322
8212,2025-12,132,279
8212,2026-01,56,113
8212,2026-02,121,202
8213,2020-01,340,1549
8213,2020-02,421,1137
8213,2020-03,288,667
8213,2020-04,96,193
8213,2020-05,55,113
8213,2020-06,112,315
8213,2020-07,73,161
8213,2020-08,245,872
8213,2020-09,343,973
8213,2020-10,242,615
8213,2020-11,157,393
8213,2020-12,139,478
8213,2021-01,318,1580
8213,2021-02,375,1359
8213,2021-03,432,1103
8213,2021-04,359,932
8213,2021-05,374,938
8213,2021-06,340,896
8213,2021-07,236,869
8213,2021-08,585,3687
8213,2021-09,826,4052
8213,2021-10,744,3286
8213,2021-11,494,1483
8213,2021-12,432,1088
8213,2022-01,797,1747
8213,2022-02,1241,3033
8213,2022-03,1259,2907
8213,2022-04,747,2078
8213,2022-05,870,2442
8213,2022-06,747,2041
8213,2022-07,591,1585
8213,2022-08,1230,2464
8213,2022-09,1968,3760
8213,2022-10,1224,2436
8213,2022-11,616,1286
8213,2022-12,549,1119
8213,2023-01,959,2165
8213,2023-02,1997,6263
8213,2023-03,1428,4251
8213,2023-04,1041,2032
8213,2023-05,675,1517
8213,2023-06,693,1493
8213,2023-07,679,1332
8213,2023-08,1440,10812
8213,2023-09,1526,16217
8213,2023-10,702,5428
8213,2023-11,657,5218
8213,2023-12,570,13279
8213,2024-01,1381,23020
8213,2024-02,1350,18258
8213,2024-03,686,2593
8213,2024-04,345,1633
8213,2024-05,283,591
8213,2024-06,253,492
8213,2024-07,201,419
8213,2024-08,537,2503
8213,2024-09,653,2518
8213,2024-10,394,1079
8213,2024-11,188,346
8213,2024-12,145,318
8213,2025-01,357,1205
8213,2025-02,537,1923
8213,2025-03,451,1192
8213,2025-04,289,617
8213,2025-05,263,488
8213,2025-06,198,363
8213,2025-07,223,444
8213,2025-08,534,1594
8213,2025-09,594,1584
8213,2025-10,343,690
8213,2025-11,162,293
8213,2025-12,159,307
8213,2026-01,169,523
8213,2026-02,404,920
8214,2020-01,23,52
8214,2020-02,23,101
8214,2020-03,37,94
8214,2020-04,7,28
8214,2020-05,13,38
8214,2020-06,26,63
8214,2020-07,17,60
8214,2020-08,24,51
8214,2020-09,28,61
8214,2020-10,24,46
8214,2020-11,27,159
8214,2020-12,22,78
8214,2021-01,25,55
8214,2021-02,30,80
8214,2021-03,48,159
8214,2021-04,38,137
8214,2021-05,61,400
8214,2021-06,50,181
8214,2021-07,40,80
8214,2021-08,59,145
8214,2021-09,93,237
8214,2021-10,76,215
8214,2021-11,57,139
8214,2021-12,52,116
8214,2022-01,81,637
8214,2022-02,95,354
8214,2022-03,136,469
8214,2022-04,112,341
8214,2022-05,93,334
8214,2022-06,90,307
8214,2022-07,58,156
8214,2022-08,71,162
8214,2022-09,76,163
8214,2022-10,69,200
8214,2022-11,58,124
8214,2022-12,57,171
8214,2023-01,45,130
8214,2023-02,43,123
8214,2023-03,106,600
8214,2023-04,70,241
8214,2023-05,46,108
8214,2023-06,28,68
8214,2023-07,20,53
8214,2023-08,49,125
8214,2023-09,25,53
8214,2023-10,35,91
8214,2023-11,28,39
8214,2023-12,12,26
8214,2024-01,17,36
8214,2024-02,43,112
8214,2024-03,25,152
8214,2024-04,59,336
8214,2024-05,47,168
8214,2024-06,83,322
8214,2024-07,39,115
8214,2024-08,54,138
8214,2024-09,41,64
8214,2024-10,21,34
8214,2024-11,38,89
8214,2024-12,33,76
8214,2025-01,59,128
8214,2025-02,31,80
8214,2025-03,42,127
8214,2025-04,33,95
8214,2025-05,29,61
8214,2025-06,37,83
8214,2025-07,16,31
8214,2025-08,32,59
8214,2025-09,34,45
8214,2025-10,17,23
8214,2025-11,27,80
8214,2025-12,19,32
8214,2026-01,6,39
8214,2026-02,32,71
8219,2020-01,8,10
8219,2020-02,3,7
8219,2020-03,5,8
8219,2020-04,2,11
8219,2020-05,5,27
8219,2020-06,5,43
8219,2020-07,4,42
8219,2020-08,3,24
8219,2020-09,2,5
8219,2020-10,5,7
8219,2020-11,3,202
8219,2020-12,2,2
8219,2021-01,2,2
8219,2021-02,3,14
8219,2021-03,3,6
8219,2021-04,7,8
8219,2021-05,9,20
8219,2021-06,2,2
8219,2021-07,7,9
8219,2021-08,8,35
8219,2021-09,11,22
8219,2021-10,7,24
8219,2021-11,7,8
8219,2021-12,9,23
8219,2022-01,18,188
8219,2022-02,23,39
8219,2022-03,39,93
8219,2022-04,26,53
8219,2022-05,22,46
8219,2022-06,26,43
8219,2022-07,52,55
8219,2022-08,31,52
8219,2022-09,28,46
8219,2022-10,23,24
8219,2022-11,3,3
8219,2022-12,4,13
8219,2023-01,6,35
8219,2023-02,9,18
8219,2023-03,6,18
8219,2023-04,4,6
8219,2023-05,6,17
8219,2023-06,3,4
8219,2023-07,1,1
8219,2023-08,7,8
8219,2023-09,12,12
8219,2023-10,16,28
8219,2023-11,10,18
8219,2023-12,8,8
8219,2024-01,22,50
8219,2024-02,11,17
8219,2024-03,5,18
8219,2024-04,15,36
8219,2024-05,6,17
8219,2024-06,12,13
8219,2024-07,2,2
8219,2024-08,9,15
8219,2024-09,5,9
8219,2024-10,1,1
8219,2024-11,3,3
8219,2024-12,5,14
8219,2025-01,8,32
8219,2025-02,6,21
8219,2025-03,8,19
8219,2025-04,14,39
8219,2025-05,5,10
8219,2025-06,5,9
8219,2025-07,1,3
8219,2025-08,3,8
8219,2025-09,2,2
8219,2025-10,5,7
8219,2025-11,21,21
8219,2025-12,6,6
8219,2026-01,1,1
8219,2026-02,4,7
8311,2020-01,5,16
8311,2020-02,6,21
8311,2020-03,1,12
8311,2020-04,5,27
8311,2020-05,3,9
8311,2020-06,10,30
8311,2020-07,2,3
8311,2020-08,1,6
8311,2020-09,4,18
8311,2020-10,3,14
8311,2020-11,8,29
8311,2020-12,1,1
8311,2021-01,6,22
8311,2021-02,9,16
8311,2021-03,3,16
8311,2021-04,7,14
8311,2021-05,1,4
8311,2021-06,11,39
8311,2021-07,8,60
8311,2021-08,9,37
8311,2021-09,12,74
8311,2021-10,12,33
8311,2021-11,17,81
8311,2021-12,17,66
8311,2022-01,26,124
8311,2022-02,19,72
8311,2022-03,15,64
8311,2022-04,14,68
8311,2022-05,19,43
8311,2022-06,12,81
8311,2022-07,10,35
8311,2022-08,11,48
8311,2022-09,24,90
8311,2022-10,14,89
8311,2022-11,22,121
8311,2022-12,8,33
8311,2023-01,20,87
8311,2023-02,19,52
8311,2023-03,14,46
8311,2023-04,14,90
8311,2023-05,46,63
8311,2023-06,14,55
8311,2023-07,6,41
8311,2023-08,27,62
8311,2023-09,305,346
8311,2023-10,32,59
8311,2023-11,15,59
8311,2023-12,38,115
8311,2024-01,33,68
8311,2024-02,18,126
8311,2024-03,9,52
8311,2024-04,11,17
8311,2024-05,8,73
8311,2024-06,9,18
8311,2024-07,2,3
8311,2024-08,10,32
8311,2024-09,11,12
8311,2024-10,6,7
8311,2024-11,2,2
8311,2024-12,3,9
8311,2025-01,10,24
8311,2025-02,5,5
8311,2025-03,4,9
8311,2025-04,3,3
8311,2025-05,2,2
8311,2025-06,4,29
8311,2025-08,1,1
8311,2025-09,3,5
8311,2025-10,6,41
8311,2025-11,5,7
8311,2025-12,6,15
8311,2026-01,3,3
8311,2026-02,2,10
8312,2020-01,1,2
8312,2020-02,1,6
8312,2020-03,5,9
8312,2020-04,5,6
8312,2020-05,3,3
8312,2020-06,1,3
8312,2020-07,1,5
8312,2020-08,1,2
8312,2020-09,3,10
8312,2020-10,4,14
8312,2020-11,7,25
8312,2020-12,1,2
8312,2021-01,3,5
8312,2021-02,2,3
8312,2021-03,4,20
8312,2021-04,5,34
8312,2021-05,8,50
8312,2021-06,9,48
8312,2021-07,7,42
8312,2021-08,7,44
8312,2021-09,4,5
8312,2021-10,5,11
8312,2021-11,7,19
8312,2021-12,6,19
8312,2022-01,7,30
8312,2022-02,8,28
8312,2022-03,7,26
8312,2022-04,7,26
8312,2022-05,3,3
8312,2022-06,9,25
8312,2022-07,3,10
8312,2022-08,5,13
8312,2022-09,7,23
8312,2022-10,9,22
8312,2022-11,9,25
8312,2022-12,11,26
8312,2023-01,15,40
8312,2023-02,8,27
8312,2023-03,11,18
8312,2023-04,11,17
8312,2023-05,16,44
8312,2023-06,8,28
8312,2023-07,8,13
8312,2023-08,7,20
8312,2023-09,4,7
8312,2023-10,9,24
8312,2023-11,4,9
8312,2023-12,7,17
8312,2024-01,5,13
8312,2024-02,5,11
8312,2024-03,6,19
8312,2024-04,7,14
8312,2024-05,3,9
8312,2024-06,5,15
8312,2024-07,4,8
8312,2024-08,4,18
8312,2024-09,5,14
8312,2024-10,5,9
8312,2024-11,6,10
8312,2024-12,2,3
8312,2025-01,4,5
8312,2025-02,5,11
8312,2025-03,14,27
8312,2025-04,5,9
8312,2025-05,7,7
8312,2025-06,2,2
8312,2025-07,4,4
8312,2025-09,1,1
8312,2025-10,4,4
8312,2026-02,2,3
8321,2019-11,1,3
8321,2019-12,1,1
8321,2020-01,185,661
8321,2020-02,226,1174
8321,2020-03,196,700
8321,2020-04,150,319
8321,2020-05,112,383
8321,2020-06,76,223
8321,2020-07,64,191
8321,2020-08,71,248
8321,2020-09,87,289
8321,2020-10,84,303
8321,2020-11,68,223
8321,2020-12,69,239
8321,2021-01,59,213
8321,2021-02,53,184
8321,2021-03,62,215
8321,2021-04,80,309
8321,2021-05,89,281
8321,2021-06,77,252
8321,2021-07,88,339
8321,2021-08,128,472
8321,2021-09,136,429
8321,2021-10,149,608
8321,2021-11,138,513
8321,2021-12,135,506
8321,2022-01,145,492
8321,2022-02,132,419
8321,2022-03,173,606
8321,2022-04,159,808
8321,2022-05,203,712
8321,2022-06,168,595
8321,2022-07,134,556
8321,2022-08,174,566
8321,2022-09,201,737
8321,2022-10,166,761
8321,2022-11,176,608
8321,2022-12,147,531
8321,2023-01,216,736
8321,2023-02,189,641
8321,2023-03,232,1018
8321,2023-04,191,645
8321,2023-05,194,660
8321,2023-06,175,638
8321,2023-07,163,1048
8321,2023-08,239,1354
8321,2023-09,223,1040
8321,2023-10,233,992
8321,2023-11,187,697
8321,2023-12,146,675
8321,2024-01,273,1261
8321,2024-02,223,1007
8321,2024-03,234,905
8321,2024-04,224,981
8321,2024-05,190,1145
8321,2024-06,178,873
8321,2024-07,166,923
8321,2024-08,209,1062
8321,2024-09,211,1014
8321,2024-10,193,796
8321,2024-11,151,509
8321,2024-12,117,406
8321,2025-01,186,529
8321,2025-02,195,588
8321,2025-03,227,630
8321,2025-04,173,518
8321,2025-05,190,509
8321,2025-06,146,424
8321,2025-07,200,617
8321,2025-08,194,652
8321,2025-09,227,686
8321,2025-10,206,616
8321,2025-11,207,591
8321,2025-12,160,447
8321,2026-01,90,240
8321,2026-02,174,586
8329,2020-01,143,1471
8329,2020-02,119,1388
8329,2020-03,142,1445
8329,2020-04,108,256
8329,2020-05,73,613
8329,2020-06,88,1027
8329,2020-07,78,1358
8329,2020-08,67,350
8329,2020-09,152,1868
8329,2020-10,167,2486
8329,2020-11,186,1670
8329,2020-12,84,870
8329,2021-01,72,287
8329,2021-02,140,1012
8329,2021-03,170,1520
8329,2021-04,164,1106
8329,2021-05,171,1236
8329,2021-06,107,325
8329,2021-07,100,724
8329,2021-08,164,2057
8329,2021-09,250,2541
8329,2021-10,244,2496
8329,2021-11,207,635
8329,2021-12,140,502
8329,2022-01,216,1853
8329,2022-02,174,445
8329,2022-03,258,874
8329,2022-04,219,661
8329,2022-05,346,958
8329,2022-06,230,654
8329,2022-07,163,451
8329,2022-08,307,1375
8329,2022-09,431,3687
8329,2022-10,311,1102
8329,2022-11,501,3350
8329,2022-12,161,566
8329,2023-01,271,2078
8329,2023-02,165,632
8329,2023-03,450,2043
8329,2023-04,361,1969
8329,2023-05,365,1862
8329,2023-06,307,1599
8329,2023-07,129,783
8329,2023-08,275,2985
8329,2023-09,264,1892
8329,2023-10,191,507
8329,2023-11,173,541
8329,2023-12,164,378
8329,2024-01,297,2062
8329,2024-02,203,1281
8329,2024-03,320,1160
8329,2024-04,295,1343
8329,2024-05,330,1090
8329,2024-06,208,649
8329,2024-07,121,245
8329,2024-08,195,881
8329,2024-09,277,1540
8329,2024-10,184,369
8329,2024-11,216,1113
8329,2024-12,82,202
8329,2025-01,117,295
8329,2025-02,140,336
8329,2025-03,153,339
8329,2025-04,123,302
8329,2025-05,145,390
8329,2025-06,138,419
8329,2025-07,82,234
8329,2025-08,122,304
8329,2025-09,203,885
8329,2025-10,163,455
8329,2025-11,168,872
8329,2025-12,72,720
8329,2026-01,60,264
8329,2026-02,74,435
8331,2019-12,1,15
8331,2020-01,43,507
8331,2020-02,34,352
8331,2020-03,25,225
8331,2020-04,24,111
8331,2020-05,13,52
8331,2020-06,15,59
8331,2020-07,14,64
8331,2020-08,24,47
8331,2020-09,23,138
8331,2020-10,11,37
8331,2020-11,22,79
8331,2020-12,23,173
8331,2021-01,13,148
8331,2021-02,12,81
8331,2021-03,22,163
8331,2021-04,24,88
8331,2021-05,19,56
8331,2021-06,22,69
8331,2021-07,6,19
8331,2021-08,27,139
8331,2021-09,47,227
8331,2021-10,28,182
8331,2021-11,34,129
8331,2021-12,33,217
8331,2022-01,32,324
8331,2022-02,42,190
8331,2022-03,55,326
8331,2022-04,40,122
8331,2022-05,48,382
8331,2022-06,66,390
8331,2022-07,31,133
8331,2022-08,76,332
8331,2022-09,69,479
8331,2022-10,75,491
8331,2022-11,60,457
8331,2022-12,55,322
8331,2023-01,65,335
8331,2023-02,54,407
8331,2023-03,116,516
8331,2023-04,69,410
8331,2023-05,81,459
8331,2023-06,59,380
8331,2023-07,32,145
8331,2023-08,47,236
8331,2023-09,68,362
8331,2023-10,59,348
8331,2023-11,62,327
8331,2023-12,47,335
8331,2024-01,74,442
8331,2024-02,78,472
8331,2024-03,105,424
8331,2024-04,101,579
8331,2024-05,75,377
8331,2024-06,75,317
8331,2024-07,75,269
8331,2024-08,100,380
8331,2024-09,80,467
8331,2024-10,86,489
8331,2024-11,51,227
8331,2024-12,51,198
8331,2025-01,58,406
8331,2025-02,62,319
8331,2025-03,78,313
8331,2025-04,71,296
8331,2025-05,52,252
8331,2025-06,32,124
8331,2025-07,28,119
8331,2025-08,51,143
8331,2025-09,79,316
8331,2025-10,46,162
8331,2025-11,36,149
8331,2025-12,35,201
8331,2026-01,19,158
8331,2026-02,58,333
8332,2019-12,4,12
8332,2020-01,381,1045
8332,2020-02,477,1433
8332,2020-03,452,1242
8332,2020-04,330,743
8332,2020-05,372,797
8332,2020-06,357,763
8332,2020-07,206,369
8332,2020-08,210,569
8332,2020-09,258,520
8332,2020-10,203,410
8332,2020-11,225,433
8332,2020-12,127,218
8332,2021-01,196,466
8332,2021-02,374,982
8332,2021-03,631,1771
8332,2021-04,717,1835
8332,2021-05,782,2041
8332,2021-06,676,2069
8332,2021-07,333,778
8332,2021-08,337,751
8332,2021-09,449,953
8332,2021-10,485,822
8332,2021-11,511,963
8332,2021-12,466,980
8332,2022-01,531,1513
8332,2022-02,707,2306
8332,2022-03,1102,3750
8332,2022-04,1133,3506
8332,2022-05,1590,5349
8332,2022-06,1470,4945
8332,2022-07,834,2295
8332,2022-08,829,1755
8332,2022-09,976,2388
8332,2022-10,995,2047
8332,2022-11,754,1607
8332,2022-12,640,1509
8332,2023-01,902,1829
8332,2023-02,861,2102
8332,2023-03,1393,3968
8332,2023-04,1928,8413
8332,2023-05,2721,10205
8332,2023-06,1933,5871
8332,2023-07,853,1863
8332,2023-08,664,1149
8332,2023-09,530,1204
8332,2023-10,487,955
8332,2023-11,515,1036
8332,2023-12,381,716
8332,2024-01,608,1381
8332,2024-02,772,2116
8332,2024-03,1273,3269
8332,2024-04,1161,2586
8332,2024-05,1526,4280
8332,2024-06,1295,2734
8332,2024-07,476,823
8332,2024-08,460,874
8332,2024-09,476,1150
8332,2024-10,409,679
8332,2024-11,377,625
8332,2024-12,256,432
8332,2025-01,505,1202
8332,2025-02,610,1709
8332,2025-03,905,2290
8332,2025-04,1012,2530
8332,2025-05,861,1664
8332,2025-06,566,932
8332,2025-07,296,570
8332,2025-08,306,491
8332,2025-09,343,576
8332,2025-10,382,729
8332,2025-11,358,638
8332,2025-12,242,413
8332,2026-01,178,484
8332,2026-02,452,1262
8341,2020-01,15,18
8341,2020-02,14,15
8341,2020-03,10,10
8341,2020-04,5,5
8341,2020-05,10,10
8341,2020-06,4,4
8341,2020-07,5,5
8341,2020-08,6,6
8341,2020-09,5,12
8341,2020-10,8,14
8341,2020-11,6,19
8341,2020-12,7,13
8341,2021-01,12,17
8341,2021-02,8,9
8341,2021-03,13,14
8341,2021-04,19,19
8341,2021-05,16,17
8341,2021-06,5,7
8341,2021-07,4,4
8341,2021-08,10,11
8341,2021-09,8,13
8341,2021-10,11,16
8341,2021-11,16,18
8341,2021-12,10,44
8341,2022-01,24,37
8341,2022-02,9,28
8341,2022-03,15,33
8341,2022-04,16,18
8341,2022-05,23,37
8341,2022-06,13,14
8341,2022-07,9,9
8341,2022-08,14,16
8341,2022-09,20,23
8341,2022-10,20,109
8341,2022-11,17,28
8341,2022-12,16,27
8341,2023-01,19,30
8341,2023-02,15,16
8341,2023-03,18,19
8341,2023-04,16,22
8341,2023-05,13,62
8341,2023-06,13,18
8341,2023-07,4,4
8341,2023-08,8,8
8341,2023-09,13,15
8341,2023-10,8,13
8341,2023-11,5,5
8341,2023-12,4,6
8341,2024-01,22,89
8341,2024-02,22,35
8341,2024-03,9,10
8341,2024-04,10,10
8341,2024-05,13,27
8341,2024-06,5,5
8341,2024-07,13,14
8341,2024-08,7,9
8341,2024-09,9,13
8341,2024-10,20,33
8341,2024-11,12,12
8341,2024-12,14,15
8341,2025-01,15,17
8341,2025-02,26,143
8341,2025-03,15,18
8341,2025-04,10,11
8341,2025-05,13,14
8341,2025-06,8,8
8341,2025-07,3,4
8341,2025-08,10,11
8341,2025-09,9,11
8341,2025-10,16,49
8341,2025-11,20,25
8341,2025-12,15,33
8341,2026-01,4,4
8341,2026-02,11,13
8342,2019-11,1,1
8342,2020-01,55,95
8342,2020-02,67,181
8342,2020-03,69,141
8342,2020-04,66,136
8342,2020-05,60,86
8342,2020-06,69,85
8342,2020-07,56,99
8342,2020-08,58,79
8342,2020-09,64,82
8342,2020-10,58,85
8342,2020-11,47,72
8342,2020-12,27,51
8342,2021-01,36,70
8342,2021-02,65,114
8342,2021-03,136,172
8342,2021-04,123,165
8342,2021-05,79,112
8342,2021-06,91,117
8342,2021-07,37,68
8342,2021-08,52,73
8342,2021-09,87,148
8342,2021-10,86,227
8342,2021-11,77,140
8342,2021-12,72,109
8342,2022-01,76,126
8342,2022-02,116,181
8342,2022-03,115,174
8342,2022-04,130,199
8342,2022-05,141,190
8342,2022-06,102,131
8342,2022-07,68,93
8342,2022-08,107,153
8342,2022-09,97,122
8342,2022-10,105,133
8342,2022-11,69,113
8342,2022-12,82,138
8342,2023-01,88,96
8342,2023-02,80,107
8342,2023-03,107,157
8342,2023-04,109,150
8342,2023-05,122,163
8342,2023-06,132,295
8342,2023-07,66,171
8342,2023-08,95,145
8342,2023-09,71,160
8342,2023-10,86,117
8342,2023-11,52,81
8342,2023-12,31,54
8342,2024-01,62,122
8342,2024-02,84,121
8342,2024-03,81,115
8342,2024-04,110,163
8342,2024-05,105,146
8342,2024-06,71,85
8342,2024-07,51,104
8342,2024-08,67,115
8342,2024-09,68,108
8342,2024-10,64,93
8342,2024-11,43,59
8342,2024-12,44,78
8342,2025-01,70,133
8342,2025-02,62,83
8342,2025-03,78,99
8342,2025-04,95,142
8342,2025-05,73,98
8342,2025-06,45,69
8342,2025-07,53,117
8342,2025-08,71,115
8342,2025-09,77,289
8342,2025-10,70,241
8342,2025-11,37,49
8342,2025-12,32,42
8342,2026-01,18,29
8342,2026-02,60,124
8343,2020-01,3,4
8343,2020-02,2,4
8343,2020-03,6,9
8343,2020-04,4,6
8343,2020-05,8,8
8343,2020-06,7,7
8343,2020-07,2,2
8343,2020-08,10,13
8343,2020-09,9,35
8343,2020-10,15,28
8343,2020-11,3,3
8343,2020-12,5,5
8343,2021-01,12,13
8343,2021-02,4,4
8343,2021-03,10,17
8343,2021-04,11,26
8343,2021-05,5,16
8343,2021-06,16,25
8343,2021-07,12,52
8343,2021-08,11,21
8343,2021-09,24,64
8343,2021-10,11,23
8343,2021-11,16,32
8343,2021-12,6,7
8343,2022-01,9,16
8343,2022-02,6,8
8343,2022-03,14,34
8343,2022-04,14,32
8343,2022-05,15,27
8343,2022-06,9,26
8343,2022-07,7,32
8343,2022-08,14,26
8343,2022-09,12,426
8343,2022-10,8,11
8343,2022-11,3,6
8343,2022-12,6,11
8343,2023-01,9,14
8343,2023-02,7,16
8343,2023-03,9,19
8343,2023-04,14,17
8343,2023-05,6,16
8343,2023-06,4,9
8343,2023-07,3,9
8343,2023-08,18,677
8343,2023-09,5,7
8343,2023-10,8,8
8343,2023-11,4,8
8343,2023-12,7,21
8343,2024-01,14,18
8343,2024-02,2,11
8343,2024-03,6,11
8343,2024-04,9,44
8343,2024-05,6,9
8343,2024-06,7,7
8343,2024-07,11,24
8343,2024-08,17,482
8343,2024-09,8,16
8343,2024-10,3,7
8343,2024-11,3,3
8343,2024-12,6,7
8343,2025-01,13,29
8343,2025-02,16,70
8343,2025-03,13,17
8343,2025-04,13,55
8343,2025-05,9,13
8343,2025-06,6,18
8343,2025-07,8,11
8343,2025-08,5,10
8343,2025-09,14,31
8343,2025-10,9,23
8343,2025-11,10,12
8343,2025-12,3,3
8343,2026-01,1,1
8343,2026-02,5,5
8344,2020-01,237,730
8344,2020-02,238,649
8344,2020-03,273,843
8344,2020-04,158,455
8344,2020-05,155,402
8344,2020-06,159,376
8344,2020-07,81,136
8344,2020-08,139,321
8344,2020-09,203,565
8344,2020-10,238,703
8344,2020-11,202,582
8344,2020-12,166,415
8344,2021-01,222,806
8344,2021-02,273,764
8344,2021-03,348,833
8344,2021-04,502,1149
8344,2021-05,564,1216
8344,2021-06,522,1123
8344,2021-07,314,613
8344,2021-08,403,843
8344,2021-09,606,1478
8344,2021-10,597,1574
8344,2021-11,503,1239
8344,2021-12,348,909
8344,2022-01,516,1571
8344,2022-02,640,1754
8344,2022-03,778,2132
8344,2022-04,821,2345
8344,2022-05,1034,3274
8344,2022-06,878,2833
8344,2022-07,592,1635
8344,2022-08,680,1635
8344,2022-09,793,2082
8344,2022-10,554,1227
8344,2022-11,460,1053
8344,2022-12,380,792
8344,2023-01,520,1078
8344,2023-02,554,1197
8344,2023-03,804,2437
8344,2023-04,706,2320
8344,2023-05,996,2613
8344,2023-06,877,2056
8344,2023-07,565,3488
8344,2023-08,681,3209
8344,2023-09,440,1084
8344,2023-10,438,942
8344,2023-11,351,742
8344,2023-12,265,637
8344,2024-01,347,912
8344,2024-02,429,1020
8344,2024-03,485,1097
8344,2024-04,596,1512
8344,2024-05,628,1344
8344,2024-06,394,788
8344,2024-07,243,706
8344,2024-08,254,632
8344,2024-09,267,540
8344,2024-10,247,514
8344,2024-11,204,371
8344,2024-12,183,408
8344,2025-01,272,674
8344,2025-02,255,658
8344,2025-03,380,856
8344,2025-04,427,931
8344,2025-05,401,941
8344,2025-06,275,635
8344,2025-07,174,318
8344,2025-08,222,453
8344,2025-09,273,621
8344,2025-10,178,439
8344,2025-11,186,395
8344,2025-12,166,376
8344,2026-01,48,147
8344,2026-02,219,590
8350,2020-01,14,274
8350,2020-02,15,42
8350,2020-03,6,14
8350,2020-04,6,11
8350,2020-05,1,1
8350,2020-07,3,4
8350,2020-08,2,2
8350,2020-11,1,1
8350,2020-12,6,29
8350,2021-01,4,6
8350,2021-02,7,19
8350,2021-03,10,49
8350,2021-04,2,5
8350,2021-05,2,5
8350,2021-06,10,46
8350,2021-07,5,8
8350,2021-08,10,24
8350,2021-09,5,14
8350,2021-10,4,4
8350,2021-11,5,11
8350,2021-12,9,40
8350,2022-01,13,40
8350,2022-02,11,58
8350,2022-03,21,58
8350,2022-04,17,49
8350,2022-05,5,9
8350,2022-06,5,19
8350,2022-07,8,17
8350,2022-08,9,16
8350,2022-09,5,12
8350,2022-10,5,9
8350,2022-11,4,4
8350,2022-12,17,111
8350,2023-01,26,160
8350,2023-02,14,114
8350,2023-03,16,45
8350,2023-04,12,25
8350,2023-05,13,32
8350,2023-06,5,32
8350,2023-07,6,33
8350,2023-08,2,3
8350,2023-09,4,6
8350,2023-10,4,7
8350,2023-11,7,36
8350,2023-12,11,31
8350,2024-01,17,89
8350,2024-02,16,52
8350,2024-03,16,46
8350,2024-04,8,18
8350,2024-05,6,25
8350,2024-06,1,1
8350,2024-07,4,7
8350,2024-08,3,3
8350,2024-09,2,11
8350,2024-10,4,5
8350,2024-11,8,14
8350,2024-12,10,98
8350,2025-01,15,66
8350,2025-02,10,19
8350,2025-03,3,10
8350,2025-04,3,17
8350,2025-05,5,5
8350,2025-06,3,9
8350,2025-07,3,3
8350,2025-08,1,1
8350,2025-09,5,9
8350,2025-10,6,9
8350,2025-11,5,15
8350,2025-12,3,13
8350,2026-01,12,32
8350,2026-02,3,4
9111,2019-12,2,11
9111,2020-01,584,1832
9111,2020-02,636,2036
9111,2020-03,499,1502
9111,2020-04,283,646
9111,2020-05,322,634
9111,2020-06,334,629
9111,2020-07,268,514
9111,2020-08,414,1291
9111,2020-09,473,1316
9111,2020-10,513,1079
9111,2020-11,410,992
9111,2020-12,242,707
9111,2021-01,382,859
9111,2021-02,418,1151
9111,2021-03,555,1289
9111,2021-04,640,1420
9111,2021-05,795,1809
9111,2021-06,609,1213
9111,2021-07,452,1093
9111,2021-08,680,1318
9111,2021-09,881,2173
9111,2021-10,923,1933
9111,2021-11,967,1960
9111,2021-12,766,1832
9111,2022-01,904,2114
9111,2022-02,1134,3007
9111,2022-03,1391,3226
9111,2022-04,1167,2640
9111,2022-05,1311,3097
9111,2022-06,940,2065
9111,2022-07,583,1280
9111,2022-08,985,2257
9111,2022-09,839,1758
9111,2022-10,738,1580
9111,2022-11,736,1533
9111,2022-12,601,1672
9111,2023-01,852,2544
9111,2023-02,808,2267
9111,2023-03,1091,2915
9111,2023-04,963,1943
9111,2023-05,1258,2649
9111,2023-06,1058,1716
9111,2023-07,766,1572
9111,2023-08,846,1542
9111,2023-09,759,1389
9111,2023-10,758,1497
9111,2023-11,610,1401
9111,2023-12,508,1314
9111,2024-01,773,1885
9111,2024-02,801,2140
9111,2024-03,858,2693
9111,2024-04,1011,2047
9111,2024-05,989,1832
9111,2024-06,735,1460
9111,2024-07,492,821
9111,2024-08,818,1721
9111,2024-09,779,1666
9111,2024-10,823,1628
9111,2024-11,743,1432
9111,2024-12,611,1403
9111,2025-01,872,2943
9111,2025-02,871,1993
9111,2025-03,1034,2256
9111,2025-04,1233,2535
9111,2025-05,950,1910
9111,2025-06,593,1104
9111,2025-07,448,877
9111,2025-08,751,1597
9111,2025-09,773,2035
9111,2025-10,799,1584
9111,2025-11,665,1493
9111,2025-12,600,1612
9111,2026-01,281,1203
9111,2026-02,571,2012
9119,2020-01,828,874
9119,2020-02,750,764
9119,2020-03,604,621
9119,2020-04,252,252
9119,2020-05,230,233
9119,2020-06,306,329
9119,2020-07,84,85
9119,2020-08,423,452
9119,2020-09,230,254
9119,2020-10,189,200
9119,2020-11,187,216
9119,2020-12,152,172
9119,2021-01,175,190
9119,2021-02,179,341
9119,2021-03,186,217
9119,2021-04,147,160
9119,2021-05,165,171
9119,2021-06,268,299
9119,2021-07,235,283
9119,2021-08,541,590
9119,2021-09,1233,1266
9119,2021-10,752,795
9119,2021-11,1322,1399
9119,2021-12,1172,1316
9119,2022-01,1317,1455
9119,2022-02,1316,1363
9119,2022-03,1141,1194
9119,2022-04,1116,1155
9119,2022-05,1527,1551
9119,2022-06,1483,1523
9119,2022-07,1415,1436
9119,2022-08,2828,3168
9119,2022-09,2725,2818
9119,2022-10,1540,1582
9119,2022-11,1247,1260
9119,2022-12,1305,1388
9119,2023-01,1691,1737
9119,2023-02,1326,1366
9119,2023-03,1481,1601
9119,2023-04,1236,1277
9119,2023-05,1784,1808
9119,2023-06,924,941
9119,2023-07,511,528
9119,2023-08,848,880
9119,2023-09,723,751
9119,2023-10,649,676
9119,2023-11,579,619
9119,2023-12,389,417
9119,2024-01,605,643
9119,2024-02,509,591
9119,2024-03,461,492
9119,2024-04,499,525
9119,2024-05,518,557
9119,2024-06,366,402
9119,2024-07,297,311
9119,2024-08,483,614
9119,2024-09,418,473
9119,2024-10,385,410
9119,2024-11,289,300
9119,2024-12,212,221
9119,2025-01,336,378
9119,2025-02,324,377
9119,2025-03,340,366
9119,2025-04,350,372
9119,2025-05,344,368
9119,2025-06,261,273
9119,2025-07,293,308
9119,2025-08,414,487
9119,2025-09,410,427
9119,2025-10,442,460
9119,2025-11,347,363
9119,2025-12,309,324
9119,2026-01,16,17
9119,2026-02,207,235
9120,2020-01,76,140
9120,2020-02,61,94
9120,2020-03,50,69
9120,2020-04,45,97
9120,2020-05,30,72
9120,2020-06,58,64
9120,2020-07,33,35
9120,2020-08,42,52
9120,2020-09,56,89
9120,2020-10,60,105
9120,2020-11,47,64
9120,2020-12,36,50
9120,2021-01,56,81
9120,2021-02,54,78
9120,2021-03,76,101
9120,2021-04,70,102
9120,2021-05,79,113
9120,2021-06,68,111
9120,2021-07,42,69
9120,2021-08,84,118
9120,2021-09,96,158
9120,2021-10,89,144
9120,2021-11,90,107
9120,2021-12,84,126
9120,2022-01,78,116
9120,2022-02,114,177
9120,2022-03,153,205
9120,2022-04,139,196
9120,2022-05,205,391
9120,2022-06,144,173
9120,2022-07,89,120
9120,2022-08,107,181
9120,2022-09,167,219
9120,2022-10,129,197
9120,2022-11,124,249
9120,2022-12,126,171
9120,2023-01,143,208
9120,2023-02,186,273
9120,2023-03,193,271
9120,2023-04,161,206
9120,2023-05,181,236
9120,2023-06,125,164
9120,2023-07,114,133
9120,2023-08,164,201
9120,2023-09,159,202
9120,2023-10,100,166
9120,2023-11,134,163
9120,2023-12,109,132
9120,2024-01,81,128
9120,2024-02,109,148
9120,2024-03,107,171
9120,2024-04,87,126
9120,2024-05,122,169
9120,2024-06,78,105
9120,2024-07,54,79
9120,2024-08,57,93
9120,2024-09,46,82
9120,2024-10,77,129
9120,2024-11,52,92
9120,2024-12,36,73
9120,2025-01,81,144
9120,2025-02,99,194
9120,2025-03,112,199
9120,2025-04,77,119
9120,2025-05,68,110
9120,2025-06,74,88
9120,2025-07,90,97
9120,2025-08,94,136
9120,2025-09,95,136
9120,2025-10,97,129
9120,2025-11,55,83
9120,2025-12,41,54
9120,2026-01,37,53
9120,2026-02,56,86
9210,2020-01,29,562
9210,2020-02,20,152
9210,2020-03,19,211
9210,2020-04,9,161
9210,2020-05,8,175
9210,2020-06,8,43
9210,2020-07,5,14
9210,2020-08,1,5
9210,2020-09,5,51
9210,2020-10,8,412
9210,2020-11,9,174
9210,2020-12,14,129
9210,2021-01,11,144
9210,2021-02,10,227
9210,2021-03,10,94
9210,2021-04,11,40
9210,2021-05,10,37
9210,2021-06,13,67
9210,2021-07,8,26
9210,2021-08,7,16
9210,2021-09,4,220
9210,2021-10,13,469
9210,2021-11,15,164
9210,2021-12,18,395
9210,2022-01,17,211
9210,2022-02,17,250
9210,2022-03,25,322
9210,2022-04,14,300
9210,2022-05,22,115
9210,2022-06,14,201
9210,2022-07,5,17
9210,2022-08,10,95
9210,2022-09,7,60
9210,2022-10,10,78
9210,2022-11,9,247
9210,2022-12,4,54
9210,2023-01,15,181
9210,2023-02,15,285
9210,2023-03,21,116
9210,2023-04,18,46
9210,2023-05,17,31
9210,2023-06,6,13
9210,2023-07,3,11
9210,2023-08,11,43
9210,2023-09,4,6
9210,2023-10,8,139
9210,2023-11,15,634
9210,2023-12,14,170
9210,2024-01,12,246
9210,2024-02,15,469
9210,2024-03,19,312
9210,2024-04,10,35
9210,2024-05,13,83
9210,2024-06,8,174
9210,2024-07,8,35
9210,2024-08,10,217
9210,2024-09,1,1
9210,2024-10,8,223
9210,2024-11,8,209
9210,2024-12,12,1027
9210,2025-01,18,621
9210,2025-02,20,1033
9210,2025-03,15,302
9210,2025-04,7,13
9210,2025-05,5,122
9210,2025-06,3,13
9210,2025-07,12,266
9210,2025-08,10,108
9210,2025-09,7,90
9210,2025-10,11,151
9210,2025-11,18,895
9210,2025-12,12,368
9210,2026-01,2,52
9210,2026-02,13,325
9310,2020-01,111,438
9310,2020-02,123,323
9310,2020-03,95,272
9310,2020-04,90,242
9310,2020-05,63,118
9310,2020-06,60,200
9310,2020-07,77,302
9310,2020-08,62,184
9310,2020-09,76,149
9310,2020-10,90,172
9310,2020-11,90,303
9310,2020-12,54,109
9310,2021-01,92,313
9310,2021-02,93,241
9310,2021-03,96,179
9310,2021-04,123,311
9310,2021-05,114,290
9310,2021-06,88,214
9310,2021-07,75,210
9310,2021-08,116,383
9310,2021-09,156,450
9310,2021-10,144,513
9310,2021-11,146,443
9310,2021-12,112,310
9310,2022-01,175,332
9310,2022-02,220,475
9310,2022-03,204,398
9310,2022-04,170,336
9310,2022-05,192,463
9310,2022-06,162,422
9310,2022-07,106,252
9310,2022-08,162,356
9310,2022-09,203,548
9310,2022-10,172,379
9310,2022-11,130,348
9310,2022-12,91,255
9310,2023-01,159,544
9310,2023-02,93,301
9310,2023-03,138,372
9310,2023-04,142,439
9310,2023-05,183,623
9310,2023-06,91,300
9310,2023-07,88,370
9310,2023-08,118,332
9310,2023-09,106,382
9310,2023-10,99,276
9310,2023-11,82,225
9310,2023-12,72,291
9310,2024-01,118,435
9310,2024-02,99,290
9310,2024-03,91,224
9310,2024-04,116,387
9310,2024-05,90,245
9310,2024-06,77,223
9310,2024-07,67,117
9310,2024-08,103,326
9310,2024-09,97,314
9310,2024-10,77,191
9310,2024-11,52,102
9310,2024-12,89,289
9310,2025-01,99,299
9310,2025-02,195,461
9310,2025-03,181,435
9310,2025-04,138,278
9310,2025-05,139,305
9310,2025-06,93,167
9310,2025-07,67,250
9310,2025-08,113,259
9310,2025-09,72,151
9310,2025-10,92,324
9310,2025-11,68,144
9310,2025-12,64,237
9310,2026-01,18,39
9310,2026-02,82,288
9320,2020-01,21,119
9320,2020-02,14,31
9320,2020-03,21,94
9320,2020-04,10,35
9320,2020-05,10,20
9320,2020-06,15,45
9320,2020-07,15,32
9320,2020-08,14,44
9320,2020-09,20,104
9320,2020-10,24,97
9320,2020-11,14,47
9320,2020-12,16,34
9320,2021-01,14,58
9320,2021-02,20,68
9320,2021-03,22,75
9320,2021-04,40,99
9320,2021-05,32,122
9320,2021-06,37,111
9320,2021-07,17,38
9320,2021-08,33,100
9320,2021-09,42,136
9320,2021-10,50,185
9320,2021-11,44,110
9320,2021-12,33,123
9320,2022-01,50,140
9320,2022-02,34,119
9320,2022-03,68,227
9320,2022-04,50,232
9320,2022-05,62,185
9320,2022-06,44,151
9320,2022-07,25,51
9320,2022-08,51,149
9320,2022-09,64,213
9320,2022-10,47,162
9320,2022-11,26,73
9320,2022-12,32,64
9320,2023-01,34,59
9320,2023-02,37,129
9320,2023-03,57,143
9320,2023-04,51,154
9320,2023-05,55,193
9320,2023-06,39,97
9320,2023-07,17,40
9320,2023-08,35,108
9320,2023-09,24,45
9320,2023-10,36,163
9320,2023-11,13,61
9320,2023-12,7,15
9320,2024-01,18,29
9320,2024-02,25,156
9320,2024-03,31,83
9320,2024-04,37,124
9320,2024-05,34,194
9320,2024-06,27,66
9320,2024-07,21,70
9320,2024-08,24,79
9320,2024-09,17,63
9320,2024-10,19,36
9320,2024-11,23,35
9320,2024-12,7,12
9320,2025-01,19,143
9320,2025-02,29,178
9320,2025-03,18,63
9320,2025-04,28,107
9320,2025-05,37,151
9320,2025-06,20,57
9320,2025-07,17,45
9320,2025-08,21,46
9320,2025-09,22,57
9320,2025-10,22,38
9320,2025-11,18,27
9320,2025-12,11,15
9320,2026-01,5,61
9320,2026-02,12,64
9331,2020-01,9,50
9331,2020-02,5,10
9331,2020-03,2,2
9331,2020-04,1,1
9331,2020-05,1,1
9331,2020-06,1,1
9331,2020-10,2,3
9331,2020-11,2,4
9331,2021-01,1,3
9331,2021-02,6,17
9331,2021-03,6,68
9331,2021-04,3,32
9331,2021-05,6,11
9331,2021-06,5,22
9331,2021-07,3,30
9331,2021-08,1,2
9331,2021-09,6,17
9331,2021-10,4,9
9331,2021-11,1,10
9331,2021-12,3,17
9331,2022-01,8,52
9331,2022-02,6,27
9331,2022-03,13,24
9331,2022-04,14,51
9331,2022-05,8,33
9331,2022-06,7,41
9331,2022-07,2,11
9331,2022-08,3,3
9331,2022-09,4,17
9331,2022-11,1,1
9331,2022-12,8,52
9331,2023-01,8,64
9331,2023-02,9,45
9331,2023-03,5,20
9331,2023-04,8,19
9331,2023-05,4,15
9331,2023-06,4,10
9331,2023-07,2,3
9331,2023-09,5,5
9331,2023-10,3,12
9331,2023-11,4,5
9331,2023-12,6,68
9331,2024-01,12,58
9331,2024-02,9,32
9331,2024-03,8,19
9331,2024-04,5,37
9331,2024-05,2,11
9331,2024-06,4,13
9331,2024-07,5,22
9331,2024-08,6,14
9331,2024-09,5,7
9331,2024-10,5,6
9331,2024-11,2,2
9331,2024-12,8,38
9331,2025-01,6,35
9331,2025-02,11,39
9331,2025-03,10,26
9331,2025-04,2,16
9331,2025-05,1,1
9331,2025-06,2,2
9331,2025-07,1,1
9331,2025-08,3,5
9331,2025-09,2,2
9331,2025-10,5,8
9331,2025-11,4,4
9331,2025-12,3,6
9331,2026-01,4,12
9331,2026-02,11,26
9332,2020-01,53,257
9332,2020-02,39,186
9332,2020-03,41,139
9332,2020-04,20,56
9332,2020-05,22,50
9332,2020-06,25,75
9332,2020-07,11,28
9332,2020-08,19,36
9332,2020-09,30,65
9332,2020-10,28,48
9332,2020-11,26,58
9332,2020-12,11,33
9332,2021-01,19,54
9332,2021-02,24,86
9332,2021-03,37,151
9332,2021-04,44,290
9332,2021-05,53,142
9332,2021-06,33,112
9332,2021-07,44,143
9332,2021-08,54,227
9332,2021-09,66,204
9332,2021-10,70,251
9332,2021-11,74,539
9332,2021-12,60,255
9332,2022-01,74,584
9332,2022-02,97,447
9332,2022-03,96,446
9332,2022-04,125,517
9332,2022-05,150,553
9332,2022-06,90,278
9332,2022-07,69,202
9332,2022-08,112,328
9332,2022-09,111,392
9332,2022-10,86,349
9332,2022-11,123,561
9332,2022-12,108,352
9332,2023-01,133,513
9332,2023-02,117,418
9332,2023-03,133,432
9332,2023-04,112,628
9332,2023-05,147,1468
9332,2023-06,86,485
9332,2023-07,53,154
9332,2023-08,89,247
9332,2023-09,66,149
9332,2023-10,56,135
9332,2023-11,55,128
9332,2023-12,38,124
9332,2024-01,53,134
9332,2024-02,65,310
9332,2024-03,81,576
9332,2024-04,112,879
9332,2024-05,63,236
9332,2024-06,61,206
9332,2024-07,67,138
9332,2024-08,63,194
9332,2024-09,83,216
9332,2024-10,66,183
9332,2024-11,107,226
9332,2024-12,67,195
9332,2025-01,108,339
9332,2025-02,72,229
9332,2025-03,57,154
9332,2025-04,71,290
9332,2025-05,74,337
9332,2025-06,47,120
9332,2025-07,49,142
9332,2025-08,51,131
9332,2025-09,42,95
9332,2025-10,68,211
9332,2025-11,38,105
9332,2025-12,34,144
9332,2026-01,14,35
9332,2026-02,37,125
9411,2019-11,2,2
9411,2020-01,139,225
9411,2020-02,138,192
9411,2020-03,107,187
9411,2020-04,60,74
9411,2020-05,89,105
9411,2020-06,96,125
9411,2020-07,128,155
9411,2020-08,116,142
9411,2020-09,135,201
9411,2020-10,121,160
9411,2020-11,100,121
9411,2020-12,77,89
9411,2021-01,106,178
9411,2021-02,110,146
9411,2021-03,132,176
9411,2021-04,143,210
9411,2021-05,190,285
9411,2021-06,164,228
9411,2021-07,137,196
9411,2021-08,189,250
9411,2021-09,171,246
9411,2021-10,193,276
9411,2021-11,164,247
9411,2021-12,132,182
9411,2022-01,171,274
9411,2022-02,194,302
9411,2022-03,238,379
9411,2022-04,206,314
9411,2022-05,211,320
9411,2022-06,188,264
9411,2022-07,143,190
9411,2022-08,226,311
9411,2022-09,169,217
9411,2022-10,117,159
9411,2022-11,122,174
9411,2022-12,97,135
9411,2023-01,162,277
9411,2023-02,147,249
9411,2023-03,174,259
9411,2023-04,200,298
9411,2023-05,175,280
9411,2023-06,144,203
9411,2023-07,132,195
9411,2023-08,153,217
9411,2023-09,131,174
9411,2023-10,134,173
9411,2023-11,95,134
9411,2023-12,72,96
9411,2024-01,131,177
9411,2024-02,176,254
9411,2024-03,143,202
9411,2024-04,175,251
9411,2024-05,164,222
9411,2024-06,113,144
9411,2024-07,101,130
9411,2024-08,134,184
9411,2024-09,143,453
9411,2024-10,101,148
9411,2024-11,90,143
9411,2024-12,94,135
9411,2025-01,114,160
9411,2025-02,126,178
9411,2025-03,145,200
9411,2025-04,144,222
9411,2025-05,143,206
9411,2025-06,116,168
9411,2025-07,95,130
9411,2025-08,134,185
9411,2025-09,105,183
9411,2025-10,88,126
9411,2025-11,86,123
9411,2025-12,81,117
9411,2026-01,41,58
9411,2026-02,90,126
9412,2019-12,1,1
9412,2020-01,824,2611
9412,2020-02,811,2819
9412,2020-03,481,4334
9412,2020-04,241,621
9412,2020-05,299,885
9412,2020-06,377,828
9412,2020-07,441,938
9412,2020-08,547,1576
9412,2020-09,535,1237
9412,2020-10,483,1222
9412,2020-11,304,753
9412,2020-12,229,594
9412,2021-01,392,1249
9412,2021-02,454,1380
9412,2021-03,578,1850
9412,2021-04,677,2003
9412,2021-05,686,1982
9412,2021-06,726,1755
9412,2021-07,752,1943
9412,2021-08,1059,2896
9412,2021-09,1078,2721
9412,2021-10,1082,3035
9412,2021-11,1076,2680
9412,2021-12,690,2719
9412,2022-01,981,3101
9412,2022-02,1312,4333
9412,2022-03,1797,5228
9412,2022-04,1475,4303
9412,2022-05,1685,4153
9412,2022-06,1245,3520
9412,2022-07,1063,3410
9412,2022-08,1625,4356
9412,2022-09,1315,3642
9412,2022-10,1089,2913
9412,2022-11,925,2971
9412,2022-12,706,1962
9412,2023-01,1075,3384
9412,2023-02,1060,3448
9412,2023-03,1472,4297
9412,2023-04,1156,3062
9412,2023-05,1240,3475
9412,2023-06,922,2211
9412,2023-07,847,2186
9412,2023-08,1100,2678
9412,2023-09,941,2059
9412,2023-10,840,2041
9412,2023-11,645,1455
9412,2023-12,565,1880
9412,2024-01,859,2394
9412,2024-02,902,2797
9412,2024-03,990,3081
9412,2024-04,1035,2690
9412,2024-05,852,2066
9412,2024-06,628,1402
9412,2024-07,649,1447
9412,2024-08,839,2063
9412,2024-09,736,1901
9412,2024-10,705,1528
9412,2024-11,558,1217
9412,2024-12,534,1292
9412,2025-01,860,2826
9412,2025-02,807,2838
9412,2025-03,899,2687
9412,2025-04,909,2477
9412,2025-05,832,2089
9412,2025-06,550,1237
9412,2025-07,594,1318
9412,2025-08,778,1907
9412,2025-09,735,1617
9412,2025-10,614,1278
9412,2025-11,543,952
9412,2025-12,505,1292
9412,2026-01,298,1305
9412,2026-02,565,2169
9413,2020-01,102,168
9413,2020-02,81,154
9413,2020-03,42,94
9413,2020-04,14,24
9413,2020-05,16,23
9413,2020-06,23,43
9413,2020-07,38,69
9413,2020-08,32,44
9413,2020-09,39,51
9413,2020-10,33,51
9413,2020-11,20,32
9413,2020-12,13,25
9413,2021-01,31,74
9413,2021-02,39,368
9413,2021-03,43,74
9413,2021-04,61,97
9413,2021-05,40,65
9413,2021-06,56,90
9413,2021-07,53,157
9413,2021-08,75,106
9413,2021-09,61,82
9413,2021-10,51,87
9413,2021-11,57,73
9413,2021-12,39,56
9413,2022-01,51,114
9413,2022-02,81,152
9413,2022-03,102,181
9413,2022-04,84,136
9413,2022-05,93,157
9413,2022-06,57,86
9413,2022-07,55,116
9413,2022-08,100,156
9413,2022-09,54,79
9413,2022-10,49,93
9413,2022-11,54,124
9413,2022-12,39,63
9413,2023-01,59,106
9413,2023-02,81,181
9413,2023-03,98,186
9413,2023-04,85,175
9413,2023-05,86,140
9413,2023-06,52,100
9413,2023-07,61,102
9413,2023-08,100,157
9413,2023-09,54,80
9413,2023-10,50,89
9413,2023-11,41,67
9413,2023-12,39,66
9413,2024-01,62,109
9413,2024-02,68,137
9413,2024-03,52,107
9413,2024-04,73,122
9413,2024-05,51,74
9413,2024-06,35,41
9413,2024-07,39,49
9413,2024-08,63,107
9413,2024-09,44,80
9413,2024-10,40,48
9413,2024-11,43,58
9413,2024-12,36,63
9413,2025-01,65,187
9413,2025-02,83,224
9413,2025-03,59,225
9413,2025-04,57,80
9413,2025-05,29,68
9413,2025-06,36,53
9413,2025-07,28,32
9413,2025-08,36,61
9413,2025-09,23,26
9413,2025-10,32,45
9413,2025-11,29,33
9413,2025-12,31,52
9413,2026-01,10,30
9413,2026-02,29,58
9520,2020-01,18,132
9520,2020-02,41,193
9520,2020-03,12,37
9520,2020-04,23,34
9520,2020-05,17,46
9520,2020-06,21,38
9520,2020-07,8,21
9520,2020-08,24,46
9520,2020-09,15,22
9520,2020-10,21,84
9520,2020-11,13,15
9520,2020-12,9,21
9520,2021-01,16,156
9520,2021-02,7,37
9520,2021-03,27,96
9520,2021-04,57,87
9520,2021-05,54,70
9520,2021-06,34,40
9520,2021-07,49,49
9520,2021-08,47,48
9520,2021-09,68,74
9520,2021-10,69,89
9520,2021-11,45,100
9520,2021-12,60,103
9520,2022-01,87,195
9520,2022-02,93,257
9520,2022-03,97,290
9520,2022-04,58,273
9520,2022-05,57,319
9520,2022-06,30,99
9520,2022-07,40,66
9520,2022-08,31,226
9520,2022-09,25,43
9520,2022-10,50,76
9520,2022-11,113,1613
9520,2022-12,53,537
9520,2023-01,67,103
9520,2023-02,299,478
9520,2023-03,440,471
9520,2023-04,604,711
9520,2023-05,2270,2322
9520,2023-06,280,291
9520,2023-07,795,814
9520,2023-08,998,1134
9520,2023-09,976,993
9520,2023-10,950,952
9520,2023-11,387,626
9520,2023-12,663,665
9520,2024-01,293,307
9520,2024-02,436,735
9520,2024-03,389,428
9520,2024-04,246,290
9520,2024-05,647,676
9520,2024-06,391,404
9520,2024-07,225,236
9520,2024-08,235,240
9520,2024-09,276,301
9520,2024-10,251,251
9520,2024-11,58,59
9520,2024-12,71,78
9520,2025-01,85,237
9520,2025-02,60,83
9520,2025-03,40,52
9520,2025-04,107,133
9520,2025-05,63,89
9520,2025-06,26,138
9520,2025-07,15,27
9520,2025-08,2,2
9520,2025-09,22,103
9520,2025-10,25,135
9520,2025-11,10,38
9520,2025-12,31,48
9520,2026-01,1,3
9520,2026-02,8,19
9610,2020-01,58,174
9610,2020-02,59,740
9610,2020-03,40,87
9610,2020-04,32,65
9610,2020-05,19,25
9610,2020-06,15,29
9610,2020-07,4,5
9610,2020-08,6,26
9610,2020-09,27,82
9610,2020-10,41,507
9610,2020-11,40,146
9610,2020-12,12,45
9610,2021-01,51,518
9610,2021-02,64,1235
9610,2021-03,79,217
9610,2021-04,54,136
9610,2021-05,35,77
9610,2021-06,35,56
9610,2021-07,21,63
9610,2021-08,36,56
9610,2021-09,35,283
9610,2021-10,47,142
9610,2021-11,76,377
9610,2021-12,53,124
9610,2022-01,58,146
9610,2022-02,87,297
9610,2022-03,121,369
9610,2022-04,131,316
9610,2022-05,95,163
9610,2022-06,86,170
9610,2022-07,35,57
9610,2022-08,59,91
9610,2022-09,61,177
9610,2022-10,73,402
9610,2022-11,90,419
9610,2022-12,70,765
9610,2023-01,145,508
9610,2023-02,103,272
9610,2023-03,124,322
9610,2023-04,86,245
9610,2023-05,158,365
9610,2023-06,109,228
9610,2023-07,27,38
9610,2023-08,38,109
9610,2023-09,56,203
9610,2023-10,112,757
9610,2023-11,135,1501
9610,2023-12,68,732
9610,2024-01,86,749
9610,2024-02,120,511
9610,2024-03,115,302
9610,2024-04,86,201
9610,2024-05,69,154
9610,2024-06,52,75
9610,2024-07,27,66
9610,2024-08,44,109
9610,2024-09,71,354
9610,2024-10,92,612
9610,2024-11,99,610
9610,2024-12,53,232
9610,2025-01,89,407
9610,2025-02,85,237
9610,2025-03,101,223
9610,2025-04,76,231
9610,2025-05,54,108
9610,2025-06,50,88
9610,2025-07,36,56
9610,2025-08,34,111
9610,2025-09,70,393
9610,2025-10,97,487
9610,2025-11,90,200
9610,2025-12,57,223
9610,2026-01,29,119
9610,2026-02,61,219
9621,2020-01,53,238
9621,2020-02,63,279
9621,2020-03,42,186
9621,2020-04,64,242
9621,2020-05,38,223
9621,2020-06,30,95
9621,2020-07,33,65
9621,2020-08,6,10
9621,2020-09,16,36
9621,2020-10,42,132
9621,2020-11,43,131
9621,2020-12,14,42
9621,2021-01,22,54
9621,2021-02,39,82
9621,2021-03,75,466
9621,2021-04,73,454
9621,2021-05,98,703
9621,2021-06,94,547
9621,2021-07,74,218
9621,2021-08,61,190
9621,2021-09,69,293
9621,2021-10,70,213
9621,2021-11,105,298
9621,2021-12,64,207
9621,2022-01,95,410
9621,2022-02,136,617
9621,2022-03,92,756
9621,2022-04,93,891
9621,2022-05,201,1014
9621,2022-06,119,711
9621,2022-07,74,425
9621,2022-08,66,199
9621,2022-09,60,243
9621,2022-10,84,398
9621,2022-11,101,505
9621,2022-12,72,330
9621,2023-01,94,523
9621,2023-02,100,523
9621,2023-03,141,703
9621,2023-04,129,1191
9621,2023-05,93,633
9621,2023-06,120,567
9621,2023-07,71,295
9621,2023-08,70,288
9621,2023-09,103,272
9621,2023-10,98,272
9621,2023-11,94,301
9621,2023-12,59,188
9621,2024-01,90,249
9621,2024-02,129,574
9621,2024-03,68,431
9621,2024-04,174,1155
9621,2024-05,113,569
9621,2024-06,63,230
9621,2024-07,37,80
9621,2024-08,69,160
9621,2024-09,48,77
9621,2024-10,58,168
9621,2024-11,65,158
9621,2024-12,39,106
9621,2025-01,54,126
9621,2025-02,45,158
9621,2025-03,110,861
9621,2025-04,58,197
9621,2025-05,48,133
9621,2025-06,28,121
9621,2025-07,16,35
9621,2025-08,32,83
9621,2025-09,37,88
9621,2025-10,56,138
9621,2025-11,24,129
9621,2025-12,30,77
9621,2026-01,7,57
9621,2026-02,57,270
9622,2020-01,65,444
9622,2020-02,88,233
9622,2020-03,67,127
9622,2020-04,38,62
9622,2020-05,21,21
9622,2020-06,20,25
9622,2020-07,8,11
9622,2020-08,26,421
9622,2020-09,32,36
9622,2020-10,41,59
9622,2020-11,30,98
9622,2020-12,31,58
9622,2021-01,36,56
9622,2021-02,35,46
9622,2021-03,62,304
9622,2021-04,59,69
9622,2021-05,38,50
9622,2021-06,34,41
9622,2021-07,21,34
9622,2021-08,58,136
9622,2021-09,65,89
9622,2021-10,53,103
9622,2021-11,79,105
9622,2021-12,71,112
9622,2022-01,78,190
9622,2022-02,76,115
9622,2022-03,139,184
9622,2022-04,103,137
9622,2022-05,93,116
9622,2022-06,67,75
9622,2022-07,53,76
9622,2022-08,66,108
9622,2022-09,88,131
9622,2022-10,63,95
9622,2022-11,64,77
9622,2022-12,78,93
9622,2023-01,85,204
9622,2023-02,96,205
9622,2023-03,103,179
9622,2023-04,66,82
9622,2023-05,95,137
9622,2023-06,75,79
9622,2023-07,35,51
9622,2023-08,58,104
9622,2023-09,58,80
9622,2023-10,49,70
9622,2023-11,54,71
9622,2023-12,40,66
9622,2024-01,71,150
9622,2024-02,62,149
9622,2024-03,62,96
9622,2024-04,64,91
9622,2024-05,43,70
9622,2024-06,26,30
9622,2024-07,20,25
9622,2024-08,29,39
9622,2024-09,38,62
9622,2024-10,46,58
9622,2024-11,51,57
9622,2024-12,39,56
9622,2025-01,70,137
9622,2025-02,53,83
9622,2025-03,65,84
9622,2025-04,52,67
9622,2025-05,51,57
9622,2025-06,38,44
9622,2025-07,19,25
9622,2025-08,32,35
9622,2025-09,51,75
9622,2025-10,42,50
9622,2025-11,37,45
9622,2025-12,54,80
9622,2026-01,18,76
9622,2026-02,41,87
9629,2020-01,45,281
9629,2020-02,43,390
9629,2020-03,28,119
9629,2020-04,28,107
9629,2020-05,7,11
9629,2020-06,20,59
9629,2020-07,16,20
9629,2020-08,26,63
9629,2020-09,53,188
9629,2020-10,30,109
9629,2020-11,22,88
9629,2020-12,24,78
9629,2021-01,33,493
9629,2021-02,56,348
9629,2021-03,42,164
9629,2021-04,47,119
9629,2021-05,45,107
9629,2021-06,30,64
9629,2021-07,17,69
9629,2021-08,76,226
9629,2021-09,43,92
9629,2021-10,69,187
9629,2021-11,62,195
9629,2021-12,65,318
9629,2022-01,64,502
9629,2022-02,66,291
9629,2022-03,118,600
9629,2022-04,84,183
9629,2022-05,71,148
9629,2022-06,74,209
9629,2022-07,76,260
9629,2022-08,89,219
9629,2022-09,105,228
9629,2022-10,63,170
9629,2022-11,59,115
9629,2022-12,75,138
9629,2023-01,65,145
9629,2023-02,66,349
9629,2023-03,45,60
9629,2023-04,43,72
9629,2023-05,48,169
9629,2023-06,52,85
9629,2023-07,25,76
9629,2023-08,66,248
9629,2023-09,68,196
9629,2023-10,67,250
9629,2023-11,39,135
9629,2023-12,40,321
9629,2024-01,52,82
9629,2024-02,71,176
9629,2024-03,36,142
9629,2024-04,61,173
9629,2024-05,42,95
9629,2024-06,34,48
9629,2024-07,29,50
9629,2024-08,65,384
9629,2024-09,47,224
9629,2024-10,40,81
9629,2024-11,33,86
9629,2024-12,29,296
9629,2025-01,41,115
9629,2025-02,64,281
9629,2025-03,55,108
9629,2025-04,43,151
9629,2025-05,41,86
9629,2025-06,26,48
9629,2025-07,29,57
9629,2025-08,91,249
9629,2025-09,66,182
9629,2025-10,52,81
9629,2025-11,35,57
9629,2025-12,28,41
9629,2026-01,11,15
9629,2026-02,26,169
