design,scenario,registers,seed,age_group,gamma_struct,gamma_oracle,gamma_prod,bias,artefact_T2021,artefact_T2022,gen_s
OL_exact,null,base,0,22-25,0.0,-0.0137297365979888,-0.194962941026189,-0.1812332044282002,-0.3873854784748918,-0.2663699315347038,31.7
OL_exact,null,base,0,26-30,0.0,-0.0073299659607265,-0.0828736885010361,-0.0755437225403096,-0.08131652632422161,-0.0634058542918539,31.7
OL_exact,null,base,0,50+,0.0,-0.0079110412412511,0.10169355087709,0.1096045921183411,0.0,0.0,31.7
OL_daioe,null,base,0,22-25,0.0,-0.0137297365979888,-0.213185344573856,-0.1994556079758672,-0.3804287734665073,-0.2620322306935883,31.7
OL_daioe,null,base,0,26-30,0.0,-0.0073299659607265,-0.0785403201649544,-0.07121035420422789,-0.08871249915897389,-0.063040615913422,31.7
OL_daioe,null,base,0,50+,0.0,-0.0079110412412511,0.108728631774438,0.1166396730156891,0.0,0.0,31.7
fresh_stock,null,base,0,22-25,0.0,-0.0137297365979888,-0.213185344573856,-0.1994556079758672,-0.3804287734665073,-0.2620322306935883,31.7
fresh_stock,null,base,0,26-30,0.0,-0.0073299659607265,-0.0785403201649544,-0.07121035420422789,-0.08871249915897389,-0.063040615913422,31.7
fresh_stock,null,base,0,50+,0.0,-0.0079110412412511,0.108728631774438,0.1166396730156891,0.0,0.0,31.7
entrant,null,base,0,22-25,0.0,-0.0137297365979888,-0.213185344573856,-0.1994556079758672,-0.3804287734665073,-0.2620322306935883,31.7
entrant,null,base,0,26-30,0.0,-0.0073299659607265,-0.0785403201649544,-0.07121035420422789,-0.08871249915897389,-0.063040615913422,31.7
entrant,null,base,0,50+,0.0,-0.0079110412412511,0.108728631774438,0.1166396730156891,0.0,0.0,31.7
entrant_share,null,base,0,22-25,0.0,-0.0137297365979888,-0.16736584276481,-0.15363610616682122,-0.2518669876060497,-0.1879783427804347,31.7
entrant_share,null,base,0,26-30,0.0,-0.0073299659607265,-0.0724914684213402,-0.0651615024606137,-0.07242395810261981,-0.0556190913386042,31.7
entrant_share,null,base,0,50+,0.0,-0.0079110412412511,0.0823030252675355,0.09021406650878659,0.0,0.0,31.7
expband,null,base,0,22-25,0.0,-0.0137297365979888,-0.253507571424046,-0.23977783482605722,-0.546593383053165,-0.35141488575862995,31.7
expband,null,base,0,26-30,0.0,-0.0073299659607265,-0.0789073952615377,-0.0715774293008112,-0.1112098367310464,-0.0778801666021916,31.7
expband,null,base,0,50+,0.0,-0.0079110412412511,0.130442381347338,0.1383534225885891,0.0,0.0,31.7
enrol,null,base,0,22-25,0.0,-0.0137297365979888,-0.213185344573856,-0.1994556079758672,-0.3700722136552153,-0.2633996639132273,31.7
enrol,null,base,0,26-30,0.0,-0.0073299659607265,-0.0785403201649544,-0.07121035420422789,-0.08185263321482039,-0.05774877750126361,31.7
enrol,null,base,0,50+,0.0,-0.0079110412412511,0.108728631774438,0.1166396730156891,0.0,0.0,31.7
full,null,base,0,22-25,0.0,-0.0137297365979888,-0.16736584276481,-0.15363610616682122,-0.24795551159942572,-0.1907990998397987,31.7
full,null,base,0,26-30,0.0,-0.0073299659607265,-0.0724914684213402,-0.0651615024606137,-0.06497695750547619,-0.0502341462658703,31.7
full,null,base,0,50+,0.0,-0.0079110412412511,0.0823030252675355,0.09021406650878659,0.0,0.0,31.7
OL_exact,null,base,1,22-25,0.0,-0.0202503006493369,-0.18812060190805,-0.1678703012587131,-0.3704686947559852,-0.2841655805715132,33.3
OL_exact,null,base,1,26-30,0.0,0.0063273758791091,-0.0585048631932009,-0.06483223907230999,-0.0896743339905675,-0.06466541778116,33.3
OL_exact,null,base,1,50+,0.0,0.0217072210589459,0.127409025647481,0.10570180458853509,0.0,0.0,33.3
OL_daioe,null,base,1,22-25,0.0,-0.0202503006493369,-0.17184305113752,-0.1515927504881831,-0.39141563080489783,-0.2903138995295428,33.3
OL_daioe,null,base,1,26-30,0.0,0.0063273758791091,-0.0686031060516725,-0.0749304819307816,-0.0929739782755972,-0.07142946679715899,33.3
OL_daioe,null,base,1,50+,0.0,0.0217072210589459,0.130542020285808,0.1088347992268621,0.0,0.0,33.3
fresh_stock,null,base,1,22-25,0.0,-0.0202503006493369,-0.17184305113752,-0.1515927504881831,-0.39141563080489783,-0.2903138995295428,33.3
fresh_stock,null,base,1,26-30,0.0,0.0063273758791091,-0.0686031060516725,-0.0749304819307816,-0.0929739782755972,-0.07142946679715899,33.3
fresh_stock,null,base,1,50+,0.0,0.0217072210589459,0.130542020285808,0.1088347992268621,0.0,0.0,33.3
entrant,null,base,1,22-25,0.0,-0.0202503006493369,-0.17184305113752,-0.1515927504881831,-0.39141563080489783,-0.2903138995295428,33.3
entrant,null,base,1,26-30,0.0,0.0063273758791091,-0.0686031060516725,-0.0749304819307816,-0.0929739782755972,-0.07142946679715899,33.3
entrant,null,base,1,50+,0.0,0.0217072210589459,0.130542020285808,0.1088347992268621,0.0,0.0,33.3
entrant_share,null,base,1,22-25,0.0,-0.0202503006493369,-0.109875289359145,-0.0896249887098081,-0.26293186507733957,-0.2037406213893226,33.3
entrant_share,null,base,1,26-30,0.0,0.0063273758791091,-0.0648981993024575,-0.0712255751815666,-0.0803089630763332,-0.0623197543111393,33.3
entrant_share,null,base,1,50+,0.0,0.0217072210589459,0.105330423564603,0.0836232025056571,0.0,0.0,33.3
expband,null,base,1,22-25,0.0,-0.0202503006493369,-0.228455156054395,-0.20820485540505812,-0.5903179199616357,-0.3927756412651188,33.3
expband,null,base,1,26-30,0.0,0.0063273758791091,-0.0817953265768617,-0.0881227024559708,-0.11238360525005729,-0.0850425051698691,33.3
expband,null,base,1,50+,0.0,0.0217072210589459,0.151996251412058,0.1302890303531121,0.0,0.0,33.3
enrol,null,base,1,22-25,0.0,-0.0202503006493369,-0.17184305113752,-0.1515927504881831,-0.3477759221980688,-0.2766254992957688,33.3
enrol,null,base,1,26-30,0.0,0.0063273758791091,-0.0686031060516725,-0.0749304819307816,-0.08251039613043809,-0.06670833240289649,33.3
enrol,null,base,1,50+,0.0,0.0217072210589459,0.130542020285808,0.1088347992268621,0.0,0.0,33.3
full,null,base,1,22-25,0.0,-0.0202503006493369,-0.109875289359145,-0.0896249887098081,-0.2327540345964016,-0.19364781812576962,33.3
full,null,base,1,26-30,0.0,0.0063273758791091,-0.0648981993024575,-0.0712255751815666,-0.0703482622471398,-0.057975073779390394,33.3
full,null,base,1,50+,0.0,0.0217072210589459,0.105330423564603,0.0836232025056571,0.0,0.0,33.3
OL_exact,null,base,2,22-25,0.0,0.010478732382255,-0.174285566424081,-0.184764298806336,-0.3472556099861002,-0.2591730399469762,31.1
OL_exact,null,base,2,26-30,0.0,0.0200735023828645,-0.044829879874121,-0.0649033822569855,-0.0974702082289202,-0.0781169493683938,31.1
OL_exact,null,base,2,50+,0.0,0.0001204416531352,0.113130899173484,0.1130104575203488,0.0,0.0,31.1
OL_daioe,null,base,2,22-25,0.0,0.010478732382255,-0.21657066355298,-0.227049395935235,-0.4975875052100474,-0.3386727818044314,31.1
OL_daioe,null,base,2,26-30,0.0,0.0200735023828645,-0.0464670587291368,-0.0665405611120013,-0.1286709830822995,-0.0981535467369202,31.1
OL_daioe,null,base,2,50+,0.0,0.0001204416531352,0.154126209972781,0.1540057683196458,0.0,0.0,31.1
fresh_stock,null,base,2,22-25,0.0,0.010478732382255,-0.21657066355298,-0.227049395935235,-0.4975875052100474,-0.3386727818044314,31.1
fresh_stock,null,base,2,26-30,0.0,0.0200735023828645,-0.0464670587291368,-0.0665405611120013,-0.1286709830822995,-0.0981535467369202,31.1
fresh_stock,null,base,2,50+,0.0,0.0001204416531352,0.154126209972781,0.1540057683196458,0.0,0.0,31.1
entrant,null,base,2,22-25,0.0,0.010478732382255,-0.21657066355298,-0.227049395935235,-0.4975875052100474,-0.3386727818044314,31.1
entrant,null,base,2,26-30,0.0,0.0200735023828645,-0.0464670587291368,-0.0665405611120013,-0.1286709830822995,-0.0981535467369202,31.1
entrant,null,base,2,50+,0.0,0.0001204416531352,0.154126209972781,0.1540057683196458,0.0,0.0,31.1
entrant_share,null,base,2,22-25,0.0,0.010478732382255,-0.137785259276058,-0.148263991658313,-0.228663664622119,-0.191611897444377,31.1
entrant_share,null,base,2,26-30,0.0,0.0200735023828645,-0.035644889735869,-0.0557183921187335,-0.0786795566456312,-0.0591102428184298,31.1
entrant_share,null,base,2,50+,0.0,0.0001204416531352,0.0887394918886721,0.0886190502355369,0.0,0.0,31.1
expband,null,base,2,22-25,0.0,0.010478732382255,-0.217291668200477,-0.22777040058273199,-0.4992360615259914,-0.3403197681620914,31.1
expband,null,base,2,26-30,0.0,0.0200735023828645,-0.0365756294275898,-0.056649131810454306,-0.1329472165601473,-0.10180887740296929,31.1
expband,null,base,2,50+,0.0,0.0001204416531352,0.153142254978372,0.1530218133252368,0.0,0.0,31.1
enrol,null,base,2,22-25,0.0,0.010478732382255,-0.21657066355298,-0.227049395935235,-0.4536023215835134,-0.3214828500701364,31.1
enrol,null,base,2,26-30,0.0,0.0200735023828645,-0.0464670587291368,-0.0665405611120013,-0.1197034631232128,-0.09337604088200499,31.1
enrol,null,base,2,50+,0.0,0.0001204416531352,0.154126209972781,0.1540057683196458,0.0,0.0,31.1
full,null,base,2,22-25,0.0,0.010478732382255,-0.137785259276058,-0.148263991658313,-0.214501216822648,-0.182380513992838,31.1
full,null,base,2,26-30,0.0,0.0200735023828645,-0.035644889735869,-0.0557183921187335,-0.0705766683669154,-0.0548857347400793,31.1
full,null,base,2,50+,0.0,0.0001204416531352,0.0887394918886721,0.0886190502355369,0.0,0.0,31.1
OL_exact,null,base,3,22-25,0.0,-0.0423034852315426,-0.232251901366162,-0.1899484161346194,-0.3037733102498487,-0.2374495720700347,31.4
OL_exact,null,base,3,26-30,0.0,0.0246506454474179,0.0106177659989992,-0.0140328794484187,-0.1095357137413255,-0.0737439727348603,31.4
OL_exact,null,base,3,50+,0.0,0.0095746382426978,0.129956685604002,0.1203820473613042,0.0,0.0,31.4
OL_daioe,null,base,3,22-25,0.0,-0.0423034852315426,-0.202478382861498,-0.1601748976299554,-0.3275520488014892,-0.24779173097572718,31.4
OL_daioe,null,base,3,26-30,0.0,0.0246506454474179,-0.0118781535380291,-0.036528798985447,-0.10927184975207119,-0.07356879454072959,31.4
OL_daioe,null,base,3,50+,0.0,0.0095746382426978,0.134426116236158,0.12485147799346019,0.0,0.0,31.4
fresh_stock,null,base,3,22-25,0.0,-0.0423034852315426,-0.202478382861498,-0.1601748976299554,-0.3275520488014892,-0.24779173097572718,31.4
fresh_stock,null,base,3,26-30,0.0,0.0246506454474179,-0.0118781535380291,-0.036528798985447,-0.10927184975207119,-0.07356879454072959,31.4
fresh_stock,null,base,3,50+,0.0,0.0095746382426978,0.134426116236158,0.12485147799346019,0.0,0.0,31.4
entrant,null,base,3,22-25,0.0,-0.0423034852315426,-0.202478382861498,-0.1601748976299554,-0.3275520488014892,-0.24779173097572718,31.4
entrant,null,base,3,26-30,0.0,0.0246506454474179,-0.0118781535380291,-0.036528798985447,-0.10927184975207119,-0.07356879454072959,31.4
entrant,null,base,3,50+,0.0,0.0095746382426978,0.134426116236158,0.12485147799346019,0.0,0.0,31.4
entrant_share,null,base,3,22-25,0.0,-0.0423034852315426,-0.193618656194792,-0.1513151709632494,-0.21238209550550372,-0.1718501146597057,31.4
entrant_share,null,base,3,26-30,0.0,0.0246506454474179,0.0121459227808466,-0.012504722666571301,-0.0877918937536107,-0.0585298059728689,31.4
entrant_share,null,base,3,50+,0.0,0.0095746382426978,0.0994957515192888,0.089921113276591,0.0,0.0,31.4
expband,null,base,3,22-25,0.0,-0.0423034852315426,-0.256499262418893,-0.2141957771873504,-0.499787079421541,-0.329484910905625,31.4
expband,null,base,3,26-30,0.0,0.0246506454474179,-0.0193861837880249,-0.044036829235442804,-0.1239818800287639,-0.08381325591315919,31.4
expband,null,base,3,50+,0.0,0.0095746382426978,0.151891468853294,0.1423168306105962,0.0,0.0,31.4
enrol,null,base,3,22-25,0.0,-0.0423034852315426,-0.202478382861498,-0.1601748976299554,-0.3134853381709442,-0.2478865490809512,31.4
enrol,null,base,3,26-30,0.0,0.0246506454474179,-0.0118781535380291,-0.036528798985447,-0.10216899946328709,-0.0691008704999201,31.4
enrol,null,base,3,50+,0.0,0.0095746382426978,0.134426116236158,0.12485147799346019,0.0,0.0,31.4
full,null,base,3,22-25,0.0,-0.0423034852315426,-0.193618656194792,-0.1513151709632494,-0.2053958751977407,-0.1732675101096937,31.4
full,null,base,3,26-30,0.0,0.0246506454474179,0.0121459227808466,-0.012504722666571301,-0.08069087525281149,-0.0539616693651174,31.4
full,null,base,3,50+,0.0,0.0095746382426978,0.0994957515192888,0.089921113276591,0.0,0.0,31.4
OL_exact,null,base,4,22-25,0.0,0.0149524560822825,-0.282541903208213,-0.2974943592904955,-0.3385735238716083,-0.2212123007947333,31.3
OL_exact,null,base,4,26-30,0.0,-0.0261897688820634,-0.0298648117284966,-0.003675042846433201,-0.0941940717896106,-0.0776166267000334,31.3
OL_exact,null,base,4,50+,0.0,0.0282345681994388,0.141767149168844,0.1135325809694052,0.0,0.0,31.3
OL_daioe,null,base,4,22-25,0.0,0.0149524560822825,-0.25524502811422,-0.2701974841965025,-0.3580066952015928,-0.23123546092354783,31.3
OL_daioe,null,base,4,26-30,0.0,-0.0261897688820634,-0.0244004846797213,0.0017892842023421,-0.09300155513930919,-0.0777858376091442,31.3
OL_daioe,null,base,4,50+,0.0,0.0282345681994388,0.140949274649701,0.1127147064502622,0.0,0.0,31.3
fresh_stock,null,base,4,22-25,0.0,0.0149524560822825,-0.25524502811422,-0.2701974841965025,-0.3580066952015928,-0.23123546092354783,31.3
fresh_stock,null,base,4,26-30,0.0,-0.0261897688820634,-0.0244004846797213,0.0017892842023421,-0.09300155513930919,-0.0777858376091442,31.3
fresh_stock,null,base,4,50+,0.0,0.0282345681994388,0.140949274649701,0.1127147064502622,0.0,0.0,31.3
entrant,null,base,4,22-25,0.0,0.0149524560822825,-0.25524502811422,-0.2701974841965025,-0.3580066952015928,-0.23123546092354783,31.3
entrant,null,base,4,26-30,0.0,-0.0261897688820634,-0.0244004846797213,0.0017892842023421,-0.09300155513930919,-0.0777858376091442,31.3
entrant,null,base,4,50+,0.0,0.0282345681994388,0.140949274649701,0.1127147064502622,0.0,0.0,31.3
entrant_share,null,base,4,22-25,0.0,0.0149524560822825,-0.205902368523781,-0.22085482460606348,-0.23264138837479661,-0.1556823620980896,31.3
entrant_share,null,base,4,26-30,0.0,-0.0261897688820634,-0.0204138342161836,0.005775934665879799,-0.07942825178035759,-0.0644607346274416,31.3
entrant_share,null,base,4,50+,0.0,0.0282345681994388,0.112687234620514,0.0844526664210752,0.0,0.0,31.3
expband,null,base,4,22-25,0.0,0.0149524560822825,-0.290475700047898,-0.30542815613018054,-0.4943300123194659,-0.3067974783546329,31.3
expband,null,base,4,26-30,0.0,-0.0261897688820634,-0.0468285856854607,-0.0206388168033973,-0.1134069522146548,-0.0884663167036251,31.3
expband,null,base,4,50+,0.0,0.0282345681994388,0.163943017511504,0.13570844931206522,0.0,0.0,31.3
enrol,null,base,4,22-25,0.0,0.0149524560822825,-0.25524502811422,-0.2701974841965025,-0.31754601838789176,-0.2140637837908518,31.3
enrol,null,base,4,26-30,0.0,-0.0261897688820634,-0.0244004846797213,0.0017892842023421,-0.087697885959237,-0.0728716449441173,31.3
enrol,null,base,4,50+,0.0,0.0282345681994388,0.140949274649701,0.1127147064502622,0.0,0.0,31.3
full,null,base,4,22-25,0.0,0.0149524560822825,-0.205902368523781,-0.22085482460606348,-0.2031254458492736,-0.1415680756360846,31.3
full,null,base,4,26-30,0.0,-0.0261897688820634,-0.0204138342161836,0.005775934665879799,-0.07394842108592779,-0.059559134803738104,31.3
full,null,base,4,50+,0.0,0.0282345681994388,0.112687234620514,0.0844526664210752,0.0,0.0,31.3
OL_exact,null,lag1,0,22-25,0.0,-0.0137297365979888,-0.160443336218023,-0.14671359962003422,-0.2376158031257693,-0.1759653548624413,32.9
OL_exact,null,lag1,0,26-30,0.0,-0.0073299659607265,-0.0592915721559132,-0.0519616061951867,-0.0636083844414387,-0.0497524170318704,32.9
OL_exact,null,lag1,0,50+,0.0,-0.0079110412412511,0.100887871059684,0.1087989123009351,0.0,0.0,32.9
OL_daioe,null,lag1,0,22-25,0.0,-0.0137297365979888,-0.16016513850588,-0.1464354019078912,-0.2466890131703494,-0.1823020251763334,32.9
OL_daioe,null,lag1,0,26-30,0.0,-0.0073299659607265,-0.0562467411116016,-0.0489167751508751,-0.06606386854674069,-0.0511619769053314,32.9
OL_daioe,null,lag1,0,50+,0.0,-0.0079110412412511,0.108208213994329,0.1161192552355801,0.0,0.0,32.9
fresh_stock,null,lag1,0,22-25,0.0,-0.0137297365979888,-0.16016513850588,-0.1464354019078912,-0.2466890131703494,-0.1823020251763334,32.9
fresh_stock,null,lag1,0,26-30,0.0,-0.0073299659607265,-0.0562467411116016,-0.0489167751508751,-0.06606386854674069,-0.0511619769053314,32.9
fresh_stock,null,lag1,0,50+,0.0,-0.0079110412412511,0.108208213994329,0.1161192552355801,0.0,0.0,32.9
entrant,null,lag1,0,22-25,0.0,-0.0137297365979888,-0.16016513850588,-0.1464354019078912,-0.2466890131703494,-0.1823020251763334,32.9
entrant,null,lag1,0,26-30,0.0,-0.0073299659607265,-0.0562467411116016,-0.0489167751508751,-0.06606386854674069,-0.0511619769053314,32.9
entrant,null,lag1,0,50+,0.0,-0.0079110412412511,0.108208213994329,0.1161192552355801,0.0,0.0,32.9
entrant_share,null,lag1,0,22-25,0.0,-0.0137297365979888,-0.1274238628466,-0.11369412624861121,-0.17479854188091332,-0.13552803883419828,32.9
entrant_share,null,lag1,0,26-30,0.0,-0.0073299659607265,-0.055070101268206,-0.0477401353074795,-0.05602760567175251,-0.0400093029642809,32.9
entrant_share,null,lag1,0,50+,0.0,-0.0079110412412511,0.0811139620839926,0.0890250033252437,0.0,0.0,32.9
expband,null,lag1,0,22-25,0.0,-0.0137297365979888,-0.190729664278324,-0.1769999276803352,-0.3227953602609917,-0.22713079544016468,32.9
expband,null,lag1,0,26-30,0.0,-0.0073299659607265,-0.0621704550354295,-0.054840489074703,-0.0764193067919236,-0.0598530252645237,32.9
expband,null,lag1,0,50+,0.0,-0.0079110412412511,0.128554059484091,0.1364651007253421,0.0,0.0,32.9
enrol,null,lag1,0,22-25,0.0,-0.0137297365979888,-0.16016513850588,-0.1464354019078912,-0.24709598989069842,-0.1802107532566824,32.9
enrol,null,lag1,0,26-30,0.0,-0.0073299659607265,-0.0562467411116016,-0.0489167751508751,-0.061612927836086906,-0.051133616107404,32.9
enrol,null,lag1,0,50+,0.0,-0.0079110412412511,0.108208213994329,0.1161192552355801,0.0,0.0,32.9
full,null,lag1,0,22-25,0.0,-0.0137297365979888,-0.1274238628466,-0.11369412624861121,-0.1776561009824143,-0.13343381221140832,32.9
full,null,lag1,0,26-30,0.0,-0.0073299659607265,-0.055070101268206,-0.0477401353074795,-0.05174696782166531,-0.041958097382549506,32.9
full,null,lag1,0,50+,0.0,-0.0079110412412511,0.0811139620839926,0.0890250033252437,0.0,0.0,32.9
OL_exact,null,lag1,1,22-25,0.0,-0.0202503006493369,-0.143552540243078,-0.1233022395937411,-0.2760112993776917,-0.2063905305746117,31.3
OL_exact,null,lag1,1,26-30,0.0,0.0063273758791091,-0.0345933902737445,-0.0409207661528536,-0.070555968114701,-0.0542596439863697,31.3
OL_exact,null,lag1,1,50+,0.0,0.0217072210589459,0.127002599979479,0.10529537892053309,0.0,0.0,31.3
OL_daioe,null,lag1,1,22-25,0.0,-0.0202503006493369,-0.128029803654297,-0.1077795030049601,-0.2795063504155323,-0.2105440367837593,31.3
OL_daioe,null,lag1,1,26-30,0.0,0.0063273758791091,-0.0528185793861553,-0.0591459552652644,-0.0697137692539168,-0.048193414145781405,31.3
OL_daioe,null,lag1,1,50+,0.0,0.0217072210589459,0.128087812768951,0.1063805917100051,0.0,0.0,31.3
fresh_stock,null,lag1,1,22-25,0.0,-0.0202503006493369,-0.128029803654297,-0.1077795030049601,-0.2795063504155323,-0.2105440367837593,31.3
fresh_stock,null,lag1,1,26-30,0.0,0.0063273758791091,-0.0528185793861553,-0.0591459552652644,-0.0697137692539168,-0.048193414145781405,31.3
fresh_stock,null,lag1,1,50+,0.0,0.0217072210589459,0.128087812768951,0.1063805917100051,0.0,0.0,31.3
entrant,null,lag1,1,22-25,0.0,-0.0202503006493369,-0.128029803654297,-0.1077795030049601,-0.2795063504155323,-0.2105440367837593,31.3
entrant,null,lag1,1,26-30,0.0,0.0063273758791091,-0.0528185793861553,-0.0591459552652644,-0.0697137692539168,-0.048193414145781405,31.3
entrant,null,lag1,1,50+,0.0,0.0217072210589459,0.128087812768951,0.1063805917100051,0.0,0.0,31.3
entrant_share,null,lag1,1,22-25,0.0,-0.0202503006493369,-0.0768672601712597,-0.05661695952192279,-0.2067399347978752,-0.16458420941090018,31.3
entrant_share,null,lag1,1,26-30,0.0,0.0063273758791091,-0.0507512252998499,-0.057078601178959,-0.0603111171233104,-0.0401807132331306,31.3
entrant_share,null,lag1,1,50+,0.0,0.0217072210589459,0.106362319090235,0.0846550980312891,0.0,0.0,31.3
expband,null,lag1,1,22-25,0.0,-0.0202503006493369,-0.177966829829151,-0.1577165291798141,-0.36097473754651066,-0.2621199030211207,31.3
expband,null,lag1,1,26-30,0.0,0.0063273758791091,-0.0576149941853073,-0.0639423700644164,-0.0886587172166957,-0.060313876913695,31.3
expband,null,lag1,1,50+,0.0,0.0217072210589459,0.151968297623034,0.13026107656408809,0.0,0.0,31.3
enrol,null,lag1,1,22-25,0.0,-0.0202503006493369,-0.128029803654297,-0.1077795030049601,-0.26554927646027826,-0.2069726432409573,31.3
enrol,null,lag1,1,26-30,0.0,0.0063273758791091,-0.0528185793861553,-0.0591459552652644,-0.0649562523871249,-0.0452435347389809,31.3
enrol,null,lag1,1,50+,0.0,0.0217072210589459,0.128087812768951,0.1063805917100051,0.0,0.0,31.3
full,null,lag1,1,22-25,0.0,-0.0202503006493369,-0.0768672601712597,-0.05661695952192279,-0.19636933538238718,-0.1618594157796202,31.3
full,null,lag1,1,26-30,0.0,0.0063273758791091,-0.0507512252998499,-0.057078601178959,-0.0559201719872148,-0.0372330048218495,31.3
full,null,lag1,1,50+,0.0,0.0217072210589459,0.106362319090235,0.0846550980312891,0.0,0.0,31.3
OL_exact,null,lag1,2,22-25,0.0,0.010478732382255,-0.167662511513483,-0.178141243895738,-0.23516642350438718,-0.1703936911716532,33.9
OL_exact,null,lag1,2,26-30,0.0,0.0200735023828645,-0.0468029704786261,-0.06687647286149061,-0.0562507780437239,-0.0415149417135397,33.9
OL_exact,null,lag1,2,50+,0.0,0.0001204416531352,0.113130899162404,0.1130104575092688,0.0,0.0,33.9
OL_daioe,null,lag1,2,22-25,0.0,0.010478732382255,-0.187942326960591,-0.19842105934284598,-0.320658686883029,-0.217274260224822,33.9
OL_daioe,null,lag1,2,26-30,0.0,0.0200735023828645,-0.0500105298428052,-0.0700840322256697,-0.06606843732731141,-0.044893589446290905,33.9
OL_daioe,null,lag1,2,50+,0.0,0.0001204416531352,0.153462965094406,0.15334252344127078,0.0,0.0,33.9
fresh_stock,null,lag1,2,22-25,0.0,0.010478732382255,-0.187942326960591,-0.19842105934284598,-0.320658686883029,-0.217274260224822,33.9
fresh_stock,null,lag1,2,26-30,0.0,0.0200735023828645,-0.0500105298428052,-0.0700840322256697,-0.06606843732731141,-0.044893589446290905,33.9
fresh_stock,null,lag1,2,50+,0.0,0.0001204416531352,0.153462965094406,0.15334252344127078,0.0,0.0,33.9
entrant,null,lag1,2,22-25,0.0,0.010478732382255,-0.187942326960591,-0.19842105934284598,-0.320658686883029,-0.217274260224822,33.9
entrant,null,lag1,2,26-30,0.0,0.0200735023828645,-0.0500105298428052,-0.0700840322256697,-0.06606843732731141,-0.044893589446290905,33.9
entrant,null,lag1,2,50+,0.0,0.0001204416531352,0.153462965094406,0.15334252344127078,0.0,0.0,33.9
entrant_share,null,lag1,2,22-25,0.0,0.010478732382255,-0.141016954908098,-0.151495687290353,-0.17002682066063352,-0.12086597963227651,33.9
entrant_share,null,lag1,2,26-30,0.0,0.0200735023828645,-0.022956489939987,-0.0430299923228515,-0.0453060131762532,-0.034259118835914495,33.9
entrant_share,null,lag1,2,50+,0.0,0.0001204416531352,0.0871761236826116,0.0870556820294764,0.0,0.0,33.9
expband,null,lag1,2,22-25,0.0,0.010478732382255,-0.182357808522638,-0.192836540904893,-0.326286062547181,-0.224878247638279,33.9
expband,null,lag1,2,26-30,0.0,0.0200735023828645,-0.0404741261332543,-0.06054762851611881,-0.0695284509310241,-0.0455011324595508,33.9
expband,null,lag1,2,50+,0.0,0.0001204416531352,0.152462060184514,0.1523416185313788,0.0,0.0,33.9
enrol,null,lag1,2,22-25,0.0,0.010478732382255,-0.187942326960591,-0.19842105934284598,-0.298497574013044,-0.213902981809057,33.9
enrol,null,lag1,2,26-30,0.0,0.0200735023828645,-0.0500105298428052,-0.0700840322256697,-0.051451196025556305,-0.0360617598393904,33.9
enrol,null,lag1,2,50+,0.0,0.0001204416531352,0.153462965094406,0.15334252344127078,0.0,0.0,33.9
full,null,lag1,2,22-25,0.0,0.010478732382255,-0.141016954908098,-0.151495687290353,-0.16121002425716852,-0.1213006502766995,33.9
full,null,lag1,2,26-30,0.0,0.0200735023828645,-0.022956489939987,-0.0430299923228515,-0.0341845100412494,-0.0280350693956304,33.9
full,null,lag1,2,50+,0.0,0.0001204416531352,0.0871761236826116,0.0870556820294764,0.0,0.0,33.9
OL_exact,null,lag1,3,22-25,0.0,-0.0423034852315426,-0.166652437417647,-0.1243489521861044,-0.2579491836435521,-0.20421547659430708,34.0
OL_exact,null,lag1,3,26-30,0.0,0.0246506454474179,0.0244775845566307,-0.00017306089078720013,-0.0729116354728354,-0.0488379303538238,34.0
OL_exact,null,lag1,3,50+,0.0,0.0095746382426978,0.133609126645475,0.1240344884027772,0.0,0.0,34.0
OL_daioe,null,lag1,3,22-25,0.0,-0.0423034852315426,-0.132884941491521,-0.0905814562599784,-0.2598201861723278,-0.21057008696926283,34.0
OL_daioe,null,lag1,3,26-30,0.0,0.0246506454474179,0.0057719179148511,-0.0188787275325668,-0.0720424531254316,-0.0486882199894652,34.0
OL_daioe,null,lag1,3,50+,0.0,0.0095746382426978,0.130005455639608,0.1204308173969102,0.0,0.0,34.0
fresh_stock,null,lag1,3,22-25,0.0,-0.0423034852315426,-0.132884941491521,-0.0905814562599784,-0.2598201861723278,-0.21057008696926283,34.0
fresh_stock,null,lag1,3,26-30,0.0,0.0246506454474179,0.0057719179148511,-0.0188787275325668,-0.0720424531254316,-0.0486882199894652,34.0
fresh_stock,null,lag1,3,50+,0.0,0.0095746382426978,0.130005455639608,0.1204308173969102,0.0,0.0,34.0
entrant,null,lag1,3,22-25,0.0,-0.0423034852315426,-0.132884941491521,-0.0905814562599784,-0.2598201861723278,-0.21057008696926283,34.0
entrant,null,lag1,3,26-30,0.0,0.0246506454474179,0.0057719179148511,-0.0188787275325668,-0.0720424531254316,-0.0486882199894652,34.0
entrant,null,lag1,3,50+,0.0,0.0095746382426978,0.130005455639608,0.1204308173969102,0.0,0.0,34.0
entrant_share,null,lag1,3,22-25,0.0,-0.0423034852315426,-0.119587926838179,-0.07728444160663639,-0.2046605099919636,-0.1567867477244336,34.0
entrant_share,null,lag1,3,26-30,0.0,0.0246506454474179,0.016692780415,-0.0079578650324179,-0.0528688028100687,-0.035935941287443804,34.0
entrant_share,null,lag1,3,50+,0.0,0.0095746382426978,0.0994957515192978,0.0899211132766,0.0,0.0,34.0
expband,null,lag1,3,22-25,0.0,-0.0423034852315426,-0.157500901046021,-0.1151974158144784,-0.34849581629297255,-0.26072989922766354,34.0
expband,null,lag1,3,26-30,0.0,0.0246506454474179,-0.001919535085866,-0.026570180533283902,-0.0879774361382866,-0.0601825399231228,34.0
expband,null,lag1,3,50+,0.0,0.0095746382426978,0.151608519765188,0.1420338815224902,0.0,0.0,34.0
enrol,null,lag1,3,22-25,0.0,-0.0423034852315426,-0.132884941491521,-0.0905814562599784,-0.2599381952087908,-0.21208609083467977,34.0
enrol,null,lag1,3,26-30,0.0,0.0246506454474179,0.0057719179148511,-0.0188787275325668,-0.06745943644455721,-0.0468901329689881,34.0
enrol,null,lag1,3,50+,0.0,0.0095746382426978,0.130005455639608,0.1204308173969102,0.0,0.0,34.0
full,null,lag1,3,22-25,0.0,-0.0423034852315426,-0.119587926838179,-0.07728444160663639,-0.2060779054418416,-0.1585808155314836,34.0
full,null,lag1,3,26-30,0.0,0.0246506454474179,0.016692780415,-0.0079578650324179,-0.048300666202309,-0.0341227047010759,34.0
full,null,lag1,3,50+,0.0,0.0095746382426978,0.0994957515192978,0.0899211132766,0.0,0.0,34.0
OL_exact,null,lag1,4,22-25,0.0,0.0149524560822825,-0.197758972306454,-0.2127114283887365,-0.24381486125146598,-0.201315651327395,36.6
OL_exact,null,lag1,4,26-30,0.0,-0.0261897688820634,-0.0170739491461289,0.009115819735934502,-0.0731483576910658,-0.0527023530212987,36.6
OL_exact,null,lag1,4,50+,0.0,0.0282345681994388,0.142286412706098,0.11405184450665919,0.0,0.0,36.6
OL_daioe,null,lag1,4,22-25,0.0,0.0149524560822825,-0.197465785497744,-0.21241824158002648,-0.2289565966224292,-0.1896235795119712,36.6
OL_daioe,null,lag1,4,26-30,0.0,-0.0261897688820634,0.0013936674754516,0.027583436357515,-0.0827511700488971,-0.05684207849901721,36.6
OL_daioe,null,lag1,4,50+,0.0,0.0282345681994388,0.139689093648509,0.11145452544907021,0.0,0.0,36.6
fresh_stock,null,lag1,4,22-25,0.0,0.0149524560822825,-0.197465785497744,-0.21241824158002648,-0.2289565966224292,-0.1896235795119712,36.6
fresh_stock,null,lag1,4,26-30,0.0,-0.0261897688820634,0.0013936674754516,0.027583436357515,-0.0827511700488971,-0.05684207849901721,36.6
fresh_stock,null,lag1,4,50+,0.0,0.0282345681994388,0.139689093648509,0.11145452544907021,0.0,0.0,36.6
entrant,null,lag1,4,22-25,0.0,0.0149524560822825,-0.197465785497744,-0.21241824158002648,-0.2289565966224292,-0.1896235795119712,36.6
entrant,null,lag1,4,26-30,0.0,-0.0261897688820634,0.0013936674754516,0.027583436357515,-0.0827511700488971,-0.05684207849901721,36.6
entrant,null,lag1,4,50+,0.0,0.0282345681994388,0.139689093648509,0.11145452544907021,0.0,0.0,36.6
entrant_share,null,lag1,4,22-25,0.0,0.0149524560822825,-0.163475481959524,-0.17842793804180648,-0.16983751626987448,-0.15319869334485448,36.6
entrant_share,null,lag1,4,26-30,0.0,-0.0261897688820634,0.003831189972888,0.0300209588549514,-0.0725016754836098,-0.051047195560118094,36.6
entrant_share,null,lag1,4,50+,0.0,0.0282345681994388,0.112687234620504,0.0844526664210652,0.0,0.0,36.6
expband,null,lag1,4,22-25,0.0,0.0149524560822825,-0.210075301993348,-0.2250277580756305,-0.3204782222936179,-0.2531587691127049,36.6
expband,null,lag1,4,26-30,0.0,-0.0261897688820634,-0.017552682377616,0.0086370865044474,-0.09303702817987719,-0.0651978786467787,36.6
expband,null,lag1,4,50+,0.0,0.0282345681994388,0.165036002507379,0.13680143430794017,0.0,0.0,36.6
enrol,null,lag1,4,22-25,0.0,0.0149524560822825,-0.197465785497744,-0.21241824158002648,-0.2128019949578142,-0.1865761877659162,36.6
enrol,null,lag1,4,26-30,0.0,-0.0261897688820634,0.0013936674754516,0.027583436357515,-0.07774924292662219,-0.054706917812132105,36.6
enrol,null,lag1,4,50+,0.0,0.0282345681994388,0.139689093648509,0.11145452544907021,0.0,0.0,36.6
full,null,lag1,4,22-25,0.0,0.0149524560822825,-0.163475481959524,-0.17842793804180648,-0.1580532638199385,-0.15281030888034652,36.6
full,null,lag1,4,26-30,0.0,-0.0261897688820634,0.003831189972888,0.0300209588549514,-0.06884753205832539,-0.0512784572737372,36.6
full,null,lag1,4,50+,0.0,0.0282345681994388,0.112687234620504,0.0844526664210652,0.0,0.0,36.6
OL_exact,null,mobile,0,22-25,0.0,0.0323792772265032,-0.203960191943966,-0.23633946917046922,-0.3633723391055681,-0.2593490932273911,33.1
OL_exact,null,mobile,0,26-30,0.0,-0.0150852372009343,-0.0820761050330224,-0.0669908678320881,-0.08398514333573051,-0.0606362822644876,33.1
OL_exact,null,mobile,0,50+,0.0,0.0102229888067954,0.104169741670798,0.0939467528640026,0.0,0.0,33.1
OL_daioe,null,mobile,0,22-25,0.0,0.0323792772265032,-0.223732474095217,-0.2561117513217202,-0.3602754543709335,-0.2628347798965355,33.1
OL_daioe,null,mobile,0,26-30,0.0,-0.0150852372009343,-0.0790168780532738,-0.0639316408523395,-0.0908338042527291,-0.0629228434720607,33.1
OL_daioe,null,mobile,0,50+,0.0,0.0102229888067954,0.109822686115023,0.0995996973082276,0.0,0.0,33.1
fresh_stock,null,mobile,0,22-25,0.0,0.0323792772265032,-0.223732474095217,-0.2561117513217202,-0.3602754543709335,-0.2628347798965355,33.1
fresh_stock,null,mobile,0,26-30,0.0,-0.0150852372009343,-0.0790168780532738,-0.0639316408523395,-0.0908338042527291,-0.0629228434720607,33.1
fresh_stock,null,mobile,0,50+,0.0,0.0102229888067954,0.109822686115023,0.0995996973082276,0.0,0.0,33.1
entrant,null,mobile,0,22-25,0.0,0.0323792772265032,-0.223732474095217,-0.2561117513217202,-0.3602754543709335,-0.2628347798965355,33.1
entrant,null,mobile,0,26-30,0.0,-0.0150852372009343,-0.0790168780532738,-0.0639316408523395,-0.0908338042527291,-0.0629228434720607,33.1
entrant,null,mobile,0,50+,0.0,0.0102229888067954,0.109822686115023,0.0995996973082276,0.0,0.0,33.1
entrant_share,null,mobile,0,22-25,0.0,0.0323792772265032,-0.167681511684019,-0.2000607889105222,-0.2469909799729506,-0.19766743475993362,33.1
entrant_share,null,mobile,0,26-30,0.0,-0.0150852372009343,-0.0877404593738712,-0.0726552221729369,-0.0715491828552693,-0.052071795591082395,33.1
entrant_share,null,mobile,0,50+,0.0,0.0102229888067954,0.0880083189124224,0.077785330105627,0.0,0.0,33.1
expband,null,mobile,0,22-25,0.0,0.0323792772265032,-0.281531765041381,-0.3139110422678842,-0.519273111575779,-0.3500489929563601,33.1
expband,null,mobile,0,26-30,0.0,-0.0150852372009343,-0.0883604974020012,-0.07327526020106691,-0.1151975916587074,-0.0764769829873277,33.1
expband,null,mobile,0,50+,0.0,0.0102229888067954,0.133710129706341,0.1234871408995456,0.0,0.0,33.1
enrol,null,mobile,0,22-25,0.0,0.0323792772265032,-0.223732474095217,-0.2561117513217202,-0.3413051545762725,-0.2547919101820685,33.1
enrol,null,mobile,0,26-30,0.0,-0.0150852372009343,-0.0790168780532738,-0.0639316408523395,-0.0827377054766257,-0.0564578100115832,33.1
enrol,null,mobile,0,50+,0.0,0.0102229888067954,0.109822686115023,0.0995996973082276,0.0,0.0,33.1
full,null,mobile,0,22-25,0.0,0.0323792772265032,-0.167681511684019,-0.2000607889105222,-0.2360168136029096,-0.1919180148761046,33.1
full,null,mobile,0,26-30,0.0,-0.0150852372009343,-0.0877404593738712,-0.0726552221729369,-0.0628082047095352,-0.045791184279220395,33.1
full,null,mobile,0,50+,0.0,0.0102229888067954,0.0880083189124224,0.077785330105627,0.0,0.0,33.1
OL_exact,null,mobile,1,22-25,0.0,-0.0914629017834936,-0.190373728472294,-0.0989108266888004,-0.3707039178631726,-0.2802849524573206,37.1
OL_exact,null,mobile,1,26-30,0.0,-0.0075736623178939,-0.0528030907321662,-0.0452294284142723,-0.09434253996391789,-0.0642330727061956,37.1
OL_exact,null,mobile,1,50+,0.0,-0.0064203125395884,0.122716499720273,0.1291368122598614,0.0,0.0,37.1
OL_daioe,null,mobile,1,22-25,0.0,-0.0914629017834936,-0.175367377262359,-0.08390447547886538,-0.3891240194695621,-0.2766996050456191,37.1
OL_daioe,null,mobile,1,26-30,0.0,-0.0075736623178939,-0.0794766475520043,-0.0719029852341104,-0.09262386478162801,-0.06971510080783441,37.1
OL_daioe,null,mobile,1,50+,0.0,-0.0064203125395884,0.127701240219051,0.1341215527586394,0.0,0.0,37.1
fresh_stock,null,mobile,1,22-25,0.0,-0.0914629017834936,-0.175367377262359,-0.08390447547886538,-0.3891240194695621,-0.2766996050456191,37.1
fresh_stock,null,mobile,1,26-30,0.0,-0.0075736623178939,-0.0794766475520043,-0.0719029852341104,-0.09262386478162801,-0.06971510080783441,37.1
fresh_stock,null,mobile,1,50+,0.0,-0.0064203125395884,0.127701240219051,0.1341215527586394,0.0,0.0,37.1
entrant,null,mobile,1,22-25,0.0,-0.0914629017834936,-0.175367377262359,-0.08390447547886538,-0.3891240194695621,-0.2766996050456191,37.1
entrant,null,mobile,1,26-30,0.0,-0.0075736623178939,-0.0794766475520043,-0.0719029852341104,-0.09262386478162801,-0.06971510080783441,37.1
entrant,null,mobile,1,50+,0.0,-0.0064203125395884,0.127701240219051,0.1341215527586394,0.0,0.0,37.1
entrant_share,null,mobile,1,22-25,0.0,-0.0914629017834936,-0.108919884514593,-0.0174569827310994,-0.2569215263287219,-0.1962901651137899,37.1
entrant_share,null,mobile,1,26-30,0.0,-0.0075736623178939,-0.0588022495458651,-0.051228587227971197,-0.0841350502229042,-0.062498070624111404,37.1
entrant_share,null,mobile,1,50+,0.0,-0.0064203125395884,0.101643528398915,0.1080638409385034,0.0,0.0,37.1
expband,null,mobile,1,22-25,0.0,-0.0914629017834936,-0.255909410785158,-0.1644465090016644,-0.5759394853481825,-0.3757562954361945,37.1
expband,null,mobile,1,26-30,0.0,-0.0075736623178939,-0.0867997563833716,-0.0792260940654777,-0.1149655089541117,-0.0824150333080402,37.1
expband,null,mobile,1,50+,0.0,-0.0064203125395884,0.155568302659569,0.16198861519915742,0.0,0.0,37.1
enrol,null,mobile,1,22-25,0.0,-0.0914629017834936,-0.175367377262359,-0.08390447547886538,-0.3537215912175841,-0.2629769952686391,37.1
enrol,null,mobile,1,26-30,0.0,-0.0075736623178939,-0.0794766475520043,-0.0719029852341104,-0.0837178203248592,-0.06534791141492599,37.1
enrol,null,mobile,1,50+,0.0,-0.0064203125395884,0.127701240219051,0.1341215527586394,0.0,0.0,37.1
full,null,mobile,1,22-25,0.0,-0.0914629017834936,-0.108919884514593,-0.0174569827310994,-0.2352103754994769,-0.1867815255162699,37.1
full,null,mobile,1,26-30,0.0,-0.0075736623178939,-0.0588022495458651,-0.051228587227971197,-0.07586047102075,-0.0586364954238176,37.1
full,null,mobile,1,50+,0.0,-0.0064203125395884,0.101643528398915,0.1080638409385034,0.0,0.0,37.1
OL_exact,null,mobile,2,22-25,0.0,-0.0234851052784126,-0.16661141097735,-0.1431263056989374,-0.3660484088496183,-0.2623903150982153,32.0
OL_exact,null,mobile,2,26-30,0.0,0.0495014108448976,-0.0301243819907476,-0.07962579283564519,-0.0901340535772769,-0.0707515990753337,32.0
OL_exact,null,mobile,2,50+,0.0,-0.0170088095698473,0.1121996716047,0.1292084811745473,0.0,0.0,32.0
OL_daioe,null,mobile,2,22-25,0.0,-0.0234851052784126,-0.15865311473598,-0.1351680094575674,-0.3807619636174639,-0.2760822861761389,32.0
OL_daioe,null,mobile,2,26-30,0.0,0.0495014108448976,-0.0220138905123571,-0.0715153013572547,-0.0969426258930314,-0.07656773089788,32.0
OL_daioe,null,mobile,2,50+,0.0,-0.0170088095698473,0.121507482141944,0.1385162917117913,0.0,0.0,32.0
fresh_stock,null,mobile,2,22-25,0.0,-0.0234851052784126,-0.15865311473598,-0.1351680094575674,-0.3807619636174639,-0.2760822861761389,32.0
fresh_stock,null,mobile,2,26-30,0.0,0.0495014108448976,-0.0220138905123571,-0.0715153013572547,-0.0969426258930314,-0.07656773089788,32.0
fresh_stock,null,mobile,2,50+,0.0,-0.0170088095698473,0.121507482141944,0.1385162917117913,0.0,0.0,32.0
entrant,null,mobile,2,22-25,0.0,-0.0234851052784126,-0.15865311473598,-0.1351680094575674,-0.3807619636174639,-0.2760822861761389,32.0
entrant,null,mobile,2,26-30,0.0,0.0495014108448976,-0.0220138905123571,-0.0715153013572547,-0.0969426258930314,-0.07656773089788,32.0
entrant,null,mobile,2,50+,0.0,-0.0170088095698473,0.121507482141944,0.1385162917117913,0.0,0.0,32.0
entrant_share,null,mobile,2,22-25,0.0,-0.0234851052784126,-0.103107752369026,-0.0796226470906134,-0.1807644967124944,-0.1467185673721854,32.0
entrant_share,null,mobile,2,26-30,0.0,0.0495014108448976,-0.0099366782844259,-0.059438089129323496,-0.059984390110231,-0.0471037916218638,32.0
entrant_share,null,mobile,2,50+,0.0,-0.0170088095698473,0.0775872460370106,0.09459605560685791,0.0,0.0,32.0
expband,null,mobile,2,22-25,0.0,-0.0234851052784126,-0.209352031363255,-0.1858669260848424,-0.5099417396591466,-0.34474576087072456,32.0
expband,null,mobile,2,26-30,0.0,0.0495014108448976,-0.0332425086567564,-0.082743919501654,-0.11623982854821371,-0.0886186352082523,32.0
expband,null,mobile,2,50+,0.0,-0.0170088095698473,0.155517039372559,0.1725258489424063,0.0,0.0,32.0
enrol,null,mobile,2,22-25,0.0,-0.0234851052784126,-0.15865311473598,-0.1351680094575674,-0.3551454772053649,-0.2627262361099209,32.0
enrol,null,mobile,2,26-30,0.0,0.0495014108448976,-0.0220138905123571,-0.0715153013572547,-0.0886888392864455,-0.0723339470152992,32.0
enrol,null,mobile,2,50+,0.0,-0.0170088095698473,0.121507482141944,0.1385162917117913,0.0,0.0,32.0
full,null,mobile,2,22-25,0.0,-0.0234851052784126,-0.103107752369026,-0.0796226470906134,-0.1686823080316994,-0.13703340518866639,32.0
full,null,mobile,2,26-30,0.0,0.0495014108448976,-0.0099366782844259,-0.059438089129323496,-0.052204107321677296,-0.0437176605214086,32.0
full,null,mobile,2,50+,0.0,-0.0170088095698473,0.0775872460370106,0.09459605560685791,0.0,0.0,32.0
OL_exact,null,mobile,3,22-25,0.0,-0.0324180696654403,-0.207342498822203,-0.17492442915676268,-0.3223503928687155,-0.24413870587054448,31.9
OL_exact,null,mobile,3,26-30,0.0,0.0005878846923622,-0.0231483529649666,-0.0237362376573288,-0.10508811377677929,-0.0746752682959668,31.9
OL_exact,null,mobile,3,50+,0.0,-0.0009288573245613,0.131150310351561,0.1320791676761223,0.0,0.0,31.9
OL_daioe,null,mobile,3,22-25,0.0,-0.0324180696654403,-0.207764269647462,-0.1753461999820217,-0.30972873636819853,-0.2456046779130005,31.9
OL_daioe,null,mobile,3,26-30,0.0,0.0005878846923622,-0.0272076577713984,-0.0277955424637606,-0.10829452753264279,-0.0768126587273469,31.9
OL_daioe,null,mobile,3,50+,0.0,-0.0009288573245613,0.128167132428101,0.1290959897526623,0.0,0.0,31.9
fresh_stock,null,mobile,3,22-25,0.0,-0.0324180696654403,-0.207764269647462,-0.1753461999820217,-0.30972873636819853,-0.2456046779130005,31.9
fresh_stock,null,mobile,3,26-30,0.0,0.0005878846923622,-0.0272076577713984,-0.0277955424637606,-0.10829452753264279,-0.0768126587273469,31.9
fresh_stock,null,mobile,3,50+,0.0,-0.0009288573245613,0.128167132428101,0.1290959897526623,0.0,0.0,31.9
entrant,null,mobile,3,22-25,0.0,-0.0324180696654403,-0.207764269647462,-0.1753461999820217,-0.30972873636819853,-0.2456046779130005,31.9
entrant,null,mobile,3,26-30,0.0,0.0005878846923622,-0.0272076577713984,-0.0277955424637606,-0.10829452753264279,-0.0768126587273469,31.9
entrant,null,mobile,3,50+,0.0,-0.0009288573245613,0.128167132428101,0.1290959897526623,0.0,0.0,31.9
entrant_share,null,mobile,3,22-25,0.0,-0.0324180696654403,-0.183332013372938,-0.1509139437074977,-0.2217567054094665,-0.1783852322459835,31.9
entrant_share,null,mobile,3,26-30,0.0,0.0005878846923622,-0.0097326518041244,-0.0103205364964866,-0.0866817616279978,-0.0615019059274931,31.9
entrant_share,null,mobile,3,50+,0.0,-0.0009288573245613,0.0956595678836176,0.0965884252081789,0.0,0.0,31.9
expband,null,mobile,3,22-25,0.0,-0.0324180696654403,-0.234214586389354,-0.2017965167239137,-0.5120521264966997,-0.3452233051787727,31.9
expband,null,mobile,3,26-30,0.0,0.0005878846923622,-0.0398193650729412,-0.040407249765303396,-0.1248694213019588,-0.090125979940837,31.9
expband,null,mobile,3,50+,0.0,-0.0009288573245613,0.149563784356259,0.1504926416808203,0.0,0.0,31.9
enrol,null,mobile,3,22-25,0.0,-0.0324180696654403,-0.207764269647462,-0.1753461999820217,-0.2873087796484115,-0.2387104442190795,31.9
enrol,null,mobile,3,26-30,0.0,0.0005878846923622,-0.0272076577713984,-0.0277955424637606,-0.10232451961809899,-0.0723464217203082,31.9
enrol,null,mobile,3,50+,0.0,-0.0009288573245613,0.128167132428101,0.1290959897526623,0.0,0.0,31.9
full,null,mobile,3,22-25,0.0,-0.0324180696654403,-0.183332013372938,-0.1509139437074977,-0.2061074353450585,-0.17289577406048048,31.9
full,null,mobile,3,26-30,0.0,0.0005878846923622,-0.0097326518041244,-0.0103205364964866,-0.08100887457974601,-0.0570961579368901,31.9
full,null,mobile,3,50+,0.0,-0.0009288573245613,0.0956595678836176,0.0965884252081789,0.0,0.0,31.9
OL_exact,null,mobile,4,22-25,0.0,-0.0484976731183645,-0.256184772280716,-0.2076870991623515,-0.3395261841590277,-0.22342480830130074,32.1
OL_exact,null,mobile,4,26-30,0.0,0.0104373270113316,-0.0343665961461439,-0.0448039231574755,-0.0943383680709792,-0.0740956353803776,32.1
OL_exact,null,mobile,4,50+,0.0,-0.0065164104532888,0.139364085981495,0.1458804964347838,0.0,0.0,32.1
OL_daioe,null,mobile,4,22-25,0.0,-0.0484976731183645,-0.246113208956856,-0.1976155358384915,-0.35624149221385776,-0.23395337419165183,32.1
OL_daioe,null,mobile,4,26-30,0.0,0.0104373270113316,-0.0395859004677166,-0.0500232274790482,-0.0937032700806374,-0.0734074286953825,32.1
OL_daioe,null,mobile,4,50+,0.0,-0.0065164104532888,0.142008726342823,0.1485251367961118,0.0,0.0,32.1
fresh_stock,null,mobile,4,22-25,0.0,-0.0484976731183645,-0.246113208956856,-0.1976155358384915,-0.35624149221385776,-0.23395337419165183,32.1
fresh_stock,null,mobile,4,26-30,0.0,0.0104373270113316,-0.0395859004677166,-0.0500232274790482,-0.0937032700806374,-0.0734074286953825,32.1
fresh_stock,null,mobile,4,50+,0.0,-0.0065164104532888,0.142008726342823,0.1485251367961118,0.0,0.0,32.1
entrant,null,mobile,4,22-25,0.0,-0.0484976731183645,-0.246113208956856,-0.1976155358384915,-0.35624149221385776,-0.23395337419165183,32.1
entrant,null,mobile,4,26-30,0.0,0.0104373270113316,-0.0395859004677166,-0.0500232274790482,-0.0937032700806374,-0.0734074286953825,32.1
entrant,null,mobile,4,50+,0.0,-0.0065164104532888,0.142008726342823,0.1485251367961118,0.0,0.0,32.1
entrant_share,null,mobile,4,22-25,0.0,-0.0484976731183645,-0.207413932808769,-0.1589162596904045,-0.2324581135566416,-0.1584587794072056,32.1
entrant_share,null,mobile,4,26-30,0.0,0.0104373270113316,-0.0130859598945126,-0.023523286905844203,-0.080712141973565,-0.0637746832003735,32.1
entrant_share,null,mobile,4,50+,0.0,-0.0065164104532888,0.112638444068368,0.11915485452165679,0.0,0.0,32.1
expband,null,mobile,4,22-25,0.0,-0.0484976731183645,-0.279180872093003,-0.23068319897463851,-0.49206278418349864,-0.30526394547486363,32.1
expband,null,mobile,4,26-30,0.0,0.0104373270113316,-0.0462515634505422,-0.0566888904618738,-0.11369513887845391,-0.0859300626096124,32.1
expband,null,mobile,4,50+,0.0,-0.0065164104532888,0.163750138161774,0.1702665486150628,0.0,0.0,32.1
enrol,null,mobile,4,22-25,0.0,-0.0484976731183645,-0.246113208956856,-0.1976155358384915,-0.3137036780211638,-0.21604648497488982,32.1
enrol,null,mobile,4,26-30,0.0,0.0104373270113316,-0.0395859004677166,-0.0500232274790482,-0.0881300963479233,-0.0684632137796566,32.1
enrol,null,mobile,4,50+,0.0,-0.0065164104532888,0.142008726342823,0.1485251367961118,0.0,0.0,32.1
full,null,mobile,4,22-25,0.0,-0.0484976731183645,-0.207413932808769,-0.1589162596904045,-0.2020216407086266,-0.1438320324773636,32.1
full,null,mobile,4,26-30,0.0,0.0104373270113316,-0.0130859598945126,-0.023523286905844203,-0.0751632515783433,-0.0586300579964206,32.1
full,null,mobile,4,50+,0.0,-0.0065164104532888,0.112638444068368,0.11915485452165679,0.0,0.0,32.1
OL_exact,paper,base,0,22-25,-0.15,-0.126272987231582,-0.21204534314142,-0.085772355909838,-0.38061261757361703,-0.263051103968635,32.2
OL_exact,paper,base,0,26-30,0.0,-0.0096728226099176,-0.0851021524048106,-0.075429329794893,-0.08127434558398759,-0.0633418049492596,32.2
OL_exact,paper,base,0,50+,0.0,-0.0079110412412511,0.10169355087709,0.1096045921183411,0.0,0.0,32.2
OL_daioe,paper,base,0,22-25,-0.15,-0.126272987231582,-0.236291341876309,-0.110018354644727,-0.3725192257223081,-0.25692231805285815,32.2
OL_daioe,paper,base,0,26-30,0.0,-0.0096728226099176,-0.0811299039266648,-0.0714570813167472,-0.08870171393983689,-0.0629783376816582,32.2
OL_daioe,paper,base,0,50+,0.0,-0.0079110412412511,0.108728631774438,0.1166396730156891,0.0,0.0,32.2
fresh_stock,paper,base,0,22-25,-0.15,-0.126272987231582,-0.236291341876309,-0.110018354644727,-0.3725192257223081,-0.25692231805285815,32.2
fresh_stock,paper,base,0,26-30,0.0,-0.0096728226099176,-0.0811299039266648,-0.0714570813167472,-0.08870171393983689,-0.0629783376816582,32.2
fresh_stock,paper,base,0,50+,0.0,-0.0079110412412511,0.108728631774438,0.1166396730156891,0.0,0.0,32.2
entrant,paper,base,0,22-25,-0.15,-0.126272987231582,-0.236291341876309,-0.110018354644727,-0.3725192257223081,-0.25692231805285815,32.2
entrant,paper,base,0,26-30,0.0,-0.0096728226099176,-0.0811299039266648,-0.0714570813167472,-0.08870171393983689,-0.0629783376816582,32.2
entrant,paper,base,0,50+,0.0,-0.0079110412412511,0.108728631774438,0.1166396730156891,0.0,0.0,32.2
entrant_share,paper,base,0,22-25,-0.15,-0.126272987231582,-0.190537911895233,-0.064264924663651,-0.24093236539853047,-0.1811597368933185,32.2
entrant_share,paper,base,0,26-30,0.0,-0.0096728226099176,-0.0748338963586356,-0.065161073748718,-0.0723228494071863,-0.055580046950605894,32.2
entrant_share,paper,base,0,50+,0.0,-0.0079110412412511,0.0823030252675355,0.09021406650878659,0.0,0.0,32.2
expband,paper,base,0,22-25,-0.15,-0.126272987231582,-0.281680979440422,-0.15540799220883997,-0.5414732585999572,-0.3470170655818062,32.2
expband,paper,base,0,26-30,0.0,-0.0096728226099176,-0.080815455882208,-0.0711426332722904,-0.11119048112364349,-0.0778134793221953,32.2
expband,paper,base,0,50+,0.0,-0.0079110412412511,0.130442381347338,0.1383534225885891,0.0,0.0,32.2
enrol,paper,base,0,22-25,-0.15,-0.126272987231582,-0.236291341876309,-0.110018354644727,-0.36575100698344815,-0.25955179615423013,32.2
enrol,paper,base,0,26-30,0.0,-0.0096728226099176,-0.0811299039266648,-0.0714570813167472,-0.08192577901492619,-0.05776658872851499,32.2
enrol,paper,base,0,50+,0.0,-0.0079110412412511,0.108728631774438,0.1166396730156891,0.0,0.0,32.2
full,paper,base,0,22-25,-0.15,-0.126272987231582,-0.190537911895233,-0.064264924663651,-0.2402742583300415,-0.1851657872992205,32.2
full,paper,base,0,26-30,0.0,-0.0096728226099176,-0.0748338963586356,-0.065161073748718,-0.0649613003516635,-0.050278310881232594,32.2
full,paper,base,0,50+,0.0,-0.0079110412412511,0.0823030252675355,0.09021406650878659,0.0,0.0,32.2
OL_exact,paper,base,1,22-25,-0.15,-0.129463143370144,-0.214283875891948,-0.084820732521804,-0.3680094415919302,-0.28240231214858325,31.4
OL_exact,paper,base,1,26-30,0.0,0.0038619461617462,-0.0594498283352878,-0.063311774497034,-0.0896906410711476,-0.0646532857390088,31.4
OL_exact,paper,base,1,50+,0.0,0.0217072210589459,0.127409025647481,0.10570180458853509,0.0,0.0,31.4
OL_daioe,paper,base,1,22-25,-0.15,-0.129463143370144,-0.197329751713993,-0.067866608343849,-0.38778896091811255,-0.2882339849310485,31.4
OL_daioe,paper,base,1,26-30,0.0,0.0038619461617462,-0.0690913281085085,-0.0729532742702547,-0.09299343804930779,-0.0714237351352317,31.4
OL_daioe,paper,base,1,50+,0.0,0.0217072210589459,0.130542020285808,0.1088347992268621,0.0,0.0,31.4
fresh_stock,paper,base,1,22-25,-0.15,-0.129463143370144,-0.197329751713993,-0.067866608343849,-0.38778896091811255,-0.2882339849310485,31.4
fresh_stock,paper,base,1,26-30,0.0,0.0038619461617462,-0.0690913281085085,-0.0729532742702547,-0.09299343804930779,-0.0714237351352317,31.4
fresh_stock,paper,base,1,50+,0.0,0.0217072210589459,0.130542020285808,0.1088347992268621,0.0,0.0,31.4
entrant,paper,base,1,22-25,-0.15,-0.129463143370144,-0.197329751713993,-0.067866608343849,-0.38778896091811255,-0.2882339849310485,31.4
entrant,paper,base,1,26-30,0.0,0.0038619461617462,-0.0690913281085085,-0.0729532742702547,-0.09299343804930779,-0.0714237351352317,31.4
entrant,paper,base,1,50+,0.0,0.0217072210589459,0.130542020285808,0.1088347992268621,0.0,0.0,31.4
entrant_share,paper,base,1,22-25,-0.15,-0.129463143370144,-0.135952896682484,-0.006489753312340002,-0.2545392081884481,-0.1999546461862481,31.4
entrant_share,paper,base,1,26-30,0.0,0.0038619461617462,-0.0654871136625253,-0.0693490598242715,-0.0803479402193854,-0.062312611496712696,31.4
entrant_share,paper,base,1,50+,0.0,0.0217072210589459,0.105330423564603,0.0836232025056571,0.0,0.0,31.4
expband,paper,base,1,22-25,-0.15,-0.129463143370144,-0.26037977255881,-0.130916629188666,-0.5958184570150977,-0.3933642694072837,31.4
expband,paper,base,1,26-30,0.0,0.0038619461617462,-0.081625810948458,-0.0854877571102042,-0.11240189779639599,-0.0850348372700753,31.4
expband,paper,base,1,50+,0.0,0.0217072210589459,0.151996251412058,0.1302890303531121,0.0,0.0,31.4
enrol,paper,base,1,22-25,-0.15,-0.129463143370144,-0.197329751713993,-0.067866608343849,-0.3432806500188455,-0.2753306405519505,31.4
enrol,paper,base,1,26-30,0.0,0.0038619461617462,-0.0690913281085085,-0.0729532742702547,-0.0825774582855046,-0.0667411341541129,31.4
enrol,paper,base,1,50+,0.0,0.0217072210589459,0.130542020285808,0.1088347992268621,0.0,0.0,31.4
full,paper,base,1,22-25,-0.15,-0.129463143370144,-0.135952896682484,-0.006489753312340002,-0.2240151502678251,-0.1906732548020661,31.4
full,paper,base,1,26-30,0.0,0.0038619461617462,-0.0654871136625253,-0.0693490598242715,-0.07043530715410731,-0.0580069176335087,31.4
full,paper,base,1,50+,0.0,0.0217072210589459,0.105330423564603,0.0836232025056571,0.0,0.0,31.4
OL_exact,paper,base,2,22-25,-0.15,-0.0928406228603888,-0.194447959137836,-0.1016073362774472,-0.3380249405583744,-0.25546205178485537,31.5
OL_exact,paper,base,2,26-30,0.0,0.0164078734342365,-0.0453866413400291,-0.061794514774265605,-0.0973896630125354,-0.0781418376532657,31.5
OL_exact,paper,base,2,50+,0.0,0.0001204416531352,0.113130899173484,0.1130104575203488,0.0,0.0,31.5
OL_daioe,paper,base,2,22-25,-0.15,-0.0928406228603888,-0.236166162984894,-0.1433255401245052,-0.4905525980323782,-0.33720186177387323,31.5
OL_daioe,paper,base,2,26-30,0.0,0.0164078734342365,-0.0464991219626807,-0.0629069953969172,-0.1285962661533644,-0.09817629748896149,31.5
OL_daioe,paper,base,2,50+,0.0,0.0001204416531352,0.154126209972781,0.1540057683196458,0.0,0.0,31.5
fresh_stock,paper,base,2,22-25,-0.15,-0.0928406228603888,-0.236166162984894,-0.1433255401245052,-0.4905525980323782,-0.33720186177387323,31.5
fresh_stock,paper,base,2,26-30,0.0,0.0164078734342365,-0.0464991219626807,-0.0629069953969172,-0.1285962661533644,-0.09817629748896149,31.5
fresh_stock,paper,base,2,50+,0.0,0.0001204416531352,0.154126209972781,0.1540057683196458,0.0,0.0,31.5
entrant,paper,base,2,22-25,-0.15,-0.0928406228603888,-0.236166162984894,-0.1433255401245052,-0.4905525980323782,-0.33720186177387323,31.5
entrant,paper,base,2,26-30,0.0,0.0164078734342365,-0.0464991219626807,-0.0629069953969172,-0.1285962661533644,-0.09817629748896149,31.5
entrant,paper,base,2,50+,0.0,0.0001204416531352,0.154126209972781,0.1540057683196458,0.0,0.0,31.5
entrant_share,paper,base,2,22-25,-0.15,-0.0928406228603888,-0.162385450078087,-0.0695448272176982,-0.2198408134543646,-0.1886715674595956,31.5
entrant_share,paper,base,2,26-30,0.0,0.0164078734342365,-0.0353064724702016,-0.0517143459044381,-0.0785597264175201,-0.0590941752522635,31.5
entrant_share,paper,base,2,50+,0.0,0.0001204416531352,0.0887394918886721,0.0886190502355369,0.0,0.0,31.5
expband,paper,base,2,22-25,-0.15,-0.0928406228603888,-0.237417031029622,-0.1445764081692332,-0.4927497604117992,-0.3391248400201852,31.5
expband,paper,base,2,26-30,0.0,0.0164078734342365,-0.0361534759758854,-0.0525613494101219,-0.132850020214445,-0.101839800247506,31.5
expband,paper,base,2,50+,0.0,0.0001204416531352,0.153142254978372,0.1530218133252368,0.0,0.0,31.5
enrol,paper,base,2,22-25,-0.15,-0.0928406228603888,-0.236166162984894,-0.1433255401245052,-0.4449083815808062,-0.3193366614507372,31.5
enrol,paper,base,2,26-30,0.0,0.0164078734342365,-0.0464991219626807,-0.0629069953969172,-0.1196329585175433,-0.0934004089004717,31.5
enrol,paper,base,2,50+,0.0,0.0001204416531352,0.154126209972781,0.1540057683196458,0.0,0.0,31.5
full,paper,base,2,22-25,-0.15,-0.0928406228603888,-0.162385450078087,-0.0695448272176982,-0.2044478265196566,-0.1787221887639556,31.5
full,paper,base,2,26-30,0.0,0.0164078734342365,-0.0353064724702016,-0.0517143459044381,-0.0704690880226668,-0.0548748279130005,31.5
full,paper,base,2,50+,0.0,0.0001204416531352,0.0887394918886721,0.0886190502355369,0.0,0.0,31.5
OL_exact,paper,base,3,22-25,-0.15,-0.147256923109903,-0.26095533068531,-0.11369840757540703,-0.2965074508062554,-0.2352012795956504,32.4
OL_exact,paper,base,3,26-30,0.0,0.0224805694631349,0.0097258303162826,-0.0127547391468523,-0.1094691449654217,-0.0737538691202172,32.4
OL_exact,paper,base,3,50+,0.0,0.0095746382426978,0.129956685604002,0.1203820473613042,0.0,0.0,32.4
OL_daioe,paper,base,3,22-25,-0.15,-0.147256923109903,-0.231364478495845,-0.084107555385942,-0.32128335828382953,-0.24540351857214152,32.4
OL_daioe,paper,base,3,26-30,0.0,0.0224805694631349,-0.0129848543861933,-0.0354654238493282,-0.1092071733441797,-0.0735831613731998,32.4
OL_daioe,paper,base,3,50+,0.0,0.0095746382426978,0.134426116236158,0.12485147799346019,0.0,0.0,32.4
fresh_stock,paper,base,3,22-25,-0.15,-0.147256923109903,-0.231364478495845,-0.084107555385942,-0.32128335828382953,-0.24540351857214152,32.4
fresh_stock,paper,base,3,26-30,0.0,0.0224805694631349,-0.0129848543861933,-0.0354654238493282,-0.1092071733441797,-0.0735831613731998,32.4
fresh_stock,paper,base,3,50+,0.0,0.0095746382426978,0.134426116236158,0.12485147799346019,0.0,0.0,32.4
entrant,paper,base,3,22-25,-0.15,-0.147256923109903,-0.231364478495845,-0.084107555385942,-0.32128335828382953,-0.24540351857214152,32.4
entrant,paper,base,3,26-30,0.0,0.0224805694631349,-0.0129848543861933,-0.0354654238493282,-0.1092071733441797,-0.0735831613731998,32.4
entrant,paper,base,3,50+,0.0,0.0095746382426978,0.134426116236158,0.12485147799346019,0.0,0.0,32.4
entrant_share,paper,base,3,22-25,-0.15,-0.147256923109903,-0.228390699039707,-0.081133775929804,-0.2012807263500749,-0.1680764452051049,32.4
entrant_share,paper,base,3,26-30,0.0,0.0224805694631349,0.010988532632103,-0.0114920368310319,-0.0877472394793421,-0.058542153821634205,32.4
entrant_share,paper,base,3,50+,0.0,0.0095746382426978,0.0994957515192888,0.089921113276591,0.0,0.0,32.4
expband,paper,base,3,22-25,-0.15,-0.147256923109903,-0.286475697192363,-0.13921877408246,-0.49526420622624723,-0.32785072077178423,32.4
expband,paper,base,3,26-30,0.0,0.0224805694631349,-0.0201744039383811,-0.042654973401516,-0.1239199839060686,-0.08383035693093299,32.4
expband,paper,base,3,50+,0.0,0.0095746382426978,0.151891468853294,0.1423168306105962,0.0,0.0,32.4
enrol,paper,base,3,22-25,-0.15,-0.147256923109903,-0.231364478495845,-0.084107555385942,-0.30697226044888654,-0.2440981769343885,32.4
enrol,paper,base,3,26-30,0.0,0.0224805694631349,-0.0129848543861933,-0.0354654238493282,-0.1021031569557096,-0.0691144777928505,32.4
enrol,paper,base,3,50+,0.0,0.0095746382426978,0.134426116236158,0.12485147799346019,0.0,0.0,32.4
full,paper,base,3,22-25,-0.15,-0.147256923109903,-0.228390699039707,-0.081133775929804,-0.1940938306463219,-0.1681109203187029,32.4
full,paper,base,3,26-30,0.0,0.0224805694631349,0.010988532632103,-0.0114920368310319,-0.0806422995665442,-0.0539721905943632,32.4
full,paper,base,3,50+,0.0,0.0095746382426978,0.0994957515192888,0.089921113276591,0.0,0.0,32.4
OL_exact,paper,base,4,22-25,-0.15,-0.0909629228028953,-0.302766419597444,-0.21180349679454868,-0.3402521676324566,-0.22339107235672562,31.6
OL_exact,paper,base,4,26-30,0.0,-0.0292325547951589,-0.029772140572507,-0.0005395857773480978,-0.0940003801374533,-0.0773514246909804,31.6
OL_exact,paper,base,4,50+,0.0,0.0282345681994388,0.141767149168844,0.1135325809694052,0.0,0.0,31.6
OL_daioe,paper,base,4,22-25,-0.15,-0.0909629228028953,-0.277557300203321,-0.18659437740042567,-0.3587078197561783,-0.2307122915657183,31.6
OL_daioe,paper,base,4,26-30,0.0,-0.0292325547951589,-0.0254590195121511,0.0037735352830078027,-0.0928285363233462,-0.0775242004229372,31.6
OL_daioe,paper,base,4,50+,0.0,0.0282345681994388,0.140949274649701,0.1127147064502622,0.0,0.0,31.6
fresh_stock,paper,base,4,22-25,-0.15,-0.0909629228028953,-0.277557300203321,-0.18659437740042567,-0.3587078197561783,-0.2307122915657183,31.6
fresh_stock,paper,base,4,26-30,0.0,-0.0292325547951589,-0.0254590195121511,0.0037735352830078027,-0.0928285363233462,-0.0775242004229372,31.6
fresh_stock,paper,base,4,50+,0.0,0.0282345681994388,0.140949274649701,0.1127147064502622,0.0,0.0,31.6
entrant,paper,base,4,22-25,-0.15,-0.0909629228028953,-0.277557300203321,-0.18659437740042567,-0.3587078197561783,-0.2307122915657183,31.6
entrant,paper,base,4,26-30,0.0,-0.0292325547951589,-0.0254590195121511,0.0037735352830078027,-0.0928285363233462,-0.0775242004229372,31.6
entrant,paper,base,4,50+,0.0,0.0282345681994388,0.140949274649701,0.1127147064502622,0.0,0.0,31.6
entrant_share,paper,base,4,22-25,-0.15,-0.0909629228028953,-0.230715931428035,-0.13975300862513973,-0.230295850694404,-0.153151994688046,31.6
entrant_share,paper,base,4,26-30,0.0,-0.0292325547951589,-0.0210019848107749,0.008230569984384001,-0.0792389403163683,-0.064188234145243,31.6
entrant_share,paper,base,4,50+,0.0,0.0282345681994388,0.112687234620514,0.0844526664210752,0.0,0.0,31.6
expband,paper,base,4,22-25,-0.15,-0.0909629228028953,-0.319310656237234,-0.22834773343433867,-0.4993943282484491,-0.3067404680285371,31.6
expband,paper,base,4,26-30,0.0,-0.0292325547951589,-0.0473838158123192,-0.0181512610171603,-0.11324663035203819,-0.0881967399168075,31.6
expband,paper,base,4,50+,0.0,0.0282345681994388,0.163943017511504,0.13570844931206522,0.0,0.0,31.6
enrol,paper,base,4,22-25,-0.15,-0.0909629228028953,-0.277557300203321,-0.18659437740042567,-0.31759502340056633,-0.2129389905561593,31.6
enrol,paper,base,4,26-30,0.0,-0.0292325547951589,-0.0254590195121511,0.0037735352830078027,-0.0875225990261939,-0.0726114865930182,31.6
enrol,paper,base,4,50+,0.0,0.0282345681994388,0.140949274649701,0.1127147064502622,0.0,0.0,31.6
full,paper,base,4,22-25,-0.15,-0.0909629228028953,-0.230715931428035,-0.13975300862513973,-0.200215986141156,-0.138489971720438,31.6
full,paper,base,4,26-30,0.0,-0.0292325547951589,-0.0210019848107749,0.008230569984384001,-0.0737574729611415,-0.059288291105616196,31.6
full,paper,base,4,50+,0.0,0.0282345681994388,0.112687234620514,0.0844526664210752,0.0,0.0,31.6
OL_exact,paper,lag1,0,22-25,-0.15,-0.126272987231582,-0.184401262575631,-0.05812827534404899,-0.22669456738714197,-0.167440305216911,31.7
OL_exact,paper,lag1,0,26-30,0.0,-0.0096728226099176,-0.0610912622883216,-0.051418439678404,-0.0634554799108335,-0.049726214651675406,31.7
OL_exact,paper,lag1,0,50+,0.0,-0.0079110412412511,0.100887871059684,0.1087989123009351,0.0,0.0,31.7
OL_daioe,paper,lag1,0,22-25,-0.15,-0.126272987231582,-0.190326034654693,-0.06405304742311099,-0.23321198319526604,-0.17229343648912798,31.7
OL_daioe,paper,lag1,0,26-30,0.0,-0.0096728226099176,-0.0583424542148176,-0.0486696316049,-0.06591146779163741,-0.051137932883327596,31.7
OL_daioe,paper,lag1,0,50+,0.0,-0.0079110412412511,0.108208213994329,0.1161192552355801,0.0,0.0,31.7
fresh_stock,paper,lag1,0,22-25,-0.15,-0.126272987231582,-0.190326034654693,-0.06405304742311099,-0.23321198319526604,-0.17229343648912798,31.7
fresh_stock,paper,lag1,0,26-30,0.0,-0.0096728226099176,-0.0583424542148176,-0.0486696316049,-0.06591146779163741,-0.051137932883327596,31.7
fresh_stock,paper,lag1,0,50+,0.0,-0.0079110412412511,0.108208213994329,0.1161192552355801,0.0,0.0,31.7
entrant,paper,lag1,0,22-25,-0.15,-0.126272987231582,-0.190326034654693,-0.06405304742311099,-0.23321198319526604,-0.17229343648912798,31.7
entrant,paper,lag1,0,26-30,0.0,-0.0096728226099176,-0.0583424542148176,-0.0486696316049,-0.06591146779163741,-0.051137932883327596,31.7
entrant,paper,lag1,0,50+,0.0,-0.0079110412412511,0.108208213994329,0.1161192552355801,0.0,0.0,31.7
entrant_share,paper,lag1,0,22-25,-0.15,-0.126272987231582,-0.159075859625372,-0.032802872393789984,-0.1582333813973797,-0.12461451618865568,31.7
entrant_share,paper,lag1,0,26-30,0.0,-0.0096728226099176,-0.0574781446602229,-0.0478053220503053,-0.0558715847754382,-0.0399861014594803,31.7
entrant_share,paper,lag1,0,50+,0.0,-0.0079110412412511,0.0811139620839926,0.0890250033252437,0.0,0.0,31.7
expband,paper,lag1,0,22-25,-0.15,-0.126272987231582,-0.224208159296107,-0.09793517206452498,-0.3114133705453527,-0.21832536002115868,31.7
expband,paper,lag1,0,26-30,0.0,-0.0096728226099176,-0.0638677344005806,-0.054194911790663006,-0.07625542224662031,-0.059826487920866096,31.7
expband,paper,lag1,0,50+,0.0,-0.0079110412412511,0.128554059484091,0.1364651007253421,0.0,0.0,31.7
enrol,paper,lag1,0,22-25,-0.15,-0.126272987231582,-0.190326034654693,-0.06405304742311099,-0.234891576148965,-0.170572696094495,31.7
enrol,paper,lag1,0,26-30,0.0,-0.0096728226099176,-0.0583424542148176,-0.0486696316049,-0.0615416389649884,-0.051109532367173895,31.7
enrol,paper,lag1,0,50+,0.0,-0.0079110412412511,0.108208213994329,0.1161192552355801,0.0,0.0,31.7
full,paper,lag1,0,22-25,-0.15,-0.126272987231582,-0.159075859625372,-0.032802872393789984,-0.1627939295832977,-0.1234779523812777,31.7
full,paper,lag1,0,26-30,0.0,-0.0096728226099176,-0.0574781446602229,-0.0478053220503053,-0.051677215533730406,-0.041931742110189296,31.7
full,paper,lag1,0,50+,0.0,-0.0079110412412511,0.0811139620839926,0.0890250033252437,0.0,0.0,31.7
OL_exact,paper,lag1,1,22-25,-0.15,-0.129463143370144,-0.17474620542842,-0.04528306205827601,-0.2754613914379423,-0.2063661977447333,31.6
OL_exact,paper,lag1,1,26-30,0.0,0.0038619461617462,-0.0357905744302848,-0.039652520592031,-0.0705484748715424,-0.0542963075517254,31.6
OL_exact,paper,lag1,1,50+,0.0,0.0217072210589459,0.127002599979479,0.10529537892053309,0.0,0.0,31.6
OL_daioe,paper,lag1,1,22-25,-0.15,-0.129463143370144,-0.15893134148633,-0.029468198116186006,-0.27813223715156576,-0.21100281790380382,31.6
OL_daioe,paper,lag1,1,26-30,0.0,0.0038619461617462,-0.05368864836468,-0.0575505945264262,-0.0697102209948952,-0.048234487261552404,31.6
OL_daioe,paper,lag1,1,50+,0.0,0.0217072210589459,0.128087812768951,0.1063805917100051,0.0,0.0,31.6
fresh_stock,paper,lag1,1,22-25,-0.15,-0.129463143370144,-0.15893134148633,-0.029468198116186006,-0.27813223715156576,-0.21100281790380382,31.6
fresh_stock,paper,lag1,1,26-30,0.0,0.0038619461617462,-0.05368864836468,-0.0575505945264262,-0.0697102209948952,-0.048234487261552404,31.6
fresh_stock,paper,lag1,1,50+,0.0,0.0217072210589459,0.128087812768951,0.1063805917100051,0.0,0.0,31.6
entrant,paper,lag1,1,22-25,-0.15,-0.129463143370144,-0.15893134148633,-0.029468198116186006,-0.27813223715156576,-0.21100281790380382,31.6
entrant,paper,lag1,1,26-30,0.0,0.0038619461617462,-0.05368864836468,-0.0575505945264262,-0.0697102209948952,-0.048234487261552404,31.6
entrant,paper,lag1,1,50+,0.0,0.0217072210589459,0.128087812768951,0.1063805917100051,0.0,0.0,31.6
entrant_share,paper,lag1,1,22-25,-0.15,-0.129463143370144,-0.107642392754597,0.021820750615547002,-0.2022788856352161,-0.16409527867720808,31.6
entrant_share,paper,lag1,1,26-30,0.0,0.0038619461617462,-0.051710362622217,-0.0555723087839632,-0.0603052583958692,-0.0402209889558581,31.6
entrant_share,paper,lag1,1,50+,0.0,0.0217072210589459,0.106362319090235,0.0846550980312891,0.0,0.0,31.6
expband,paper,lag1,1,22-25,-0.15,-0.129463143370144,-0.213503701940595,-0.08404055857045101,-0.3645170799341686,-0.2652039214801616,31.6
expband,paper,lag1,1,26-30,0.0,0.0038619461617462,-0.057887269301413,-0.061749215463159195,-0.088655043092681,-0.0603550819834931,31.6
expband,paper,lag1,1,50+,0.0,0.0217072210589459,0.151968297623034,0.13026107656408809,0.0,0.0,31.6
enrol,paper,lag1,1,22-25,-0.15,-0.129463143370144,-0.15893134148633,-0.029468198116186006,-0.2649308755944908,-0.20793538042003282,31.6
enrol,paper,lag1,1,26-30,0.0,0.0038619461617462,-0.05368864836468,-0.0575505945264262,-0.06499184403818639,-0.0452836504643555,31.6
enrol,paper,lag1,1,50+,0.0,0.0217072210589459,0.128087812768951,0.1063805917100051,0.0,0.0,31.6
full,paper,lag1,1,22-25,-0.15,-0.129463143370144,-0.107642392754597,0.021820750615547002,-0.19273760358334407,-0.1618755744389111,31.6
full,paper,lag1,1,26-30,0.0,0.0038619461617462,-0.051710362622217,-0.0555723087839632,-0.0559538503427439,-0.037272256829003,31.6
full,paper,lag1,1,50+,0.0,0.0217072210589459,0.106362319090235,0.0846550980312891,0.0,0.0,31.6
OL_exact,paper,lag1,2,22-25,-0.15,-0.0928406228603888,-0.189314235468537,-0.09647361260814821,-0.23228864973047422,-0.1712077793314532,31.8
OL_exact,paper,lag1,2,26-30,0.0,0.0164078734342365,-0.0482902151856271,-0.0646980886198636,-0.0560115473558062,-0.04129727066947721,31.8
OL_exact,paper,lag1,2,50+,0.0,0.0001204416531352,0.113130899162404,0.1130104575092688,0.0,0.0,31.8
OL_daioe,paper,lag1,2,22-25,-0.15,-0.0928406228603888,-0.207629507914189,-0.1147888850538002,-0.320808522619505,-0.21949584315529902,31.8
OL_daioe,paper,lag1,2,26-30,0.0,0.0164078734342365,-0.050826102489465,-0.0672339759237015,-0.06574632141846284,-0.04459358608286854,31.8
OL_daioe,paper,lag1,2,50+,0.0,0.0001204416531352,0.153462965094406,0.15334252344127078,0.0,0.0,31.8
fresh_stock,paper,lag1,2,22-25,-0.15,-0.0928406228603888,-0.207629507914189,-0.1147888850538002,-0.320808522619505,-0.21949584315529902,31.8
fresh_stock,paper,lag1,2,26-30,0.0,0.0164078734342365,-0.050826102489465,-0.0672339759237015,-0.06574632141846284,-0.04459358608286854,31.8
fresh_stock,paper,lag1,2,50+,0.0,0.0001204416531352,0.153462965094406,0.15334252344127078,0.0,0.0,31.8
entrant,paper,lag1,2,22-25,-0.15,-0.0928406228603888,-0.207629507914189,-0.1147888850538002,-0.320808522619505,-0.21949584315529902,31.8
entrant,paper,lag1,2,26-30,0.0,0.0164078734342365,-0.050826102489465,-0.0672339759237015,-0.06574632141846284,-0.04459358608286854,31.8
entrant,paper,lag1,2,50+,0.0,0.0001204416531352,0.153462965094406,0.15334252344127078,0.0,0.0,31.8
entrant_share,paper,lag1,2,22-25,-0.15,-0.0928406228603888,-0.167874382082696,-0.0750337592223072,-0.16706451536985673,-0.1213680085490217,31.8
entrant_share,paper,lag1,2,26-30,0.0,0.0164078734342365,-0.0236049617467757,-0.0400128351810122,-0.0449143920345909,-0.0339417151118914,31.8
entrant_share,paper,lag1,2,50+,0.0,0.0001204416531352,0.0871761236826116,0.0870556820294764,0.0,0.0,31.8
expband,paper,lag1,2,22-25,-0.15,-0.0928406228603888,-0.203194929449567,-0.11035430658917819,-0.3265070239722233,-0.2267837322169513,31.8
expband,paper,lag1,2,26-30,0.0,0.0164078734342365,-0.0408491922220386,-0.0572570656562751,-0.0692062648220326,-0.0451992065511971,31.8
expband,paper,lag1,2,50+,0.0,0.0001204416531352,0.152462060184514,0.1523416185313788,0.0,0.0,31.8
enrol,paper,lag1,2,22-25,-0.15,-0.0928406228603888,-0.207629507914189,-0.1147888850538002,-0.297238276840047,-0.214332271249063,31.8
enrol,paper,lag1,2,26-30,0.0,0.0164078734342365,-0.050826102489465,-0.0672339759237015,-0.051130305357190646,-0.035759995601581544,31.8
enrol,paper,lag1,2,50+,0.0,0.0001204416531352,0.153462965094406,0.15334252344127078,0.0,0.0,31.8
full,paper,lag1,2,22-25,-0.15,-0.0928406228603888,-0.167874382082696,-0.0750337592223072,-0.1573411789878647,-0.12050036236319371,31.8
full,paper,lag1,2,26-30,0.0,0.0164078734342365,-0.0236049617467757,-0.0400128351810122,-0.033808615173973,-0.0277231446844076,31.8
full,paper,lag1,2,50+,0.0,0.0001204416531352,0.0871761236826116,0.0870556820294764,0.0,0.0,31.8
OL_exact,paper,lag1,3,22-25,-0.15,-0.147256923109903,-0.190514026598869,-0.043257103488966026,-0.2592313741170549,-0.2069567546354089,31.4
OL_exact,paper,lag1,3,26-30,0.0,0.0224805694631349,0.0243187812836857,0.0018382118205508002,-0.0727849189659035,-0.0487005376710933,31.4
OL_exact,paper,lag1,3,50+,0.0,0.0095746382426978,0.133609126645475,0.1240344884027772,0.0,0.0,31.4
OL_daioe,paper,lag1,3,22-25,-0.15,-0.147256923109903,-0.161388874226425,-0.014131951116522018,-0.2592268002679042,-0.2120102621706532,31.4
OL_daioe,paper,lag1,3,26-30,0.0,0.0224805694631349,0.0050005587306308,-0.0174800107325041,-0.07193322287272211,-0.0485611554730635,31.4
OL_daioe,paper,lag1,3,50+,0.0,0.0095746382426978,0.130005455639608,0.1204308173969102,0.0,0.0,31.4
fresh_stock,paper,lag1,3,22-25,-0.15,-0.147256923109903,-0.161388874226425,-0.014131951116522018,-0.2592268002679042,-0.2120102621706532,31.4
fresh_stock,paper,lag1,3,26-30,0.0,0.0224805694631349,0.0050005587306308,-0.0174800107325041,-0.07193322287272211,-0.0485611554730635,31.4
fresh_stock,paper,lag1,3,50+,0.0,0.0095746382426978,0.130005455639608,0.1204308173969102,0.0,0.0,31.4
entrant,paper,lag1,3,22-25,-0.15,-0.147256923109903,-0.161388874226425,-0.014131951116522018,-0.2592268002679042,-0.2120102621706532,31.4
entrant,paper,lag1,3,26-30,0.0,0.0224805694631349,0.0050005587306308,-0.0174800107325041,-0.07193322287272211,-0.0485611554730635,31.4
entrant,paper,lag1,3,50+,0.0,0.0095746382426978,0.130005455639608,0.1204308173969102,0.0,0.0,31.4
entrant_share,paper,lag1,3,22-25,-0.15,-0.147256923109903,-0.15275524692242,-0.005498323812517025,-0.20376191429697418,-0.15810980432844118,31.4
entrant_share,paper,lag1,3,26-30,0.0,0.0224805694631349,0.015915334486736,-0.006565234976398902,-0.052760350229688,-0.035806192100344796,31.4
entrant_share,paper,lag1,3,50+,0.0,0.0095746382426978,0.0994957515192978,0.0899211132766,0.0,0.0,31.4
expband,paper,lag1,3,22-25,-0.15,-0.147256923109903,-0.185585660038014,-0.03832873692811101,-0.3525399104709968,-0.2640782244745588,31.4
expband,paper,lag1,3,26-30,0.0,0.0224805694631349,-0.0022169282551032,-0.0246974977182381,-0.08786690295884,-0.060052752756153696,31.4
expband,paper,lag1,3,50+,0.0,0.0095746382426978,0.151608519765188,0.1420338815224902,0.0,0.0,31.4
enrol,paper,lag1,3,22-25,-0.15,-0.147256923109903,-0.161388874226425,-0.014131951116522018,-0.2578898704547302,-0.21361849465379218,31.4
enrol,paper,lag1,3,26-30,0.0,0.0224805694631349,0.0050005587306308,-0.0174800107325041,-0.0673493459442902,-0.046762872613940604,31.4
enrol,paper,lag1,3,50+,0.0,0.0095746382426978,0.130005455639608,0.1204308173969102,0.0,0.0,31.4
full,paper,lag1,3,22-25,-0.15,-0.147256923109903,-0.15275524692242,-0.005498323812517025,-0.2037963894105312,-0.15996382225421618,31.4
full,paper,lag1,3,26-30,0.0,0.0224805694631349,0.015915334486736,-0.006565234976398902,-0.0481903870023892,-0.0339925195490124,31.4
full,paper,lag1,3,50+,0.0,0.0095746382426978,0.0994957515192978,0.0899211132766,0.0,0.0,31.4
OL_exact,paper,lag1,4,22-25,-0.15,-0.0909629228028953,-0.226857616557237,-0.1358946937543417,-0.23858675417038933,-0.19643640683982933,31.5
OL_exact,paper,lag1,4,26-30,0.0,-0.0292325547951589,-0.0174699903734229,0.011762564421736,-0.072937562558359,-0.052780727716261897,31.5
OL_exact,paper,lag1,4,50+,0.0,0.0282345681994388,0.142286412706098,0.11405184450665919,0.0,0.0,31.5
OL_daioe,paper,lag1,4,22-25,-0.15,-0.0909629228028953,-0.226637472338612,-0.13567454953571673,-0.22308494633141351,-0.1854077164814095,31.5
OL_daioe,paper,lag1,4,26-30,0.0,-0.0292325547951589,-7.54860525607031e-05,0.0291570687425982,-0.0825464925357103,-0.056889962621714196,31.5
OL_daioe,paper,lag1,4,50+,0.0,0.0282345681994388,0.139689093648509,0.11145452544907021,0.0,0.0,31.5
fresh_stock,paper,lag1,4,22-25,-0.15,-0.0909629228028953,-0.226637472338612,-0.13567454953571673,-0.22308494633141351,-0.1854077164814095,31.5
fresh_stock,paper,lag1,4,26-30,0.0,-0.0292325547951589,-7.54860525607031e-05,0.0291570687425982,-0.0825464925357103,-0.056889962621714196,31.5
fresh_stock,paper,lag1,4,50+,0.0,0.0282345681994388,0.139689093648509,0.11145452544907021,0.0,0.0,31.5
entrant,paper,lag1,4,22-25,-0.15,-0.0909629228028953,-0.226637472338612,-0.13567454953571673,-0.22308494633141351,-0.1854077164814095,31.5
entrant,paper,lag1,4,26-30,0.0,-0.0292325547951589,-7.54860525607031e-05,0.0291570687425982,-0.0825464925357103,-0.056889962621714196,31.5
entrant,paper,lag1,4,50+,0.0,0.0282345681994388,0.139689093648509,0.11145452544907021,0.0,0.0,31.5
entrant_share,paper,lag1,4,22-25,-0.15,-0.0909629228028953,-0.195996756271909,-0.1050338334690137,-0.1623861044840402,-0.14795323368766622,31.5
entrant_share,paper,lag1,4,26-30,0.0,-0.0292325547951589,0.0030383399208486,0.032270894716007505,-0.0722765653660511,-0.0511250932153555,31.5
entrant_share,paper,lag1,4,50+,0.0,0.0282345681994388,0.112687234620504,0.0844526664210652,0.0,0.0,31.5
expband,paper,lag1,4,22-25,-0.15,-0.0909629228028953,-0.243844601363385,-0.15288167856048973,-0.3170553865247137,-0.25086742135728773,31.5
expband,paper,lag1,4,26-30,0.0,-0.0292325547951589,-0.0182771102804349,0.010955444514724001,-0.0928379292267676,-0.0652889021210749,31.5
expband,paper,lag1,4,50+,0.0,0.0282345681994388,0.165036002507379,0.13680143430794017,0.0,0.0,31.5
enrol,paper,lag1,4,22-25,-0.15,-0.0909629228028953,-0.226637472338612,-0.13567454953571673,-0.2063971269711225,-0.1826333627033985,31.5
enrol,paper,lag1,4,26-30,0.0,-0.0292325547951589,-7.54860525607031e-05,0.0291570687425982,-0.0775458256481747,-0.054758172698754395,31.5
enrol,paper,lag1,4,50+,0.0,0.0282345681994388,0.139689093648509,0.11145452544907021,0.0,0.0,31.5
full,paper,lag1,4,22-25,-0.15,-0.0909629228028953,-0.195996756271909,-0.1050338334690137,-0.1507125092318042,-0.1485643347103212,31.5
full,paper,lag1,4,26-30,0.0,-0.0292325547951589,0.0030383399208486,0.032270894716007505,-0.06862634575299431,-0.0513659686811382,31.5
full,paper,lag1,4,50+,0.0,0.0282345681994388,0.112687234620504,0.0844526664210652,0.0,0.0,31.5
OL_exact,paper,mobile,0,22-25,-0.15,-0.0741819071472398,-0.22907186350219,-0.1548899563549502,-0.3562846767520578,-0.25644119705403984,32.0
OL_exact,paper,mobile,0,26-30,0.0,-0.0181344132958748,-0.082753076002563,-0.0646186627066882,-0.0839551616739228,-0.0604087197864237,32.0
OL_exact,paper,mobile,0,50+,0.0,0.0102229888067954,0.104169741670798,0.0939467528640026,0.0,0.0,32.0
OL_daioe,paper,mobile,0,22-25,-0.15,-0.0741819071472398,-0.25097891949448,-0.17679701234724018,-0.3529880633920272,-0.25798470767568216,32.0
OL_daioe,paper,mobile,0,26-30,0.0,-0.0181344132958748,-0.0800300796352921,-0.0618956663394173,-0.09081257730456789,-0.0626904402384646,32.0
OL_daioe,paper,mobile,0,50+,0.0,0.0102229888067954,0.109822686115023,0.0995996973082276,0.0,0.0,32.0
fresh_stock,paper,mobile,0,22-25,-0.15,-0.0741819071472398,-0.25097891949448,-0.17679701234724018,-0.3529880633920272,-0.25798470767568216,32.0
fresh_stock,paper,mobile,0,26-30,0.0,-0.0181344132958748,-0.0800300796352921,-0.0618956663394173,-0.09081257730456789,-0.0626904402384646,32.0
fresh_stock,paper,mobile,0,50+,0.0,0.0102229888067954,0.109822686115023,0.0995996973082276,0.0,0.0,32.0
entrant,paper,mobile,0,22-25,-0.15,-0.0741819071472398,-0.25097891949448,-0.17679701234724018,-0.3529880633920272,-0.25798470767568216,32.0
entrant,paper,mobile,0,26-30,0.0,-0.0181344132958748,-0.0800300796352921,-0.0618956663394173,-0.09081257730456789,-0.0626904402384646,32.0
entrant,paper,mobile,0,50+,0.0,0.0102229888067954,0.109822686115023,0.0995996973082276,0.0,0.0,32.0
entrant_share,paper,mobile,0,22-25,-0.15,-0.0741819071472398,-0.188079580647156,-0.1138976734999162,-0.2398230198403149,-0.1913237795673069,32.0
entrant_share,paper,mobile,0,26-30,0.0,-0.0181344132958748,-0.0890730658165607,-0.0709386525206859,-0.0714911691655324,-0.0518243136171653,32.0
entrant_share,paper,mobile,0,50+,0.0,0.0102229888067954,0.0880083189124224,0.077785330105627,0.0,0.0,32.0
expband,paper,mobile,0,22-25,-0.15,-0.0741819071472398,-0.310155615314181,-0.23597370816694122,-0.5139568265271717,-0.34788030613274473,32.0
expband,paper,mobile,0,26-30,0.0,-0.0181344132958748,-0.0885406676360969,-0.0704062543402221,-0.11519557356124929,-0.0762437219597894,32.0
expband,paper,mobile,0,50+,0.0,0.0102229888067954,0.133710129706341,0.1234871408995456,0.0,0.0,32.0
enrol,paper,mobile,0,22-25,-0.15,-0.0741819071472398,-0.25097891949448,-0.17679701234724018,-0.3314665063933182,-0.24858641515531424,32.0
enrol,paper,mobile,0,26-30,0.0,-0.0181344132958748,-0.0800300796352921,-0.0618956663394173,-0.08270993158206219,-0.056221925367577,32.0
enrol,paper,mobile,0,50+,0.0,0.0102229888067954,0.109822686115023,0.0995996973082276,0.0,0.0,32.0
full,paper,mobile,0,22-25,-0.15,-0.0741819071472398,-0.188079580647156,-0.1138976734999162,-0.2269947817910429,-0.1845663242072849,32.0
full,paper,mobile,0,26-30,0.0,-0.0181344132958748,-0.0890730658165607,-0.0709386525206859,-0.0627531553479848,-0.04554042805897031,32.0
full,paper,mobile,0,50+,0.0,0.0102229888067954,0.0880083189124224,0.077785330105627,0.0,0.0,32.0
OL_exact,paper,mobile,1,22-25,-0.15,-0.188807220850992,-0.210142185502201,-0.021334964651209015,-0.376959932913283,-0.28531757711941996,32.4
OL_exact,paper,mobile,1,26-30,0.0,-0.0079653736256505,-0.0519877881177526,-0.0440224144921021,-0.09427711620775879,-0.0641942185696701,32.4
OL_exact,paper,mobile,1,50+,0.0,-0.0064203125395884,0.122716499720273,0.1291368122598614,0.0,0.0,32.4
OL_daioe,paper,mobile,1,22-25,-0.15,-0.188807220850992,-0.20049979955145,-0.011692578700458006,-0.3927368046573691,-0.27892999343159613,32.4
OL_daioe,paper,mobile,1,26-30,0.0,-0.0079653736256505,-0.0789104990191693,-0.0709451253935188,-0.09256217604278891,-0.06967810027363591,32.4
OL_daioe,paper,mobile,1,50+,0.0,-0.0064203125395884,0.127701240219051,0.1341215527586394,0.0,0.0,32.4
fresh_stock,paper,mobile,1,22-25,-0.15,-0.188807220850992,-0.20049979955145,-0.011692578700458006,-0.3927368046573691,-0.27892999343159613,32.4
fresh_stock,paper,mobile,1,26-30,0.0,-0.0079653736256505,-0.0789104990191693,-0.0709451253935188,-0.09256217604278891,-0.06967810027363591,32.4
fresh_stock,paper,mobile,1,50+,0.0,-0.0064203125395884,0.127701240219051,0.1341215527586394,0.0,0.0,32.4
entrant,paper,mobile,1,22-25,-0.15,-0.188807220850992,-0.20049979955145,-0.011692578700458006,-0.3927368046573691,-0.27892999343159613,32.4
entrant,paper,mobile,1,26-30,0.0,-0.0079653736256505,-0.0789104990191693,-0.0709451253935188,-0.09256217604278891,-0.06967810027363591,32.4
entrant,paper,mobile,1,50+,0.0,-0.0064203125395884,0.127701240219051,0.1341215527586394,0.0,0.0,32.4
entrant_share,paper,mobile,1,22-25,-0.15,-0.188807220850992,-0.1344158884427,0.054391332408292,-0.257843898537862,-0.19751375360350198,32.4
entrant_share,paper,mobile,1,26-30,0.0,-0.0079653736256505,-0.0585707591319265,-0.050605385506275996,-0.08407172696707858,-0.06245914365322638,32.4
entrant_share,paper,mobile,1,50+,0.0,-0.0064203125395884,0.101643528398915,0.1080638409385034,0.0,0.0,32.4
expband,paper,mobile,1,22-25,-0.15,-0.188807220850992,-0.282817333894183,-0.09401011304319101,-0.5860869288172648,-0.3797140068149037,32.4
expband,paper,mobile,1,26-30,0.0,-0.0079653736256505,-0.0856467245984863,-0.0776813509728358,-0.1149036573329377,-0.0823818329842191,32.4
expband,paper,mobile,1,50+,0.0,-0.0064203125395884,0.155568302659569,0.16198861519915742,0.0,0.0,32.4
enrol,paper,mobile,1,22-25,-0.15,-0.188807220850992,-0.20049979955145,-0.011692578700458006,-0.3563272305913561,-0.2654162536712971,32.4
enrol,paper,mobile,1,26-30,0.0,-0.0079653736256505,-0.0789104990191693,-0.0709451253935188,-0.08365634159671931,-0.0653108408921523,32.4
enrol,paper,mobile,1,50+,0.0,-0.0064203125395884,0.127701240219051,0.1341215527586394,0.0,0.0,32.4
full,paper,mobile,1,22-25,-0.15,-0.188807220850992,-0.1344158884427,0.054391332408292,-0.235473021847987,-0.188220367705521,32.4
full,paper,mobile,1,26-30,0.0,-0.0079653736256505,-0.0585707591319265,-0.050605385506275996,-0.07579709636234298,-0.058597364840849375,32.4
full,paper,mobile,1,50+,0.0,-0.0064203125395884,0.101643528398915,0.1080638409385034,0.0,0.0,32.4
OL_exact,paper,mobile,2,22-25,-0.15,-0.137784956504742,-0.196293820074731,-0.058508863569988995,-0.3616599190345392,-0.2611165964321282,32.4
OL_exact,paper,mobile,2,26-30,0.0,0.0456822604185672,-0.0311316955780276,-0.0768139559965948,-0.09026583702412991,-0.0708438220415901,32.4
OL_exact,paper,mobile,2,50+,0.0,-0.0170088095698473,0.1121996716047,0.1292084811745473,0.0,0.0,32.4
OL_daioe,paper,mobile,2,22-25,-0.15,-0.137784956504742,-0.191152365607358,-0.053367409102615976,-0.3776054127753214,-0.2761805432141714,32.4
OL_daioe,paper,mobile,2,26-30,0.0,0.0456822604185672,-0.0228702932856185,-0.0685525537041857,-0.097080500607164,-0.0766656592378205,32.4
OL_daioe,paper,mobile,2,50+,0.0,-0.0170088095698473,0.121507482141944,0.1385162917117913,0.0,0.0,32.4
fresh_stock,paper,mobile,2,22-25,-0.15,-0.137784956504742,-0.191152365607358,-0.053367409102615976,-0.3776054127753214,-0.2761805432141714,32.4
fresh_stock,paper,mobile,2,26-30,0.0,0.0456822604185672,-0.0228702932856185,-0.0685525537041857,-0.097080500607164,-0.0766656592378205,32.4
fresh_stock,paper,mobile,2,50+,0.0,-0.0170088095698473,0.121507482141944,0.1385162917117913,0.0,0.0,32.4
entrant,paper,mobile,2,22-25,-0.15,-0.137784956504742,-0.191152365607358,-0.053367409102615976,-0.3776054127753214,-0.2761805432141714,32.4
entrant,paper,mobile,2,26-30,0.0,0.0456822604185672,-0.0228702932856185,-0.0685525537041857,-0.097080500607164,-0.0766656592378205,32.4
entrant,paper,mobile,2,50+,0.0,-0.0170088095698473,0.121507482141944,0.1385162917117913,0.0,0.0,32.4
entrant_share,paper,mobile,2,22-25,-0.15,-0.137784956504742,-0.126596613738954,0.011188342765788006,-0.1689846141310197,-0.1426580505821777,32.4
entrant_share,paper,mobile,2,26-30,0.0,0.0456822604185672,-0.0107220369248311,-0.056404297343398295,-0.0600754037831451,-0.047166463907008696,32.4
entrant_share,paper,mobile,2,50+,0.0,-0.0170088095698473,0.0775872460370106,0.09459605560685791,0.0,0.0,32.4
expband,paper,mobile,2,22-25,-0.15,-0.137784956504742,-0.247422136198343,-0.10963717969360098,-0.5188419755239777,-0.3490885947630077,32.4
expband,paper,mobile,2,26-30,0.0,0.0456822604185672,-0.0344194423408419,-0.08010170275940909,-0.1164090415092926,-0.0887296080443979,32.4
expband,paper,mobile,2,50+,0.0,-0.0170088095698473,0.155517039372559,0.1725258489424063,0.0,0.0,32.4
enrol,paper,mobile,2,22-25,-0.15,-0.137784956504742,-0.191152365607358,-0.053367409102615976,-0.3522954081411544,-0.2634837492717324,32.4
enrol,paper,mobile,2,26-30,0.0,0.0456822604185672,-0.0228702932856185,-0.0685525537041857,-0.0888455754896389,-0.0724543451290801,32.4
enrol,paper,mobile,2,50+,0.0,-0.0170088095698473,0.121507482141944,0.1385162917117913,0.0,0.0,32.4
full,paper,mobile,2,22-25,-0.15,-0.137784956504742,-0.126596613738954,0.011188342765788006,-0.15798930485558568,-0.1339398507658747,32.4
full,paper,mobile,2,26-30,0.0,0.0456822604185672,-0.0107220369248311,-0.056404297343398295,-0.0523148990980891,-0.0438028106854216,32.4
full,paper,mobile,2,50+,0.0,-0.0170088095698473,0.0775872460370106,0.09459605560685791,0.0,0.0,32.4
OL_exact,paper,mobile,3,22-25,-0.15,-0.143105261175863,-0.240093990231414,-0.096988729055551,-0.314550074796059,-0.239548372937083,33.5
OL_exact,paper,mobile,3,26-30,0.0,-0.0021251162411749,-0.0233564980243728,-0.0212313817831979,-0.1049038552689141,-0.0747290450012668,33.5
OL_exact,paper,mobile,3,50+,0.0,-0.0009288573245613,0.131150310351561,0.1320791676761223,0.0,0.0,33.5
OL_daioe,paper,mobile,3,22-25,-0.15,-0.143105261175863,-0.241197717870103,-0.09809245669424,-0.303881581323855,-0.241944198079004,33.5
OL_daioe,paper,mobile,3,26-30,0.0,-0.0021251162411749,-0.0278098271734371,-0.0256847109322622,-0.1081112294503766,-0.0768730422842999,33.5
OL_daioe,paper,mobile,3,50+,0.0,-0.0009288573245613,0.128167132428101,0.1290959897526623,0.0,0.0,33.5
fresh_stock,paper,mobile,3,22-25,-0.15,-0.143105261175863,-0.241197717870103,-0.09809245669424,-0.303881581323855,-0.241944198079004,33.5
fresh_stock,paper,mobile,3,26-30,0.0,-0.0021251162411749,-0.0278098271734371,-0.0256847109322622,-0.1081112294503766,-0.0768730422842999,33.5
fresh_stock,paper,mobile,3,50+,0.0,-0.0009288573245613,0.128167132428101,0.1290959897526623,0.0,0.0,33.5
entrant,paper,mobile,3,22-25,-0.15,-0.143105261175863,-0.241197717870103,-0.09809245669424,-0.303881581323855,-0.241944198079004,33.5
entrant,paper,mobile,3,26-30,0.0,-0.0021251162411749,-0.0278098271734371,-0.0256847109322622,-0.1081112294503766,-0.0768730422842999,33.5
entrant,paper,mobile,3,50+,0.0,-0.0009288573245613,0.128167132428101,0.1290959897526623,0.0,0.0,33.5
entrant_share,paper,mobile,3,22-25,-0.15,-0.143105261175863,-0.216697481906265,-0.073592220730402,-0.21200144313303038,-0.1713659056895774,33.5
entrant_share,paper,mobile,3,26-30,0.0,-0.0021251162411749,-0.0103333949929313,-0.0082082787517564,-0.0864846504106766,-0.0615543996057254,33.5
entrant_share,paper,mobile,3,50+,0.0,-0.0009288573245613,0.0956595678836176,0.0965884252081789,0.0,0.0,33.5
expband,paper,mobile,3,22-25,-0.15,-0.143105261175863,-0.267376594590011,-0.124271333414148,-0.5115157970231692,-0.34335036881008424,33.5
expband,paper,mobile,3,26-30,0.0,-0.0021251162411749,-0.0406124446176614,-0.038487328376486496,-0.1246911151769195,-0.0902003622037226,33.5
expband,paper,mobile,3,50+,0.0,-0.0009288573245613,0.149563784356259,0.1504926416808203,0.0,0.0,33.5
enrol,paper,mobile,3,22-25,-0.15,-0.143105261175863,-0.241197717870103,-0.09809245669424,-0.279506056108344,-0.23549787967495298,33.5
enrol,paper,mobile,3,26-30,0.0,-0.0021251162411749,-0.0278098271734371,-0.0256847109322622,-0.1021408688490707,-0.0724036649742236,33.5
enrol,paper,mobile,3,50+,0.0,-0.0009288573245613,0.128167132428101,0.1290959897526623,0.0,0.0,33.5
full,paper,mobile,3,22-25,-0.15,-0.143105261175863,-0.216697481906265,-0.073592220730402,-0.1951155139509054,-0.1664181080069094,33.5
full,paper,mobile,3,26-30,0.0,-0.0021251162411749,-0.0103333949929313,-0.0082082787517564,-0.08081201727512499,-0.0571456955027899,33.5
full,paper,mobile,3,50+,0.0,-0.0009288573245613,0.0956595678836176,0.0965884252081789,0.0,0.0,33.5
OL_exact,paper,mobile,4,22-25,-0.15,-0.164942321225113,-0.281653335957533,-0.11671101473242002,-0.32849550330500243,-0.2230320022929714,34.1
OL_exact,paper,mobile,4,26-30,0.0,0.0082680773684138,-0.0345281771367658,-0.0427962545051796,-0.0943049752592155,-0.07413142286472679,34.1
OL_exact,paper,mobile,4,50+,0.0,-0.0065164104532888,0.139364085981495,0.1458804964347838,0.0,0.0,34.1
OL_daioe,paper,mobile,4,22-25,-0.15,-0.164942321225113,-0.27904897588565,-0.11410665466053699,-0.3447012581859441,-0.23329863542541612,34.1
OL_daioe,paper,mobile,4,26-30,0.0,0.0082680773684138,-0.0395275437540234,-0.047795621122437196,-0.0936697331625965,-0.07343711278093229,34.1
OL_daioe,paper,mobile,4,50+,0.0,-0.0065164104532888,0.142008726342823,0.1485251367961118,0.0,0.0,34.1
fresh_stock,paper,mobile,4,22-25,-0.15,-0.164942321225113,-0.27904897588565,-0.11410665466053699,-0.3447012581859441,-0.23329863542541612,34.1
fresh_stock,paper,mobile,4,26-30,0.0,0.0082680773684138,-0.0395275437540234,-0.047795621122437196,-0.0936697331625965,-0.07343711278093229,34.1
fresh_stock,paper,mobile,4,50+,0.0,-0.0065164104532888,0.142008726342823,0.1485251367961118,0.0,0.0,34.1
entrant,paper,mobile,4,22-25,-0.15,-0.164942321225113,-0.27904897588565,-0.11410665466053699,-0.3447012581859441,-0.23329863542541612,34.1
entrant,paper,mobile,4,26-30,0.0,0.0082680773684138,-0.0395275437540234,-0.047795621122437196,-0.0936697331625965,-0.07343711278093229,34.1
entrant,paper,mobile,4,50+,0.0,-0.0065164104532888,0.142008726342823,0.1485251367961118,0.0,0.0,34.1
entrant_share,paper,mobile,4,22-25,-0.15,-0.164942321225113,-0.243905102031499,-0.07896278080638602,-0.2194722597386483,-0.1567814149630583,34.1
entrant_share,paper,mobile,4,26-30,0.0,0.0082680773684138,-0.0144307801657855,-0.0226988575341993,-0.0806973072496541,-0.0638183676560171,34.1
entrant_share,paper,mobile,4,50+,0.0,-0.0065164104532888,0.112638444068368,0.11915485452165679,0.0,0.0,34.1
expband,paper,mobile,4,22-25,-0.15,-0.164942321225113,-0.314212612652494,-0.14927029142738102,-0.48361827157375004,-0.306375327300606,34.1
expband,paper,mobile,4,26-30,0.0,0.0082680773684138,-0.0460563688222315,-0.0543244461906453,-0.1136620941255677,-0.0859659290952635,34.1
expband,paper,mobile,4,50+,0.0,-0.0065164104532888,0.163750138161774,0.1702665486150628,0.0,0.0,34.1
enrol,paper,mobile,4,22-25,-0.15,-0.164942321225113,-0.27904897588565,-0.11410665466053699,-0.3042043781825371,-0.21462048847452808,34.1
enrol,paper,mobile,4,26-30,0.0,0.0082680773684138,-0.0395275437540234,-0.047795621122437196,-0.08809430223666859,-0.0684908801370066,34.1
enrol,paper,mobile,4,50+,0.0,-0.0065164104532888,0.142008726342823,0.1485251367961118,0.0,0.0,34.1
full,paper,mobile,4,22-25,-0.15,-0.164942321225113,-0.243905102031499,-0.07896278080638602,-0.19083869854517427,-0.14144384087097028,34.1
full,paper,mobile,4,26-30,0.0,0.0082680773684138,-0.0144307801657855,-0.0226988575341993,-0.0751393051314701,-0.0586662174524081,34.1
full,paper,mobile,4,50+,0.0,-0.0065164104532888,0.112638444068368,0.11915485452165679,0.0,0.0,34.1
OL_exact,grad,base,0,22-25,-0.15,-0.126272987231582,-0.21204534314142,-0.085772355909838,-0.38061261757361703,-0.263051103968635,32.7
OL_exact,grad,base,0,26-30,-0.08,-0.0760420923539348,-0.110512974275203,-0.034470881921268196,-0.07766604689812481,-0.0630147057335298,32.7
OL_exact,grad,base,0,50+,0.0,-0.0079110412412511,0.10169355087709,0.1096045921183411,0.0,0.0,32.7
OL_daioe,grad,base,0,22-25,-0.15,-0.126272987231582,-0.236291341876309,-0.110018354644727,-0.3725192257223081,-0.25692231805285815,32.7
OL_daioe,grad,base,0,26-30,-0.08,-0.0760420923539348,-0.107424798577796,-0.03138270622386119,-0.086262513267901,-0.06280170314292441,32.7
OL_daioe,grad,base,0,50+,0.0,-0.0079110412412511,0.108728631774438,0.1166396730156891,0.0,0.0,32.7
fresh_stock,grad,base,0,22-25,-0.15,-0.126272987231582,-0.236291341876309,-0.110018354644727,-0.3725192257223081,-0.25692231805285815,32.7
fresh_stock,grad,base,0,26-30,-0.08,-0.0760420923539348,-0.107424798577796,-0.03138270622386119,-0.086262513267901,-0.06280170314292441,32.7
fresh_stock,grad,base,0,50+,0.0,-0.0079110412412511,0.108728631774438,0.1166396730156891,0.0,0.0,32.7
entrant,grad,base,0,22-25,-0.15,-0.126272987231582,-0.236291341876309,-0.110018354644727,-0.3725192257223081,-0.25692231805285815,32.7
entrant,grad,base,0,26-30,-0.08,-0.0760420923539348,-0.107424798577796,-0.03138270622386119,-0.086262513267901,-0.06280170314292441,32.7
entrant,grad,base,0,50+,0.0,-0.0079110412412511,0.108728631774438,0.1166396730156891,0.0,0.0,32.7
entrant_share,grad,base,0,22-25,-0.15,-0.126272987231582,-0.190537911895233,-0.064264924663651,-0.24093236539853047,-0.1811597368933185,32.7
entrant_share,grad,base,0,26-30,-0.08,-0.0760420923539348,-0.102077852873709,-0.0260357605197742,-0.0694808464702634,-0.0552440498832502,32.7
entrant_share,grad,base,0,50+,0.0,-0.0079110412412511,0.0823030252675355,0.09021406650878659,0.0,0.0,32.7
expband,grad,base,0,22-25,-0.15,-0.126272987231582,-0.281680979440422,-0.15540799220883997,-0.5414732585999572,-0.3470170655818062,32.7
expband,grad,base,0,26-30,-0.08,-0.0760420923539348,-0.107987831434882,-0.031945739080947194,-0.10899835957518769,-0.0780203535586885,32.7
expband,grad,base,0,50+,0.0,-0.0079110412412511,0.130442381347338,0.1383534225885891,0.0,0.0,32.7
enrol,grad,base,0,22-25,-0.15,-0.126272987231582,-0.236291341876309,-0.110018354644727,-0.36575100698344815,-0.25955179615423013,32.7
enrol,grad,base,0,26-30,-0.08,-0.0760420923539348,-0.107424798577796,-0.03138270622386119,-0.079499284833058,-0.0576832829412296,32.7
enrol,grad,base,0,50+,0.0,-0.0079110412412511,0.108728631774438,0.1166396730156891,0.0,0.0,32.7
full,grad,base,0,22-25,-0.15,-0.126272987231582,-0.190537911895233,-0.064264924663651,-0.2402742583300415,-0.1851657872992205,32.7
full,grad,base,0,26-30,-0.08,-0.0760420923539348,-0.102077852873709,-0.0260357605197742,-0.062304432826947406,-0.0500519646028898,32.7
full,grad,base,0,50+,0.0,-0.0079110412412511,0.0823030252675355,0.09021406650878659,0.0,0.0,32.7
OL_exact,grad,base,1,22-25,-0.15,-0.129463143370144,-0.214283875891948,-0.084820732521804,-0.3680094415919302,-0.28240231214858325,32.5
OL_exact,grad,base,1,26-30,-0.08,-0.0634306054753329,-0.0817654074797736,-0.018334802004440695,-0.087029889353876,-0.06393253180013489,32.5
OL_exact,grad,base,1,50+,0.0,0.0217072210589459,0.127409025647481,0.10570180458853509,0.0,0.0,32.5
OL_daioe,grad,base,1,22-25,-0.15,-0.129463143370144,-0.197329751713993,-0.067866608343849,-0.38778896091811255,-0.2882339849310485,32.5
OL_daioe,grad,base,1,26-30,-0.08,-0.0634306054753329,-0.0941718625168368,-0.030741257041503905,-0.0911178143479721,-0.070980701920988,32.5
OL_daioe,grad,base,1,50+,0.0,0.0217072210589459,0.130542020285808,0.1088347992268621,0.0,0.0,32.5
fresh_stock,grad,base,1,22-25,-0.15,-0.129463143370144,-0.197329751713993,-0.067866608343849,-0.38778896091811255,-0.2882339849310485,32.5
fresh_stock,grad,base,1,26-30,-0.08,-0.0634306054753329,-0.0941718625168368,-0.030741257041503905,-0.0911178143479721,-0.070980701920988,32.5
fresh_stock,grad,base,1,50+,0.0,0.0217072210589459,0.130542020285808,0.1088347992268621,0.0,0.0,32.5
entrant,grad,base,1,22-25,-0.15,-0.129463143370144,-0.197329751713993,-0.067866608343849,-0.38778896091811255,-0.2882339849310485,32.5
entrant,grad,base,1,26-30,-0.08,-0.0634306054753329,-0.0941718625168368,-0.030741257041503905,-0.0911178143479721,-0.070980701920988,32.5
entrant,grad,base,1,50+,0.0,0.0217072210589459,0.130542020285808,0.1088347992268621,0.0,0.0,32.5
entrant_share,grad,base,1,22-25,-0.15,-0.129463143370144,-0.135952896682484,-0.006489753312340002,-0.2545392081884481,-0.1999546461862481,32.5
entrant_share,grad,base,1,26-30,-0.08,-0.0634306054753329,-0.0925109539927344,-0.029080348517401503,-0.07815297905075791,-0.061641623840140304,32.5
entrant_share,grad,base,1,50+,0.0,0.0217072210589459,0.105330423564603,0.0836232025056571,0.0,0.0,32.5
expband,grad,base,1,22-25,-0.15,-0.129463143370144,-0.26037977255881,-0.130916629188666,-0.5958184570150977,-0.3933642694072837,32.5
expband,grad,base,1,26-30,-0.08,-0.0634306054753329,-0.105649256629668,-0.042218651154335096,-0.1111167809222509,-0.0849434788650579,32.5
expband,grad,base,1,50+,0.0,0.0217072210589459,0.151996251412058,0.1302890303531121,0.0,0.0,32.5
enrol,grad,base,1,22-25,-0.15,-0.129463143370144,-0.197329751713993,-0.067866608343849,-0.3432806500188455,-0.2753306405519505,32.5
enrol,grad,base,1,26-30,-0.08,-0.0634306054753329,-0.0941718625168368,-0.030741257041503905,-0.0811112435434269,-0.0671030942754715,32.5
enrol,grad,base,1,50+,0.0,0.0217072210589459,0.130542020285808,0.1088347992268621,0.0,0.0,32.5
full,grad,base,1,22-25,-0.15,-0.129463143370144,-0.135952896682484,-0.006489753312340002,-0.2240151502678251,-0.1906732548020661,32.5
full,grad,base,1,26-30,-0.08,-0.0634306054753329,-0.0925109539927344,-0.029080348517401503,-0.06864871792512611,-0.0581373612515371,32.5
full,grad,base,1,50+,0.0,0.0217072210589459,0.105330423564603,0.0836232025056571,0.0,0.0,32.5
OL_exact,grad,base,2,22-25,-0.15,-0.0928406228603888,-0.194447959137836,-0.1016073362774472,-0.3380249405583744,-0.25546205178485537,32.4
OL_exact,grad,base,2,26-30,-0.08,-0.0540429830481301,-0.0671992596171429,-0.013156276569012804,-0.09684545809750329,-0.07768605112924179,32.4
OL_exact,grad,base,2,50+,0.0,0.0001204416531352,0.113130899173484,0.1130104575203488,0.0,0.0,32.4
OL_daioe,grad,base,2,22-25,-0.15,-0.0928406228603888,-0.236166162984894,-0.1433255401245052,-0.4905525980323782,-0.33720186177387323,32.4
OL_daioe,grad,base,2,26-30,-0.08,-0.0540429830481301,-0.0692075322539873,-0.015164549205857206,-0.1283901700707277,-0.09830341581680781,32.4
OL_daioe,grad,base,2,50+,0.0,0.0001204416531352,0.154126209972781,0.1540057683196458,0.0,0.0,32.4
fresh_stock,grad,base,2,22-25,-0.15,-0.0928406228603888,-0.236166162984894,-0.1433255401245052,-0.4905525980323782,-0.33720186177387323,32.4
fresh_stock,grad,base,2,26-30,-0.08,-0.0540429830481301,-0.0692075322539873,-0.015164549205857206,-0.1283901700707277,-0.09830341581680781,32.4
fresh_stock,grad,base,2,50+,0.0,0.0001204416531352,0.154126209972781,0.1540057683196458,0.0,0.0,32.4
entrant,grad,base,2,22-25,-0.15,-0.0928406228603888,-0.236166162984894,-0.1433255401245052,-0.4905525980323782,-0.33720186177387323,32.4
entrant,grad,base,2,26-30,-0.08,-0.0540429830481301,-0.0692075322539873,-0.015164549205857206,-0.1283901700707277,-0.09830341581680781,32.4
entrant,grad,base,2,50+,0.0,0.0001204416531352,0.154126209972781,0.1540057683196458,0.0,0.0,32.4
entrant_share,grad,base,2,22-25,-0.15,-0.0928406228603888,-0.162385450078087,-0.0695448272176982,-0.2198408134543646,-0.1886715674595956,32.4
entrant_share,grad,base,2,26-30,-0.08,-0.0540429830481301,-0.0620184387070561,-0.007975455658926003,-0.07758468725205389,-0.0583879872089589,32.4
entrant_share,grad,base,2,50+,0.0,0.0001204416531352,0.0887394918886721,0.0886190502355369,0.0,0.0,32.4
expband,grad,base,2,22-25,-0.15,-0.0928406228603888,-0.237417031029622,-0.1445764081692332,-0.4927497604117992,-0.3391248400201852,32.4
expband,grad,base,2,26-30,-0.08,-0.0540429830481301,-0.0588778225634069,-0.004834839515276801,-0.1323192192637055,-0.1021448347552483,32.4
expband,grad,base,2,50+,0.0,0.0001204416531352,0.153142254978372,0.1530218133252368,0.0,0.0,32.4
enrol,grad,base,2,22-25,-0.15,-0.0928406228603888,-0.236166162984894,-0.1433255401245052,-0.4449083815808062,-0.3193366614507372,32.4
enrol,grad,base,2,26-30,-0.08,-0.0540429830481301,-0.0692075322539873,-0.015164549205857206,-0.1189845642497117,-0.0932960949509299,32.4
enrol,grad,base,2,50+,0.0,0.0001204416531352,0.154126209972781,0.1540057683196458,0.0,0.0,32.4
full,grad,base,2,22-25,-0.15,-0.0928406228603888,-0.162385450078087,-0.0695448272176982,-0.2044478265196566,-0.1787221887639556,32.4
full,grad,base,2,26-30,-0.08,-0.0540429830481301,-0.0620184387070561,-0.007975455658926003,-0.068993887948756,-0.053880324694556496,32.4
full,grad,base,2,50+,0.0,0.0001204416531352,0.0887394918886721,0.0886190502355369,0.0,0.0,32.4
OL_exact,grad,base,3,22-25,-0.15,-0.147256923109903,-0.26095533068531,-0.11369840757540703,-0.2965074508062554,-0.2352012795956504,32.4
OL_exact,grad,base,3,26-30,-0.08,-0.0503189749404045,-0.0128491881168892,0.0374697868235153,-0.1045564342266854,-0.07271399959794869,32.4
OL_exact,grad,base,3,50+,0.0,0.0095746382426978,0.129956685604002,0.1203820473613042,0.0,0.0,32.4
OL_daioe,grad,base,3,22-25,-0.15,-0.147256923109903,-0.231364478495845,-0.084107555385942,-0.32128335828382953,-0.24540351857214152,32.4
OL_daioe,grad,base,3,26-30,-0.08,-0.0503189749404045,-0.0355521410745844,0.014766833865820103,-0.103851061942291,-0.0719709729770058,32.4
OL_daioe,grad,base,3,50+,0.0,0.0095746382426978,0.134426116236158,0.12485147799346019,0.0,0.0,32.4
fresh_stock,grad,base,3,22-25,-0.15,-0.147256923109903,-0.231364478495845,-0.084107555385942,-0.32128335828382953,-0.24540351857214152,32.4
fresh_stock,grad,base,3,26-30,-0.08,-0.0503189749404045,-0.0355521410745844,0.014766833865820103,-0.103851061942291,-0.0719709729770058,32.4
fresh_stock,grad,base,3,50+,0.0,0.0095746382426978,0.134426116236158,0.12485147799346019,0.0,0.0,32.4
entrant,grad,base,3,22-25,-0.15,-0.147256923109903,-0.231364478495845,-0.084107555385942,-0.32128335828382953,-0.24540351857214152,32.4
entrant,grad,base,3,26-30,-0.08,-0.0503189749404045,-0.0355521410745844,0.014766833865820103,-0.103851061942291,-0.0719709729770058,32.4
entrant,grad,base,3,50+,0.0,0.0095746382426978,0.134426116236158,0.12485147799346019,0.0,0.0,32.4
entrant_share,grad,base,3,22-25,-0.15,-0.147256923109903,-0.228390699039707,-0.081133775929804,-0.2012807263500749,-0.1680764452051049,32.4
entrant_share,grad,base,3,26-30,-0.08,-0.0503189749404045,-0.0157637047008827,0.034555270239521804,-0.0833149476132978,-0.057613962288961804,32.4
entrant_share,grad,base,3,50+,0.0,0.0095746382426978,0.0994957515192888,0.089921113276591,0.0,0.0,32.4
expband,grad,base,3,22-25,-0.15,-0.147256923109903,-0.286475697192363,-0.13921877408246,-0.49526420622624723,-0.32785072077178423,32.4
expband,grad,base,3,26-30,-0.08,-0.0503189749404045,-0.0450970109628801,0.005221963977524398,-0.11905399532221471,-0.0825161147168309,32.4
expband,grad,base,3,50+,0.0,0.0095746382426978,0.151891468853294,0.1423168306105962,0.0,0.0,32.4
enrol,grad,base,3,22-25,-0.15,-0.147256923109903,-0.231364478495845,-0.084107555385942,-0.30697226044888654,-0.2440981769343885,32.4
enrol,grad,base,3,26-30,-0.08,-0.0503189749404045,-0.0355521410745844,0.014766833865820103,-0.0988921125976983,-0.0682059150436514,32.4
enrol,grad,base,3,50+,0.0,0.0095746382426978,0.134426116236158,0.12485147799346019,0.0,0.0,32.4
full,grad,base,3,22-25,-0.15,-0.147256923109903,-0.228390699039707,-0.081133775929804,-0.1940938306463219,-0.1681109203187029,32.4
full,grad,base,3,26-30,-0.08,-0.0503189749404045,-0.0157637047008827,0.034555270239521804,-0.07834615741953929,-0.0537448727745356,32.4
full,grad,base,3,50+,0.0,0.0095746382426978,0.0994957515192888,0.089921113276591,0.0,0.0,32.4
