measure,value
unweighted_r,0.0354401485256404
unweighted_p,0.5068780147319565
unweighted_slope,0.0003160893315821347
unweighted_slope_se,0.0004757599033989459
weighted_r,-0.020264190507514435
weighted_p,5.160689171547616e-141
n_occupations,353.0
