,2020-01,2020-03,2020-04,2020-05,2020-06,2020-07,2020-08,2020-09,2020-10,2020-11,2020-12,2021-01,2021-02,2021-03,2021-04,2021-05,2021-06,2021-07,2021-08,2021-09,2021-10,2021-11,2021-12,2022-01,2022-02,2022-03,2022-04,2022-05,2022-06,2022-07,2022-08,2022-09,2022-10,2022-11,2022-12,2023-01,2023-02,2023-03,2023-04,2023-05,2023-06,2023-07,2023-08,2023-09,2023-10,2023-11,2023-12,2024-01,2024-02,2024-03,2024-04,2024-05,2024-06,2024-07,2024-08,2024-09,2024-10,2024-11,2024-12,2025-01,2025-02,2025-03,2025-04,2025-05,2025-06,2025-07,2025-08,2025-09,2025-10,2025-11,2025-12,2026-01,2026-02,2026-03,2026-04,2026-05,2026-06
2020-01,0.0023091517991515927,0.000617069420480869,0.0006592581359794076,0.00011069871152655954,0.00044199025732602606,0.0010426087964258315,0.0010364159560716088,0.0009136904756897276,0.000854321035737974,0.0005580867368847808,0.00042503940398478887,0.0011443199460108204,0.0006303243099154158,0.0008023043139771054,0.0008032040690720062,0.0007381623544989715,0.0005291468619016111,0.0006076169249055941,0.0011609224608324026,0.0009177140084225507,0.0009486790155171367,0.0008983740506597426,0.0007617103393074759,0.0009839607579254107,0.0008356091012419063,0.000689687786297433,0.0007679506781522127,0.000933056642067785,0.0008528232129076225,0.0011875060943111256,0.0009220899699057324,0.0008619968051134898,0.0008405775986865848,0.0010237110769034559,0.001030700520495372,0.0012655060069656065,0.0006614337418339867,0.0006920842596478959,6.974281868481383e-05,0.0008434869773929039,0.00035932244813152736,0.0003880967124196761,0.00103738844208115,0.0005865149605697666,0.0008605752921509735,0.00032103271990707857,0.0002711093953397816,0.0007492084620416883,0.00048802276993774167,0.0003029323956913509,0.000667858320600954,7.474408243416284e-05,0.0005473292235986412,0.0007151715535810818,0.00061381119658591,0.00025799233694169104,0.0004029194052998316,0.000594593922487628,0.00047372219754837847,0.0009926114584261241,0.00026019223385620157,0.0002629112372916837,0.0005290878266725736,0.000670412244111447,0.00029770825942144476,0.0006639967816372255,0.0010736864394113223,0.00038426939641031556,0.000236773056246546,0.0002716999196580938,0.0003635320447853487,0.0005852650726877679,0.0007016320521878506,0.000282726962725052,0.0006226959000868889,0.00019112113521523472,0.000417851202682868
2020-03,0.000617069420480869,0.00256690212702208,0.0022764566959105332,0.0019551249501811893,0.0018137677543339486,0.0008858951313428156,0.0008733117702826509,0.001531335354767423,0.0017338064878329282,0.0016681172177987558,0.0018343547287653322,0.0009486549762157469,0.0010225504685162025,0.0014343701880508,0.00108898776333223,0.0015445422876805381,0.0012714335120172764,0.0011533490334675834,0.0007120520527881981,0.00045625399156977767,0.0009592410679852856,0.001503112502282584,0.0010944416890817299,0.0007949763398313313,0.001222002958553927,0.0010042308971013548,0.0011300627176434228,0.0010976293524534377,0.0016244399853741656,0.00088309478410378,0.0010639708487835357,0.0012454748791270263,0.0011994578291509423,0.001393134822175126,0.0013104710306343376,0.000853877391438913,0.0009491132944345855,0.0010045379223545708,0.0008351909033066304,0.0013096299053964747,0.001391708846978862,0.00043809270437868375,0.0006439524789923516,0.0009041397698453101,0.0008432173128930915,0.0011466341643413271,0.0007101525416276285,0.000693190859900184,0.0005147136522073866,0.0008116025521843102,0.0010034488120294087,0.0013091125745899176,0.0011144539392513781,0.0005773634836566328,0.0008872694419768885,0.0008890373519863253,0.0007020919827970037,0.000761400226665766,0.0005791054749239237,0.0006119167313900077,0.0006041400659305029,0.0009738594724846012,0.0011109406230885542,0.0010201153436252026,0.001226285015048376,0.0005461551750151731,0.00096827675795641,0.0006955837150183052,0.0009304511164096804,0.0008315160726953361,0.00048251748413633965,0.00044237582177986676,0.0009371996337169244,0.0008592601377875179,0.0006391590467835612,0.0006367428472644778,0.0007070594842369226
2020-04,0.0006592581359794076,0.0022764566959105332,0.004987855842509696,0.0036133350887363634,0.002834662781790226,0.0013364123766576232,0.0012118717916377278,0.0019470060440137467,0.0017780297960580563,0.002510022187057143,0.0025186514575276046,0.0014101090980804902,0.0015077657034851923,0.0018917427405596688,0.001704122737892111,0.002038466774863889,0.001545876073187177,0.0007564632648586021,0.0009089947823746739,0.000510515626418655,0.0011793641382463658,0.0015789563539960086,0.001412556098392438,0.0007600066166347709,0.001219379716165658,0.0011424035034639894,0.0014347790297923745,0.001459631821165134,0.0015636052523415813,0.00018712294075903387,0.0012716823006093084,0.0012440943401545357,0.0015719908654404494,0.0017334880212192864,0.0018572753378167679,0.0014842449298042917,0.001502913248442827,0.001434509881949726,0.0014008991002056423,0.0017725239658473882,0.0014288838514696744,0.00030997029403867434,0.0004963185907147262,0.0013423460491719529,0.0012956695408887454,0.0013058002706672204,0.0012577751555291812,0.0008396084516824182,0.0009500364700200472,0.0013324016295015997,0.001225391942939785,0.0016105278794153561,0.00105980317087438,0.0002814394213968282,0.0008667538042387288,0.0010167825219137934,0.0007498551465556222,0.001488243068773595,0.00112246301474729,0.0010680589829818545,0.0009238740091952434,0.0012135303739689487,0.00158532522604782,0.0018352271885272759,0.0017576519903974514,0.0007565784151827436,0.0011662856637559365,0.0009446643283811313,0.0015358831092904318,0.00157208471516335,0.001185517847405069,0.0007586207395055886,0.0014020077753976502,0.001709309913662325,0.0017244750384510178,0.001387223454633974,0.0014682831855812554
2020-05,0.00011069871152655954,0.0019551249501811893,0.0036133350887363634,0.00538218945638833,0.003313330293574712,0.0013411642894864207,0.001672945714399987,0.001953359395836342,0.0019030970206755818,0.0028739923524386535,0.0030361352645345546,0.0016363840126446746,0.0014937141549619072,0.0018255214661680736,0.00217588288965769,0.002248602964935162,0.0017308454671584052,0.0010222414721827453,0.0010642414036085635,0.0006646866157441918,0.0012223664068535126,0.001960407339113032,0.0014759533555041176,0.0007378924939312986,0.001073710597544584,0.001079552684831873,0.001368348506060004,0.001530736741300567,0.0016639190540859014,0.00011451971548458318,0.001167884345661016,0.0010210383909075062,0.0012413696992257168,0.0015215274348811337,0.0015141912042791411,0.0008023639456857092,0.0011066015845743822,0.0011420429778818883,0.0011817616229319228,0.0014104433497698458,0.0013913078635428558,-2.15147234133463e-05,0.0005877872804857525,0.00102490515920531,0.0010140179738192152,0.0011019314927337301,0.0009969053071403984,0.0005310373566550708,0.0006607322696121874,0.0011896763001474852,0.0008325616459622432,0.001356555225560809,0.0012388491203982803,0.00031047506554820255,0.0010509551607232274,0.0014343727857163697,0.000776634112596222,0.00145851476492994,0.0010126922912283708,0.0007976004475746049,0.0009624979292770692,0.0010999583048546362,0.001962473938792639,0.0018126442913875525,0.0021069869991882564,0.0006993527586406376,0.0012656335318513158,0.0011920328553713085,0.0017502864933556773,0.0019391936887274159,0.001193234684975484,0.0009657098967085448,0.0010006603126691796,0.0017194363581158685,0.0018480465781543056,0.0020183436212423255,0.0017065109802905788
2020-06,0.00044199025732602606,0.0018137677543339486,0.002834662781790226,0.003313330293574712,0.004932989210513,0.0016823374651469963,0.0014531763034700271,0.001342539094786498,0.0014232073486794795,0.0022080999717381277,0.002177844701986591,0.001139258135181975,0.0012472452712670528,0.0015603519433638824,0.0018480724780036743,0.0018917898413850591,0.001976320889124525,0.001277734296055561,0.00104680299915768,0.0008637142632241742,0.0011885558683829634,0.0019032573899545242,0.0014224345113915695,0.0004489683958818602,0.0008653805966588948,0.0009754701465806271,0.0011064974875290598,0.0012690769951145004,0.002219634425261731,0.000987104006386304,0.0006727067883696063,0.001193676331468295,0.0009751732113349731,0.0013291033936525417,0.0011554200635413648,0.00036971619508184,0.0005102681175468085,0.0005447826888889807,0.0008722189243671214,0.0010369460436779263,0.0014461822088529305,7.424460677494592e-05,0.00012112405394014498,0.0010614800858964428,0.0009346317517343282,0.0012788579054756094,0.0008604369024442038,0.0002905840534154905,0.0005150951317858897,0.0003989805529420289,0.0004152471961126748,0.0008534679481862869,0.001762703296353648,0.0005430010628457646,0.0009792864078291238,0.0014050537763609337,0.000767787640969612,0.0011851598022249812,0.0009700944811336774,0.0006947154526904603,0.0009421621219976579,0.0012986851599561997,0.0015286343154420274,0.0016007134147079695,0.0018686617189069459,0.0007991516050150612,0.0012664579450254148,0.0013234828210031049,0.0014659238858501353,0.0013614389915305386,0.0009892041279108837,0.0007368184415384319,0.0010706265174439402,0.0009776099658971148,0.0014764453221151608,0.001714857710458291,0.002088288140924183
2020-07,0.0010426087964258315,0.0008858951313428156,0.0013364123766576232,0.0013411642894864207,0.0016823374651469963,0.00375527296609085,0.001679038253544313,0.0015751122715740138,0.0016371963885617766,0.0015467115474750996,0.0013147530138292954,0.0016913696367496715,0.001165852351917726,0.00139201050883387,0.0015583459283311813,0.0018680582292121004,0.0016089286944260186,0.0020357782013162963,0.0018610383071812782,0.001381797114296984,0.0019206168651333105,0.0018963759735259214,0.0018217803923059866,0.0017480226509754932,0.0012888149641394953,0.0014795946094307284,0.0014674085635810606,0.0016045815430190975,0.0018949857438306074,0.001898549129501683,0.00172742905636982,0.0015300733665726013,0.001445442336094347,0.0016330424932930556,0.0012569062189197833,0.0012701771287513307,0.0011592057293274317,0.0010174099569595142,0.000765030241261356,0.0011015779638738432,0.0012928003034252053,0.0014319715222121574,0.0016727310062015278,0.0009745293126162893,0.0016621175262530592,0.001342932645201775,0.0013081654396347613,0.0011454681360217143,0.0011399802914905006,0.0009902767517574608,0.001499663297536067,0.0012296029414640627,0.0018562286081061697,0.0016934948551091816,0.0014185605825575666,0.0015909981207094684,0.0013657127460031792,0.001348631925627549,0.0007547128333979169,0.0012053348340866426,0.0009408057619064628,0.0013766482370911014,0.001605634362209761,0.0017924316900545336,0.0012823590751371767,0.0019238009270100683,0.0020393123687601888,0.001807800155613729,0.0014497253975353625,0.001272294191674457,0.00103968935598858,0.0008468784090126297,0.0010180564940120295,0.001031533584820825,0.0014650869220448905,0.000998082541657729,0.001614885749828723
2020-08,0.0010364159560716088,0.0008733117702826509,0.0012118717916377278,0.001672945714399987,0.0014531763034700271,0.001679038253544313,0.004141671938738389,0.00202060687651804,0.002043510977960801,0.0013372461676850991,0.0013637816784806708,0.00146927105894701,0.0008945615249922877,0.0011053213345800913,0.001510104271227902,0.0013948849894880823,0.0013441590531828897,0.0013997510841164645,0.0021757411573728276,0.0014560927337873772,0.0018175305609199719,0.0016989076427767888,0.000977684323147629,0.0013264686252725125,0.0011587231225895934,0.001283394492650346,0.001196838948754463,0.0015725937597217486,0.0011531824752978278,0.0014907734812692913,0.0020256831760042913,0.0016800180470322341,0.001298747324459403,0.0013091047098913826,0.0007858050391592728,0.0012558663828954562,0.0011249652111081244,0.0007707806368716858,0.0007979273505043196,0.0011640840398439638,0.0005755159179874171,0.0008633340684076708,0.002089579072764485,0.0009207673178676235,0.0014087698056312811,0.0009660989766470229,0.0006573809016110592,0.001018258803128336,0.0006716539197448624,0.0008517416241863473,0.0006627549641390351,0.0008949223406345438,0.0012984572265272156,0.0015502324652402952,0.0019091789134114002,0.0014981353614177285,0.0009032028508467685,0.0009662682351511421,0.00025339806352551563,0.0009871347646579244,0.0004677985559893782,0.0005859823485016094,0.0011327258945068933,0.0011069118807569829,0.0006612450994958607,0.0012655138712306209,0.0019856283273578025,0.0008679053742756411,0.001224942633905047,0.0011269964597585137,0.0007367383464391547,0.0007697062611556113,0.0005097895678210123,0.0013947788088432835,0.0010848814304823336,0.0010219324296749472,0.0009832448737844759
2020-09,0.0009136904756897276,0.001531335354767423,0.0019470060440137467,0.001953359395836342,0.001342539094786498,0.0015751122715740138,0.00202060687651804,0.0032565628632686082,0.002221597769495957,0.0021530664400752444,0.0020097809468420146,0.0019501911962493,0.0013251773713301575,0.0019805829493962698,0.0017953045808267996,0.0018050278511661257,0.001578851724042271,0.0016634497176169433,0.0017007303422746202,0.001329035989923956,0.0017940220927979708,0.0018689418433266117,0.0013973823770160963,0.0016251630449960772,0.0015566305859666513,0.0011472049141729949,0.0015274754405477041,0.001439459331896291,0.001782132650509775,0.0011312941386824003,0.0016440195939183525,0.0016338638541862284,0.0016280814173975588,0.0018387007377664369,0.0014188131883731293,0.001500630665976078,0.0015941838808800099,0.00100913037217089,0.0007419789601157133,0.0014921540520000571,0.0011747603551614922,0.0006524861028217927,0.0015327080593237515,0.0010235591206987345,0.0015120328374281203,0.0012817156149072377,0.0007853066951570983,0.0008929091407045955,0.0006552532879033718,0.001058567329340905,0.0009187903971701993,0.0012426061567222726,0.0012624552577056433,0.0008875578214873952,0.0011853940312160692,0.0014119809715196392,0.0010997551714869345,0.0010977407452289368,0.0007832588806540829,0.0010664198063561202,0.0005567907809153244,0.001033506937654677,0.0010433050578894493,0.0012557445608137588,0.001241733016986703,0.0009045300461166674,0.00142899361245578,0.0010998379478509494,0.0013487045541395062,0.0009850934908135483,0.0006295259247021346,0.0005156399664333427,0.000648797432672118,0.0013509743466359448,0.0011896359960371107,0.0006356319568592511,0.0009563893548018085
2020-10,0.000854321035737974,0.0017338064878329282,0.0017780297960580563,0.0019030970206755818,0.0014232073486794795,0.0016371963885617766,0.002043510977960801,0.002221597769495957,0.003571917312412518,0.0023282918363712593,0.0021644619165365046,0.0017513933325126797,0.0009703642961712122,0.0017101963896331354,0.001456607221071752,0.0018175772548751504,0.0015199185342762499,0.001667838477080541,0.0015600530806128222,0.0008891966396482286,0.0015132506518066443,0.0018100740698060343,0.0013708646398987807,0.001110123901260275,0.0012664678226419917,0.0013301071829201826,0.0011180487337970847,0.0012202053519827479,0.0014860917844471797,0.0013539955950267238,0.0015027005476708774,0.0013792111349181183,0.0012889906963536911,0.0014978535944163813,0.0011681115421742184,0.0010200055555052356,0.0011075020370685572,0.0010363342133290444,0.0005660155822339989,0.0010688891752211735,0.0011598528915939335,0.0005076409367571596,0.001184959183039048,0.0008978330061739815,0.001389730046569922,0.0013746919804051806,0.0009255405152808114,0.0011408133759140799,0.0007866415785819706,0.0008571265534084558,0.0013238070667728665,0.001705364245307706,0.001545129856445579,0.0012577912695940722,0.001826037654710614,0.0013677802764190902,0.0012298866424255883,0.0010790892847812033,0.0007259572252473879,0.0012046760765087878,0.0007112669450310769,0.0009025831977378379,0.0013954394123436569,0.0012250894207247848,0.0013543446922000704,0.001542145226191797,0.0016922455692806337,0.0010405334111378995,0.0015439056175027038,0.0007982001692777288,0.0006137332743324279,0.0007444001941326202,0.0011075063418389335,0.0012636091486407143,0.0009918753286323936,0.0009698811732523156,0.0010340124049904194
2020-11,0.0005580867368847808,0.0016681172177987558,0.002510022187057143,0.0028739923524386535,0.0022080999717381277,0.0015467115474750996,0.0013372461676850991,0.0021530664400752444,0.0023282918363712593,0.003938116898503696,0.0028747830259734635,0.0019908164418145895,0.001760782880105509,0.00226662395812547,0.002065024449547997,0.002279685413032167,0.001726637243918819,0.0017182215632070466,0.0012272959578105112,0.001017944861431439,0.0016076762301479135,0.002190835889749163,0.0022119097008930387,0.001308852653479429,0.0013871369704165125,0.0013041987807705757,0.00141765252138812,0.0014114729796731802,0.0018521670868284809,0.0010638958303977998,0.00117715109545622,0.0014148194235914999,0.0014223914504815677,0.0016787995662311181,0.0016278775661944431,0.000890570372913922,0.0011983665357831585,0.0008066386300830999,0.0008349913855492167,0.001053622944414178,0.0014024520642625317,0.00015055995930084604,0.0007724968298808174,0.0007378887500345442,0.0013672365308174685,0.001632633378487257,0.001326815041891348,0.0009994512349941176,0.001073011044379948,0.0009837292703102902,0.0010613642160565628,0.0015977014659563603,0.001643140334305103,0.0007520047090409428,0.0009309928549706542,0.001572213998424138,0.0013798069826505923,0.0015558049988060908,0.0013649171980040912,0.0011695766756800855,0.00117573627591693,0.001536250611990569,0.0016163631889997943,0.0017440161603024143,0.0016104996620238043,0.0011817518690218206,0.001452971197148702,0.0016560960284454653,0.002088248257911756,0.0016624792359994282,0.0011305842653090308,0.0006531624039279822,0.0011061008669624572,0.0016201066738566062,0.001444085822976913,0.0013427725474497783,0.001355459765221949
2020-12,0.00042503940398478887,0.0018343547287653322,0.0025186514575276046,0.0030361352645345546,0.002177844701986591,0.0013147530138292954,0.0013637816784806708,0.0020097809468420146,0.0021644619165365046,0.0028747830259734635,0.004623586350613438,0.0023229569476034767,0.0022003444779641113,0.002106642584285814,0.0020590368521298513,0.0021959722523343782,0.0017704011995806923,0.0014561216646905928,0.0011600179813702526,0.0007611145123820185,0.0015061095832645027,0.0023302078449252664,0.0022539837328688895,0.0014199502490944683,0.0018340415876273613,0.0014108818619006098,0.0014218614184503368,0.001589304510438004,0.0021346032879774775,0.0010622549307519667,0.001450063071992344,0.001628413810878371,0.0015052273881131445,0.0016133895433990408,0.002165025419556213,0.0011230971700256177,0.0015474214658519,0.001079024712480598,0.0007441125451348061,0.001255579744681142,0.001509777493137869,0.0009522084318464946,0.001234641866936712,0.0011714692477868497,0.00121535365519346,0.0016360105805695302,0.0018969245407591236,0.0009069414859781196,0.0009605804015219751,0.001249394665442661,0.000893362626689173,0.0016212335742061112,0.001336488197162083,0.0009361303420370691,0.0011581740260504503,0.0017270327549663606,0.0012112105486937418,0.0019286589244290582,0.0015196339281883552,0.0011183963199585813,0.0011068458665345565,0.00123097314177721,0.0018763049141298138,0.0016673602832286162,0.0016000423880752224,0.001376067495940648,0.0017265497995745877,0.0014063071777497584,0.001742046768914394,0.002087280754403567,0.0017605432697190859,0.001327852412330092,0.0012860159812785065,0.0017951747779357098,0.0017482862571693365,0.001536689913550808,0.0016316852654153697
2021-01,0.0011443199460108204,0.0009486549762157469,0.0014101090980804902,0.0016363840126446746,0.001139258135181975,0.0016913696367496715,0.00146927105894701,0.0019501911962493,0.0017513933325126797,0.0019908164418145895,0.0023229569476034767,0.0036082648381415743,0.0019309947965458916,0.0018665363167340303,0.0017925701925049688,0.0017390634355133345,0.0015230399562299306,0.0016304223086672166,0.0018327548943557327,0.0011254362469444038,0.0015916428333317726,0.0018813817774507012,0.002033436507249183,0.0021474185503358987,0.0017654449875755865,0.0011950476124602673,0.001502853995327351,0.0013629033135164757,0.0015473898725661423,0.0013583284530034184,0.0013601209207718006,0.0015982568471876952,0.0013338311704718991,0.001605845563224867,0.001399978080730484,0.0016286402934454077,0.001091275709005201,0.0008782252699776429,0.0006027633647303187,0.0012269908314581717,0.0007235831885775809,0.0006466364570314408,0.0013755023274261997,0.0007796283819689263,0.0009640155689568347,0.0006078711481775222,0.0007829065439321542,0.000725889272278687,0.0006548540094495469,0.00086912233539452,0.0006918289621972355,0.00044646733457867486,0.0006388479118572034,0.000578168280541397,0.0005299939873991426,0.0007299412813409859,0.0004904696233009713,0.0012066726837821002,0.0008877547743665621,0.0014829228969423713,0.0009241571636199022,0.0011280518440821897,0.001356043068098118,0.0015012527611738698,0.0010167729459214605,0.0014031710246178736,0.001694210538551957,0.0012605378786333026,0.0011760816013780002,0.0013325464476273774,0.0014278027961291938,0.0011635410902672673,0.0010355370239434059,0.0012644353428215719,0.0016851493060527397,0.0009105644743139577,0.0012391010065989372
2021-02,0.0006303243099154158,0.0010225504685162025,0.0015077657034851923,0.0014937141549619072,0.0012472452712670528,0.001165852351917726,0.0008945615249922877,0.0013251773713301575,0.0009703642961712122,0.001760782880105509,0.0022003444779641113,0.0019309947965458916,0.002954964436972047,0.001628250159962379,0.0015620679420857554,0.00157163120000942,0.0013701281289071662,0.0015545782305700175,0.0015686923414463796,0.0011139676688449792,0.0016536265236883735,0.0018876542605335144,0.0021027207938406145,0.0017631372533609005,0.0016010317393125627,0.0014889767740195123,0.001737858325425079,0.00161680121335654,0.0018740616583268097,0.0013627179722580094,0.0014866288974132128,0.0018910453977272082,0.0012844856779568828,0.0013121404036554691,0.0018696150807837883,0.0015053316771593455,0.0014240081546733627,0.001278398592800785,0.0012712651470603987,0.0012466092213351328,0.0014238618762840126,0.001300205150865097,0.0017129251710924923,0.0013613410672573473,0.001206382623604498,0.0013404940415490132,0.0017630571920320345,0.0012348551336564231,0.001309569862365767,0.0014551241706580416,0.0011535335321526266,0.0010773612573726373,0.00116316964018687,0.0008532199234763259,0.000980189787217675,0.0015237536009758952,0.00075644128992571,0.0016422888819992345,0.0012287449645312,0.001343305349885395,0.0012761353396140078,0.0014772823126632593,0.0015115219211627945,0.0016175353244748762,0.0008587412208532156,0.0011364060531949454,0.0017441769097407624,0.001902049973637754,0.0017229515198075257,0.0021215867406394282,0.0016495623022863824,0.001141505817615365,0.0011838600017425598,0.001563196170983433,0.001540385494877529,0.0013271165958382558,0.001348168406861809
2021-03,0.0008023043139771054,0.0014343701880508,0.0018917427405596688,0.0018255214661680736,0.0015603519433638824,0.00139201050883387,0.0011053213345800913,0.0019805829493962698,0.0017101963896331354,0.00226662395812547,0.002106642584285814,0.0018665363167340303,0.001628250159962379,0.003268185627466974,0.002164254454442527,0.002068847170449809,0.0015020362269983199,0.0017570397848676639,0.001142097278400171,0.0010298651912397235,0.001537685660903362,0.001682309817036556,0.0015832352795542306,0.0012590457412906886,0.0012188775955664106,0.0010230567773499301,0.001350293130288882,0.0013065612802006382,0.0018896660157946773,0.0011989574280080316,0.0010460270827293825,0.0012836283744984923,0.0013358420205905283,0.0016546913430913247,0.0014445534270768941,0.0010773057468726499,0.0012020432750958153,0.0007079195983106373,0.0005807895933910149,0.0011415067527303774,0.0010667930735765458,0.00027973383080269595,0.0009004294113806699,0.0007205340942187744,0.0011351447703759122,0.0012978819429733572,0.0009697859971045271,0.0006525860500305576,0.0009033226005038562,0.0009176307963879918,0.0010774240442239904,0.0009665496967388222,0.0013386410252954422,0.0010815264379124066,0.0005279561354134233,0.0012653003571488953,0.0010483004099664636,0.001213976483785581,0.0008904405860247248,0.0010149061705859125,0.0007274608532662481,0.0014950550953545597,0.0013836753785369128,0.0013251796847428767,0.001106382266552308,0.0007751396796632755,0.0011598070842780256,0.0011312543466318983,0.0012747444863897266,0.0009217159549935689,0.0007509894126294207,0.00029037992177074405,0.0007299763944915662,0.0010991747690991685,0.001395748014285899,0.0006805522620153273,0.0009473345711087896
2021-04,0.0008032040690720062,0.00108898776333223,0.001704122737892111,0.00217588288965769,0.0018480724780036743,0.0015583459283311813,0.001510104271227902,0.0017953045808267996,0.001456607221071752,0.002065024449547997,0.0020590368521298513,0.0017925701925049688,0.0015620679420857554,0.002164254454442527,0.003475323517741601,0.002339148033820545,0.0018367843274090206,0.002012103035351426,0.002052819773637624,0.001948427174519539,0.002191053093138433,0.0026235582842797957,0.002049610706804044,0.0019283111071871054,0.0017777192944342405,0.0017132637791794033,0.002170406320881439,0.0025240628490741926,0.002644985651108274,0.0020218929885430404,0.0019435924709356005,0.0016880464954393552,0.0019082435598803912,0.0023500478750105285,0.0019926080377354006,0.001618203037585056,0.001680890482589606,0.0015643993425375493,0.0013915035810604095,0.0021854269100591464,0.001932974863621068,0.0013210381045751815,0.0021777626843014165,0.001608443173684349,0.00193967827925606,0.0017471968536098103,0.0015065538965749374,0.0010295281663018942,0.0011219993971250423,0.0013986672247058235,0.0014127877163784624,0.0014437675458119454,0.0018298186708668143,0.0014098023635626205,0.0011694818790560031,0.0017700696557810215,0.0015648464175474848,0.0017092047601552844,0.0014552879539591235,0.0011751069935581919,0.0010283776571229657,0.0015724357573079898,0.0019010806871086255,0.002002321481589412,0.001599250950316155,0.0010887464894298433,0.0014439694724513496,0.0014846649367236237,0.0015745519668301207,0.0014578077591813165,0.0012329587003616451,0.0006901843405985326,0.0007092793031139226,0.0014804870711028744,0.0017750935292555345,0.0013980061121788316,0.0017538712831150563
2021-05,0.0007381623544989715,0.0015445422876805381,0.002038466774863889,0.002248602964935162,0.0018917898413850591,0.0018680582292121004,0.0013948849894880823,0.0018050278511661257,0.0018175772548751504,0.002279685413032167,0.0021959722523343782,0.0017390634355133345,0.00157163120000942,0.002068847170449809,0.002339148033820545,0.0034598204082882922,0.0021175785459463387,0.0024580277250918223,0.00218643050276124,0.0016126410559148237,0.0021479721588259565,0.0027147804798937367,0.002293872784946088,0.0021977855547425057,0.002143683474326183,0.001826396161841797,0.0023070065422792583,0.0023065612320738835,0.002817116571684663,0.002070672720709866,0.0022078694105295764,0.00201063971101895,0.0019064686228612482,0.002278233228742871,0.0021195347069476074,0.0015930001184065847,0.001853110564923324,0.001652569966909691,0.0015436963810955067,0.002126620460719366,0.0019959266641563795,0.000976285613624722,0.001937307106183071,0.0014078115630119336,0.0018634991645230812,0.001807584233277082,0.001351860021202049,0.0010864025788912472,0.001008902363976172,0.0015521463636598695,0.0015620555136496082,0.0017515553703294972,0.0019592463080945624,0.0014239715736407465,0.0012810297892178438,0.0018888158807087389,0.0013324594391376688,0.001674812254356671,0.0011203309911536493,0.0013120461642968694,0.0010503404169010118,0.0015710117801927192,0.0020396288161581514,0.0020234111717894387,0.0017785182543844308,0.0012780505777273187,0.0018156898431108586,0.0018123851251058637,0.0016795445430214167,0.0016496340677370216,0.0012251760196880547,0.0009047364804887029,0.0012467171916082168,0.0016110438494116852,0.0019005971370395865,0.001588049818526617,0.001848583235951856
2021-06,0.0005291468619016111,0.0012714335120172764,0.001545876073187177,0.0017308454671584052,0.001976320889124525,0.0016089286944260186,0.0013441590531828897,0.001578851724042271,0.0015199185342762499,0.001726637243918819,0.0017704011995806923,0.0015230399562299306,0.0013701281289071662,0.0015020362269983199,0.0018367843274090206,0.0021175785459463387,0.003244773075257173,0.0022720074432113755,0.00203692239929542,0.0015581521617641252,0.002129784337036428,0.0022910166026580935,0.002062180928236611,0.001641827463399153,0.001485693878094131,0.0015041614089506593,0.0018357216778324722,0.0017721417237258363,0.002432874461631564,0.001818390663109609,0.0017351953303109697,0.0018662532090716398,0.0014327477750839207,0.0017683534129989196,0.0013673127094428648,0.0011718369073745326,0.0011732872404693288,0.0010833809614088665,0.0011317214341713682,0.001350746879176297,0.001778823842152974,0.001292766296407437,0.0014748528880984273,0.001667603634167391,0.0016981745211031493,0.0017536982967178115,0.0014617290352645848,0.0010604807624210347,0.001129104778337043,0.0013374188861536049,0.0011755312659767442,0.0014979521090116457,0.0021502639290470102,0.0014579763526994334,0.0016063991199858096,0.0018883860276263228,0.0014848910672290469,0.001565393370646111,0.0009483870212446822,0.0009839487037747357,0.0011306531672255812,0.001570126621334884,0.001641757914978044,0.0019087716128681773,0.0018113229822348566,0.0017309099523494858,0.0020287250066858857,0.0016808838953935182,0.0015784902162698116,0.0013515770465510352,0.0012126897515707493,0.0010074162272387878,0.0011351946692981613,0.0014916951833508062,0.0016765839784190417,0.0014711479818067374,0.0023312777415338912
2021-07,0.0006076169249055941,0.0011533490334675834,0.0007564632648586021,0.0010222414721827453,0.001277734296055561,0.0020357782013162963,0.0013997510841164645,0.0016634497176169433,0.001667838477080541,0.0017182215632070466,0.0014561216646905928,0.0016304223086672166,0.0015545782305700175,0.0017570397848676639,0.002012103035351426,0.0024580277250918223,0.0022720074432113755,0.005237770370864917,0.003115226893896896,0.0028934330836890036,0.0034256174387337027,0.003968408897013165,0.0031300259364750436,0.0034181213111092127,0.002964921968090525,0.0025492126520955598,0.0027894541036440597,0.002620612112234459,0.003484453843860369,0.003898363138295049,0.0034100272210804247,0.002978989355860077,0.002381063426854095,0.0029562105752365233,0.002465467388280602,0.0024811495127492703,0.002199615578855385,0.0021554024753057165,0.002125657039274463,0.002651746472292375,0.002907199277889204,0.002922275358990837,0.0036306073769583674,0.0024822309113122095,0.0030558628871035507,0.002991315011803985,0.002450935764070867,0.0025262021250117774,0.0019755024506029626,0.0021132679624202783,0.002059424119629928,0.002011207325204332,0.0026594589485742725,0.002772642842254284,0.0026378690499065695,0.002730674876786233,0.0021220959201137873,0.0020711499214435027,0.001336323886995704,0.001905559321756661,0.0013753018912573555,0.002080099869104438,0.0022034347852332298,0.002034184166580023,0.001878818684101472,0.0021299505912125523,0.0023882881775037453,0.002719874276337515,0.002635688262605395,0.001966494562013618,0.001574783632349776,0.001421747513667881,0.001438874236322612,0.0014878012915231441,0.0014421329534894437,0.001214887179265335,0.0016380325276028796
2021-08,0.0011609224608324026,0.0007120520527881981,0.0009089947823746739,0.0010642414036085635,0.00104680299915768,0.0018610383071812782,0.0021757411573728276,0.0017007303422746202,0.0015600530806128222,0.0012272959578105112,0.0011600179813702526,0.0018327548943557327,0.0015686923414463796,0.001142097278400171,0.002052819773637624,0.00218643050276124,0.00203692239929542,0.003115226893896896,0.004567665174402039,0.0030270531443153535,0.003365999592811564,0.00344160342123556,0.0025877848189978687,0.0030980815214854216,0.0026124630376683847,0.002660128451389114,0.0028585094207987088,0.0030629875835463845,0.002921279489359133,0.003471578159750327,0.0035995641862583156,0.0030991677979247787,0.002580975651131822,0.0027410370720934423,0.0021310488681596717,0.002722539834763728,0.0021457051802132735,0.0025442516472148832,0.0022350463155483002,0.002900853501561127,0.0025426884296868924,0.0026358488291792852,0.0038248488809879966,0.002788220954053909,0.0029662109417609717,0.0022534540579202686,0.0021862751751258987,0.002300806497803189,0.001948324201191121,0.002292183153251375,0.001957767116110544,0.0019550394837017544,0.002306942233792554,0.00245949504069795,0.002906837667963006,0.0025327154793923384,0.0017300185727758602,0.002303600926179529,0.0013016167943719307,0.0021367135291785935,0.001533651420625883,0.0017359642234925196,0.0020552126002509746,0.002263062453589758,0.0014568597736352288,0.0021504911143436483,0.0029329412004478993,0.002450740595688544,0.0025425924324377555,0.0020236175320622538,0.0016712717101490132,0.0016455044136886505,0.0015316834334987025,0.0019660568556985948,0.0019257377944837085,0.0016307983569765303,0.0020925802978353177
2021-09,0.0009177140084225507,0.00045625399156977767,0.000510515626418655,0.0006646866157441918,0.0008637142632241742,0.001381797114296984,0.0014560927337873772,0.001329035989923956,0.0008891966396482286,0.001017944861431439,0.0007611145123820185,0.0011254362469444038,0.0011139676688449792,0.0010298651912397235,0.001948427174519539,0.0016126410559148237,0.0015581521617641252,0.0028934330836890036,0.0030270531443153535,0.004176107865214778,0.003148213068624623,0.0030551962832313802,0.002484405347172076,0.0028366095353236026,0.0025576380709459437,0.0024145834555284428,0.0026050320325285235,0.0032314138590979515,0.0028991965694022733,0.0034674628084963794,0.0031514186103710237,0.0029484099089057076,0.003046023359740648,0.0030468319906482265,0.002526261191041614,0.002758949136655531,0.002088701749489749,0.0026680300990234787,0.0023317642949435644,0.0034342723385126653,0.002835866039305081,0.0029241606597254903,0.003754195825259469,0.0026914979349082955,0.0031941089283209698,0.002457255608158031,0.002550372716973094,0.002703987316314972,0.0016666948318956897,0.0024371982913812098,0.0020127269870713034,0.0020805609179387523,0.0024791676849191284,0.0023688892931173315,0.0029732031518734546,0.0025416035989132306,0.0024329783622683,0.002349887359660702,0.0018932349367645424,0.0018975167807861659,0.0015486020297202788,0.001706185700458779,0.0019587579958494665,0.0020249515370617324,0.0018378649874703262,0.0017440097474222733,0.0024489928326554542,0.0024459115781813486,0.0024346230020831864,0.0017967492688466292,0.0018799166540812854,0.0016202183606170292,0.0013471858900011542,0.0014739282839931547,0.0015832895367879664,0.0013969215918095436,0.002226799923019193
2021-10,0.0009486790155171367,0.0009592410679852856,0.0011793641382463658,0.0012223664068535126,0.0011885558683829634,0.0019206168651333105,0.0018175305609199719,0.0017940220927979708,0.0015132506518066443,0.0016076762301479135,0.0015061095832645027,0.0015916428333317726,0.0016536265236883735,0.001537685660903362,0.002191053093138433,0.0021479721588259565,0.002129784337036428,0.0034256174387337027,0.003365999592811564,0.003148213068624623,0.004501352208730847,0.0037552704125016403,0.003141015472328505,0.003181050442272284,0.002684305629725622,0.0027825277372995347,0.0030527447668839795,0.003233691052221363,0.0033507190284849664,0.003577199137821366,0.0036319013689137224,0.003421652495521834,0.003041262891898263,0.003340650954793095,0.0028954077940452367,0.0032078255680502935,0.0028299484317904078,0.002549084111123859,0.0025305023743359915,0.003141693364825906,0.0032045038161066424,0.0033462638383312364,0.004237200267773987,0.0031567898163113754,0.0037196350708753245,0.00314140862694929,0.0030622977551479948,0.0028696034880185016,0.0025860163019503935,0.0028719506235701997,0.002425991425370616,0.0024626829743732695,0.0030296662034121633,0.003134154685988701,0.003221826309681367,0.0031787047099415926,0.002515704938636661,0.0027643420378155193,0.001748824153059861,0.0020838737785046826,0.0014973571404471695,0.0022736049082829244,0.0023080682996450075,0.002456350846777774,0.0017566148099537639,0.0020880812912146074,0.0031446966950690594,0.002831802486722194,0.0029962018294211763,0.002398071259843984,0.0017895781897879985,0.0015542083371276028,0.0014929408226373392,0.0021826193055241743,0.0017767831566911645,0.0015870683438780739,0.002212838789969568
2021-11,0.0008983740506597426,0.001503112502282584,0.0015789563539960086,0.001960407339113032,0.0019032573899545242,0.0018963759735259214,0.0016989076427767888,0.0018689418433266117,0.0018100740698060343,0.002190835889749163,0.0023302078449252664,0.0018813817774507012,0.0018876542605335144,0.001682309817036556,0.0026235582842797957,0.0027147804798937367,0.0022910166026580935,0.003968408897013165,0.00344160342123556,0.0030551962832313802,0.0037552704125016403,0.005251198328692731,0.0034784121771516824,0.003627920268962677,0.0033802932708590387,0.003053832489215841,0.0032389350876385154,0.003647031946938844,0.0041683982116260225,0.004117732633433102,0.003936823478208947,0.003668899601548859,0.0029856647426244084,0.00366880916592611,0.003387328235623599,0.0029855346218524937,0.003052204295259831,0.0028922322795567825,0.002456883356113217,0.0036946037751694485,0.0036815966434597565,0.003105581062491435,0.004217537291604153,0.0034161384578339886,0.0036276392806716597,0.003631852861866744,0.0031659803117450374,0.0027775491002565524,0.0025714192081554687,0.00274981824755838,0.0022725307610757996,0.002599827615959266,0.0029711107198938207,0.0026413608636444937,0.002996164588551596,0.003210532904470877,0.0023430988400852592,0.0027224503680746493,0.001695168671878258,0.002230891363904126,0.001688409286077938,0.002298176269632043,0.0028740641729915594,0.0027807184059544807,0.0020546046465373616,0.0020683822543138357,0.002829056005343866,0.0030017816329580885,0.003034794716929398,0.0026705491673076794,0.0018984583611840894,0.0017739454570654032,0.0017369300189285478,0.0023035044566174835,0.0020797775298276896,0.0020365035503257835,0.002442489139350303
2021-12,0.0007617103393074759,0.0010944416890817299,0.001412556098392438,0.0014759533555041176,0.0014224345113915695,0.0018217803923059866,0.000977684323147629,0.0013973823770160963,0.0013708646398987807,0.0022119097008930387,0.0022539837328688895,0.002033436507249183,0.0021027207938406145,0.0015832352795542306,0.002049610706804044,0.002293872784946088,0.002062180928236611,0.0031300259364750436,0.0025877848189978687,0.002484405347172076,0.003141015472328505,0.0034784121771516824,0.004353887591072005,0.0031595079087000004,0.002887776815622614,0.0027106651989251503,0.002776438735907191,0.0029006845766693864,0.0031007544664626773,0.0029815761839162274,0.002960334280064934,0.0029335195047477895,0.002482774328578445,0.002764535230716135,0.0031880301867701763,0.002635713882971069,0.0025302944446226913,0.0023945894806441147,0.002229958450568176,0.0025899712753149045,0.0029958908738791047,0.002611677486924599,0.0031388277205491397,0.0023578983190689464,0.002949098144267805,0.002831444155278631,0.0031097744042524796,0.0026862099819475317,0.0024156338265163054,0.002694892599905665,0.002253603621824524,0.002484095367331347,0.002523624188158635,0.0021868031455414124,0.002283756550517776,0.002626018007508612,0.002414445744263736,0.002820554135397371,0.0021326986845347532,0.0021649439852204173,0.0018115837935271904,0.0023665352822488253,0.002436728163856948,0.0026021163408255356,0.0018549304339886587,0.002366754550662168,0.002732791847070977,0.002949252544172279,0.002822226895212647,0.002511412902006521,0.002307581641187418,0.001709461351285307,0.0017935902961494943,0.002296965180583062,0.0021866837059567683,0.001742982599428876,0.0023400576308457333
2022-01,0.0009839607579254107,0.0007949763398313313,0.0007600066166347709,0.0007378924939312986,0.0004489683958818602,0.0017480226509754932,0.0013264686252725125,0.0016251630449960772,0.001110123901260275,0.001308852653479429,0.0014199502490944683,0.0021474185503358987,0.0017631372533609005,0.0012590457412906886,0.0019283111071871054,0.0021977855547425057,0.001641827463399153,0.0034181213111092127,0.0030980815214854216,0.0028366095353236026,0.003181050442272284,0.003627920268962677,0.0031595079087000004,0.0047113022774680135,0.0036867222274750396,0.0027858160770664313,0.0032027821560045426,0.0034009688592432645,0.0034914794319592006,0.003731573257478164,0.003621656258541694,0.003370968195436719,0.0028442731533275386,0.0033067682430589496,0.002991340448027429,0.0034900198975531737,0.00294854718968195,0.002886087833950237,0.0026117179565101315,0.003503492186749275,0.0029615467282174167,0.0032768928489610664,0.004375682101045697,0.002706511777152348,0.003114229055210328,0.0025779616780622267,0.002443954631581093,0.002574685474892333,0.0021663662072347054,0.0025527890893513394,0.0021306439231633693,0.0020001312103964898,0.002198075452737164,0.0023057818205857034,0.002310856136036986,0.002568151104500512,0.0016905052734766646,0.002176119101021946,0.0013897897525710391,0.002552975317586459,0.001497602189831072,0.0018768537457023394,0.0020720496306260196,0.0019939946996935455,0.0013482124060175877,0.0017063067407525256,0.002573457673310081,0.0025229694278897504,0.0022329898437904927,0.002220979088265374,0.0016187231752545833,0.0017409695510980437,0.0014986478614494553,0.001792933708453044,0.0017248944338772634,0.001007265080996367,0.0016274787056488886
2022-02,0.0008356091012419063,0.001222002958553927,0.001219379716165658,0.001073710597544584,0.0008653805966588948,0.0012888149641394953,0.0011587231225895934,0.0015566305859666513,0.0012664678226419917,0.0013871369704165125,0.0018340415876273613,0.0017654449875755865,0.0016010317393125627,0.0012188775955664106,0.0017777192944342405,0.002143683474326183,0.001485693878094131,0.002964921968090525,0.0026124630376683847,0.0025576380709459437,0.002684305629725622,0.0033802932708590387,0.002887776815622614,0.0036867222274750396,0.004077339998973932,0.0025831957843039308,0.003017638636796439,0.003256014909664241,0.003341541080697602,0.003276517693480516,0.0034382321641848925,0.003117521308358553,0.002950892998056473,0.003115237368304901,0.0031194859796308504,0.003203857654522039,0.0028744647512107496,0.0029271980258217065,0.0024555870917174556,0.0035875190832398273,0.002899698796762155,0.0029973456442022386,0.0037620546400807036,0.0025893856601180865,0.0028935697726786658,0.0024479415264450103,0.0023029937050471957,0.0023331045231195424,0.0018588369438302182,0.0024611155490516646,0.0019903068049230634,0.0022166855623910325,0.0020319188051836283,0.0017765481165017715,0.002257515597678973,0.0024346780115385757,0.001724952152297339,0.0022232297451193553,0.0015336927352919295,0.0022261505976518426,0.0014079372527102208,0.001719094201384939,0.0019560108701725315,0.0019070346553860587,0.00157052590668645,0.001564797743636645,0.002458388402497333,0.002164518051164103,0.0021889561310321276,0.001942120210136403,0.0016247641157881038,0.0016771626481701181,0.0016479422496451536,0.0019661640202522828,0.0016665952506645858,0.000977038362342519,0.0014958925857497004
2022-03,0.000689687786297433,0.0010042308971013548,0.0011424035034639894,0.001079552684831873,0.0009754701465806271,0.0014795946094307284,0.001283394492650346,0.0011472049141729949,0.0013301071829201826,0.0013041987807705757,0.0014108818619006098,0.0011950476124602673,0.0014889767740195123,0.0010230567773499301,0.0017132637791794033,0.001826396161841797,0.0015041614089506593,0.0025492126520955598,0.002660128451389114,0.0024145834555284428,0.0027825277372995347,0.003053832489215841,0.0027106651989251503,0.0027858160770664313,0.0025831957843039308,0.0032248892215141016,0.0027736980120160997,0.003050520440259358,0.002975362658963939,0.003103161751938265,0.0031567887553074973,0.002870816656718648,0.002703197982089932,0.002655878570436386,0.0026978686881276633,0.0025372417551238254,0.0024681996496120464,0.0026048441524173307,0.002506800561211552,0.0028906878210078705,0.0029722359758507107,0.0029761547965164673,0.0034287256377470285,0.0026145044891885817,0.0027927325790871203,0.0026449089258863724,0.002760713930447571,0.0027358284746840595,0.002297791375444325,0.002768753931337183,0.002361710380950962,0.0027525861105181684,0.0025578698760998038,0.0023557112558839303,0.0028630451221352392,0.0026661755852563887,0.002174328732567435,0.002429498464635898,0.0018798199436356872,0.002175338771251102,0.0017766715198165026,0.00209625634052065,0.002315648924696339,0.0022659479486740386,0.0018679022425728735,0.002032574204836919,0.0026766686668216163,0.002556930079200931,0.002645114683797581,0.0023890380147007246,0.001961985957053224,0.0017648383652839796,0.0017209805487620154,0.001977104719254413,0.001971309272047481,0.00164615857677713,0.002131354742648135
2022-04,0.0007679506781522127,0.0011300627176434228,0.0014347790297923745,0.001368348506060004,0.0011064974875290598,0.0014674085635810606,0.001196838948754463,0.0015274754405477041,0.0011180487337970847,0.00141765252138812,0.0014218614184503368,0.001502853995327351,0.001737858325425079,0.001350293130288882,0.002170406320881439,0.0023070065422792583,0.0018357216778324722,0.0027894541036440597,0.0028585094207987088,0.0026050320325285235,0.0030527447668839795,0.0032389350876385154,0.002776438735907191,0.0032027821560045426,0.003017638636796439,0.0027736980120160997,0.004025592561943168,0.0035100446118273994,0.0036641528069989242,0.0033145171932182794,0.003345743782971678,0.0030787197864812605,0.003089077445261498,0.0031908853345276184,0.0030504980496254054,0.0030413870841494318,0.0028764808003543816,0.0030931679843484716,0.00305677476978133,0.0036440335729306323,0.0033091920211299575,0.003107099349915224,0.0037774439326348644,0.002887730706115892,0.0031831704744985914,0.0027600707465659257,0.0024165381425744984,0.0025248912377660916,0.0020955392890726807,0.002928048337685064,0.0027073122610225824,0.0027726169427259705,0.0026944455842132457,0.002006239631838172,0.0023935916696626054,0.0027573033173413576,0.001990586136717237,0.0024995546773104917,0.001901883841408995,0.002107545588390466,0.001589533406123648,0.002242213513302164,0.0021218338244159227,0.002390209016246941,0.0020858912849940495,0.0016077772659097499,0.002602760102284006,0.002488402949833782,0.0025454823393964918,0.002349584565918589,0.0018299466955159307,0.0015013546974559154,0.001505108230846276,0.0022404780306566345,0.0020495333350579814,0.0015930697885782313,0.0022717261706551852
2022-05,0.000933056642067785,0.0010976293524534377,0.001459631821165134,0.001530736741300567,0.0012690769951145004,0.0016045815430190975,0.0015725937597217486,0.001439459331896291,0.0012202053519827479,0.0014114729796731802,0.001589304510438004,0.0013629033135164757,0.00161680121335654,0.0013065612802006382,0.0025240628490741926,0.0023065612320738835,0.0017721417237258363,0.002620612112234459,0.0030629875835463845,0.0032314138590979515,0.003233691052221363,0.003647031946938844,0.0029006845766693864,0.0034009688592432645,0.003256014909664241,0.003050520440259358,0.0035100446118273994,0.004804080366881862,0.003959853619642426,0.003771529234997918,0.003823857423324656,0.0034267158982991984,0.0034300032890725784,0.003621315463785451,0.0033162711315665346,0.003298520084821748,0.0031208952697164786,0.0034352604573170574,0.0029926188722613828,0.004173005057570504,0.003668843017339514,0.0035192686673081643,0.0045666910836626995,0.003215475642818176,0.0035319482850988846,0.002923179050679667,0.0030994854051875913,0.002915386126595142,0.002272826419490531,0.003162616309160601,0.002621065673018731,0.002971406260908342,0.003064584891105447,0.002628890362189844,0.002963866770602319,0.003076335483661903,0.0023805824919599,0.0026696320826002273,0.0019486898397252114,0.002229420198781028,0.0017161972620011931,0.002169443461176173,0.002572359198389302,0.002702695289543787,0.001972866168881478,0.001885122467552674,0.0026836016918918,0.002766021535207612,0.002589447605941028,0.0022325927074245606,0.0019598485822735464,0.0016455808845946707,0.0014525258539427677,0.002377779122236503,0.0021385035285585536,0.0018189909966185233,0.002534982798736622
2022-06,0.0008528232129076225,0.0016244399853741656,0.0015636052523415813,0.0016639190540859014,0.002219634425261731,0.0018949857438306074,0.0011531824752978278,0.001782132650509775,0.0014860917844471797,0.0018521670868284809,0.0021346032879774775,0.0015473898725661423,0.0018740616583268097,0.0018896660157946773,0.002644985651108274,0.002817116571684663,0.002432874461631564,0.003484453843860369,0.002921279489359133,0.0028991965694022733,0.0033507190284849664,0.0041683982116260225,0.0031007544664626773,0.0034914794319592006,0.003341541080697602,0.002975362658963939,0.0036641528069989242,0.003959853619642426,0.005492193138755204,0.0044295782817009785,0.0036718290069040734,0.003687491388507055,0.0034522252046351454,0.003780135155037273,0.0036794678456465776,0.0031758441185463075,0.0031499656956559584,0.003216812372100698,0.0030085849567916085,0.004018572923187764,0.00434879480037809,0.0038171173028322186,0.0041908517857352015,0.003473105484429749,0.0035776695206405328,0.0037123643561322193,0.0033744263327423387,0.0028391052922536906,0.0025656897268571954,0.002966051173978984,0.002693970872828931,0.0032071095568681238,0.004073627586444188,0.002930795711164979,0.003056366675545877,0.0037556349361678116,0.0026276476865304452,0.0029713434280224486,0.0021579426801909725,0.0023320904976555368,0.0016965992077924389,0.0027921060028125947,0.002718429217316907,0.002735727018976098,0.0024661318204803277,0.0018669856827050234,0.0028412736279584145,0.0029948967913864637,0.002780714201845185,0.0023647419927760403,0.0018702774660071715,0.0015966627235404257,0.001789406990519668,0.002088997941034842,0.002327068984088607,0.0019357979954737407,0.0029031761982277007
2022-07,0.0011875060943111256,0.00088309478410378,0.00018712294075903387,0.00011451971548458318,0.000987104006386304,0.001898549129501683,0.0014907734812692913,0.0011312941386824003,0.0013539955950267238,0.0010638958303977998,0.0010622549307519667,0.0013583284530034184,0.0013627179722580094,0.0011989574280080316,0.0020218929885430404,0.002070672720709866,0.001818390663109609,0.003898363138295049,0.003471578159750327,0.0034674628084963794,0.003577199137821366,0.004117732633433102,0.0029815761839162274,0.003731573257478164,0.003276517693480516,0.003103161751938265,0.0033145171932182794,0.003771529234997918,0.0044295782817009785,0.0063211668666064095,0.004303255782161769,0.0039918759134319505,0.0034527209148979094,0.003798835959095792,0.0034547575464055685,0.003462094558388987,0.0028784395010734657,0.0033359549216636663,0.0025176238592954803,0.003953671858958282,0.0037274089699543683,0.004232727226234417,0.005079141689836059,0.003532307925127055,0.004119586960549316,0.0035771452690737037,0.0034558047377223782,0.003228924117377035,0.0028408223755722203,0.0027527179763575656,0.0024903422754519707,0.0025364687101925307,0.0039095140426356305,0.003948140817837514,0.0035996345763625905,0.0035205155745966187,0.00291275728306758,0.002745540949256606,0.001750490143710539,0.002308786226213626,0.001613313094036685,0.0023913932512408826,0.002303422816352301,0.0023650869503517064,0.0018906306532578748,0.0026431093731081262,0.0035108752520288285,0.0030482681298837394,0.0026302696140421983,0.0018807107633790777,0.0015522718773747345,0.001867988523257788,0.0019626660327283206,0.0016734778893897546,0.0016230617040195968,0.0014267202093014401,0.002314686468160487
2022-08,0.0009220899699057324,0.0010639708487835357,0.0012716823006093084,0.001167884345661016,0.0006727067883696063,0.00172742905636982,0.0020256831760042913,0.0016440195939183525,0.0015027005476708774,0.00117715109545622,0.001450063071992344,0.0013601209207718006,0.0014866288974132128,0.0010460270827293825,0.0019435924709356005,0.0022078694105295764,0.0017351953303109697,0.0034100272210804247,0.0035995641862583156,0.0031514186103710237,0.0036319013689137224,0.003936823478208947,0.002960334280064934,0.003621656258541694,0.0034382321641848925,0.0031567887553074973,0.003345743782971678,0.003823857423324656,0.0036718290069040734,0.004303255782161769,0.005515069382456851,0.004102910446528385,0.0035454262776537723,0.003756432300207399,0.0037657230477714646,0.003819923972135839,0.003553599152901438,0.0035097704725477723,0.0031852379027158782,0.003986172689346149,0.00356770724884375,0.00394722318167268,0.005189742624756421,0.00378050757745443,0.003939219658394546,0.0033216260216777276,0.003259493919758261,0.0034803492726463445,0.0027488293272220164,0.0033662242949367765,0.002798273523004214,0.0029993850742982046,0.00302137531774143,0.003580310013542363,0.004049797900387794,0.0036647992368189124,0.002577649838189519,0.003023081513966645,0.001680093875289771,0.002593497930158449,0.001736598221759612,0.002133023220254956,0.0024521244493445546,0.0024550678771878475,0.0018624632674516725,0.0026206281122993164,0.003581657538620658,0.002966048022734841,0.003022005296279497,0.002390473658786752,0.0016905855259456344,0.0021661241420252745,0.0018743827993298683,0.0024847676018658537,0.001936901462541391,0.0014909497309039846,0.002024289215815561
2022-09,0.0008619968051134898,0.0012454748791270263,0.0012440943401545357,0.0010210383909075062,0.001193676331468295,0.0015300733665726013,0.0016800180470322341,0.0016338638541862284,0.0013792111349181183,0.0014148194235914999,0.001628413810878371,0.0015982568471876952,0.0018910453977272082,0.0012836283744984923,0.0016880464954393552,0.00201063971101895,0.0018662532090716398,0.002978989355860077,0.0030991677979247787,0.0029484099089057076,0.003421652495521834,0.003668899601548859,0.0029335195047477895,0.003370968195436719,0.003117521308358553,0.002870816656718648,0.0030787197864812605,0.0034267158982991984,0.003687491388507055,0.0039918759134319505,0.004102910446528385,0.004656847966969407,0.003379071083975174,0.0036429653829632936,0.003543940927242646,0.00350101781599381,0.0031784546307628116,0.003067992573235061,0.0031604797737466933,0.003698085842263235,0.003624257049309401,0.0036395765561794803,0.00458699922666651,0.003752831422901567,0.0037342779813337446,0.0033806338627841636,0.003412856459900313,0.0033396407253382496,0.002879939460409803,0.0031210900208804033,0.0025717237560662232,0.002877777258074564,0.003174817562072234,0.0031367013252681687,0.003641768138154722,0.0035529506560737366,0.002475568626601041,0.002913729008861685,0.0017288552391615272,0.0025929239345373325,0.0019202893668992856,0.0024316892656563384,0.00240186448155804,0.002486655279752931,0.0018029465956766032,0.0021070123526673616,0.0033828998862162184,0.0029103175818869925,0.003063794483745738,0.002557557908125051,0.0019098206653431424,0.0019584317201996582,0.002108438510052002,0.002337807507680693,0.00201138848586868,0.0016916837829304323,0.0022866951266581163
2022-10,0.0008405775986865848,0.0011994578291509423,0.0015719908654404494,0.0012413696992257168,0.0009751732113349731,0.001445442336094347,0.001298747324459403,0.0016280814173975588,0.0012889906963536911,0.0014223914504815677,0.0015052273881131445,0.0013338311704718991,0.0012844856779568828,0.0013358420205905283,0.0019082435598803912,0.0019064686228612482,0.0014327477750839207,0.002381063426854095,0.002580975651131822,0.003046023359740648,0.003041262891898263,0.0029856647426244084,0.002482774328578445,0.0028442731533275386,0.002950892998056473,0.002703197982089932,0.003089077445261498,0.0034300032890725784,0.0034522252046351454,0.0034527209148979094,0.0035454262776537723,0.003379071083975174,0.004641114541736309,0.00396697682428627,0.0038912548995761703,0.0037935224291420337,0.003141756754849283,0.0034767291991481966,0.0033664395996977872,0.004266805934922058,0.003727868143198849,0.0038441343476272186,0.004304688991789432,0.003273492087135556,0.0036478982181844853,0.0031704059684583173,0.0033763551035389536,0.0031783699363857024,0.0024906856105733977,0.003299378928695732,0.0029177190008543414,0.003317339109597724,0.003025462535131044,0.002950239264646616,0.0032445847024202847,0.003123443601550308,0.0030777758083377804,0.0028553091662395893,0.0023690385288649913,0.0023596476278041826,0.0018109680822949437,0.002433046684348558,0.0020728194902550957,0.0023414784902025566,0.002174265234874074,0.0019510584958646181,0.002957502338872587,0.0025455573580789002,0.002894980850764263,0.0023350477208123827,0.001872345029262694,0.0017624751365949375,0.0018963358214298142,0.00206233944853501,0.0018567539776763147,0.0013535635131589905,0.002176800847575628
2022-11,0.0010237110769034559,0.001393134822175126,0.0017334880212192864,0.0015215274348811337,0.0013291033936525417,0.0016330424932930556,0.0013091047098913826,0.0018387007377664369,0.0014978535944163813,0.0016787995662311181,0.0016133895433990408,0.001605845563224867,0.0013121404036554691,0.0016546913430913247,0.0023500478750105285,0.002278233228742871,0.0017683534129989196,0.0029562105752365233,0.0027410370720934423,0.0030468319906482265,0.003340650954793095,0.00366880916592611,0.002764535230716135,0.0033067682430589496,0.003115237368304901,0.002655878570436386,0.0031908853345276184,0.003621315463785451,0.003780135155037273,0.003798835959095792,0.003756432300207399,0.0036429653829632936,0.00396697682428627,0.00508737274926839,0.004026273216785789,0.003983287946828993,0.0034067101980240376,0.003508948095943363,0.003197739194797291,0.004411386093801573,0.003958006840604723,0.003423848343614235,0.004486643049180982,0.0038127821977777467,0.004221811537439004,0.0036735084507837122,0.003506713795442773,0.0032266420674168946,0.0027604294925884345,0.003219651585579435,0.0030849587335905187,0.003177864514482323,0.0034056423191777367,0.0030788849841862347,0.0032482728648287958,0.003340960578498912,0.0032192358973113073,0.0032002401177328383,0.002169625243397858,0.002352791202101813,0.0017249636422392513,0.002373808106721124,0.0025000619695489863,0.00257210726686351,0.002380260244782044,0.001905142890593063,0.002792198115073754,0.002625227769791372,0.00281459473321924,0.0020914242081979785,0.0016439767954553978,0.001578264003793325,0.0018560092638359154,0.0021180057937482508,0.0018709079308524626,0.0012238507929759617,0.0022558374702635166
2022-12,0.001030700520495372,0.0013104710306343376,0.0018572753378167679,0.0015141912042791411,0.0011554200635413648,0.0012569062189197833,0.0007858050391592728,0.0014188131883731293,0.0011681115421742184,0.0016278775661944431,0.002165025419556213,0.001399978080730484,0.0018696150807837883,0.0014445534270768941,0.0019926080377354006,0.0021195347069476074,0.0013673127094428648,0.002465467388280602,0.0021310488681596717,0.002526261191041614,0.0028954077940452367,0.003387328235623599,0.0031880301867701763,0.002991340448027429,0.0031194859796308504,0.0026978686881276633,0.0030504980496254054,0.0033162711315665346,0.0036794678456465776,0.0034547575464055685,0.0037657230477714646,0.003543940927242646,0.0038912548995761703,0.004026273216785789,0.005750213624946747,0.004324101333855511,0.003923226484990407,0.003895007646625924,0.003417603494662782,0.004346434651338554,0.004258041787918795,0.0042018216309400004,0.004661606661303594,0.003893054431667953,0.003908364465676859,0.0038439685774636773,0.004303505693174201,0.0036994765939090133,0.0032851491285343613,0.0036188377173766275,0.0031359254054344355,0.0035475058967129307,0.0033131022514618427,0.0033973848019491905,0.0035441847099126657,0.0036646544787487557,0.0032262972671240524,0.003652617546811986,0.002904800864515964,0.002803310487985274,0.0020548828153797247,0.0026896400998001743,0.002702964412808478,0.0029196712745307002,0.0023650992681652667,0.002356134812516994,0.0032124233210539775,0.0032046997103761,0.0031906956248594965,0.002847060586398797,0.0023244862040871193,0.0023490920258238284,0.0024709796905657763,0.0025101736685845845,0.0023026199822933384,0.0019767406777835357,0.002398090407012097
2023-01,0.0012655060069656065,0.000853877391438913,0.0014842449298042917,0.0008023639456857092,0.00036971619508184,0.0012701771287513307,0.0012558663828954562,0.001500630665976078,0.0010200055555052356,0.000890570372913922,0.0011230971700256177,0.0016286402934454077,0.0015053316771593455,0.0010773057468726499,0.001618203037585056,0.0015930001184065847,0.0011718369073745326,0.0024811495127492703,0.002722539834763728,0.002758949136655531,0.0032078255680502935,0.0029855346218524937,0.002635713882971069,0.0034900198975531737,0.003203857654522039,0.0025372417551238254,0.0030413870841494318,0.003298520084821748,0.0031758441185463075,0.003462094558388987,0.003819923972135839,0.00350101781599381,0.0037935224291420337,0.003983287946828993,0.004324101333855511,0.005306334703987543,0.0037262524457648554,0.0039291066953501255,0.0036478507525821158,0.004373309165571521,0.0037867567094948046,0.00409605766962434,0.0050170177248591435,0.0037341837846462415,0.003924641833702216,0.00318759973457146,0.003652697875469859,0.003625854846310341,0.003104233692763347,0.0034410695723973905,0.0030292842125325212,0.002773477588050353,0.002900918985887461,0.0032100143317225042,0.0033682874803698847,0.00318925995209586,0.002790334407245353,0.003232662410931196,0.002252072313508705,0.0031010134016386855,0.0019247898964711995,0.0022885133579005315,0.0019623170768941003,0.0023669022266381984,0.0017226864312914019,0.0020824043288701945,0.003233407569565228,0.002600400294327281,0.002669400440558638,0.0025078464451986993,0.001843684459801625,0.002193852857964429,0.002333799857173342,0.0024381871942176564,0.0020063237920342368,0.0012821540596718878,0.0018759161804189804
2023-02,0.0006614337418339867,0.0009491132944345855,0.001502913248442827,0.0011066015845743822,0.0005102681175468085,0.0011592057293274317,0.0011249652111081244,0.0015941838808800099,0.0011075020370685572,0.0011983665357831585,0.0015474214658519,0.001091275709005201,0.0014240081546733627,0.0012020432750958153,0.001680890482589606,0.001853110564923324,0.0011732872404693288,0.002199615578855385,0.0021457051802132735,0.002088701749489749,0.0028299484317904078,0.003052204295259831,0.0025302944446226913,0.00294854718968195,0.0028744647512107496,0.0024681996496120464,0.0028764808003543816,0.0031208952697164786,0.0031499656956559584,0.0028784395010734657,0.003553599152901438,0.0031784546307628116,0.003141756754849283,0.0034067101980240376,0.003923226484990407,0.0037262524457648554,0.004650826222245551,0.0034899540083587694,0.0030955925068374655,0.004041218098914593,0.003784329483988504,0.003967896159962329,0.004749872791363461,0.0035643875154752233,0.0037627366776028836,0.003533870571332272,0.0036818267094953796,0.003460955929542837,0.0031574778818378307,0.0037270780346348145,0.0028991450914276472,0.003389681866104273,0.0029802702363287384,0.003136896968669102,0.0032444561859217972,0.003454788322055856,0.002656438513509273,0.0028372744061282732,0.0020257869487826413,0.002624263616213244,0.001471353375337338,0.0023739348316577586,0.0020865615922727766,0.002326481353175933,0.0017007987589459964,0.001703853977059122,0.0026807534102174027,0.002767245568967962,0.002554196134516683,0.0024039917503218978,0.0019017464968284965,0.0017938031964902326,0.0016819915561856911,0.002480117937117952,0.0017175119564401893,0.0012044449634482004,0.0018822135647951189
2023-03,0.0006920842596478959,0.0010045379223545708,0.001434509881949726,0.0011420429778818883,0.0005447826888889807,0.0010174099569595142,0.0007707806368716858,0.00100913037217089,0.0010363342133290444,0.0008066386300830999,0.001079024712480598,0.0008782252699776429,0.001278398592800785,0.0007079195983106373,0.0015643993425375493,0.001652569966909691,0.0010833809614088665,0.0021554024753057165,0.0025442516472148832,0.0026680300990234787,0.002549084111123859,0.0028922322795567825,0.0023945894806441147,0.002886087833950237,0.0029271980258217065,0.0026048441524173307,0.0030931679843484716,0.0034352604573170574,0.003216812372100698,0.0033359549216636663,0.0035097704725477723,0.003067992573235061,0.0034767291991481966,0.003508948095943363,0.003895007646625924,0.0039291066953501255,0.0034899540083587694,0.0049072450268492105,0.004001941002697781,0.004749714264204183,0.004272999396402091,0.0043116108465038605,0.004765287011078215,0.0037687840410081663,0.0037929031158597014,0.0031457684319143534,0.0035692701418736945,0.0035459898743636993,0.0027073789269191446,0.0035171057031991924,0.0033317391661144835,0.003443601797437925,0.0030633997258867635,0.0026823325983004616,0.003529647938694429,0.0030892255768930252,0.0026533071642260977,0.0029506812063877976,0.0021487138390425824,0.0025379106631563935,0.001857105067769154,0.002128207526755829,0.002237310803296083,0.0025245363610711313,0.0020752227180126257,0.0020088381335645654,0.0027769057135224443,0.00248417672223992,0.0025255401709595596,0.0022770097972899367,0.002043482644983742,0.002044947652887763,0.0021383561195329175,0.0022050523519758828,0.001923740995802511,0.0016476744397752555,0.002111914081658501
2023-04,6.974281868481383e-05,0.0008351909033066304,0.0014008991002056423,0.0011817616229319228,0.0008722189243671214,0.000765030241261356,0.0007979273505043196,0.0007419789601157133,0.0005660155822339989,0.0008349913855492167,0.0007441125451348061,0.0006027633647303187,0.0012712651470603987,0.0005807895933910149,0.0013915035810604095,0.0015436963810955067,0.0011317214341713682,0.002125657039274463,0.0022350463155483002,0.0023317642949435644,0.0025305023743359915,0.002456883356113217,0.002229958450568176,0.0026117179565101315,0.0024555870917174556,0.002506800561211552,0.00305677476978133,0.0029926188722613828,0.0030085849567916085,0.0025176238592954803,0.0031852379027158782,0.0031604797737466933,0.0033664395996977872,0.003197739194797291,0.003417603494662782,0.0036478507525821158,0.0030955925068374655,0.004001941002697781,0.005298237228671582,0.004234117167293756,0.004265223985214426,0.004297343275359416,0.004355481663804496,0.003660217969863667,0.003438067687167535,0.0032252884912595046,0.003232654000278422,0.003453976859635961,0.002758868880850693,0.003648857236547618,0.0033837981704459698,0.0037279603720462057,0.0031746305329484583,0.00262425216931336,0.0032798441888813395,0.0031573369756592203,0.002581622475403649,0.002862852882531782,0.0022571994086487946,0.002554853388069091,0.002256282350805481,0.002357080282026815,0.002080580090847927,0.0024482155010941793,0.0019935326794259063,0.0016894445847624186,0.00247074112457921,0.002526890300726229,0.0030413786743149675,0.002724065042908246,0.0020340449313515727,0.0017042746947550508,0.002038961765000954,0.002303903041317612,0.0021411651349416147,0.001860913579511416,0.002154648369274371
2023-05,0.0008434869773929039,0.0013096299053964747,0.0017725239658473882,0.0014104433497698458,0.0010369460436779263,0.0011015779638738432,0.0011640840398439638,0.0014921540520000571,0.0010688891752211735,0.001053622944414178,0.001255579744681142,0.0012269908314581717,0.0012466092213351328,0.0011415067527303774,0.0021854269100591464,0.002126620460719366,0.001350746879176297,0.002651746472292375,0.002900853501561127,0.0034342723385126653,0.003141693364825906,0.0036946037751694485,0.0025899712753149045,0.003503492186749275,0.0035875190832398273,0.0028906878210078705,0.0036440335729306323,0.004173005057570504,0.004018572923187764,0.003953671858958282,0.003986172689346149,0.003698085842263235,0.004266805934922058,0.004411386093801573,0.004346434651338554,0.004373309165571521,0.004041218098914593,0.004749714264204183,0.004234117167293756,0.006687538131313421,0.005015664509709822,0.004791519417052647,0.005803904629894715,0.0044083679996741,0.004470545986257906,0.0038718682701585913,0.004117813050034127,0.003970573539018383,0.0028100783712701836,0.004179552391638655,0.0035744722639790196,0.0039166470847536595,0.003507646869154891,0.0032977904789119154,0.003997162406650691,0.003558620749903113,0.003121322676138896,0.003305296944061553,0.002630210647962227,0.002843577718518133,0.0017500188484326248,0.0025362775235893446,0.002797615443318779,0.0029518822983742436,0.002723109440050714,0.001745942225639581,0.0026210726829433272,0.0028109175144499683,0.0029311545359458433,0.002609220059996781,0.0023154291624184207,0.0020682334764473963,0.0020668368574137666,0.002583336229091254,0.002331858975923207,0.0018892412995493851,0.0027376364179047615
2023-06,0.00035932244813152736,0.001391708846978862,0.0014288838514696744,0.0013913078635428558,0.0014461822088529305,0.0012928003034252053,0.0005755159179874171,0.0011747603551614922,0.0011598528915939335,0.0014024520642625317,0.001509777493137869,0.0007235831885775809,0.0014238618762840126,0.0010667930735765458,0.001932974863621068,0.0019959266641563795,0.001778823842152974,0.002907199277889204,0.0025426884296868924,0.002835866039305081,0.0032045038161066424,0.0036815966434597565,0.0029958908738791047,0.0029615467282174167,0.002899698796762155,0.0029722359758507107,0.0033091920211299575,0.003668843017339514,0.00434879480037809,0.0037274089699543683,0.00356770724884375,0.003624257049309401,0.003727868143198849,0.003958006840604723,0.004258041787918795,0.0037867567094948046,0.003784329483988504,0.004272999396402091,0.004265223985214426,0.005015664509709822,0.006238319338176722,0.0052844451269783346,0.0053125103942966885,0.004578639560495521,0.004470868150573714,0.004498584229883918,0.004826274961036105,0.004289482293049117,0.0036003617383412404,0.004169164214585434,0.003985197756517537,0.004684587563790929,0.004583733797533178,0.0037254065396291995,0.004258071396547561,0.004359212806691492,0.0036651929667791423,0.003563121770482329,0.0028452804193896874,0.002667960465314585,0.0021395992217194456,0.0030915637202920884,0.002831478007313061,0.0030965490997462244,0.00285250005128822,0.0021222919120437115,0.0029485038397827268,0.0033057313710465113,0.0034874397686287823,0.0028493191126838027,0.002418041300293099,0.002077157069494447,0.0023568804105500484,0.0026032707191531623,0.0023701346087704,0.0023043696613778476,0.003183633638176011
2023-07,0.0003880967124196761,0.00043809270437868375,0.00030997029403867434,-2.15147234133463e-05,7.424460677494592e-05,0.0014319715222121574,0.0008633340684076708,0.0006524861028217927,0.0005076409367571596,0.00015055995930084604,0.0009522084318464946,0.0006466364570314408,0.001300205150865097,0.00027973383080269595,0.0013210381045751815,0.000976285613624722,0.001292766296407437,0.002922275358990837,0.0026358488291792852,0.0029241606597254903,0.0033462638383312364,0.003105581062491435,0.002611677486924599,0.0032768928489610664,0.0029973456442022386,0.0029761547965164673,0.003107099349915224,0.0035192686673081643,0.0038171173028322186,0.004232727226234417,0.00394722318167268,0.0036395765561794803,0.0038441343476272186,0.003423848343614235,0.0042018216309400004,0.00409605766962434,0.003967896159962329,0.0043116108465038605,0.004297343275359416,0.004791519417052647,0.0052844451269783346,0.00862412310583844,0.006827366003123382,0.004746004224675481,0.00481746009751119,0.004417766886563089,0.005151575806217545,0.004753349058976763,0.00416284074228187,0.004314552017690928,0.003571487670386361,0.0044639686633159426,0.00460401593374897,0.004629267136188101,0.005031776169832221,0.004521948913977969,0.0035769778959706846,0.0033362546978293705,0.002616368153362675,0.0030204994000651826,0.0021622676193315516,0.0026022062139234464,0.0023468663359073336,0.002812598702878296,0.001954458629496437,0.003090735693486557,0.003683420668302296,0.0034778748333128173,0.0031214167433101948,0.002692792703376892,0.002471192574742441,0.0022245043656807274,0.0017689196704439563,0.0021855522167745847,0.0014445861235290636,0.001417927404858661,0.0023582152337744975
2023-08,0.00103738844208115,0.0006439524789923516,0.0004963185907147262,0.0005877872804857525,0.00012112405394014498,0.0016727310062015278,0.002089579072764485,0.0015327080593237515,0.001184959183039048,0.0007724968298808174,0.001234641866936712,0.0013755023274261997,0.0017129251710924923,0.0009004294113806699,0.0021777626843014165,0.001937307106183071,0.0014748528880984273,0.0036306073769583674,0.0038248488809879966,0.003754195825259469,0.004237200267773987,0.004217537291604153,0.0031388277205491397,0.004375682101045697,0.0037620546400807036,0.0034287256377470285,0.0037774439326348644,0.0045666910836626995,0.0041908517857352015,0.005079141689836059,0.005189742624756421,0.00458699922666651,0.004304688991789432,0.004486643049180982,0.004661606661303594,0.0050170177248591435,0.004749872791363461,0.004765287011078215,0.004355481663804496,0.005803904629894715,0.0053125103942966885,0.006827366003123382,0.009004874574773716,0.005285775898395113,0.005845470242953578,0.004933079770536093,0.0053730901531520575,0.005473264291661368,0.004095094245710723,0.0049112724508215515,0.004129151708585245,0.004520357909534976,0.004798762539025136,0.005462319320399095,0.005452296052928907,0.005160755178980314,0.004024021576238323,0.0038538928030286594,0.0026978838224409442,0.0036439852463147292,0.0021894467273470795,0.003014147403466395,0.0029288011962782627,0.0033555943612035297,0.0020395408331431047,0.0029893745257007585,0.004340243756031715,0.0040958657649209935,0.0036578936038840675,0.0033189605602144162,0.002576753480455487,0.002765828254437654,0.002380270206359258,0.003151922495252736,0.0021514624826743335,0.0018935764054314142,0.002548876388840652
2023-09,0.0005865149605697666,0.0009041397698453101,0.0013423460491719529,0.00102490515920531,0.0010614800858964428,0.0009745293126162893,0.0009207673178676235,0.0010235591206987345,0.0008978330061739815,0.0007378887500345442,0.0011714692477868497,0.0007796283819689263,0.0013613410672573473,0.0007205340942187744,0.001608443173684349,0.0014078115630119336,0.001667603634167391,0.0024822309113122095,0.002788220954053909,0.0026914979349082955,0.0031567898163113754,0.0034161384578339886,0.0023578983190689464,0.002706511777152348,0.0025893856601180865,0.0026145044891885817,0.002887730706115892,0.003215475642818176,0.003473105484429749,0.003532307925127055,0.00378050757745443,0.003752831422901567,0.003273492087135556,0.0038127821977777467,0.003893054431667953,0.0037341837846462415,0.0035643875154752233,0.0037687840410081663,0.003660217969863667,0.0044083679996741,0.004578639560495521,0.004746004224675481,0.005285775898395113,0.005779770316823137,0.00462716676294799,0.004381852205789329,0.0046660078811756565,0.004069245432503532,0.0038779074641016376,0.003994595557077562,0.0035261204316105023,0.0037849491849917204,0.00405840340847231,0.0037579786388565847,0.004664663541691386,0.004355161304510505,0.0032388283827965835,0.0036484099602424897,0.0024795070001409052,0.0027980070972680577,0.0021963764665105757,0.002542195114891649,0.0027814860624122825,0.002907880169070929,0.0024829810831304396,0.0022422152780000038,0.0031892109896348884,0.0031476917558547453,0.00348577533423058,0.002747152120200594,0.0023258949561305595,0.002364545545277085,0.002532055405673414,0.0025958776708003076,0.0021521033883837954,0.0022275916642188363,0.0029965301610761115
2023-10,0.0008605752921509735,0.0008432173128930915,0.0012956695408887454,0.0010140179738192152,0.0009346317517343282,0.0016621175262530592,0.0014087698056312811,0.0015120328374281203,0.001389730046569922,0.0013672365308174685,0.00121535365519346,0.0009640155689568347,0.001206382623604498,0.0011351447703759122,0.00193967827925606,0.0018634991645230812,0.0016981745211031493,0.0030558628871035507,0.0029662109417609717,0.0031941089283209698,0.0037196350708753245,0.0036276392806716597,0.002949098144267805,0.003114229055210328,0.0028935697726786658,0.0027927325790871203,0.0031831704744985914,0.0035319482850988846,0.0035776695206405328,0.004119586960549316,0.003939219658394546,0.0037342779813337446,0.0036478982181844853,0.004221811537439004,0.003908364465676859,0.003924641833702216,0.0037627366776028836,0.0037929031158597014,0.003438067687167535,0.004470545986257906,0.004470868150573714,0.00481746009751119,0.005845470242953578,0.00462716676294799,0.006178203807466262,0.004796145518027853,0.004905597761467638,0.004681577949952463,0.0039456295991548455,0.004048888184435105,0.0038410321674295514,0.0039422654307839766,0.0045913493155340076,0.003984473294329887,0.004432663970963778,0.0043522890417626555,0.004139079787992777,0.0035752367713745787,0.002557368510513061,0.002911295176367507,0.0020881840587054002,0.0027832969054509536,0.0026320471628031236,0.003037484787369404,0.0024094365893451977,0.0025869300292786328,0.0036304028616379355,0.0035821983152704573,0.0036969903974091237,0.0026600228083147708,0.002139205034475622,0.0018820447373628724,0.0022098464863047574,0.002719561812329723,0.0019909590399464086,0.0014819504873173632,0.0028947809521298763
2023-11,0.00032103271990707857,0.0011466341643413271,0.0013058002706672204,0.0011019314927337301,0.0012788579054756094,0.001342932645201775,0.0009660989766470229,0.0012817156149072377,0.0013746919804051806,0.001632633378487257,0.0016360105805695302,0.0006078711481775222,0.0013404940415490132,0.0012978819429733572,0.0017471968536098103,0.001807584233277082,0.0017536982967178115,0.002991315011803985,0.0022534540579202686,0.002457255608158031,0.00314140862694929,0.003631852861866744,0.002831444155278631,0.0025779616780622267,0.0024479415264450103,0.0026449089258863724,0.0027600707465659257,0.002923179050679667,0.0037123643561322193,0.0035771452690737037,0.0033216260216777276,0.0033806338627841636,0.0031704059684583173,0.0036735084507837122,0.0038439685774636773,0.00318759973457146,0.003533870571332272,0.0031457684319143534,0.0032252884912595046,0.0038718682701585913,0.004498584229883918,0.004417766886563089,0.004933079770536093,0.004381852205789329,0.004796145518027853,0.005707700695329457,0.005157319421274819,0.004556755879958652,0.0040943614223054575,0.003948194422770321,0.003587489979169174,0.00430191587337461,0.004557512993548273,0.004022383887814188,0.004302279050788843,0.0045586146694725025,0.00399487232386929,0.003701712333073882,0.002759457986958741,0.002850014391550664,0.0021690876745816675,0.002973583124995056,0.0028161081098838515,0.0028740863904012865,0.0024433494371700077,0.0023131411701832845,0.003013805423923601,0.0034876683577734634,0.003619680550461279,0.00284682098679469,0.0021570493344940577,0.0019203577387110035,0.002146885602767658,0.002545881141818129,0.0019371188586529238,0.0018852745327713758,0.002962705855672671
2023-12,0.0002711093953397816,0.0007101525416276285,0.0012577751555291812,0.0009969053071403984,0.0008604369024442038,0.0013081654396347613,0.0006573809016110592,0.0007853066951570983,0.0009255405152808114,0.001326815041891348,0.0018969245407591236,0.0007829065439321542,0.0017630571920320345,0.0009697859971045271,0.0015065538965749374,0.001351860021202049,0.0014617290352645848,0.002450935764070867,0.0021862751751258987,0.002550372716973094,0.0030622977551479948,0.0031659803117450374,0.0031097744042524796,0.002443954631581093,0.0023029937050471957,0.002760713930447571,0.0024165381425744984,0.0030994854051875913,0.0033744263327423387,0.0034558047377223782,0.003259493919758261,0.003412856459900313,0.0033763551035389536,0.003506713795442773,0.004303505693174201,0.003652697875469859,0.0036818267094953796,0.0035692701418736945,0.003232654000278422,0.004117813050034127,0.004826274961036105,0.005151575806217545,0.0053730901531520575,0.0046660078811756565,0.004905597761467638,0.005157319421274819,0.00723220933247787,0.00542004720499181,0.0047345011445928745,0.004798008214026064,0.004123891518092194,0.004715401518091088,0.004764879505995625,0.004674823062738477,0.004993785082273454,0.0049571124171501335,0.004597735237913673,0.004514091973918236,0.003517733332855299,0.0032675051835447727,0.0026910131715217334,0.0034259045465149214,0.0032361377570068687,0.003441269538135813,0.0026153731001690135,0.0030991645293187765,0.003560976487810657,0.0038607190742796426,0.00413322717649664,0.0035281050001169227,0.0030909298232102604,0.0027722862564385307,0.002749849967306941,0.0031378977590161596,0.002470298797617552,0.002603904666228383,0.003525797296908837
2024-01,0.0007492084620416883,0.000693190859900184,0.0008396084516824182,0.0005310373566550708,0.0002905840534154905,0.0011454681360217143,0.001018258803128336,0.0008929091407045955,0.0011408133759140799,0.0009994512349941176,0.0009069414859781196,0.000725889272278687,0.0012348551336564231,0.0006525860500305576,0.0010295281663018942,0.0010864025788912472,0.0010604807624210347,0.0025262021250117774,0.002300806497803189,0.002703987316314972,0.0028696034880185016,0.0027775491002565524,0.0026862099819475317,0.002574685474892333,0.0023331045231195424,0.0027358284746840595,0.0025248912377660916,0.002915386126595142,0.0028391052922536906,0.003228924117377035,0.0034803492726463445,0.0033396407253382496,0.0031783699363857024,0.0032266420674168946,0.0036994765939090133,0.003625854846310341,0.003460955929542837,0.0035459898743636993,0.003453976859635961,0.003970573539018383,0.004289482293049117,0.004753349058976763,0.005473264291661368,0.004069245432503532,0.004681577949952463,0.004556755879958652,0.00542004720499181,0.006530326283771019,0.004131022745024148,0.004609219707494899,0.004188499987086482,0.004685638585641928,0.00444759845107594,0.00435129015380146,0.005235320227135219,0.004486272138495815,0.004149699311575985,0.003815279486768008,0.0031327265729877533,0.003739735054772168,0.002628312179494166,0.003047185005473807,0.0027336455426308997,0.0029899931680096316,0.0025233048824674087,0.002959281937744919,0.0036969218443866705,0.003613545346300545,0.003848955865403794,0.003234837815252218,0.0027603327889942726,0.002861443981733195,0.0028069910002840944,0.002980711913997027,0.0022352535209637335,0.0021723858467131542,0.003058064912528305
2024-02,0.00048802276993774167,0.0005147136522073866,0.0009500364700200472,0.0006607322696121874,0.0005150951317858897,0.0011399802914905006,0.0006716539197448624,0.0006552532879033718,0.0007866415785819706,0.001073011044379948,0.0009605804015219751,0.0006548540094495469,0.001309569862365767,0.0009033226005038562,0.0011219993971250423,0.001008902363976172,0.001129104778337043,0.0019755024506029626,0.001948324201191121,0.0016666948318956897,0.0025860163019503935,0.0025714192081554687,0.0024156338265163054,0.0021663662072347054,0.0018588369438302182,0.002297791375444325,0.0020955392890726807,0.002272826419490531,0.0025656897268571954,0.0028408223755722203,0.0027488293272220164,0.002879939460409803,0.0024906856105733977,0.0027604294925884345,0.0032851491285343613,0.003104233692763347,0.0031574778818378307,0.0027073789269191446,0.002758868880850693,0.0028100783712701836,0.0036003617383412404,0.00416284074228187,0.004095094245710723,0.0038779074641016376,0.0039456295991548455,0.0040943614223054575,0.0047345011445928745,0.004131022745024148,0.005317414329772825,0.004067286912387342,0.003277077646106561,0.00372338952602982,0.004100012675029589,0.004038282042172454,0.0040431170900227555,0.004070798857035081,0.003440756115562845,0.0036423905991851972,0.0026951116385299356,0.003338488437470301,0.002582303734483397,0.0029601765020315744,0.002759102027315029,0.0030565147820474543,0.0019221427407065837,0.0025673438326620423,0.003467709583876939,0.0035988697885492933,0.003734112731344407,0.0029045435373945333,0.002120214923906131,0.002127438461291626,0.0026441747240670667,0.002816933164745457,0.0021788794488308023,0.0021297829100349556,0.002517476451113657
2024-03,0.0003029323956913509,0.0008116025521843102,0.0013324016295015997,0.0011896763001474852,0.0003989805529420289,0.0009902767517574608,0.0008517416241863473,0.001058567329340905,0.0008571265534084558,0.0009837292703102902,0.001249394665442661,0.00086912233539452,0.0014551241706580416,0.0009176307963879918,0.0013986672247058235,0.0015521463636598695,0.0013374188861536049,0.0021132679624202783,0.002292183153251375,0.0024371982913812098,0.0028719506235701997,0.00274981824755838,0.002694892599905665,0.0025527890893513394,0.0024611155490516646,0.002768753931337183,0.002928048337685064,0.003162616309160601,0.002966051173978984,0.0027527179763575656,0.0033662242949367765,0.0031210900208804033,0.003299378928695732,0.003219651585579435,0.0036188377173766275,0.0034410695723973905,0.0037270780346348145,0.0035171057031991924,0.003648857236547618,0.004179552391638655,0.004169164214585434,0.004314552017690928,0.0049112724508215515,0.003994595557077562,0.004048888184435105,0.003948194422770321,0.004798008214026064,0.004609219707494899,0.004067286912387342,0.005818562770502836,0.004014131112927116,0.004785817003508202,0.004143383019563971,0.004117402973110664,0.004611659494017271,0.004265601896185178,0.0037635880564629845,0.004130373172969158,0.0032609246197145532,0.0035660134014789324,0.0026873472628727866,0.0035098184709100315,0.0031924428806097693,0.0034728985689183476,0.0027254775049475005,0.0026995430313248962,0.0036557129452390196,0.0038630170263285277,0.0039934216318444436,0.003638218233554345,0.0031166508646769835,0.002554396756273433,0.002638833093575042,0.003448547641138777,0.002787752971406476,0.002627594327135026,0.0033276972124896232
2024-04,0.000667858320600954,0.0010034488120294087,0.001225391942939785,0.0008325616459622432,0.0004152471961126748,0.001499663297536067,0.0006627549641390351,0.0009187903971701993,0.0013238070667728665,0.0010613642160565628,0.000893362626689173,0.0006918289621972355,0.0011535335321526266,0.0010774240442239904,0.0014127877163784624,0.0015620555136496082,0.0011755312659767442,0.002059424119629928,0.001957767116110544,0.0020127269870713034,0.002425991425370616,0.0022725307610757996,0.002253603621824524,0.0021306439231633693,0.0019903068049230634,0.002361710380950962,0.0027073122610225824,0.002621065673018731,0.002693970872828931,0.0024903422754519707,0.002798273523004214,0.0025717237560662232,0.0029177190008543414,0.0030849587335905187,0.0031359254054344355,0.0030292842125325212,0.0028991450914276472,0.0033317391661144835,0.0033837981704459698,0.0035744722639790196,0.003985197756517537,0.003571487670386361,0.004129151708585245,0.0035261204316105023,0.0038410321674295514,0.003587489979169174,0.004123891518092194,0.004188499987086482,0.003277077646106561,0.004014131112927116,0.00497903036013862,0.004468351947345739,0.004081666910411473,0.0035341768162594047,0.00397832722224716,0.0037299505266834175,0.0036173735050286293,0.0034583362272658114,0.002712893474453382,0.0029001882725661994,0.002222189539850672,0.003024523684598126,0.002718504283227331,0.003072660383060681,0.0025265344462834767,0.0024559424601965085,0.003081266755228201,0.0030757158240982585,0.0034080707262470937,0.0028286988874633412,0.0023191373162280505,0.00215116605473027,0.0026644173244534325,0.0028886499610240915,0.002664960507280617,0.0022411683684563162,0.002901095655342238
2024-05,7.474408243416284e-05,0.0013091125745899176,0.0016105278794153561,0.001356555225560809,0.0008534679481862869,0.0012296029414640627,0.0008949223406345438,0.0012426061567222726,0.001705364245307706,0.0015977014659563603,0.0016212335742061112,0.00044646733457867486,0.0010773612573726373,0.0009665496967388222,0.0014437675458119454,0.0017515553703294972,0.0014979521090116457,0.002011207325204332,0.0019550394837017544,0.0020805609179387523,0.0024626829743732695,0.002599827615959266,0.002484095367331347,0.0020001312103964898,0.0022166855623910325,0.0027525861105181684,0.0027726169427259705,0.002971406260908342,0.0032071095568681238,0.0025364687101925307,0.0029993850742982046,0.002877777258074564,0.003317339109597724,0.003177864514482323,0.0035475058967129307,0.002773477588050353,0.003389681866104273,0.003443601797437925,0.0037279603720462057,0.0039166470847536595,0.004684587563790929,0.0044639686633159426,0.004520357909534976,0.0037849491849917204,0.0039422654307839766,0.00430191587337461,0.004715401518091088,0.004685638585641928,0.00372338952602982,0.004785817003508202,0.004468351947345739,0.0064388980286719435,0.005012668285298811,0.004142343090588431,0.004767342090457764,0.004504287473983098,0.004264721929822144,0.003837942587242735,0.0032741557770282455,0.003053088823455904,0.0026040874480095745,0.0034106678869319854,0.0031593730001563784,0.003378456506076381,0.003114985323570579,0.002694474318126002,0.003248443774623634,0.003431433551948241,0.003971717918627004,0.003159010925119763,0.0026240496470670924,0.0021712980480822755,0.002668582262864507,0.00313843743642678,0.0024785629672445316,0.0024743293505445217,0.003268924732379444
2024-06,0.0005473292235986412,0.0011144539392513781,0.00105980317087438,0.0012388491203982803,0.001762703296353648,0.0018562286081061697,0.0012984572265272156,0.0012624552577056433,0.001545129856445579,0.001643140334305103,0.001336488197162083,0.0006388479118572034,0.00116316964018687,0.0013386410252954422,0.0018298186708668143,0.0019592463080945624,0.0021502639290470102,0.0026594589485742725,0.002306942233792554,0.0024791676849191284,0.0030296662034121633,0.0029711107198938207,0.002523624188158635,0.002198075452737164,0.0020319188051836283,0.0025578698760998038,0.0026944455842132457,0.003064584891105447,0.004073627586444188,0.0039095140426356305,0.00302137531774143,0.003174817562072234,0.003025462535131044,0.0034056423191777367,0.0033131022514618427,0.002900918985887461,0.0029802702363287384,0.0030633997258867635,0.0031746305329484583,0.003507646869154891,0.004583733797533178,0.00460401593374897,0.004798762539025136,0.00405840340847231,0.0045913493155340076,0.004557512993548273,0.004764879505995625,0.00444759845107594,0.004100012675029589,0.004143383019563971,0.004081666910411473,0.005012668285298811,0.006847047983334323,0.005172625122721564,0.0050347331232616244,0.005080781553819071,0.004463993979106658,0.00411886553623504,0.0029705732857441026,0.00308042343076543,0.0026071200040359436,0.003570253756232128,0.003145940450126424,0.0035776877039209753,0.003246508528363266,0.003279393418113173,0.004008929012570913,0.004029569281335642,0.003918078655230247,0.002822442022923456,0.0022096340608276383,0.0020229660205109664,0.0027537156183353433,0.002954745960883802,0.002512818080040928,0.0025404203107113276,0.0038144734699465817
2024-07,0.0007151715535810818,0.0005773634836566328,0.0002814394213968282,0.00031047506554820255,0.0005430010628457646,0.0016934948551091816,0.0015502324652402952,0.0008875578214873952,0.0012577912695940722,0.0007520047090409428,0.0009361303420370691,0.000578168280541397,0.0008532199234763259,0.0010815264379124066,0.0014098023635626205,0.0014239715736407465,0.0014579763526994334,0.002772642842254284,0.00245949504069795,0.0023688892931173315,0.003134154685988701,0.0026413608636444937,0.0021868031455414124,0.0023057818205857034,0.0017765481165017715,0.0023557112558839303,0.002006239631838172,0.002628890362189844,0.002930795711164979,0.003948140817837514,0.003580310013542363,0.0031367013252681687,0.002950239264646616,0.0030788849841862347,0.0033973848019491905,0.0032100143317225042,0.003136896968669102,0.0026823325983004616,0.00262425216931336,0.0032977904789119154,0.0037254065396291995,0.004629267136188101,0.005462319320399095,0.0037579786388565847,0.003984473294329887,0.004022383887814188,0.004674823062738477,0.00435129015380146,0.004038282042172454,0.004117402973110664,0.0035341768162594047,0.004142343090588431,0.005172625122721564,0.007073852815140409,0.005455504306160684,0.004676602592445859,0.0041867962436143435,0.0036872843683761446,0.0024747022671989583,0.0030963342546496205,0.0022233496256573587,0.00307296704863706,0.0028648834164433402,0.0030198313447146368,0.002242816269606203,0.0035010327904692455,0.003746150507095842,0.0035901835873237463,0.003246012492664103,0.0024011848410759903,0.0019249264649727651,0.002485209836630864,0.0025285235766335313,0.0024906586821408006,0.0017853572038258772,0.0022591059340619575,0.002654537294790849
2024-08,0.00061381119658591,0.0008872694419768885,0.0008667538042387288,0.0010509551607232274,0.0009792864078291238,0.0014185605825575666,0.0019091789134114002,0.0011853940312160692,0.001826037654710614,0.0009309928549706542,0.0011581740260504503,0.0005299939873991426,0.000980189787217675,0.0005279561354134233,0.0011694818790560031,0.0012810297892178438,0.0016063991199858096,0.0026378690499065695,0.002906837667963006,0.0029732031518734546,0.003221826309681367,0.002996164588551596,0.002283756550517776,0.002310856136036986,0.002257515597678973,0.0028630451221352392,0.0023935916696626054,0.002963866770602319,0.003056366675545877,0.0035996345763625905,0.004049797900387794,0.003641768138154722,0.0032445847024202847,0.0032482728648287958,0.0035441847099126657,0.0033682874803698847,0.0032444561859217972,0.003529647938694429,0.0032798441888813395,0.003997162406650691,0.004258071396547561,0.005031776169832221,0.005452296052928907,0.004664663541691386,0.004432663970963778,0.004302279050788843,0.004993785082273454,0.005235320227135219,0.0040431170900227555,0.004611659494017271,0.00397832722224716,0.004767342090457764,0.0050347331232616244,0.005455504306160684,0.007305462512108876,0.0051923688626950145,0.0042235118987594775,0.004406168728354689,0.003087012521458483,0.0038234716310917407,0.0028449739058542126,0.003106736401951299,0.0033769102636197652,0.003299901940875774,0.0031661934250709085,0.00365672140507731,0.004589317462306103,0.003914249189755558,0.004391112309369883,0.0033333390592015675,0.002837350254401727,0.0033335039646400105,0.003104812481306927,0.0032089857486070914,0.0024705958825677497,0.003095552480769595,0.003705250357084652
2024-09,0.00025799233694169104,0.0008890373519863253,0.0010167825219137934,0.0014343727857163697,0.0014050537763609337,0.0015909981207094684,0.0014981353614177285,0.0014119809715196392,0.0013677802764190902,0.001572213998424138,0.0017270327549663606,0.0007299412813409859,0.0015237536009758952,0.0012653003571488953,0.0017700696557810215,0.0018888158807087389,0.0018883860276263228,0.002730674876786233,0.0025327154793923384,0.0025416035989132306,0.0031787047099415926,0.003210532904470877,0.002626018007508612,0.002568151104500512,0.0024346780115385757,0.0026661755852563887,0.0027573033173413576,0.003076335483661903,0.0037556349361678116,0.0035205155745966187,0.0036647992368189124,0.0035529506560737366,0.003123443601550308,0.003340960578498912,0.0036646544787487557,0.00318925995209586,0.003454788322055856,0.0030892255768930252,0.0031573369756592203,0.003558620749903113,0.004359212806691492,0.004521948913977969,0.005160755178980314,0.004355161304510505,0.0043522890417626555,0.0045586146694725025,0.0049571124171501335,0.004486272138495815,0.004070798857035081,0.004265601896185178,0.0037299505266834175,0.004504287473983098,0.005080781553819071,0.004676602592445859,0.0051923688626950145,0.006184185161786634,0.004268465403766382,0.00430910221763791,0.0030833063822521605,0.0033469619800814265,0.002593637770427673,0.003417800837762802,0.003218715619995265,0.0033572615924773413,0.002940687150633706,0.002942993515025928,0.004026328062019708,0.0040998721966893515,0.004135448769579728,0.0032575918750301514,0.002569433026895496,0.002685037272140942,0.0026375374903616104,0.0032230812510234694,0.0026618530395772977,0.0026115025030300438,0.003289040223467074
2024-10,0.0004029194052998316,0.0007020919827970037,0.0007498551465556222,0.000776634112596222,0.000767787640969612,0.0013657127460031792,0.0009032028508467685,0.0010997551714869345,0.0012298866424255883,0.0013798069826505923,0.0012112105486937418,0.0004904696233009713,0.00075644128992571,0.0010483004099664636,0.0015648464175474848,0.0013324594391376688,0.0014848910672290469,0.0021220959201137873,0.0017300185727758602,0.0024329783622683,0.002515704938636661,0.0023430988400852592,0.002414445744263736,0.0016905052734766646,0.001724952152297339,0.002174328732567435,0.001990586136717237,0.0023805824919599,0.0026276476865304452,0.00291275728306758,0.002577649838189519,0.002475568626601041,0.0030777758083377804,0.0032192358973113073,0.0032262972671240524,0.002790334407245353,0.002656438513509273,0.0026533071642260977,0.002581622475403649,0.003121322676138896,0.0036651929667791423,0.0035769778959706846,0.004024021576238323,0.0032388283827965835,0.004139079787992777,0.00399487232386929,0.004597735237913673,0.004149699311575985,0.003440756115562845,0.0037635880564629845,0.0036173735050286293,0.004264721929822144,0.004463993979106658,0.0041867962436143435,0.0042235118987594775,0.004268465403766382,0.005289475701443635,0.003849311084974931,0.003320480254721967,0.0025885651010443267,0.002332292218350751,0.0030704070683350397,0.002478802752257198,0.002939544122351571,0.002598747844339033,0.0027229953002640183,0.003261865039742154,0.00326888537349265,0.003572145480265355,0.0023784030537762997,0.0022806231553271572,0.002082024049621347,0.00241545404331327,0.0025737075851415495,0.0021047455597879507,0.0018609615567006489,0.0030295142301451344
2024-11,0.000594593922487628,0.000761400226665766,0.001488243068773595,0.00145851476492994,0.0011851598022249812,0.001348631925627549,0.0009662682351511421,0.0010977407452289368,0.0010790892847812033,0.0015558049988060908,0.0019286589244290582,0.0012066726837821002,0.0016422888819992345,0.001213976483785581,0.0017092047601552844,0.001674812254356671,0.001565393370646111,0.0020711499214435027,0.002303600926179529,0.002349887359660702,0.0027643420378155193,0.0027224503680746493,0.002820554135397371,0.002176119101021946,0.0022232297451193553,0.002429498464635898,0.0024995546773104917,0.0026696320826002273,0.0029713434280224486,0.002745540949256606,0.003023081513966645,0.002913729008861685,0.0028553091662395893,0.0032002401177328383,0.003652617546811986,0.003232662410931196,0.0028372744061282732,0.0029506812063877976,0.002862852882531782,0.003305296944061553,0.003563121770482329,0.0033362546978293705,0.0038538928030286594,0.0036484099602424897,0.0035752367713745787,0.003701712333073882,0.004514091973918236,0.003815279486768008,0.0036423905991851972,0.004130373172969158,0.0034583362272658114,0.003837942587242735,0.00411886553623504,0.0036872843683761446,0.004406168728354689,0.00430910221763791,0.003849311084974931,0.005418025929494,0.0036617501644640683,0.0035852989525481838,0.002924138879615588,0.0033314325682434424,0.003311886732442327,0.0036233697623060616,0.003061081278432835,0.003180394775435663,0.00392355091821969,0.00378637785574375,0.004178231329195739,0.003555215599081378,0.003228493542082876,0.0027675216344934398,0.0030167702516200054,0.0033283956391738953,0.0031875817536783555,0.0029557749607544807,0.0033738333160054225
2024-12,0.00047372219754837847,0.0005791054749239237,0.00112246301474729,0.0010126922912283708,0.0009700944811336774,0.0007547128333979169,0.00025339806352551563,0.0007832588806540829,0.0007259572252473879,0.0013649171980040912,0.0015196339281883552,0.0008877547743665621,0.0012287449645312,0.0008904405860247248,0.0014552879539591235,0.0011203309911536493,0.0009483870212446822,0.001336323886995704,0.0013016167943719307,0.0018932349367645424,0.001748824153059861,0.001695168671878258,0.0021326986845347532,0.0013897897525710391,0.0015336927352919295,0.0018798199436356872,0.001901883841408995,0.0019486898397252114,0.0021579426801909725,0.001750490143710539,0.001680093875289771,0.0017288552391615272,0.0023690385288649913,0.002169625243397858,0.002904800864515964,0.002252072313508705,0.0020257869487826413,0.0021487138390425824,0.0022571994086487946,0.002630210647962227,0.0028452804193896874,0.002616368153362675,0.0026978838224409442,0.0024795070001409052,0.002557368510513061,0.002759457986958741,0.003517733332855299,0.0031327265729877533,0.0026951116385299356,0.0032609246197145532,0.002712893474453382,0.0032741557770282455,0.0029705732857441026,0.0024747022671989583,0.003087012521458483,0.0030833063822521605,0.003320480254721967,0.0036617501644640683,0.004714216198172648,0.003134355490805793,0.0027524559744742023,0.0030583022207297033,0.0027916045632847223,0.0031024059865180273,0.002853932100111975,0.002227212562454675,0.0027095302976119853,0.00327436753313531,0.0036154086891489914,0.0031955262416876106,0.0032211872187313806,0.002374146930163205,0.002724147596309035,0.002634342980503996,0.0029546470133454683,0.0026285074945138465,0.0031463426504096583
2025-01,0.0009926114584261241,0.0006119167313900077,0.0010680589829818545,0.0007976004475746049,0.0006947154526904603,0.0012053348340866426,0.0009871347646579244,0.0010664198063561202,0.0012046760765087878,0.0011695766756800855,0.0011183963199585813,0.0014829228969423713,0.001343305349885395,0.0010149061705859125,0.0011751069935581919,0.0013120461642968694,0.0009839487037747357,0.001905559321756661,0.0021367135291785935,0.0018975167807861659,0.0020838737785046826,0.002230891363904126,0.0021649439852204173,0.002552975317586459,0.0022261505976518426,0.002175338771251102,0.002107545588390466,0.002229420198781028,0.0023320904976555368,0.002308786226213626,0.002593497930158449,0.0025929239345373325,0.0023596476278041826,0.002352791202101813,0.002803310487985274,0.0031010134016386855,0.002624263616213244,0.0025379106631563935,0.002554853388069091,0.002843577718518133,0.002667960465314585,0.0030204994000651826,0.0036439852463147292,0.0027980070972680577,0.002911295176367507,0.002850014391550664,0.0032675051835447727,0.003739735054772168,0.003338488437470301,0.0035660134014789324,0.0029001882725661994,0.003053088823455904,0.00308042343076543,0.0030963342546496205,0.0038234716310917407,0.0033469619800814265,0.0025885651010443267,0.0035852989525481838,0.003134355490805793,0.004857538750972582,0.0031048501108144394,0.00297546842324237,0.0029196968123839087,0.0030257902278850377,0.0024485978360992695,0.0029629409159337124,0.0037319651468410812,0.003601085693217202,0.003678792325522501,0.003342274738241693,0.002795332224170866,0.003059817782021774,0.0031125252354389688,0.0029801467946099043,0.0028710850740664307,0.0024126169221281137,0.0028402579105475862
2025-02,0.00026019223385620157,0.0006041400659305029,0.0009238740091952434,0.0009624979292770692,0.0009421621219976579,0.0009408057619064628,0.0004677985559893782,0.0005567907809153244,0.0007112669450310769,0.00117573627591693,0.0011068458665345565,0.0009241571636199022,0.0012761353396140078,0.0007274608532662481,0.0010283776571229657,0.0010503404169010118,0.0011306531672255812,0.0013753018912573555,0.001533651420625883,0.0015486020297202788,0.0014973571404471695,0.001688409286077938,0.0018115837935271904,0.001497602189831072,0.0014079372527102208,0.0017766715198165026,0.001589533406123648,0.0017161972620011931,0.0016965992077924389,0.001613313094036685,0.001736598221759612,0.0019202893668992856,0.0018109680822949437,0.0017249636422392513,0.0020548828153797247,0.0019247898964711995,0.001471353375337338,0.001857105067769154,0.002256282350805481,0.0017500188484326248,0.0021395992217194456,0.0021622676193315516,0.0021894467273470795,0.0021963764665105757,0.0020881840587054002,0.0021690876745816675,0.0026910131715217334,0.002628312179494166,0.002582303734483397,0.0026873472628727866,0.002222189539850672,0.0026040874480095745,0.0026071200040359436,0.0022233496256573587,0.0028449739058542126,0.002593637770427673,0.002332292218350751,0.002924138879615588,0.0027524559744742023,0.0031048501108144394,0.0037088777588097015,0.0028651901739510516,0.0025994517858598824,0.0028405722127413826,0.002527333327459375,0.0030244285588927012,0.0032059336969241536,0.003345857462235307,0.003433764920470412,0.00304256263804034,0.002547119583621856,0.0024499564268093484,0.002958872849260271,0.002544069679429269,0.0025418501090731446,0.002301747296164944,0.0026899354151532877
2025-03,0.0002629112372916837,0.0009738594724846012,0.0012135303739689487,0.0010999583048546362,0.0012986851599561997,0.0013766482370911014,0.0005859823485016094,0.001033506937654677,0.0009025831977378379,0.001536250611990569,0.00123097314177721,0.0011280518440821897,0.0014772823126632593,0.0014950550953545597,0.0015724357573079898,0.0015710117801927192,0.001570126621334884,0.002080099869104438,0.0017359642234925196,0.001706185700458779,0.0022736049082829244,0.002298176269632043,0.0023665352822488253,0.0018768537457023394,0.001719094201384939,0.00209625634052065,0.002242213513302164,0.002169443461176173,0.0027921060028125947,0.0023913932512408826,0.002133023220254956,0.0024316892656563384,0.002433046684348558,0.002373808106721124,0.0026896400998001743,0.0022885133579005315,0.0023739348316577586,0.002128207526755829,0.002357080282026815,0.0025362775235893446,0.0030915637202920884,0.0026022062139234464,0.003014147403466395,0.002542195114891649,0.0027832969054509536,0.002973583124995056,0.0034259045465149214,0.003047185005473807,0.0029601765020315744,0.0035098184709100315,0.003024523684598126,0.0034106678869319854,0.003570253756232128,0.00307296704863706,0.003106736401951299,0.003417800837762802,0.0030704070683350397,0.0033314325682434424,0.0030583022207297033,0.00297546842324237,0.0028651901739510516,0.004458294937465372,0.0030864055558375283,0.003402733443403693,0.0027913525471843356,0.002779169895718252,0.003520700776953821,0.003815019810016652,0.003827825389624312,0.0032824983058181694,0.0028764032081718383,0.002226632238679625,0.0030123456617206527,0.0031553559697157867,0.0030861248861725624,0.0025643634232250935,0.0032478104615587533
2025-04,0.0005290878266725736,0.0011109406230885542,0.00158532522604782,0.001962473938792639,0.0015286343154420274,0.001605634362209761,0.0011327258945068933,0.0010433050578894493,0.0013954394123436569,0.0016163631889997943,0.0018763049141298138,0.001356043068098118,0.0015115219211627945,0.0013836753785369128,0.0019010806871086255,0.0020396288161581514,0.001641757914978044,0.0022034347852332298,0.0020552126002509746,0.0019587579958494665,0.0023080682996450075,0.0028740641729915594,0.002436728163856948,0.0020720496306260196,0.0019560108701725315,0.002315648924696339,0.0021218338244159227,0.002572359198389302,0.002718429217316907,0.002303422816352301,0.0024521244493445546,0.00240186448155804,0.0020728194902550957,0.0025000619695489863,0.002702964412808478,0.0019623170768941003,0.0020865615922727766,0.002237310803296083,0.002080580090847927,0.002797615443318779,0.002831478007313061,0.0023468663359073336,0.0029288011962782627,0.0027814860624122825,0.0026320471628031236,0.0028161081098838515,0.0032361377570068687,0.0027336455426308997,0.002759102027315029,0.0031924428806097693,0.002718504283227331,0.0031593730001563784,0.003145940450126424,0.0028648834164433402,0.0033769102636197652,0.003218715619995265,0.002478802752257198,0.003311886732442327,0.0027916045632847223,0.0029196968123839087,0.0025994517858598824,0.0030864055558375283,0.004418465568656681,0.0038490021664557,0.0031694395774967393,0.002967384213267692,0.003275743078392267,0.0036356104662118426,0.0037096560017332108,0.003270586194748351,0.0029056254613346513,0.0025053710756845118,0.0028325116818233836,0.0030419242498228587,0.003432186941549991,0.003418676534911391,0.0033820597289642785
2025-05,0.000670412244111447,0.0010201153436252026,0.0018352271885272759,0.0018126442913875525,0.0016007134147079695,0.0017924316900545336,0.0011069118807569829,0.0012557445608137588,0.0012250894207247848,0.0017440161603024143,0.0016673602832286162,0.0015012527611738698,0.0016175353244748762,0.0013251796847428767,0.002002321481589412,0.0020234111717894387,0.0019087716128681773,0.002034184166580023,0.002263062453589758,0.0020249515370617324,0.002456350846777774,0.0027807184059544807,0.0026021163408255356,0.0019939946996935455,0.0019070346553860587,0.0022659479486740386,0.002390209016246941,0.002702695289543787,0.002735727018976098,0.0023650869503517064,0.0024550678771878475,0.002486655279752931,0.0023414784902025566,0.00257210726686351,0.0029196712745307002,0.0023669022266381984,0.002326481353175933,0.0025245363610711313,0.0024482155010941793,0.0029518822983742436,0.0030965490997462244,0.002812598702878296,0.0033555943612035297,0.002907880169070929,0.003037484787369404,0.0028740863904012865,0.003441269538135813,0.0029899931680096316,0.0030565147820474543,0.0034728985689183476,0.003072660383060681,0.003378456506076381,0.0035776877039209753,0.0030198313447146368,0.003299901940875774,0.0033572615924773413,0.002939544122351571,0.0036233697623060616,0.0031024059865180273,0.0030257902278850377,0.0028405722127413826,0.003402733443403693,0.0038490021664557,0.0048138664605311375,0.003369469708360523,0.0034051156683299957,0.0038247337575686284,0.004118321638842756,0.004064581722185174,0.0036258589056752913,0.0032239027096038556,0.0025967356538927544,0.0031224094287928858,0.003598564168266865,0.0037265345462926588,0.003507156868445183,0.003719592038255911
2025-06,0.00029770825942144476,0.001226285015048376,0.0017576519903974514,0.0021069869991882564,0.0018686617189069459,0.0012823590751371767,0.0006612450994958607,0.001241733016986703,0.0013543446922000704,0.0016104996620238043,0.0016000423880752224,0.0010167729459214605,0.0008587412208532156,0.001106382266552308,0.001599250950316155,0.0017785182543844308,0.0018113229822348566,0.001878818684101472,0.0014568597736352288,0.0018378649874703262,0.0017566148099537639,0.0020546046465373616,0.0018549304339886587,0.0013482124060175877,0.00157052590668645,0.0018679022425728735,0.0020858912849940495,0.001972866168881478,0.0024661318204803277,0.0018906306532578748,0.0018624632674516725,0.0018029465956766032,0.002174265234874074,0.002380260244782044,0.0023650992681652667,0.0017226864312914019,0.0017007987589459964,0.0020752227180126257,0.0019935326794259063,0.002723109440050714,0.00285250005128822,0.001954458629496437,0.0020395408331431047,0.0024829810831304396,0.0024094365893451977,0.0024433494371700077,0.0026153731001690135,0.0025233048824674087,0.0019221427407065837,0.0027254775049475005,0.0025265344462834767,0.003114985323570579,0.003246508528363266,0.002242816269606203,0.0031661934250709085,0.002940687150633706,0.002598747844339033,0.003061081278432835,0.002853932100111975,0.0024485978360992695,0.002527333327459375,0.0027913525471843356,0.0031694395774967393,0.003369469708360523,0.004644110297545938,0.002935606771527088,0.0030179204305217735,0.003204736778351391,0.0034373733972625697,0.0029227210100163225,0.0027639227933779647,0.0024508740813295807,0.0027153600767156594,0.002762972614476211,0.003057149695555543,0.0028457925075866366,0.0038270872613338433
2025-07,0.0006639967816372255,0.0005461551750151731,0.0007565784151827436,0.0006993527586406376,0.0007991516050150612,0.0019238009270100683,0.0012655138712306209,0.0009045300461166674,0.001542145226191797,0.0011817518690218206,0.001376067495940648,0.0014031710246178736,0.0011364060531949454,0.0007751396796632755,0.0010887464894298433,0.0012780505777273187,0.0017309099523494858,0.0021299505912125523,0.0021504911143436483,0.0017440097474222733,0.0020880812912146074,0.0020683822543138357,0.002366754550662168,0.0017063067407525256,0.001564797743636645,0.002032574204836919,0.0016077772659097499,0.001885122467552674,0.0018669856827050234,0.0026431093731081262,0.0026206281122993164,0.0021070123526673616,0.0019510584958646181,0.001905142890593063,0.002356134812516994,0.0020824043288701945,0.001703853977059122,0.0020088381335645654,0.0016894445847624186,0.001745942225639581,0.0021222919120437115,0.003090735693486557,0.0029893745257007585,0.0022422152780000038,0.0025869300292786328,0.0023131411701832845,0.0030991645293187765,0.002959281937744919,0.0025673438326620423,0.0026995430313248962,0.0024559424601965085,0.002694474318126002,0.003279393418113173,0.0035010327904692455,0.00365672140507731,0.002942993515025928,0.0027229953002640183,0.003180394775435663,0.002227212562454675,0.0029629409159337124,0.0030244285588927012,0.002779169895718252,0.002967384213267692,0.0034051156683299957,0.002935606771527088,0.005562592368972616,0.004602078070732631,0.003812295865309295,0.0034644444888961515,0.002782520003219377,0.0025865682204535964,0.002968908763750933,0.003086084028753564,0.0029418578875024083,0.0028989476576312123,0.0024658070789215824,0.0031374094428791646
2025-08,0.0010736864394113223,0.00096827675795641,0.0011662856637559365,0.0012656335318513158,0.0012664579450254148,0.0020393123687601888,0.0019856283273578025,0.00142899361245578,0.0016922455692806337,0.001452971197148702,0.0017265497995745877,0.001694210538551957,0.0017441769097407624,0.0011598070842780256,0.0014439694724513496,0.0018156898431108586,0.0020287250066858857,0.0023882881775037453,0.0029329412004478993,0.0024489928326554542,0.0031446966950690594,0.002829056005343866,0.002732791847070977,0.002573457673310081,0.002458388402497333,0.0026766686668216163,0.002602760102284006,0.0026836016918918,0.0028412736279584145,0.0035108752520288285,0.003581657538620658,0.0033828998862162184,0.002957502338872587,0.002792198115073754,0.0032124233210539775,0.003233407569565228,0.0026807534102174027,0.0027769057135224443,0.00247074112457921,0.0026210726829433272,0.0029485038397827268,0.003683420668302296,0.004340243756031715,0.0031892109896348884,0.0036304028616379355,0.003013805423923601,0.003560976487810657,0.0036969218443866705,0.003467709583876939,0.0036557129452390196,0.003081266755228201,0.003248443774623634,0.004008929012570913,0.003746150507095842,0.004589317462306103,0.004026328062019708,0.003261865039742154,0.00392355091821969,0.0027095302976119853,0.0037319651468410812,0.0032059336969241536,0.003520700776953821,0.003275743078392267,0.0038247337575686284,0.0030179204305217735,0.004602078070732631,0.006692248046776281,0.004637977483350863,0.004588942603496904,0.003793192319748212,0.0030400145923348883,0.0034244723933736123,0.0037106000385675403,0.0036861798815998816,0.003345853370043947,0.0029286833314776804,0.0034956617940892828
2025-09,0.00038426939641031556,0.0006955837150183052,0.0009446643283811313,0.0011920328553713085,0.0013234828210031049,0.001807800155613729,0.0008679053742756411,0.0010998379478509494,0.0010405334111378995,0.0016560960284454653,0.0014063071777497584,0.0012605378786333026,0.001902049973637754,0.0011312543466318983,0.0014846649367236237,0.0018123851251058637,0.0016808838953935182,0.002719874276337515,0.002450740595688544,0.0024459115781813486,0.002831802486722194,0.0030017816329580885,0.002949252544172279,0.0025229694278897504,0.002164518051164103,0.002556930079200931,0.002488402949833782,0.002766021535207612,0.0029948967913864637,0.0030482681298837394,0.002966048022734841,0.0029103175818869925,0.0025455573580789002,0.002625227769791372,0.0032046997103761,0.002600400294327281,0.002767245568967962,0.00248417672223992,0.002526890300726229,0.0028109175144499683,0.0033057313710465113,0.0034778748333128173,0.0040958657649209935,0.0031476917558547453,0.0035821983152704573,0.0034876683577734634,0.0038607190742796426,0.003613545346300545,0.0035988697885492933,0.0038630170263285277,0.0030757158240982585,0.003431433551948241,0.004029569281335642,0.0035901835873237463,0.003914249189755558,0.0040998721966893515,0.00326888537349265,0.00378637785574375,0.00327436753313531,0.003601085693217202,0.003345857462235307,0.003815019810016652,0.0036356104662118426,0.004118321638842756,0.003204736778351391,0.003812295865309295,0.004637977483350863,0.005973653912043139,0.004870414732478541,0.004097267105532276,0.003293166895137204,0.003064242100154946,0.00344921947434483,0.0035989368911677876,0.003456292915704048,0.003051456351523949,0.003696936071255181
2025-10,0.000236773056246546,0.0009304511164096804,0.0015358831092904318,0.0017502864933556773,0.0014659238858501353,0.0014497253975353625,0.001224942633905047,0.0013487045541395062,0.0015439056175027038,0.002088248257911756,0.001742046768914394,0.0011760816013780002,0.0017229515198075257,0.0012747444863897266,0.0015745519668301207,0.0016795445430214167,0.0015784902162698116,0.002635688262605395,0.0025425924324377555,0.0024346230020831864,0.0029962018294211763,0.003034794716929398,0.002822226895212647,0.0022329898437904927,0.0021889561310321276,0.002645114683797581,0.0025454823393964918,0.002589447605941028,0.002780714201845185,0.0026302696140421983,0.003022005296279497,0.003063794483745738,0.002894980850764263,0.00281459473321924,0.0031906956248594965,0.002669400440558638,0.002554196134516683,0.0025255401709595596,0.0030413786743149675,0.0029311545359458433,0.0034874397686287823,0.0031214167433101948,0.0036578936038840675,0.00348577533423058,0.0036969903974091237,0.003619680550461279,0.00413322717649664,0.003848955865403794,0.003734112731344407,0.0039934216318444436,0.0034080707262470937,0.003971717918627004,0.003918078655230247,0.003246012492664103,0.004391112309369883,0.004135448769579728,0.003572145480265355,0.004178231329195739,0.0036154086891489914,0.003678792325522501,0.003433764920470412,0.003827825389624312,0.0037096560017332108,0.004064581722185174,0.0034373733972625697,0.0034644444888961515,0.004588942603496904,0.004870414732478541,0.0061357551046574465,0.004388981711854071,0.0035389866161161694,0.0029946816890804454,0.003745970634425718,0.004048772426601094,0.003689892235095885,0.003618459958597325,0.0038584819018819805
2025-11,0.0002716999196580938,0.0008315160726953361,0.00157208471516335,0.0019391936887274159,0.0013614389915305386,0.001272294191674457,0.0011269964597585137,0.0009850934908135483,0.0007982001692777288,0.0016624792359994282,0.002087280754403567,0.0013325464476273774,0.0021215867406394282,0.0009217159549935689,0.0014578077591813165,0.0016496340677370216,0.0013515770465510352,0.001966494562013618,0.0020236175320622538,0.0017967492688466292,0.002398071259843984,0.0026705491673076794,0.002511412902006521,0.002220979088265374,0.001942120210136403,0.0023890380147007246,0.002349584565918589,0.0022325927074245606,0.0023647419927760403,0.0018807107633790777,0.002390473658786752,0.002557557908125051,0.0023350477208123827,0.0020914242081979785,0.002847060586398797,0.0025078464451986993,0.0024039917503218978,0.0022770097972899367,0.002724065042908246,0.002609220059996781,0.0028493191126838027,0.002692792703376892,0.0033189605602144162,0.002747152120200594,0.0026600228083147708,0.00284682098679469,0.0035281050001169227,0.003234837815252218,0.0029045435373945333,0.003638218233554345,0.0028286988874633412,0.003159010925119763,0.002822442022923456,0.0024011848410759903,0.0033333390592015675,0.0032575918750301514,0.0023784030537762997,0.003555215599081378,0.0031955262416876106,0.003342274738241693,0.00304256263804034,0.0032824983058181694,0.003270586194748351,0.0036258589056752913,0.0029227210100163225,0.002782520003219377,0.003793192319748212,0.004097267105532276,0.004388981711854071,0.005453549382524764,0.003855511097760171,0.0033168170327657594,0.0033486256492534826,0.003629519190196888,0.0037120913137255462,0.0036982373716689045,0.003670587526513787
2025-12,0.0003635320447853487,0.00048251748413633965,0.001185517847405069,0.001193234684975484,0.0009892041279108837,0.00103968935598858,0.0007367383464391547,0.0006295259247021346,0.0006137332743324279,0.0011305842653090308,0.0017605432697190859,0.0014278027961291938,0.0016495623022863824,0.0007509894126294207,0.0012329587003616451,0.0012251760196880547,0.0012126897515707493,0.001574783632349776,0.0016712717101490132,0.0018799166540812854,0.0017895781897879985,0.0018984583611840894,0.002307581641187418,0.0016187231752545833,0.0016247641157881038,0.001961985957053224,0.0018299466955159307,0.0019598485822735464,0.0018702774660071715,0.0015522718773747345,0.0016905855259456344,0.0019098206653431424,0.001872345029262694,0.0016439767954553978,0.0023244862040871193,0.001843684459801625,0.0019017464968284965,0.002043482644983742,0.0020340449313515727,0.0023154291624184207,0.002418041300293099,0.002471192574742441,0.002576753480455487,0.0023258949561305595,0.002139205034475622,0.0021570493344940577,0.0030909298232102604,0.0027603327889942726,0.002120214923906131,0.0031166508646769835,0.0023191373162280505,0.0026240496470670924,0.0022096340608276383,0.0019249264649727651,0.002837350254401727,0.002569433026895496,0.0022806231553271572,0.003228493542082876,0.0032211872187313806,0.002795332224170866,0.002547119583621856,0.0028764032081718383,0.0029056254613346513,0.0032239027096038556,0.0027639227933779647,0.0025865682204535964,0.0030400145923348883,0.003293166895137204,0.0035389866161161694,0.003855511097760171,0.004806594706918472,0.003137659646080564,0.002967812294432072,0.003096951003843023,0.0034344993114309597,0.0032376376640753236,0.003612167853823828
2026-01,0.0005852650726877679,0.00044237582177986676,0.0007586207395055886,0.0009657098967085448,0.0007368184415384319,0.0008468784090126297,0.0007697062611556113,0.0005156399664333427,0.0007444001941326202,0.0006531624039279822,0.001327852412330092,0.0011635410902672673,0.001141505817615365,0.00029037992177074405,0.0006901843405985326,0.0009047364804887029,0.0010074162272387878,0.001421747513667881,0.0016455044136886505,0.0016202183606170292,0.0015542083371276028,0.0017739454570654032,0.001709461351285307,0.0017409695510980437,0.0016771626481701181,0.0017648383652839796,0.0015013546974559154,0.0016455808845946707,0.0015966627235404257,0.001867988523257788,0.0021661241420252745,0.0019584317201996582,0.0017624751365949375,0.001578264003793325,0.0023490920258238284,0.002193852857964429,0.0017938031964902326,0.002044947652887763,0.0017042746947550508,0.0020682334764473963,0.002077157069494447,0.0022245043656807274,0.002765828254437654,0.002364545545277085,0.0018820447373628724,0.0019203577387110035,0.0027722862564385307,0.002861443981733195,0.002127438461291626,0.002554396756273433,0.00215116605473027,0.0021712980480822755,0.0020229660205109664,0.002485209836630864,0.0033335039646400105,0.002685037272140942,0.002082024049621347,0.0027675216344934398,0.002374146930163205,0.003059817782021774,0.0024499564268093484,0.002226632238679625,0.0025053710756845118,0.0025967356538927544,0.0024508740813295807,0.002968908763750933,0.0034244723933736123,0.003064242100154946,0.0029946816890804454,0.0033168170327657594,0.003137659646080564,0.004415881665376301,0.0034160805310595836,0.0029530476975933974,0.003131241994835317,0.0029937386998008172,0.0030809647584357364
2026-02,0.0007016320521878506,0.0009371996337169244,0.0014020077753976502,0.0010006603126691796,0.0010706265174439402,0.0010180564940120295,0.0005097895678210123,0.000648797432672118,0.0011075063418389335,0.0011061008669624572,0.0012860159812785065,0.0010355370239434059,0.0011838600017425598,0.0007299763944915662,0.0007092793031139226,0.0012467171916082168,0.0011351946692981613,0.001438874236322612,0.0015316834334987025,0.0013471858900011542,0.0014929408226373392,0.0017369300189285478,0.0017935902961494943,0.0014986478614494553,0.0016479422496451536,0.0017209805487620154,0.001505108230846276,0.0014525258539427677,0.001789406990519668,0.0019626660327283206,0.0018743827993298683,0.002108438510052002,0.0018963358214298142,0.0018560092638359154,0.0024709796905657763,0.002333799857173342,0.0016819915561856911,0.0021383561195329175,0.002038961765000954,0.0020668368574137666,0.0023568804105500484,0.0017689196704439563,0.002380270206359258,0.002532055405673414,0.0022098464863047574,0.002146885602767658,0.002749849967306941,0.0028069910002840944,0.0026441747240670667,0.002638833093575042,0.0026644173244534325,0.002668582262864507,0.0027537156183353433,0.0025285235766335313,0.003104812481306927,0.0026375374903616104,0.00241545404331327,0.0030167702516200054,0.002724147596309035,0.0031125252354389688,0.002958872849260271,0.0030123456617206527,0.0028325116818233836,0.0031224094287928858,0.0027153600767156594,0.003086084028753564,0.0037106000385675403,0.00344921947434483,0.003745970634425718,0.0033486256492534826,0.002967812294432072,0.0034160805310595836,0.005060546612324724,0.0032785057365015417,0.0037246139146841174,0.003287770989302562,0.003416389637340889
2026-03,0.000282726962725052,0.0008592601377875179,0.001709309913662325,0.0017194363581158685,0.0009776099658971148,0.001031533584820825,0.0013947788088432835,0.0013509743466359448,0.0012636091486407143,0.0016201066738566062,0.0017951747779357098,0.0012644353428215719,0.001563196170983433,0.0010991747690991685,0.0014804870711028744,0.0016110438494116852,0.0014916951833508062,0.0014878012915231441,0.0019660568556985948,0.0014739282839931547,0.0021826193055241743,0.0023035044566174835,0.002296965180583062,0.001792933708453044,0.0019661640202522828,0.001977104719254413,0.0022404780306566345,0.002377779122236503,0.002088997941034842,0.0016734778893897546,0.0024847676018658537,0.002337807507680693,0.00206233944853501,0.0021180057937482508,0.0025101736685845845,0.0024381871942176564,0.002480117937117952,0.0022050523519758828,0.002303903041317612,0.002583336229091254,0.0026032707191531623,0.0021855522167745847,0.003151922495252736,0.0025958776708003076,0.002719561812329723,0.002545881141818129,0.0031378977590161596,0.002980711913997027,0.002816933164745457,0.003448547641138777,0.0028886499610240915,0.00313843743642678,0.002954745960883802,0.0024906586821408006,0.0032089857486070914,0.0032230812510234694,0.0025737075851415495,0.0033283956391738953,0.002634342980503996,0.0029801467946099043,0.002544069679429269,0.0031553559697157867,0.0030419242498228587,0.003598564168266865,0.002762972614476211,0.0029418578875024083,0.0036861798815998816,0.0035989368911677876,0.004048772426601094,0.003629519190196888,0.003096951003843023,0.0029530476975933974,0.0032785057365015417,0.004827532557535206,0.0038035091877955942,0.0033632001859157865,0.0035938808900304897
2026-04,0.0006226959000868889,0.0006391590467835612,0.0017244750384510178,0.0018480465781543056,0.0014764453221151608,0.0014650869220448905,0.0010848814304823336,0.0011896359960371107,0.0009918753286323936,0.001444085822976913,0.0017482862571693365,0.0016851493060527397,0.001540385494877529,0.001395748014285899,0.0017750935292555345,0.0019005971370395865,0.0016765839784190417,0.0014421329534894437,0.0019257377944837085,0.0015832895367879664,0.0017767831566911645,0.0020797775298276896,0.0021866837059567683,0.0017248944338772634,0.0016665952506645858,0.001971309272047481,0.0020495333350579814,0.0021385035285585536,0.002327068984088607,0.0016230617040195968,0.001936901462541391,0.00201138848586868,0.0018567539776763147,0.0018709079308524626,0.0023026199822933384,0.0020063237920342368,0.0017175119564401893,0.001923740995802511,0.0021411651349416147,0.002331858975923207,0.0023701346087704,0.0014445861235290636,0.0021514624826743335,0.0021521033883837954,0.0019909590399464086,0.0019371188586529238,0.002470298797617552,0.0022352535209637335,0.0021788794488308023,0.002787752971406476,0.002664960507280617,0.0024785629672445316,0.002512818080040928,0.0017853572038258772,0.0024705958825677497,0.0026618530395772977,0.0021047455597879507,0.0031875817536783555,0.0029546470133454683,0.0028710850740664307,0.0025418501090731446,0.0030861248861725624,0.003432186941549991,0.0037265345462926588,0.003057149695555543,0.0028989476576312123,0.003345853370043947,0.003456292915704048,0.003689892235095885,0.0037120913137255462,0.0034344993114309597,0.003131241994835317,0.0037246139146841174,0.0038035091877955942,0.005854474464594253,0.0042519084317457784,0.0043591089853520434
2026-05,0.00019112113521523472,0.0006367428472644778,0.001387223454633974,0.0020183436212423255,0.001714857710458291,0.000998082541657729,0.0010219324296749472,0.0006356319568592511,0.0009698811732523156,0.0013427725474497783,0.001536689913550808,0.0009105644743139577,0.0013271165958382558,0.0006805522620153273,0.0013980061121788316,0.001588049818526617,0.0014711479818067374,0.001214887179265335,0.0016307983569765303,0.0013969215918095436,0.0015870683438780739,0.0020365035503257835,0.001742982599428876,0.001007265080996367,0.000977038362342519,0.00164615857677713,0.0015930697885782313,0.0018189909966185233,0.0019357979954737407,0.0014267202093014401,0.0014909497309039846,0.0016916837829304323,0.0013535635131589905,0.0012238507929759617,0.0019767406777835357,0.0012821540596718878,0.0012044449634482004,0.0016476744397752555,0.001860913579511416,0.0018892412995493851,0.0023043696613778476,0.001417927404858661,0.0018935764054314142,0.0022275916642188363,0.0014819504873173632,0.0018852745327713758,0.002603904666228383,0.0021723858467131542,0.0021297829100349556,0.002627594327135026,0.0022411683684563162,0.0024743293505445217,0.0025404203107113276,0.0022591059340619575,0.003095552480769595,0.0026115025030300438,0.0018609615567006489,0.0029557749607544807,0.0026285074945138465,0.0024126169221281137,0.002301747296164944,0.0025643634232250935,0.003418676534911391,0.003507156868445183,0.0028457925075866366,0.0024658070789215824,0.0029286833314776804,0.003051456351523949,0.003618459958597325,0.0036982373716689045,0.0032376376640753236,0.0029937386998008172,0.003287770989302562,0.0033632001859157865,0.0042519084317457784,0.005502658486606135,0.0041810848376960565
2026-06,0.000417851202682868,0.0007070594842369226,0.0014682831855812554,0.0017065109802905788,0.002088288140924183,0.001614885749828723,0.0009832448737844759,0.0009563893548018085,0.0010340124049904194,0.001355459765221949,0.0016316852654153697,0.0012391010065989372,0.001348168406861809,0.0009473345711087896,0.0017538712831150563,0.001848583235951856,0.0023312777415338912,0.0016380325276028796,0.0020925802978353177,0.002226799923019193,0.002212838789969568,0.002442489139350303,0.0023400576308457333,0.0016274787056488886,0.0014958925857497004,0.002131354742648135,0.0022717261706551852,0.002534982798736622,0.0029031761982277007,0.002314686468160487,0.002024289215815561,0.0022866951266581163,0.002176800847575628,0.0022558374702635166,0.002398090407012097,0.0018759161804189804,0.0018822135647951189,0.002111914081658501,0.002154648369274371,0.0027376364179047615,0.003183633638176011,0.0023582152337744975,0.002548876388840652,0.0029965301610761115,0.0028947809521298763,0.002962705855672671,0.003525797296908837,0.003058064912528305,0.002517476451113657,0.0033276972124896232,0.002901095655342238,0.003268924732379444,0.0038144734699465817,0.002654537294790849,0.003705250357084652,0.003289040223467074,0.0030295142301451344,0.0033738333160054225,0.0031463426504096583,0.0028402579105475862,0.0026899354151532877,0.0032478104615587533,0.0033820597289642785,0.003719592038255911,0.0038270872613338433,0.0031374094428791646,0.0034956617940892828,0.003696936071255181,0.0038584819018819805,0.003670587526513787,0.003612167853823828,0.0030809647584357364,0.003416389637340889,0.0035938808900304897,0.0043591089853520434,0.0041810848376960565,0.006301186928836022
