inr,expband,fresh,n,ws,wh
010c,0-2,0,1354.0,52910.5106259,136.0
010c,0-2,1,657.0,26797.48034356,65.0
010c,11-20,0,90.0,6189.150073,38.0
010c,11-20,1,221.0,13971.11009,96.0
010c,21+,1,19.0,1658.030032,12.0
010c,3-5,0,77.0,3701.1900428,21.0
010c,3-5,1,91.0,3982.6900476,13.0
010c,6-10,0,63.0,3445.400074,18.0
010c,6-10,1,84.0,4562.490061,18.0
140z,0-2,1,36.0,3203.529958,36.0
140z,11-20,0,38.0,2488.399988,22.0
140z,11-20,1,133.0,10308.629819,93.0
140z,3-5,1,50.0,4448.439934,50.0
140z,6-10,0,16.0,1232.6300179999998,10.0
140z,6-10,1,109.0,9123.039784,96.0
140z,na,0,255.0,9256.5300481,26.0
140z,na,1,350.0,14804.2499677,50.0
142z,0-2,0,406.0,20934.4101158,107.0
142z,0-2,1,1615.0,108709.559858,778.0
142z,11-20,0,996.0,73525.639947,567.0
142z,11-20,1,3672.0,263570.9089796,1945.0
142z,21+,0,637.0,47989.91009,392.0
142z,21+,1,842.0,61929.359803,522.0
142z,3-5,0,293.0,20122.820046,167.0
142z,3-5,1,1673.0,122561.9595314,944.0
142z,6-10,0,485.0,35120.299945,260.0
142z,6-10,1,2497.0,179868.069072,1284.0
142z,na,0,86.0,3467.6899809,18.0
142z,na,1,81.0,3399.6800054,16.0
143a,0-2,0,808.0,44745.041016400006,5.0
143a,0-2,1,6984.0,428952.77303,94.0
143a,11-20,0,891.0,55757.901202,54.0
143a,11-20,1,5925.0,370827.4671807,466.0
143a,21+,0,13643.0,841275.0830812,1641.0
143a,21+,1,28333.0,1752715.1785996,2926.0
143a,3-5,0,845.0,50958.601385,10.0
143a,3-5,1,6537.0,403668.471672,156.0
143a,6-10,0,918.0,55993.0812664,24.0
143a,6-10,1,6712.0,417500.0097271,401.0
143a,na,0,4382.0,274268.6238138,547.0
143a,na,1,901.0,50091.620605,93.0
143b,0-2,0,38.0,2212.079985,5.0
143b,0-2,1,1524.0,96706.149409,209.0
143b,11-20,0,84.0,5213.430016,8.0
143b,11-20,1,1663.0,106630.719134,331.0
143b,21+,0,2983.0,182302.6096216,541.0
143b,21+,1,7831.0,491293.6968395,1611.0
143b,3-5,0,58.0,3604.729973,9.0
143b,3-5,1,1353.0,86460.719339,226.0
143b,6-10,0,50.0,3215.349983,9.0
143b,6-10,1,1188.0,77162.989224,259.0
143b,na,0,472.0,29066.029886,74.0
143b,na,1,128.0,6943.989934,20.0
143x,0-2,0,4732.0,211441.3318201,274.0
143x,0-2,1,7133.0,354404.821986,637.0
143x,11-20,0,75.0,3889.5601044,0.0
143x,11-20,1,456.0,25248.0002675,37.0
143x,21+,0,111.0,6633.460054,23.0
143x,21+,1,328.0,18674.8700818,59.0
143x,3-5,0,315.0,15179.8401282,30.0
143x,3-5,1,806.0,41094.7102841,79.0
143x,6-10,0,248.0,12048.4302116,15.0
143x,6-10,1,994.0,54431.3608011,70.0
143x,na,0,102.0,3725.7900281,7.0
143x,na,1,161.0,6607.5100524,9.0
144a,0-2,0,74.0,4663.899927,39.0
144a,0-2,1,3140.0,234636.421385,2908.0
144a,11-20,0,322.0,22285.1896324,183.0
144a,11-20,1,3019.0,216522.17429800003,2070.0
144a,21+,0,3037.0,214844.3248742,1904.0
144a,21+,1,4742.0,336368.2811377,3087.0
144a,3-5,0,63.0,4702.559836,58.0
144a,3-5,1,2592.0,194054.042834,2418.0
144a,6-10,0,80.0,5545.629915,48.0
144a,6-10,1,1808.0,133116.63563,1501.0
144a,na,0,6199.0,445672.3376225,4305.0
144a,na,1,1338.0,74514.2484159,560.0
144b,0-2,1,877.0,65977.397495,835.0
144b,11-20,0,465.0,33810.049318000005,304.0
144b,11-20,1,6801.0,492589.756232,4922.0
144b,21+,0,264.0,20226.279578,198.0
144b,21+,1,3109.0,230672.482929,2427.0
144b,3-5,0,20.0,1515.39994,20.0
144b,3-5,1,928.0,69158.32751100001,840.0
144b,6-10,0,137.0,9232.340004,57.0
144b,6-10,1,2541.0,181608.265824,1704.0
144c,0-2,0,10.0,757.69997,10.0
144c,0-2,1,897.0,67627.767444,861.0
144c,11-20,0,515.0,36296.069488,280.0
144c,11-20,1,6754.0,490425.576034,4897.0
144c,21+,0,1036.0,75454.828239,692.0
144c,21+,1,7421.0,544052.714132,5441.0
144c,3-5,0,21.0,1591.169937,21.0
144c,3-5,1,782.0,58521.767823,722.0
144c,6-10,0,88.0,6158.839913,47.0
144c,6-10,1,2083.0,152565.075325,1643.0
144d,0-2,1,309.0,23201.999132,294.0
144d,11-20,0,92.0,6237.219964,38.0
144d,11-20,1,1452.0,103745.017751,919.0
144d,21+,1,51.0,3864.269847,51.0
144d,3-5,1,388.0,28951.338984,352.0
144d,6-10,0,67.0,4465.239999,22.0
144d,6-10,1,1120.0,79106.248547,685.0
144x,0-2,0,2950.0,142992.3306545,479.0
144x,0-2,1,4990.0,286645.5163901,1990.0
144x,11-20,0,854.0,54483.270185600006,221.0
144x,11-20,1,7292.0,494243.4948065,3335.0
144x,21+,0,84.0,5412.1698888,48.0
144x,21+,1,301.0,18684.9696671,137.0
144x,3-5,0,147.0,8659.730026000001,46.0
144x,3-5,1,774.0,49186.7893857,347.0
144x,6-10,0,647.0,40107.0704056,117.0
144x,6-10,1,6465.0,430996.717253,2642.0
144x,na,0,192.0,9152.0098213,77.0
144x,na,1,401.0,25037.3492975,251.0
145a,0-2,0,26.0,2069.269987,16.0
145a,0-2,1,741.0,55426.568812,473.0
145a,11-20,0,491.0,35180.3296528,235.0
145a,11-20,1,4989.0,367186.9939004,2680.0
145a,21+,0,636.0,48229.52967,320.0
145a,21+,1,3079.0,224787.0370913,1546.0
145a,3-5,0,29.0,2177.4099610000003,17.0
145a,3-5,1,694.0,51695.669149,370.0
145a,6-10,0,107.0,8003.459932,57.0
145a,6-10,1,1442.0,106682.038269,762.0
145a,na,0,42.0,2394.33998,12.0
145a,na,1,43.0,2539.619944,17.0
145b,0-2,0,50.0,3521.059959,23.0
145b,0-2,1,993.0,73668.398384,622.0
145b,11-20,0,373.0,26556.0598428,147.0
145b,11-20,1,5270.0,380387.0538858,2577.0
145b,21+,0,596.0,42917.519694,243.0
145b,21+,1,2534.0,186318.757216,1294.0
145b,3-5,0,34.0,2554.59995,21.0
145b,3-5,1,953.0,70893.298589,568.0
145b,6-10,0,94.0,6982.4399300000005,39.0
145b,6-10,1,2045.0,150312.42730500002,1081.0
145c,0-2,0,53.0,3932.709961,20.0
145c,0-2,1,1329.0,99043.317756,859.0
145c,11-20,0,477.0,32645.3496354,209.0
145c,11-20,1,5385.0,395722.6336879,2849.0
145c,21+,0,762.0,56338.629612,361.0
145c,21+,1,3530.0,258702.5366588,1797.0
145c,3-5,0,79.0,5865.329933,32.0
145c,3-5,1,1232.0,91571.468412,672.0
145c,6-10,0,189.0,12984.0099074,70.0
145c,6-10,1,2694.0,198299.646427,1492.0
145c,na,0,44.0,3360.749965,26.0
145c,na,1,39.0,2931.789939,25.0
145d,0-2,1,63.0,4723.709930999999,33.0
145d,11-20,0,14.0,1037.540014,0.0
145d,11-20,1,426.0,31853.089668,181.0
145d,21+,0,24.0,1786.940004,5.0
145d,21+,1,99.0,7272.069939,31.0
145d,3-5,1,70.0,5259.079898,43.0
145d,6-10,1,177.0,13046.029872,64.0
145e,0-2,1,65.0,4895.169877,47.0
145e,11-20,0,28.0,2103.2999600000003,17.0
145e,11-20,1,349.0,25688.879749,126.0
145e,21+,1,33.0,2472.189969,16.0
145e,3-5,1,93.0,6990.169857000001,59.0
145e,6-10,1,175.0,13128.609791,96.0
145f,0-2,0,22.0,1658.6399540000002,17.0
145f,0-2,1,1008.0,75132.418571,590.0
145f,11-20,0,252.0,18576.089869,111.0
145f,11-20,1,4042.0,296674.576125,1790.0
145f,21+,0,196.0,14712.819914,77.0
145f,21+,1,892.0,66598.469518,371.0
145f,3-5,0,37.0,2781.909941,24.0
145f,3-5,1,967.0,71886.738843,500.0
145f,6-10,0,68.0,5049.59995,26.0
145f,6-10,1,1823.0,135267.728169,873.0
145f,na,1,10.0,757.69997,10.0
145g,0-2,1,126.0,9497.219742,96.0
145g,11-20,0,22.0,1655.319962,15.0
145g,11-20,1,643.0,47742.688954,383.0
145g,21+,1,233.0,17389.579557,155.0
145g,3-5,1,145.0,10906.969757,97.0
145g,6-10,1,294.0,22010.429469,198.0
145h,0-2,1,330.0,24780.49919,280.0
145h,11-20,0,28.0,2103.2999600000003,17.0
145h,11-20,1,968.0,71689.078497,587.0
145h,21+,1,50.0,3766.919902,37.0
145h,3-5,1,344.0,25715.599266,259.0
145h,6-10,0,16.0,1204.019972,11.0
145h,6-10,1,705.0,52024.108673,472.0
145i,0-2,1,257.0,19359.389449,200.0
145i,11-20,0,62.0,4669.5198820000005,45.0
145i,11-20,1,1178.0,87005.368227,688.0
145i,21+,0,60.0,4497.439884,42.0
145i,21+,1,445.0,32775.559196,290.0
145i,3-5,1,268.0,20165.339489,193.0
145i,6-10,0,27.0,2034.169947,20.0
145i,6-10,1,703.0,52370.698637,486.0
145x,0-2,0,3946.0,186821.8804033,738.0
145x,0-2,1,5532.0,307460.1880306,1721.0
145x,11-20,0,416.0,27068.7699188,176.0
145x,11-20,1,2065.0,139643.9887436,845.0
145x,21+,0,4020.0,290976.569008,1657.0
145x,21+,1,3253.0,217306.4792641,1188.0
145x,3-5,0,255.0,13784.790054,62.0
145x,3-5,1,788.0,46500.3195229,308.0
145x,6-10,0,269.0,16980.4300167,86.0
145x,6-10,1,1378.0,94871.4189818,614.0
145x,na,0,181.0,9885.8899076,57.0
145x,na,1,147.0,7507.8299228,47.0
146a,11-20,0,72.0,4045.599889,6.0
146a,11-20,1,309.0,17314.549467,48.0
146a,21+,0,1231.0,66702.2986008,216.0
146a,21+,1,1151.0,59688.9588185,166.0
146a,3-5,1,14.0,676.8999719999999,0.0
146a,6-10,0,21.0,1015.349958,0.0
146a,6-10,1,223.0,12609.579609,35.0
146a,na,0,14.0,614.249982,0.0
146b,11-20,1,44.0,2576.689934,5.0
146b,21+,0,176.0,11615.869864,52.0
146b,21+,1,111.0,6758.669914,21.0
146b,6-10,1,11.0,660.649993,0.0
146c,11-20,1,85.0,5106.029834,23.0
146c,21+,1,19.0,998.999962,0.0
146c,6-10,1,47.0,2749.409928,8.0
146d,11-20,1,52.0,2828.739922,9.0
146d,21+,0,109.0,5059.8799591,16.0
146d,21+,1,249.0,10002.9899038,19.0
146d,6-10,1,10.0,483.49998,0.0
146e,0-2,1,18.0,1050.6199849999998,0.0
146e,11-20,0,39.0,2091.729946,0.0
146e,11-20,1,204.0,11817.499762,21.0
146e,21+,0,1479.0,83822.069848,314.0
146e,21+,1,901.0,48879.019532,159.0
146e,3-5,1,15.0,854.049985,0.0
146e,6-10,1,73.0,4081.879888,5.0
146e,na,0,89.0,4964.469984,19.0
146e,na,1,18.0,654.6299999999999,0.0
146f,11-20,1,41.0,2912.4099720000004,17.0
146f,3-5,1,13.0,975.049985,7.0
146f,6-10,1,22.0,1630.420022,0.0
146g,0-2,1,351.0,26078.839424,207.0
146g,11-20,0,65.0,4585.409961,17.0
146g,11-20,1,1119.0,81384.789176,416.0
146g,21+,0,1122.0,77215.899554,296.0
146g,21+,1,3033.0,216739.108656,986.0
146g,3-5,0,35.0,2608.869952,19.0
146g,3-5,1,434.0,32132.529408,224.0
146g,6-10,0,60.0,4273.029948,20.0
146g,6-10,1,887.0,64716.249031,384.0
146g,na,0,277.0,19720.089918,58.0
146g,na,1,124.0,8271.339969,12.0
146h,0-2,1,98.0,7392.259786,78.0
146h,11-20,0,26.0,1731.44996,14.0
146h,11-20,1,261.0,19015.509672,145.0
146h,21+,0,341.0,24738.659743,179.0
146h,21+,1,735.0,51006.509318,338.0
146h,3-5,1,95.0,7164.949795,75.0
146h,6-10,1,172.0,12888.179738,105.0
146h,na,0,27.0,2034.169947,20.0
146h,na,1,21.0,1226.339985,5.0
146i,0-2,1,28.0,2060.739989,7.0
146i,21+,0,50.0,3340.390031,7.0
146i,21+,1,98.0,6770.629981,29.0
146i,3-5,1,53.0,3763.209979,11.0
146i,6-10,1,45.0,3326.549985,12.0
146j,0-2,1,112.0,8486.239664,112.0
146j,11-20,0,31.0,2348.869907,31.0
146j,11-20,1,290.0,21747.929234,256.0
146j,21+,0,898.0,63352.878081,672.0
146j,21+,1,1475.0,102856.646754,1101.0
146j,3-5,1,207.0,15684.389379,207.0
146j,6-10,0,15.0,1136.549955,15.0
146j,6-10,1,146.0,11005.669567,141.0
146j,na,0,300.0,21369.019265,248.0
146j,na,1,94.0,4599.369868,46.0
146k,0-2,1,198.0,14942.69955,162.0
146k,11-20,0,53.0,2958.149944,22.0
146k,11-20,1,717.0,51302.328810000006,431.0
146k,21+,0,1212.0,84250.19898750001,581.0
146k,21+,1,2048.0,141889.2777732,990.0
146k,3-5,1,158.0,11805.319642,124.0
146k,6-10,1,396.0,28981.859255000003,275.0
146k,na,0,50.0,3692.179924,27.0
146k,na,1,23.0,1724.449975,12.0
146l,0-2,1,34.0,2576.1798980000003,34.0
146l,11-20,1,41.0,3098.269897,36.0
146l,21+,0,300.0,20821.9194529,192.0
146l,21+,1,623.0,43296.6887235,420.0
146l,3-5,1,44.0,3333.879868,44.0
146l,6-10,1,48.0,3636.959856,48.0
146l,na,0,140.0,9539.009721,91.0
146l,na,1,36.0,1469.319967,11.0
146x,0-2,0,563.0,27184.4498366,55.0
146x,0-2,1,1721.0,95813.6977915,243.0
146x,11-20,0,171.0,10687.179859,40.0
146x,11-20,1,1019.0,67228.758659,382.0
146x,21+,0,70.0,4366.489918,23.0
146x,21+,1,190.0,11823.059758,65.0
146x,3-5,0,256.0,14552.049766,8.0
146x,3-5,1,995.0,56570.718461,147.0
146x,6-10,0,489.0,28450.8595555,38.0
146x,6-10,1,1452.0,89232.178136,407.0
146x,na,0,25.0,736.0800241,0.0
146x,na,1,34.0,1683.2599937999998,11.0
149a,0-2,0,28.0,1795.279986,6.0
149a,0-2,1,1249.0,77605.007878,106.0
149a,11-20,0,1314.0,82871.067906,154.0
149a,11-20,1,3302.0,206770.704668,327.0
149a,21+,0,3065.0,195041.895712,606.0
149a,21+,1,1544.0,91831.8979891,216.0
149a,3-5,0,15.0,902.54997,0.0
149a,3-5,1,1164.0,72428.447831,80.0
149a,6-10,0,90.0,5598.179841,11.0
149a,6-10,1,1450.0,91654.347429,131.0
149a,na,0,95.0,5864.3299050000005,29.0
149a,na,1,11.0,739.8699730000001,5.0
149b,11-20,1,12.0,909.239964,12.0
149b,21+,0,166.0,12127.209651,128.0
149b,21+,1,206.0,15311.849465,169.0
149b,na,1,24.0,1818.479928,24.0
149c,21+,0,22.0,1401.5999940000002,0.0
149d,0-2,1,1610.0,102315.016752,288.0
149d,11-20,0,12.0,815.6399700000001,6.0
149d,11-20,1,88.0,5467.909835,9.0
149d,21+,1,23.0,1493.109947,7.0
149d,3-5,0,16.0,962.719968,0.0
149d,3-5,1,1515.0,95540.637116,186.0
149d,6-10,0,60.0,3851.499884,11.0
149d,6-10,1,1137.0,71667.867839,129.0
149x,0-2,0,985.0,52127.4500752,231.0
149x,0-2,1,3327.0,203319.64816,1175.0
149x,11-20,0,3523.0,185962.890236,833.0
149x,11-20,1,8399.0,450205.38907149,2184.0
149x,21+,0,2040.0,103239.4101499,426.0
149x,21+,1,3054.0,144586.9794595,631.0
149x,3-5,0,308.0,17842.3699549,107.0
149x,3-5,1,1112.0,68764.0792946,411.0
149x,6-10,0,1179.0,61274.650042500005,255.0
149x,6-10,1,3407.0,193408.1492203,996.0
149x,na,0,1143.0,46956.6201914,162.0
149x,na,1,2153.0,89461.9693769,319.0
210z,0-2,0,19.0,627.1200235,0.0
210z,11-20,0,10.0,511.8500105,5.0
210z,3-5,1,16.0,914.930017,5.0
210z,na,0,38.0,717.5500039,0.0
210z,na,1,72.0,2505.0699967,6.0
211a,0-2,0,143.0,4758.4800247,8.0
211a,0-2,1,208.0,10092.8500976,34.0
211a,11-20,0,61.0,2736.860006,6.0
211a,11-20,1,363.0,20232.229988,93.0
211a,21+,0,565.0,28953.2599307,176.0
211a,21+,1,1133.0,58753.0598323,286.0
211a,3-5,0,82.0,2780.8100332,0.0
211a,3-5,1,152.0,6403.5300026,16.0
211a,6-10,0,173.0,7047.7200571,18.0
211a,6-10,1,337.0,16861.460072500002,63.0
211a,na,0,22.0,325.3499988,0.0
211a,na,1,30.0,1352.229988,6.0
211b,0-2,0,38.0,2380.450049,15.0
211b,0-2,1,75.0,6119.790073,61.0
211b,11-20,0,86.0,6802.920106,59.0
211b,11-20,1,323.0,26055.460271,252.0
211b,21+,0,51.0,4064.990069,41.0
211b,21+,1,174.0,14684.690194,156.0
211b,3-5,0,28.0,1952.080037,15.0
211b,3-5,1,69.0,6111.210115,64.0
211b,6-10,0,59.0,4731.200078,47.0
211b,6-10,1,240.0,18841.240267,171.0
211x,0-2,0,30.0,1436.2500249999998,5.0
211x,0-2,1,36.0,1839.080045,10.0
211x,11-20,1,17.0,879.310003,5.0
211x,na,0,41.0,1401.7900115,5.0
211x,na,1,66.0,2576.900011,11.0
212a,0-2,0,178.0,8565.4700775,19.0
212a,0-2,1,550.0,32267.1801009,45.0
212a,11-20,0,121.0,8074.020012,21.0
212a,11-20,1,626.0,42088.459947,94.0
212a,21+,0,573.0,38210.710032,94.0
212a,21+,1,1365.0,91315.449896,201.0
212a,3-5,0,179.0,9317.3300461,26.0
212a,3-5,1,503.0,31336.8600256,56.0
212a,6-10,0,331.0,19533.420179,59.0
212a,6-10,1,811.0,51685.000123,114.0
212a,na,0,86.0,5793.509991,5.0
212a,na,1,44.0,2833.25,0.0
212b,0-2,0,108.0,4388.1900795,5.0
212b,0-2,1,139.0,6400.5900873,11.0
212b,11-20,0,370.0,23531.160266,107.0
212b,11-20,1,570.0,39565.640239,226.0
212b,21+,0,463.0,31518.940399,108.0
212b,21+,1,417.0,28610.660151,143.0
212b,3-5,0,90.0,3245.5300517,0.0
212b,3-5,1,80.0,3905.820054,7.0
212b,6-10,0,171.0,8296.0601266,22.0
212b,6-10,1,176.0,9730.180108,27.0
212c,0-2,1,34.0,2433.390007,23.0
212c,11-20,0,40.0,3154.919992,30.0
212c,11-20,1,224.0,18148.650125,171.0
212c,21+,0,51.0,4480.540062,51.0
212c,21+,1,130.0,10920.850104,109.0
212c,3-5,0,12.0,663.150014,0.0
212c,3-5,1,56.0,4820.09005,51.0
212c,6-10,0,44.0,3311.7000230000003,33.0
212c,6-10,1,111.0,8630.640039,71.0
212x,0-2,0,405.0,18784.6001948,58.0
212x,0-2,1,384.0,19686.4301193,15.0
212x,11-20,0,143.0,8423.60006,11.0
212x,11-20,1,228.0,13334.380024,24.0
212x,21+,0,15.0,945.0,0.0
212x,21+,1,55.0,3596.50002,0.0
212x,3-5,0,70.0,3779.020019,5.0
212x,3-5,1,57.0,3585.71004,0.0
212x,6-10,0,134.0,7823.0400636,14.0
212x,6-10,1,152.0,8985.850035,7.0
212x,na,0,123.0,4141.7999749,7.0
212x,na,1,143.0,6070.8399952,13.0
213a,0-2,0,92.0,5114.5401047,36.0
213a,0-2,1,156.0,10849.0801665,92.0
213a,11-20,0,78.0,6768.09011,73.0
213a,11-20,1,61.0,5443.850076,61.0
213a,3-5,0,194.0,13131.5301573,111.0
213a,3-5,1,273.0,21195.250189,197.0
213a,6-10,0,277.0,21472.820215,193.0
213a,6-10,1,432.0,33947.03031,305.0
213b,0-2,0,138.0,6574.5900689,27.0
213b,0-2,1,152.0,9594.800068,70.0
213b,11-20,0,211.0,15080.180153,121.0
213b,11-20,1,371.0,27048.760158,234.0
213b,21+,0,75.0,5627.199985,48.0
213b,21+,1,100.0,8080.040018,89.0
213b,3-5,0,107.0,5930.6800286,27.0
213b,3-5,1,125.0,8977.600077000001,84.0
213b,6-10,0,143.0,8587.8300505,44.0
213b,6-10,1,205.0,14019.330123,115.0
213c,11-20,0,85.0,6518.180111,58.0
213c,11-20,1,161.0,12098.710156,108.0
213c,21+,0,128.0,9459.520129,72.0
213c,21+,1,124.0,9821.890116,95.0
213c,6-10,0,24.0,1080.839994,6.0
213c,6-10,1,20.0,718.219987,0.0
213d,0-2,0,498.0,27555.2903509,181.0
213d,0-2,1,412.0,30731.6003308,289.0
213d,11-20,0,532.0,41909.0503195,394.0
213d,11-20,1,925.0,70143.960369,611.0
213d,21+,0,211.0,16372.54014,150.0
213d,21+,1,274.0,20492.02012,177.0
213d,3-5,0,407.0,30530.2903263,277.0
213d,3-5,1,453.0,35548.010274,335.0
213d,6-10,0,729.0,58484.1306266,563.0
213d,6-10,1,793.0,62033.93047,564.0
213x,0-2,0,1295.0,57900.2507384,220.0
213x,0-2,1,917.0,48530.9004988,260.0
213x,11-20,0,900.0,69227.780673,601.0
213x,11-20,1,1510.0,110367.3207117,930.0
213x,21+,0,94.0,7787.020097,72.0
213x,21+,1,210.0,17088.520147,169.0
213x,3-5,0,278.0,17692.200203200002,135.0
213x,3-5,1,372.0,24828.5402788,200.0
213x,6-10,0,468.0,33564.4604205,280.0
213x,6-10,1,716.0,47075.9003837,360.0
213x,na,0,58.0,3490.5500539,33.0
213x,na,1,75.0,5545.1100535000005,55.0
214a,11-20,0,41.0,2913.369927,32.0
214a,11-20,1,77.0,5716.449844,68.0
214a,21+,1,19.0,1453.789943,19.0
214a,6-10,0,13.0,837.249986,8.0
214a,6-10,1,34.0,2455.3599480000003,27.0
214b,0-2,0,11.0,487.630022,0.0
214b,0-2,1,13.0,565.6400209999999,0.0
214b,11-20,0,25.0,2020.64995,20.0
214b,11-20,1,65.0,5561.469822,59.0
214b,21+,0,83.0,7139.669781,78.0
214b,21+,1,105.0,8530.889728999999,85.0
214b,6-10,0,35.0,2002.04001,7.0
214b,6-10,1,39.0,2508.179985,11.0
214c,0-2,0,15.0,654.300025,0.0
214c,0-2,1,23.0,1351.450041,7.0
214c,11-20,0,92.0,7682.440005,72.0
214c,11-20,1,221.0,17911.179942,170.0
214c,21+,0,18.0,1572.299964,18.0
214c,21+,1,76.0,6573.189908,76.0
214c,3-5,0,18.0,1678.680036,18.0
214c,3-5,1,22.0,2022.170024,22.0
214c,6-10,0,46.0,3889.560064,39.0
214c,6-10,1,69.0,5724.900056,56.0
214x,0-2,0,545.0,25950.7802936,125.0
214x,0-2,1,510.0,34150.63994,284.0
214x,11-20,0,343.0,28386.639973,289.0
214x,11-20,1,710.0,57313.52968,577.0
214x,21+,0,56.0,4873.659948,51.0
214x,21+,1,146.0,11980.099865,125.0
214x,3-5,0,322.0,21793.9300398,188.0
214x,3-5,1,441.0,35583.179917,356.0
214x,6-10,0,386.0,29362.150046,288.0
214x,6-10,1,740.0,59841.579851,588.0
214x,na,0,62.0,4642.009962,52.0
214x,na,1,143.0,10979.6798979,120.0
215z,0-2,0,157.0,6703.0100829,18.0
215z,0-2,1,156.0,7063.650017,25.0
215z,11-20,0,196.0,8780.170106,26.0
215z,11-20,1,413.0,20003.6000216,92.0
215z,21+,1,50.0,2504.9300000000003,9.0
215z,3-5,0,88.0,3332.1600391,6.0
215z,3-5,1,114.0,4342.7000294,8.0
215z,6-10,0,145.0,6621.520067,28.0
215z,6-10,1,222.0,10205.40999,47.0
219z,0-2,0,1442.0,68496.2305606,293.0
219z,0-2,1,1360.0,75722.81042750001,398.0
219z,11-20,0,1368.0,82761.3203639,558.0
219z,11-20,1,2319.0,139421.8002997,905.0
219z,21+,0,658.0,36745.3301219,240.0
219z,21+,1,1094.0,61480.6000088,382.0
219z,3-5,0,565.0,31351.1902075,179.0
219z,3-5,1,694.0,43546.7002432,294.0
219z,6-10,0,978.0,58289.5803052,354.0
219z,6-10,1,1479.0,93084.8004495,623.0
219z,na,0,343.0,14944.2800192,79.0
219z,na,1,581.0,26405.679899,108.0
220z,0-2,0,36.0,1167.9200029,5.0
220z,0-2,1,17.0,668.730018,0.0
220z,na,0,56.0,1179.2000044,0.0
220z,na,1,73.0,2382.2400165,0.0
221a,0-2,0,95.0,4818.760021,12.0
221a,0-2,1,275.0,16689.480208999998,30.0
221a,11-20,0,173.0,11112.150151,19.0
221a,11-20,1,982.0,62197.94072599999,96.0
221a,21+,0,863.0,53821.270778,25.0
221a,21+,1,1378.0,86526.041194,95.0
221a,3-5,0,38.0,2030.500031,0.0
221a,3-5,1,256.0,15877.210120999998,49.0
221a,6-10,0,59.0,3914.420054,7.0
221a,6-10,1,437.0,28504.750286,77.0
221a,na,0,15.0,934.350015,0.0
221b,0-2,1,129.0,6763.4000080000005,0.0
221b,11-20,0,17.0,973.880008,0.0
221b,11-20,1,143.0,8466.180114,0.0
221b,21+,0,297.0,15307.230042,21.0
221b,21+,1,340.0,18350.350072,18.0
221b,3-5,1,76.0,4148.1400140000005,0.0
221b,6-10,0,11.0,637.940006,0.0
221b,6-10,1,54.0,3146.310031,0.0
221x,0-2,0,114.0,4491.5499952,10.0
221x,0-2,1,130.0,5197.929978,13.0
221x,11-20,0,83.0,5302.309985,29.0
221x,11-20,1,260.0,16051.0199174,96.0
221x,21+,0,148.0,9379.420114,54.0
221x,21+,1,137.0,9562.980067,54.0
221x,3-5,1,17.0,861.580017,0.0
221x,6-10,1,63.0,4471.05994,32.0
221x,na,0,38.0,2104.620035,0.0
221x,na,1,23.0,1432.670023,0.0
222a,0-2,0,12.0,418.460009,0.0
222a,0-2,1,46.0,3914.720069,36.0
222a,11-20,0,40.0,3605.0201,34.0
222a,11-20,1,204.0,17755.700056,186.0
222a,21+,0,27.0,2478.890067,27.0
222a,21+,1,42.0,3747.090031,37.0
222a,3-5,1,88.0,7594.920063,82.0
222a,6-10,0,35.0,2946.9500310000003,27.0
222a,6-10,1,100.0,8366.039985,89.0
222b,0-2,0,32.0,2289.390044,17.0
222b,0-2,1,102.0,8178.840091,80.0
222b,11-20,0,324.0,20300.6100797,133.0
222b,11-20,1,1051.0,72783.8601812,545.0
222b,21+,0,543.0,39673.5502334,303.0
222b,21+,1,865.0,61453.7002638,489.0
222b,3-5,0,28.0,1594.5900155000002,13.0
222b,3-5,1,147.0,11754.360066,113.0
222b,6-10,0,177.0,10356.310073,59.0
222b,6-10,1,529.0,36576.530121,256.0
222c,11-20,1,101.0,8207.489982,75.0
222c,21+,0,34.0,2768.360012,24.0
222c,21+,1,69.0,5433.730033,53.0
222c,6-10,1,46.0,3770.939992,38.0
222d,0-2,1,11.0,886.6700020000001,11.0
222d,11-20,0,23.0,1913.589998,16.0
222d,11-20,1,127.0,10173.009956,96.0
222d,21+,0,70.0,5456.590041,48.0
222d,21+,1,148.0,11343.120113,99.0
222d,6-10,1,30.0,2565.979987,30.0
222e,11-20,1,44.0,3392.679936,34.0
222e,21+,1,24.0,1975.690031,19.0
222e,3-5,1,13.0,976.709981,8.0
222e,6-10,1,32.0,2595.2799910000003,26.0
222f,11-20,1,12.0,1000.239984,12.0
222f,21+,1,22.0,1723.389987,17.0
222h,11-20,0,25.0,1825.170014,13.0
222h,11-20,1,90.0,6118.699986,38.0
222h,21+,0,10.0,399.55,0.0
222h,21+,1,52.0,3048.489979,15.0
222h,6-10,0,13.0,936.769997,7.0
222h,6-10,1,59.0,4095.429975,32.0
222k,0-2,0,55.0,4220.65016,43.0
222k,0-2,1,114.0,6858.390197,59.0
222k,11-20,0,21.0,1584.810036,15.0
222k,11-20,1,71.0,5967.710134,71.0
222k,21+,0,26.0,2075.260044,21.0
222k,21+,1,48.0,3427.5200440000003,35.0
222k,3-5,0,120.0,8749.530322999999,82.0
222k,3-5,1,160.0,10305.870279,97.0
222k,6-10,0,52.0,4440.120173,52.0
222k,6-10,1,132.0,9934.170296,98.0
222x,0-2,0,263.0,11563.8801797,46.0
222x,0-2,1,269.0,15513.280148,97.0
222x,11-20,0,94.0,7455.720076,66.0
222x,11-20,1,359.0,25631.660035,211.0
222x,21+,0,177.0,13429.8401548,130.0
222x,21+,1,297.0,21893.150084,193.0
222x,3-5,0,47.0,3030.2299975,24.0
222x,3-5,1,122.0,8814.310047500001,84.0
222x,6-10,0,66.0,4413.7300885,33.0
222x,6-10,1,198.0,14416.2600076,130.0
222x,na,0,112.0,4567.5400812,12.0
222x,na,1,221.0,10010.2300409,42.0
223a,0-2,0,14.0,840.460022,6.0
223a,0-2,1,62.0,5109.930051,49.0
223a,11-20,0,51.0,4336.100031,44.0
223a,11-20,1,215.0,18516.890045,204.0
223a,21+,0,107.0,8798.290082,80.0
223a,21+,1,133.0,11255.320119,114.0
223a,3-5,0,33.0,2589.310032,27.0
223a,3-5,1,144.0,12098.56003,138.0
223a,6-10,0,42.0,3405.750071,36.0
223a,6-10,1,167.0,13962.580096,148.0
223c,0-2,1,32.0,2765.120128,32.0
223c,11-20,0,27.0,2333.070108,27.0
223c,11-20,1,149.0,11472.5904,108.0
223c,3-5,1,21.0,1814.610084,21.0
223c,6-10,0,15.0,1296.15006,15.0
223c,6-10,1,97.0,7596.5903,72.0
223c,na,1,12.0,1036.920048,12.0
223d,0-2,0,74.0,3912.5000726,15.0
223d,0-2,1,121.0,8729.7800968,75.0
223d,11-20,0,100.0,8778.500041,88.0
223d,11-20,1,404.0,33780.410183,346.0
223d,21+,0,163.0,13799.680068,139.0
223d,21+,1,346.0,28669.610197,285.0
223d,3-5,0,36.0,2963.41,29.0
223d,3-5,1,148.0,11878.220139,115.0
223d,6-10,0,63.0,5122.860015,52.0
223d,6-10,1,271.0,22486.990146,223.0
223x,0-2,0,127.0,4938.8900905,15.0
223x,0-2,1,107.0,6543.280151999999,45.0
223x,11-20,1,16.0,1240.6400159999998,8.0
223x,3-5,1,13.0,1057.310028,13.0
223x,6-10,0,11.0,953.320006,11.0
223x,6-10,1,18.0,1520.110013,18.0
225a,0-2,0,36.0,2363.640003,18.0
225a,0-2,1,149.0,11005.03014,82.0
225a,11-20,0,118.0,9552.930082,83.0
225a,11-20,1,785.0,60979.5503715,550.0
225a,21+,0,324.0,24203.8501864,212.0
225a,21+,1,650.0,47699.8701624,425.0
225a,3-5,1,185.0,15677.11013,155.0
225a,6-10,0,49.0,4086.420044,38.0
225a,6-10,1,394.0,32346.670256,297.0
225b,0-2,1,58.0,4957.8800980000005,47.0
225b,11-20,0,94.0,8342.670082,83.0
225b,11-20,1,499.0,39076.920454,349.0
225b,21+,0,87.0,7999.770131,87.0
225b,21+,1,260.0,21964.260294,240.0
225b,3-5,0,18.0,1746.720018,18.0
225b,3-5,1,71.0,5695.890083,55.0
225b,6-10,0,46.0,4097.770045,40.0
225b,6-10,1,231.0,19069.770221,170.0
225c,0-2,0,55.0,2765.9900637,13.0
225c,0-2,1,105.0,6992.800095,56.0
225c,11-20,0,23.0,2047.940045,23.0
225c,11-20,1,216.0,17174.280174,159.0
225c,21+,0,259.0,21055.080243,199.0
225c,21+,1,645.0,53219.16058,519.0
225c,3-5,0,46.0,3007.680046,22.0
225c,3-5,1,147.0,12011.640189,107.0
225c,6-10,0,74.0,4868.230081,42.0
225c,6-10,1,352.0,26169.330258,224.0
225x,0-2,0,418.0,16799.3701931,52.0
225x,0-2,1,342.0,17052.9402709,83.0
225x,11-20,0,161.0,10569.8501614,90.0
225x,11-20,1,544.0,35198.1902986,262.0
225x,21+,0,39.0,3002.2900210000003,27.0
225x,21+,1,160.0,12361.310119,121.0
225x,3-5,0,26.0,1319.649993,6.0
225x,3-5,1,119.0,6840.4800986,47.0
225x,6-10,0,14.0,550.870013,0.0
225x,6-10,1,138.0,8553.9600925,58.0
225x,na,0,17.0,323.540003,0.0
225x,na,1,30.0,650.8800046,0.0
226z,0-2,0,129.0,5819.7200579,31.0
226z,0-2,1,150.0,10098.520129,78.0
226z,11-20,1,275.0,22493.509923,229.0
226z,21+,0,71.0,6030.720115,66.0
226z,21+,1,140.0,11921.91003,127.0
226z,3-5,0,12.0,808.560012,6.0
226z,3-5,1,123.0,10689.750138,107.0
226z,6-10,0,22.0,2017.060015,22.0
226z,6-10,1,163.0,13705.010056,140.0
229z,0-2,0,4190.0,201209.0713084,918.0
229z,0-2,1,4714.0,265485.5109452,1571.0
229z,11-20,0,3730.0,231934.8310842,1563.0
229z,11-20,1,7173.0,446731.881744,3139.0
229z,21+,0,4059.0,278332.7813451,2121.0
229z,21+,1,5012.0,321570.921473,2403.0
229z,3-5,0,1098.0,60688.7804486,357.0
229z,3-5,1,1986.0,122660.3906842,833.0
229z,6-10,0,1910.0,112421.6507768,693.0
229z,6-10,1,3470.0,217615.1710015,1530.0
229z,na,0,1161.0,63809.8904077,374.0
229z,na,1,1822.0,95304.1503349,549.0
310a,21+,0,52.0,3856.300016,26.0
310a,21+,1,119.0,9156.180007,65.0
310b,21+,0,2260.0,171301.6105633,1381.0
310b,21+,1,1276.0,90736.5302552,752.0
310b,na,0,130.0,10984.430051,103.0
310b,na,1,45.0,3845.330023,39.0
310x,0-2,0,1043.0,45979.6105423,154.0
310x,0-2,1,1231.0,62430.4804038,311.0
310x,11-20,0,194.0,15121.540139,115.0
310x,11-20,1,671.0,50864.380041,399.0
310x,21+,0,52.0,4217.66002,32.0
310x,21+,1,182.0,14914.510008,124.0
310x,3-5,0,40.0,2583.510045,17.0
310x,3-5,1,124.0,8953.780045,65.0
310x,6-10,0,31.0,2144.8400380000003,12.0
310x,6-10,1,210.0,15902.730063,124.0
310x,na,0,66.0,1654.4500259,0.0
310x,na,1,112.0,3742.7200104,10.0
311a,0-2,0,167.0,12144.249860999998,136.0
311a,0-2,1,1404.0,112866.49865,1372.0
311a,11-20,0,367.0,29811.699672,352.0
311a,11-20,1,2054.0,165733.54824799998,1944.0
311a,21+,0,878.0,67976.529507,744.0
311a,21+,1,1190.0,94183.4895325,1097.0
311a,3-5,0,249.0,20292.189751,249.0
311a,3-5,1,1280.0,104060.48885,1275.0
311a,6-10,0,341.0,27919.489659,341.0
311a,6-10,1,1786.0,145222.958455,1746.0
311a,na,0,15.0,1281.949995,15.0
311b,11-20,1,10.0,812.0999899999999,10.0
311b,21+,0,87.0,7066.419927999999,87.0
311b,21+,1,82.0,6404.459977,77.0
311b,3-5,1,17.0,1380.569983,17.0
311b,6-10,1,19.0,1542.989981,19.0
311b,na,0,149.0,11873.339856,144.0
311b,na,1,510.0,41327.709511,503.0
311c,0-2,0,72.0,5000.260007,43.0
311c,0-2,1,382.0,26794.680123,234.0
311c,11-20,0,474.0,33690.620222,305.0
311c,11-20,1,954.0,71386.78082900001,717.0
311c,21+,0,154.0,10246.390087,93.0
311c,21+,1,133.0,10561.200206,127.0
311c,3-5,0,82.0,6303.060057000001,69.0
311c,3-5,1,432.0,31891.90029,311.0
311c,6-10,0,205.0,14782.800134,135.0
311c,6-10,1,805.0,59983.910473,585.0
311c,na,0,200.0,14428.720193,129.0
311c,na,1,221.0,16516.600323000002,179.0
311x,0-2,0,2120.0,95898.0207567,353.0
311x,0-2,1,2767.0,152435.530449,847.0
311x,11-20,0,967.0,69794.5398865,546.0
311x,11-20,1,4535.0,326219.4590568,2505.0
311x,21+,0,448.0,32743.770094,278.0
311x,21+,1,1013.0,72591.8698666,616.0
311x,3-5,0,465.0,30471.9000536,231.0
311x,3-5,1,1758.0,121652.4697666,876.0
311x,6-10,0,751.0,52599.130031,404.0
311x,6-10,1,3302.0,228295.5896517,1562.0
311x,na,0,61.0,2270.660013,12.0
311x,na,1,50.0,1256.1399995000002,0.0
312a,0-2,0,572.0,30944.1802405,177.0
312a,0-2,1,1927.0,121840.9103541,749.0
312a,11-20,0,719.0,51297.330026,371.0
312a,11-20,1,3946.0,286056.45935990004,2075.0
312a,21+,0,431.0,32791.9600724,289.0
312a,21+,1,977.0,73979.379988,626.0
312a,3-5,0,420.0,28612.230085,217.0
312a,3-5,1,2014.0,141508.1401766,903.0
312a,6-10,0,550.0,39783.0200382,304.0
312a,6-10,1,3173.0,228981.3899548,1604.0
312b,0-2,0,58.0,3088.77005,13.0
312b,0-2,1,116.0,8218.320141,62.0
312b,11-20,0,114.0,9789.68011,104.0
312b,11-20,1,501.0,41504.590195,397.0
312b,21+,0,103.0,9048.59016,98.0
312b,21+,1,241.0,20758.240235,209.0
312b,3-5,0,32.0,2132.230025,15.0
312b,3-5,1,162.0,12372.4701,102.0
312b,6-10,0,56.0,4204.780039,32.0
312b,6-10,1,286.0,22718.060109,190.0
312c,0-2,0,249.0,11763.1201398,57.0
312c,0-2,1,574.0,42456.0500032,323.0
312c,11-20,0,144.0,12047.810053,104.0
312c,11-20,1,881.0,74350.349736,684.0
312c,21+,0,57.0,5162.079982,57.0
312c,21+,1,257.0,22444.000093,221.0
312c,3-5,0,105.0,7779.840088499999,64.0
312c,3-5,1,601.0,50106.079856,448.0
312c,6-10,0,137.0,10968.210006,98.0
312c,6-10,1,916.0,77024.889939,671.0
312x,0-2,0,1185.0,47960.4005554,131.0
312x,0-2,1,1617.0,75671.2006347,324.0
312x,11-20,0,156.0,12215.91012,99.0
312x,11-20,1,755.0,54037.160054,355.0
312x,3-5,0,57.0,2993.59004,16.0
312x,3-5,1,211.0,13554.120027,81.0
312x,6-10,0,51.0,3301.340055,18.0
312x,6-10,1,301.0,19229.280057,105.0
312x,na,1,19.0,198.2399991,0.0
313z,0-2,0,2354.0,112561.1811701,504.0
313z,0-2,1,3959.0,262937.9516359,1889.0
313z,11-20,0,1197.0,95262.2805002,809.0
313z,11-20,1,4397.0,359057.6606359,3150.0
313z,21+,0,934.0,71940.2402258,611.0
313z,21+,1,1838.0,147014.6303718,1304.0
313z,3-5,0,826.0,57195.8604123,436.0
313z,3-5,1,2664.0,213795.2009654,1786.0
313z,6-10,0,1102.0,84194.56052490001,687.0
313z,6-10,1,4151.0,338149.3110918,2903.0
313z,na,0,73.0,4130.3299941,26.0
313z,na,1,91.0,5814.58999,51.0
314a,0-2,0,606.0,42264.1302408,365.0
314a,0-2,1,1278.0,111332.270251,1139.0
314a,11-20,0,631.0,53072.4999286,484.0
314a,11-20,1,2274.0,195943.2000687,1880.0
314a,21+,0,430.0,37146.599963,343.0
314a,21+,1,1148.0,96061.670017,875.0
314a,3-5,0,526.0,44887.9499466,440.0
314a,3-5,1,1205.0,108935.90011,1138.0
314a,6-10,0,691.0,60767.949863,588.0
314a,6-10,1,1556.0,137617.890086,1372.0
314b,0-2,1,38.0,3250.460018,38.0
314b,11-20,1,121.0,10899.319977,121.0
314b,21+,0,42.0,3706.860049,37.0
314b,21+,1,47.0,4230.410055,47.0
314b,3-5,1,58.0,5038.620029,58.0
314b,6-10,1,77.0,6722.409978,77.0
314x,0-2,0,490.0,24504.0502769,129.0
314x,0-2,1,519.0,33004.5203975,244.0
314x,11-20,1,88.0,7000.340002999999,62.0
314x,3-5,0,61.0,4605.249927,19.0
314x,3-5,1,79.0,6515.849955,60.0
314x,6-10,0,60.0,4876.639994,36.0
314x,6-10,1,99.0,8443.440057,79.0
314x,na,0,17.0,731.110004,7.0
319z,0-2,0,5303.0,252427.6422355,1076.0
319z,0-2,1,7230.0,395056.3122978,2163.0
319z,11-20,0,3635.0,241088.2302865,1600.0
319z,11-20,1,7925.0,529008.07067944,3761.0
319z,21+,0,3533.0,249006.4103259,1875.0
319z,21+,1,4198.0,283139.0303807,2097.0
319z,3-5,0,1123.0,67859.2602389,444.0
319z,3-5,1,2600.0,173631.8006472,1223.0
319z,6-10,0,1800.0,115884.2405594,779.0
319z,6-10,1,4321.0,292935.8505129,2105.0
319z,na,0,1462.0,76453.1402114,487.0
319z,na,1,2167.0,108387.9799806,587.0
320z,11-20,0,14.0,1133.580014,14.0
320z,11-20,1,40.0,3392.450035,40.0
320z,21+,0,136.0,11334.520083,118.0
320z,21+,1,370.0,31271.670153,337.0
320z,na,0,20.0,352.2600056,0.0
320z,na,1,33.0,1286.6800128,8.0
321a,0-2,0,167.0,11623.510034600002,98.0
321a,0-2,1,353.0,31807.810065,337.0
321a,11-20,0,353.0,30633.060044,324.0
321a,11-20,1,1145.0,95900.720391,998.0
321a,21+,0,908.0,74614.8901148,737.0
321a,21+,1,1276.0,108377.460181,1127.0
321a,3-5,0,182.0,15280.120043,154.0
321a,3-5,1,435.0,37592.820141,395.0
321a,6-10,0,401.0,34357.940158,359.0
321a,6-10,1,1013.0,87539.540337,925.0
321a,na,0,100.0,8922.050025,95.0
321a,na,1,73.0,6650.080014,73.0
321b,0-2,0,897.0,52733.8506841,360.0
321b,0-2,1,1136.0,87454.79087900001,825.0
321b,11-20,0,921.0,73722.1105867,710.0
321b,11-20,1,2750.0,220348.3112527,2165.0
321b,21+,0,243.0,20113.640126,200.0
321b,21+,1,855.0,70216.1704198,708.0
321b,3-5,0,881.0,66529.39061829999,619.0
321b,3-5,1,1337.0,108852.8808337,1111.0
321b,6-10,0,1250.0,101066.1508976,1004.0
321b,6-10,1,2463.0,198967.5413328,1975.0
321x,0-2,0,1538.0,72644.940954,291.0
321x,0-2,1,1413.0,85901.1907989,613.0
321x,11-20,0,551.0,44644.120325,433.0
321x,11-20,1,1283.0,103855.090601,989.0
321x,21+,0,51.0,4633.5100330000005,51.0
321x,21+,1,245.0,21358.250057,232.0
321x,3-5,0,222.0,16820.330161,162.0
321x,3-5,1,409.0,33669.45021,320.0
321x,6-10,0,357.0,27173.4702715,244.0
321x,6-10,1,692.0,55181.800269,531.0
322a,0-2,0,27.0,1893.930048,15.0
322a,0-2,1,375.0,30549.131351,360.0
322a,11-20,0,139.0,11245.050434,125.0
322a,11-20,1,1736.0,141499.685378,1673.0
322a,21+,0,1043.0,83515.933082,955.0
322a,21+,1,1624.0,127680.2645104,1480.0
322a,3-5,0,31.0,2624.360114,31.0
322a,3-5,1,454.0,37431.391614,444.0
322a,6-10,0,48.0,3926.040174,48.0
322a,6-10,1,1001.0,82188.493335,982.0
322b,0-2,1,39.0,3290.9701320000004,39.0
322b,11-20,1,58.0,4910.440181,58.0
322b,21+,0,23.0,1883.930092,23.0
322b,21+,1,10.0,819.10004,10.0
322b,3-5,1,31.0,2623.630103,31.0
322b,6-10,1,72.0,6031.920209,67.0
322x,0-2,0,54.0,2228.6900410000003,6.0
322x,0-2,1,134.0,9479.950282,81.0
322x,11-20,1,76.0,6001.230182,65.0
322x,21+,0,90.0,7628.890064,71.0
322x,21+,1,188.0,15693.840197,175.0
322x,3-5,1,28.0,2293.480112,28.0
322x,6-10,1,57.0,4123.570148,42.0
329z,0-2,0,608.0,33206.0004023,197.0
329z,0-2,1,664.0,43837.4905914,354.0
329z,11-20,0,521.0,42877.39039,398.0
329z,11-20,1,1144.0,91319.5007094,880.0
329z,21+,0,168.0,13398.670101,119.0
329z,21+,1,340.0,28214.580266,281.0
329z,3-5,0,129.0,10634.480141,108.0
329z,3-5,1,240.0,20286.890206,215.0
329z,6-10,0,269.0,22496.930177,229.0
329z,6-10,1,601.0,49940.240498,505.0
340a,0-2,0,4031.0,269579.4713146,2156.0
340a,0-2,1,7514.0,617740.110734,6043.0
340a,11-20,0,13563.0,1040795.9988183,8992.0
340a,11-20,1,29086.0,2269988.60001152,20705.0
340a,21+,0,22236.0,1733890.2487956,14883.0
340a,21+,1,29812.0,2331193.1974176,21058.0
340a,3-5,0,4666.0,370710.0500674,3389.0
340a,3-5,1,9297.0,784083.2109541,7686.0
340a,6-10,0,9090.0,720028.5598326,6432.0
340a,6-10,1,16906.0,1366343.7315512,12797.0
340a,na,0,1189.0,87691.510064,728.0
340a,na,1,1045.0,69595.5199037,602.0
340b,11-20,0,256.0,22082.419858,194.0
340b,11-20,1,337.0,27265.7299029,248.0
340b,21+,0,42.0,3592.4599550000003,32.0
340b,21+,1,60.0,5458.869942,53.0
340b,6-10,0,22.0,1616.3799735,17.0
340b,6-10,1,38.0,2202.469987,16.0
340c,11-20,0,17.0,430.6100127,0.0
340c,21+,0,34.0,2751.699999,18.0
340c,21+,1,61.0,5203.380054,50.0
340d,11-20,0,64.0,3228.2100305000004,23.0
340d,11-20,1,201.0,12929.460056,103.0
340d,6-10,0,47.0,1871.800017,9.0
340d,6-10,1,167.0,9571.2200927,73.0
340e,11-20,0,12.0,612.7800024,6.0
340e,11-20,1,69.0,3269.9400004,19.0
340e,21+,0,25.0,2280.449971,25.0
340e,21+,1,34.0,2732.3599635,29.0
340e,6-10,0,12.0,1088.889995,12.0
340e,6-10,1,54.0,2331.5799942,16.0
340f,21+,1,26.0,2301.640007,21.0
340g,11-20,0,932.0,38007.6301534,188.0
340g,11-20,1,1835.0,81768.75010214,404.0
340g,21+,0,916.0,35163.2700705,154.0
340g,21+,1,1690.0,61915.5099982,212.0
340g,3-5,1,41.0,1391.1300235,6.0
340g,6-10,0,174.0,5952.810051699999,26.0
340g,6-10,1,363.0,17169.5301379,102.0
340g,na,0,119.0,2896.2299917,5.0
340g,na,1,252.0,6630.769978,0.0
340x,0-2,0,8135.0,406720.00423168,2098.0
340x,0-2,1,8613.0,540940.2745916999,4149.0
340x,11-20,0,3838.0,298426.0000924,2401.0
340x,11-20,1,7210.0,563450.211354,4876.0
340x,21+,0,1659.0,131353.9499831,1125.0
340x,21+,1,2757.0,222115.6403765,2042.0
340x,3-5,0,1100.0,81861.9903039,673.0
340x,3-5,1,1967.0,154167.130684,1408.0
340x,6-10,0,1986.0,152811.3601786,1251.0
340x,6-10,1,3296.0,262183.0409208,2320.0
340x,na,0,1625.0,72665.95034725001,418.0
340x,na,1,2417.0,122480.6002804,776.0
341z,0-2,0,1563.0,84722.3511502,332.0
341z,0-2,1,1924.0,130096.481034,1020.0
341z,11-20,0,1441.0,102871.4303145,524.0
341z,11-20,1,2231.0,159866.3008041,1104.0
341z,21+,0,169.0,11783.810052,46.0
341z,21+,1,137.0,9195.350073,54.0
341z,3-5,0,1066.0,72955.9007102,388.0
341z,3-5,1,1666.0,123793.640523,1025.0
341z,6-10,0,2410.0,173108.8710761,956.0
341z,6-10,1,3439.0,247333.0813512,1788.0
341z,na,0,385.0,23901.8101748,161.0
341z,na,1,202.0,9974.7800664,62.0
342z,0-2,0,578.0,34243.8205571,220.0
342z,0-2,1,511.0,36419.7903918,314.0
342z,11-20,0,867.0,65920.820528,471.0
342z,11-20,1,1124.0,85635.77064,658.0
342z,21+,0,4139.0,309774.1217894,2225.0
342z,21+,1,3681.0,275998.6315212,2216.0
342z,3-5,0,290.0,21372.3602405,181.0
342z,3-5,1,307.0,23833.9102675,220.0
342z,6-10,0,520.0,38605.990389,296.0
342z,6-10,1,533.0,38777.650405,290.0
342z,na,0,292.0,17837.6301949,126.0
342z,na,1,285.0,15067.7400927,108.0
343z,0-2,1,98.0,8156.380024,98.0
343z,11-20,0,62.0,4668.879966,44.0
343z,11-20,1,311.0,23775.399894,221.0
343z,21+,0,149.0,12178.979897,122.0
343z,21+,1,153.0,12398.899828,131.0
343z,3-5,0,25.0,2031.140014,25.0
343z,3-5,1,104.0,8549.639992,99.0
343z,6-10,0,128.0,10645.829896,123.0
343z,6-10,1,357.0,28914.529998,317.0
343z,na,0,103.0,2929.7600328,6.0
343z,na,1,139.0,5683.4600135,37.0
344z,0-2,0,799.0,48764.0601594,373.0
344z,0-2,1,914.0,74628.0298132,743.0
344z,11-20,0,720.0,62376.9695368,679.0
344z,11-20,1,912.0,76426.3096763,794.0
344z,21+,0,709.0,59521.089708,590.0
344z,21+,1,878.0,68590.3898755,654.0
344z,3-5,0,643.0,56099.3197815,603.0
344z,3-5,1,739.0,65540.839793,699.0
344z,6-10,0,1089.0,95651.479417,1027.0
344z,6-10,1,1451.0,124940.5994908,1300.0
344z,na,0,136.0,8571.850047,82.0
344z,na,1,184.0,9841.75003,76.0
345a,0-2,0,160.0,11557.7501046,102.0
345a,0-2,1,371.0,28671.100145,257.0
345a,11-20,0,431.0,30966.6102337,218.0
345a,11-20,1,1115.0,77653.3502655,516.0
345a,3-5,0,145.0,11186.81011,93.0
345a,3-5,1,503.0,40030.420185,364.0
345a,6-10,0,319.0,22445.3702164,156.0
345a,6-10,1,811.0,58170.5302512,434.0
345b,0-2,1,71.0,5827.450031,43.0
345b,11-20,0,113.0,9228.4800101,93.0
345b,11-20,1,705.0,56447.1198877,502.0
345b,21+,0,3521.0,274542.0001829,2342.0
345b,21+,1,3837.0,300325.6397723,2622.0
345b,3-5,1,59.0,4944.070044,36.0
345b,6-10,0,14.0,701.6800028,7.0
345b,6-10,1,85.0,6497.490035,57.0
345b,na,0,156.0,12022.660043,109.0
345b,na,1,93.0,7126.130037,63.0
345c,0-2,0,389.0,25185.5997874,205.0
345c,0-2,1,1180.0,98772.7980825,974.0
345c,11-20,0,121.0,10580.079798,111.0
345c,11-20,1,338.0,29261.999451,306.0
345c,21+,0,1010.0,76846.289906,680.0
345c,21+,1,2024.0,155871.369376,1504.0
345c,3-5,0,356.0,31784.439414,340.0
345c,3-5,1,1195.0,104347.377967,1092.0
345c,6-10,0,400.0,34468.039548,362.0
345c,6-10,1,1517.0,127468.99832,1298.0
345c,na,0,52.0,4219.929984,45.0
345c,na,1,19.0,1613.370005,19.0
345x,0-2,0,1643.0,80476.9307976,351.0
345x,0-2,1,2316.0,138061.7706122,940.0
345x,11-20,0,803.0,62023.2602255,532.0
345x,11-20,1,1964.0,148512.760022,1220.0
345x,21+,0,246.0,19902.109965,175.0
345x,21+,1,548.0,44125.559854,417.0
345x,3-5,0,146.0,9999.470081,81.0
345x,3-5,1,429.0,31369.2401498,292.0
345x,6-10,0,298.0,22123.480074500003,190.0
345x,6-10,1,757.0,57500.440015,484.0
345x,na,0,67.0,2096.8700085,8.0
345x,na,1,98.0,4231.3500295,22.0
346a,0-2,0,117.0,8204.970016,86.0
346a,0-2,1,2054.0,162675.850003,1991.0
346a,11-20,0,116.0,9648.860005,116.0
346a,11-20,1,1031.0,83938.88008300001,963.0
346a,21+,0,290.0,23665.480029,275.0
346a,21+,1,350.0,27949.259993000003,318.0
346a,3-5,0,124.0,10081.3,124.0
346a,3-5,1,1819.0,146078.170077,1762.0
346a,6-10,0,132.0,10765.02,132.0
346a,6-10,1,1641.0,132108.100083,1552.0
346a,na,0,347.0,27682.729996,318.0
346a,na,1,522.0,42099.500052,479.0
346x,0-2,1,60.0,4904.400005,54.0
346x,11-20,1,32.0,2576.0,32.0
346x,21+,0,733.0,58687.520298,522.0
346x,21+,1,644.0,50204.110206,434.0
346x,3-5,1,17.0,1368.5,17.0
346x,6-10,1,22.0,1771.0,22.0
346x,na,0,793.0,58720.3002543,527.0
346x,na,1,410.0,25271.0800777,195.0
349z,0-2,0,1603.0,93204.1808621,571.0
349z,0-2,1,2265.0,151440.491049,1172.0
349z,11-20,0,2363.0,184237.8498289,1483.0
349z,11-20,1,4496.0,346189.24038888,2942.0
349z,21+,0,3070.0,228934.909993,1913.0
349z,21+,1,3759.0,283368.5606519,2488.0
349z,3-5,0,535.0,42024.220186,353.0
349z,3-5,1,971.0,78416.43034400001,718.0
349z,6-10,0,1011.0,79347.4302438,650.0
349z,6-10,1,1837.0,145241.540415,1272.0
349z,na,0,1985.0,115748.9002623,835.0
349z,na,1,2583.0,129393.5799973,774.0
380a,0-2,0,676.0,45810.610176,473.0
380a,0-2,1,2506.0,197827.8632516,2326.0
380a,11-20,0,2241.0,178018.8382926,2059.0
380a,11-20,1,6900.0,549658.5046482,6137.0
380a,21+,0,5930.0,463355.0899362,4888.0
380a,21+,1,8954.0,696759.583617,7370.0
380a,3-5,0,996.0,77086.6699844,913.0
380a,3-5,1,2811.0,226759.893366,2646.0
380a,6-10,0,1508.0,120160.489152,1465.0
380a,6-10,1,4486.0,361937.234164,4207.0
380a,na,0,61.0,4709.520014,51.0
380a,na,1,78.0,6061.260024,70.0
380c,0-2,0,122.0,7616.980047800001,62.0
380c,0-2,1,593.0,46605.2704199,439.0
380c,11-20,0,356.0,29643.699856,319.0
380c,11-20,1,1608.0,131152.160295,1334.0
380c,21+,0,127.0,11096.860124,122.0
380c,21+,1,307.0,24892.460115,246.0
380c,3-5,0,114.0,8633.470052,82.0
380c,3-5,1,704.0,57970.000287,539.0
380c,6-10,0,284.0,23739.949939,260.0
380c,6-10,1,1358.0,110918.3504892,1097.0
380x,0-2,0,3580.0,173896.8816589,895.0
380x,0-2,1,3514.0,202766.4318084,1539.0
380x,11-20,0,1221.0,76432.060065,565.0
380x,11-20,1,2559.0,159752.960357,1185.0
380x,21+,0,1110.0,72707.9800501,572.0
380x,21+,1,1825.0,112935.6301461,841.0
380x,3-5,0,243.0,14914.0300704,127.0
380x,3-5,1,609.0,42714.1402915,372.0
380x,6-10,0,518.0,33201.5001192,256.0
380x,6-10,1,1372.0,90493.4303536,688.0
380x,na,0,536.0,19340.8200458,80.0
380x,na,1,911.0,36783.3399963,133.0
421a,0-2,0,280.0,15136.1500794,89.0
421a,0-2,1,944.0,68817.0602986,551.0
421a,11-20,0,624.0,45474.7598673,365.0
421a,11-20,1,3038.0,219485.529474,1630.0
421a,21+,0,820.0,64415.96998,579.0
421a,21+,1,2154.0,160008.2997041,1341.0
421a,3-5,0,199.0,13910.969986,109.0
421a,3-5,1,1036.0,77493.1002176,640.0
421a,6-10,0,364.0,24579.9800098,186.0
421a,6-10,1,1468.0,103611.2197698,750.0
421b,0-2,0,16.0,1435.520016,16.0
421b,0-2,1,75.0,6023.840007999999,47.0
421b,11-20,0,78.0,6286.339985,52.0
421b,11-20,1,443.0,32539.619844,237.0
421b,21+,0,61.0,5069.849955,48.0
421b,21+,1,209.0,15919.090011,123.0
421b,3-5,1,77.0,6257.410017,51.0
421b,6-10,1,122.0,9553.05989,64.0
421x,0-2,0,428.0,17022.9602053,56.0
421x,0-2,1,404.0,18269.8301216,56.0
421x,11-20,0,22.0,1495.270024,5.0
421x,11-20,1,186.0,12420.739988,82.0
421x,3-5,0,10.0,830.999985,10.0
421x,3-5,1,59.0,3010.0999966,13.0
421x,6-10,1,57.0,3059.650008,8.0
421x,na,0,14.0,365.7500007,0.0
421x,na,1,44.0,1823.4400072,7.0
422z,0-2,0,539.0,24235.180228,99.0
422z,0-2,1,950.0,58110.9200022,355.0
422z,11-20,0,337.0,25324.7099654,201.0
422z,11-20,1,1587.0,118877.969463,951.0
422z,21+,0,62.0,5114.829946,51.0
422z,21+,1,185.0,15271.179956,150.0
422z,3-5,0,198.0,12971.1799937,93.0
422z,3-5,1,849.0,60042.219808,463.0
422z,6-10,0,270.0,20316.989927,172.0
422z,6-10,1,1241.0,90703.899525,697.0
423z,0-2,0,10.0,461.000005,0.0
423z,0-2,1,82.0,4315.459957,9.0
423z,11-20,0,40.0,2998.529949,28.0
423z,11-20,1,470.0,31788.27964,184.0
423z,21+,0,30.0,2260.219966,22.0
423z,21+,1,342.0,25111.82978,184.0
423z,3-5,1,136.0,7950.069899,35.0
423z,6-10,0,11.0,677.8699790000001,5.0
423z,6-10,1,295.0,17921.889787,80.0
429z,0-2,0,181.0,7104.4500415,24.0
429z,0-2,1,192.0,9973.06,47.0
429z,11-20,0,50.0,3817.510026,28.0
429z,11-20,1,291.0,17689.229928,110.0
429z,21+,1,29.0,2211.650011,18.0
429z,3-5,1,33.0,2305.310011,17.0
429z,6-10,0,29.0,1559.560024,6.0
429z,6-10,1,126.0,7364.339989,42.0
441z,0-2,0,128.0,10224.0901146,107.0
441z,0-2,1,391.0,33668.750289,335.0
441z,11-20,0,180.0,15177.550145,147.0
441z,11-20,1,880.0,75939.939852,733.0
441z,21+,0,493.0,42311.080263,403.0
441z,21+,1,1156.0,97084.910384,928.0
441z,3-5,0,96.0,8737.320097,91.0
441z,3-5,1,367.0,32339.230212,323.0
441z,6-10,0,90.0,8476.900091,85.0
441z,6-10,1,393.0,34208.479897,329.0
441z,na,1,16.0,1578.720005,16.0
442z,0-2,0,156.0,9928.9100593,82.0
442z,0-2,1,360.0,27821.03014,248.0
442z,11-20,0,342.0,26115.129982,197.0
442z,11-20,1,1752.0,134207.659787,1064.0
442z,21+,0,881.0,69751.470082,611.0
442z,21+,1,2089.0,158491.389984,1259.0
442z,3-5,0,90.0,7385.899999,72.0
442z,3-5,1,381.0,30011.400166,265.0
442z,6-10,0,153.0,12446.210021,113.0
442z,6-10,1,609.0,46935.739831,391.0
442z,na,0,19.0,697.0499968,6.0
442z,na,1,63.0,3010.0400057,19.0
443z,0-2,0,347.0,14792.6301353,65.0
443z,0-2,1,510.0,34974.2699738,284.0
443z,11-20,0,102.0,8368.369945,85.0
443z,11-20,1,1092.0,85342.999542,747.0
443z,21+,0,322.0,25001.0898386,248.0
443z,21+,1,921.0,72408.459868,657.0
443z,3-5,0,99.0,7743.599928,82.0
443z,3-5,1,529.0,42178.429818,388.0
443z,6-10,0,100.0,7445.809947,70.0
443z,6-10,1,584.0,44939.639667,397.0
443z,na,1,15.0,1082.19998,10.0
449z,0-2,0,340.0,14592.6101419,52.0
449z,0-2,1,263.0,14423.9501172,73.0
449z,11-20,0,59.0,4618.880038,39.0
449z,11-20,1,226.0,16714.600001,129.0
449z,21+,0,19.0,1636.790026,12.0
449z,21+,1,45.0,4001.649997,40.0
449z,3-5,0,16.0,850.869985,5.0
449z,3-5,1,62.0,4899.909981,46.0
449z,6-10,0,24.0,1864.640018,17.0
449z,6-10,1,101.0,7326.899955,61.0
460z,na,0,30.0,354.1700067,0.0
460z,na,1,38.0,1390.609997,0.0
461z,0-2,0,120.0,8818.9301075,81.0
461z,0-2,1,221.0,18756.510229,191.0
461z,11-20,0,102.0,9262.180208999998,84.0
461z,11-20,1,541.0,47653.489985,477.0
461z,21+,0,372.0,30686.4202955,284.0
461z,21+,1,792.0,66400.870292,638.0
461z,3-5,0,52.0,4725.180117,45.0
461z,3-5,1,189.0,16976.530201999998,167.0
461z,6-10,0,67.0,6211.170083000001,62.0
461z,6-10,1,267.0,24018.870082,240.0
461z,na,0,35.0,1454.5500245,10.0
461z,na,1,51.0,2222.1800175000003,14.0
462z,0-2,0,84.0,5117.160086899999,39.0
462z,0-2,1,287.0,23274.2302966,217.0
462z,11-20,0,51.0,5000.000116,51.0
462z,11-20,1,484.0,43989.400294,429.0
462z,21+,0,158.0,13056.970159,128.0
462z,21+,1,363.0,30989.700197,296.0
462z,3-5,0,28.0,2702.2200390000003,28.0
462z,3-5,1,213.0,20206.470254,208.0
462z,6-10,0,37.0,3643.260083,37.0
462z,6-10,1,290.0,27262.080325000003,285.0
469z,0-2,0,248.0,15308.6901724,107.0
469z,0-2,1,885.0,69409.610671,652.0
469z,11-20,0,1384.0,92697.4004657,754.0
469z,11-20,1,3564.0,252036.1800565,2072.0
469z,21+,0,2111.0,154578.5705207,1248.0
469z,21+,1,2402.0,158965.5401798,1256.0
469z,3-5,0,130.0,9556.180106,87.0
469z,3-5,1,1126.0,94656.1706018,926.0
469z,6-10,0,554.0,41982.9402376,382.0
469z,6-10,1,1934.0,146851.98989660002,1274.0
469z,na,0,1130.0,63033.4102268,402.0
469z,na,1,2071.0,121624.6898592,846.0
480z,0-2,1,38.0,3252.510001,32.0
480z,11-20,0,388.0,34035.510189,316.0
480z,11-20,1,1126.0,95010.090346,883.0
480z,21+,0,2799.0,235595.9714229,2150.0
480z,21+,1,4479.0,381103.0020176,3581.0
480z,3-5,0,13.0,1230.90002,13.0
480z,3-5,1,46.0,3706.869981,33.0
480z,6-10,0,13.0,1286.2200260000002,13.0
480z,6-10,1,91.0,8056.479974000001,80.0
480z,na,0,378.0,25460.7401671,213.0
480z,na,1,346.0,19267.0100523,142.0
481a,0-2,0,2222.0,141551.6415491,1012.0
481a,0-2,1,3732.0,328068.04316830006,3118.0
481a,11-20,0,2434.0,213128.8915521,2000.0
481a,11-20,1,5927.0,508443.0519115,4778.0
481a,21+,0,2389.0,209444.6615326,1957.0
481a,21+,1,4600.0,408951.1722236,3992.0
481a,3-5,0,1782.0,160088.97184150002,1534.0
481a,3-5,1,3609.0,330994.44297860004,3238.0
481a,6-10,0,2225.0,198902.7321057,1913.0
481a,6-10,1,4092.0,364621.3024879,3540.0
481a,na,0,460.0,40296.33023,387.0
481a,na,1,255.0,21399.9901455,210.0
481b,0-2,0,18.0,1679.5000249999998,18.0
481b,0-2,1,90.0,7958.080123,83.0
481b,11-20,0,730.0,65063.1106758,614.0
481b,11-20,1,1982.0,173484.5009773,1672.0
481b,21+,0,424.0,39828.240491,392.0
481b,21+,1,1056.0,95801.240572,943.0
481b,3-5,0,27.0,2577.290032,27.0
481b,3-5,1,97.0,8107.530033,75.0
481b,6-10,0,63.0,5734.380091,58.0
481b,6-10,1,263.0,23740.040041000004,241.0
481x,0-2,0,3745.0,182109.1716196,911.0
481x,0-2,1,3604.0,238827.1517251,1782.0
481x,11-20,0,1720.0,143163.6911772,1270.0
481x,11-20,1,3859.0,308697.7615555,2753.0
481x,21+,0,521.0,47577.860387,448.0
481x,21+,1,1048.0,93280.560542,911.0
481x,3-5,0,1006.0,81728.2207772,723.0
481x,3-5,1,1714.0,138955.68093630002,1241.0
481x,6-10,0,1498.0,123313.6810033,1101.0
481x,6-10,1,2408.0,195455.6811073,1740.0
481x,na,0,1777.0,161956.3316044,1593.0
481x,na,1,5058.0,456186.6839183,4401.0
482z,na,1,23.0,382.4000054,0.0
489z,0-2,0,774.0,40626.3104478,236.0
489z,0-2,1,1026.0,76467.6905785,632.0
489z,11-20,0,649.0,56306.77054,526.0
489z,11-20,1,1273.0,108005.410747,1006.0
489z,21+,0,288.0,25772.970214,236.0
489z,21+,1,604.0,54292.280377,531.0
489z,3-5,0,428.0,34324.2202739,311.0
489z,3-5,1,858.0,71800.8003316,681.0
489z,6-10,0,738.0,62960.4804344,601.0
489z,6-10,1,1428.0,121550.150503,1153.0
489z,na,0,275.0,16280.9601585,115.0
489z,na,1,690.0,42543.1701108,324.0
520a,0-2,0,102.0,8402.4400675,79.0
520a,0-2,1,661.0,57642.100594,547.0
520a,11-20,0,793.0,71448.060564,683.0
520a,11-20,1,2117.0,185899.590804,1703.0
520a,21+,0,1859.0,163189.980749,1495.0
520a,21+,1,3032.0,262443.9805759,2444.0
520a,3-5,0,247.0,22953.310244,225.0
520a,3-5,1,696.0,62720.610669,624.0
520a,6-10,0,365.0,33841.520370000006,332.0
520a,6-10,1,990.0,89638.640644,870.0
520a,na,0,11.0,1063.490017,11.0
520b,21+,0,111.0,7693.980097000001,36.0
520b,21+,1,283.0,20992.150103,150.0
520x,0-2,0,1069.0,52635.0904094,270.0
520x,0-2,1,997.0,71058.6707223,541.0
520x,11-20,0,292.0,22413.770228,169.0
520x,11-20,1,1049.0,77383.1202801,614.0
520x,21+,0,151.0,10573.660121,72.0
520x,21+,1,509.0,37461.350159,300.0
520x,3-5,0,110.0,8909.290109,74.0
520x,3-5,1,300.0,25863.550289,247.0
520x,6-10,0,131.0,12341.830152,121.0
520x,6-10,1,335.0,28326.780239,250.0
520x,na,0,229.0,5348.8900117,0.0
520x,na,1,317.0,10626.9100594,32.0
521a,0-2,0,241.0,18032.4202005,148.0
521a,0-2,1,1217.0,102427.440717,937.0
521a,11-20,0,1305.0,104958.400675,836.0
521a,11-20,1,4584.0,368949.8710965,3037.0
521a,21+,0,4292.0,338120.68149600003,2613.0
521a,21+,1,6890.0,550219.242233,4682.0
521a,3-5,0,341.0,29757.170295,281.0
521a,3-5,1,1465.0,125951.25083,1185.0
521a,6-10,0,693.0,58491.94044200001,525.0
521a,6-10,1,2187.0,182273.690825,1603.0
521b,0-2,0,306.0,13455.6501384,45.0
521b,0-2,1,862.0,57479.260444,378.0
521b,11-20,0,991.0,71785.070709,476.0
521b,11-20,1,3339.0,250232.4212232,1863.0
521b,21+,0,7880.0,497746.36304878,2633.0
521b,21+,1,12321.0,808898.81314554,5302.0
521b,3-5,0,348.0,22621.7301975,144.0
521b,3-5,1,1113.0,81193.940646,624.0
521b,6-10,0,518.0,38186.890453,280.0
521b,6-10,1,1780.0,132615.4608015,997.0
521b,na,0,22.0,1682.020039,10.0
521b,na,1,30.0,1966.670043,14.0
521c,0-2,0,123.0,4272.870086,14.0
521c,0-2,1,423.0,18769.310089,92.0
521c,11-20,0,218.0,11474.100143,50.0
521c,11-20,1,930.0,51351.4201787,288.0
521c,21+,0,752.0,35675.420161,130.0
521c,21+,1,725.0,38753.3501741,175.0
521c,3-5,0,140.0,4963.3800351,14.0
521c,3-5,1,469.0,22535.7501478,119.0
521c,6-10,0,269.0,11262.110052,44.0
521c,6-10,1,856.0,44327.0302936,259.0
521x,0-2,0,3210.0,138069.5914063,509.0
521x,0-2,1,3518.0,217340.941785,1499.0
521x,11-20,0,1598.0,113133.7008888,762.0
521x,11-20,1,4690.0,344165.1713271,2602.0
521x,21+,0,830.0,61343.510374,436.0
521x,21+,1,2157.0,166849.7708145,1390.0
521x,3-5,0,410.0,27873.7503142,196.0
521x,3-5,1,1546.0,120887.7708046,1038.0
521x,6-10,0,656.0,48097.5304977,364.0
521x,6-10,1,2153.0,163511.6407333,1332.0
521x,na,0,166.0,3712.190017,5.0
521x,na,1,183.0,5039.4700083,7.0
522a,0-2,0,65.0,5081.150055,41.0
522a,0-2,1,565.0,44596.890145,360.0
522a,11-20,0,817.0,71551.960362,632.0
522a,11-20,1,2263.0,192945.590716,1710.0
522a,21+,0,3053.0,260287.250954,2301.0
522a,21+,1,4414.0,374247.610408,3457.0
522a,3-5,0,174.0,14088.250101,121.0
522a,3-5,1,615.0,51476.150293,467.0
522a,6-10,0,256.0,22191.190154,203.0
522a,6-10,1,748.0,63227.900249000006,562.0
522b,0-2,0,93.0,5668.19005,25.0
522b,0-2,1,308.0,21658.700114,139.0
522b,11-20,0,716.0,53335.4301814,366.0
522b,11-20,1,2477.0,186590.410212,1398.0
522b,21+,0,3236.0,207529.500305,1112.0
522b,21+,1,5823.0,392594.2004128,2541.0
522b,3-5,0,137.0,9084.7400656,52.0
522b,3-5,1,415.0,30975.690224,230.0
522b,6-10,0,241.0,17925.8500886,124.0
522b,6-10,1,779.0,57620.6401517,436.0
522b,na,0,11.0,808.1799940000001,6.0
522b,na,1,13.0,865.149995,5.0
522c,0-2,0,189.0,6593.9699375,9.0
522c,0-2,1,597.0,30697.0398873,141.0
522c,11-20,0,129.0,6465.899954,22.0
522c,11-20,1,393.0,20902.189903,105.0
522c,21+,0,11.0,240.77998900000003,0.0
522c,3-5,0,163.0,7751.509934,25.0
522c,3-5,1,561.0,33630.7198,213.0
522c,6-10,0,267.0,12976.7198925,51.0
522c,6-10,1,837.0,49611.939707,303.0
522d,0-2,0,48.0,1530.0700175,0.0
522d,0-2,1,166.0,4598.120024,0.0
522d,11-20,0,261.0,10422.260073,18.0
522d,11-20,1,482.0,21379.390085,58.0
522d,21+,0,525.0,28762.780069,84.0
522d,21+,1,1037.0,58191.730068,219.0
522d,3-5,0,123.0,3852.960007,0.0
522d,3-5,1,353.0,11752.660065,10.0
522d,6-10,0,359.0,11578.490064,11.0
522d,6-10,1,910.0,34282.41015,72.0
522x,0-2,0,1422.0,64863.7405076,273.0
522x,0-2,1,1763.0,113630.7808062,776.0
522x,11-20,0,1107.0,82207.720348,581.0
522x,11-20,1,3182.0,237240.2204286,1855.0
522x,21+,0,931.0,71834.18032900001,552.0
522x,21+,1,2322.0,183539.0504555,1541.0
522x,3-5,0,269.0,19525.1701519,149.0
522x,3-5,1,968.0,72851.600395,590.0
522x,6-10,0,549.0,38830.4002564,289.0
522x,6-10,1,1523.0,109436.260427,824.0
522x,na,0,84.0,1952.1799582,0.0
522x,na,1,120.0,3457.4899823,5.0
523a,0-2,0,269.0,24648.210391,234.0
523a,0-2,1,851.0,80131.751103,789.0
523a,11-20,0,1418.0,133246.781543,1311.0
523a,11-20,1,2951.0,270947.42217100004,2644.0
523a,21+,0,1008.0,92641.570867,888.0
523a,21+,1,1977.0,178745.30107100002,1728.0
523a,3-5,0,421.0,40549.800567000006,404.0
523a,3-5,1,835.0,78818.220973,784.0
523a,6-10,0,689.0,66538.450932,665.0
523a,6-10,1,1219.0,115951.991399,1177.0
523b,0-2,0,10.0,959.850005,10.0
523b,0-2,1,115.0,9921.740104,90.0
523b,11-20,0,135.0,11617.420109,101.0
523b,11-20,1,477.0,40396.100205,346.0
523b,21+,1,12.0,1145.910003,12.0
523b,3-5,0,26.0,2460.149995,26.0
523b,3-5,1,195.0,17855.770184,177.0
523b,6-10,0,64.0,6107.790059,64.0
523b,6-10,1,201.0,17680.530169999998,170.0
523c,0-2,0,135.0,10402.6201589,83.0
523c,0-2,1,429.0,37862.060422,340.0
523c,11-20,0,1109.0,99195.6309765,939.0
523c,11-20,1,2639.0,226541.4112983,2101.0
523c,21+,0,527.0,44624.370361,389.0
523c,21+,1,1499.0,128835.080568,1180.0
523c,3-5,0,220.0,18871.4902796,169.0
523c,3-5,1,464.0,40370.29032000001,367.0
523c,6-10,0,350.0,32361.950407600005,314.0
523c,6-10,1,649.0,58890.740539000006,562.0
523d,0-2,1,23.0,1416.700006,6.0
523d,11-20,0,14.0,1355.610013,14.0
523d,11-20,1,98.0,7769.170046,64.0
523d,21+,0,6620.0,467071.3418056,3178.0
523d,21+,1,10785.0,779938.3409961599,5921.0
523d,3-5,1,19.0,1165.149995,5.0
523d,6-10,1,35.0,2496.190012,14.0
523d,na,0,19.0,1670.610013,14.0
523d,na,1,14.0,1248.010028,9.0
523e,0-2,0,28.0,1049.720044,0.0
523e,0-2,1,44.0,2892.740032,19.0
523e,11-20,0,180.0,11344.350012,65.0
523e,11-20,1,577.0,39928.759906,298.0
523e,21+,0,45.0,2937.689983,17.0
523e,21+,1,127.0,9334.739999,80.0
523e,3-5,0,40.0,1805.740055,6.0
523e,3-5,1,63.0,4034.709988,26.0
523e,6-10,0,105.0,7162.010019,45.0
523e,6-10,1,244.0,16181.829973,117.0
523f,0-2,0,58.0,2715.190033,10.0
523f,0-2,1,205.0,9334.199972,41.0
523f,11-20,0,61.0,3079.590011,12.0
523f,11-20,1,248.0,12177.060027,60.0
523f,21+,1,50.0,2460.810004,5.0
523f,3-5,0,112.0,4904.110051,14.0
523f,3-5,1,282.0,12916.9599952,50.0
523f,6-10,0,150.0,7417.850074,23.0
523f,6-10,1,453.0,23922.830013000003,136.0
523x,0-2,0,4405.0,224698.9121113,1215.0
523x,0-2,1,4640.0,324798.6629896,2514.0
523x,11-20,0,3215.0,265916.8320612,2363.0
523x,11-20,1,7064.0,566181.57244216,5042.0
523x,21+,0,1029.0,91193.010675,855.0
523x,21+,1,2338.0,202443.94085,1912.0
523x,3-5,0,1009.0,84648.4008379,783.0
523x,3-5,1,2244.0,185551.0913369,1671.0
523x,6-10,0,1693.0,143264.2311295,1334.0
523x,6-10,1,3238.0,265589.9211659,2393.0
523x,na,0,220.0,7647.760017,28.0
523x,na,1,337.0,16676.0100211,104.0
524a,0-2,0,61.0,3807.81001,16.0
524a,0-2,1,650.0,48680.030203,362.0
524a,11-20,0,544.0,44560.699886,370.0
524a,11-20,1,2450.0,192997.790317,1541.0
524a,21+,0,1386.0,108571.289956,840.0
524a,21+,1,2241.0,173328.8999406,1370.0
524a,3-5,0,151.0,11989.339987,94.0
524a,3-5,1,746.0,58874.160367,481.0
524a,6-10,0,299.0,23660.979991,188.0
524a,6-10,1,984.0,78028.940244,648.0
524b,0-2,1,34.0,1809.050009,0.0
524b,11-20,0,89.0,5981.870017,25.0
524b,11-20,1,615.0,42984.7099084,263.0
524b,21+,0,1020.0,70344.040199,417.0
524b,21+,1,1892.0,128934.0300189,841.0
524b,3-5,1,42.0,2560.0699860000004,9.0
524b,6-10,0,16.0,864.32,0.0
524b,6-10,1,90.0,6092.429974000001,34.0
524c,11-20,1,15.0,810.3000000000001,0.0
524d,0-2,1,162.0,3862.5799484,0.0
524d,11-20,1,69.0,1756.830003,0.0
524d,3-5,1,50.0,1305.629997,0.0
524d,6-10,1,102.0,3202.470027,7.0
524x,0-2,0,1215.0,53433.8603434,204.0
524x,0-2,1,1127.0,70760.7603947,448.0
524x,11-20,0,319.0,24320.069981,189.0
524x,11-20,1,1302.0,94559.609834,693.0
524x,21+,0,135.0,11494.590017,102.0
524x,21+,1,481.0,38044.190076,315.0
524x,3-5,0,101.0,8106.350012,71.0
524x,3-5,1,347.0,27863.280154,240.0
524x,6-10,0,136.0,11168.90004,94.0
524x,6-10,1,514.0,39018.850102,313.0
525a,0-2,1,66.0,5998.770075,60.0
525a,11-20,0,69.0,5906.84006,51.0
525a,11-20,1,294.0,25889.58012,238.0
525a,21+,0,226.0,19451.500114,169.0
525a,21+,1,421.0,36663.470221,350.0
525a,3-5,0,17.0,1640.610013,17.0
525a,3-5,1,88.0,8218.390060000002,88.0
525a,6-10,0,44.0,4153.780046,44.0
525a,6-10,1,139.0,12457.250112,120.0
525b,11-20,1,64.0,4984.020066,42.0
525b,21+,1,13.0,1198.740002,13.0
525b,3-5,1,20.0,1413.509988,7.0
525b,6-10,1,16.0,1475.700002,16.0
525c,0-2,0,25.0,351.60001,0.0
525c,0-2,1,64.0,1038.390049,0.0
525c,11-20,0,41.0,1115.680035,6.0
525c,11-20,1,126.0,4772.220116,22.0
525c,3-5,0,11.0,193.710011,0.0
525c,3-5,1,56.0,885.690039,0.0
525c,6-10,0,74.0,1990.260057,8.0
525c,6-10,1,162.0,5143.6700710000005,21.0
525d,0-2,0,38.0,990.3199815,0.0
525d,0-2,1,98.0,3436.109984,0.0
525d,11-20,0,152.0,6508.759775,6.0
525d,11-20,1,204.0,11159.860011,40.0
525d,21+,0,487.0,25572.709718,71.0
525d,21+,1,296.0,16325.419973,64.0
525d,3-5,0,44.0,1488.44999,0.0
525d,3-5,1,99.0,4420.650026,5.0
525d,6-10,0,131.0,6085.620008999999,15.0
525d,6-10,1,221.0,11272.500103,23.0
525x,0-2,0,154.0,6018.2100628,18.0
525x,0-2,1,245.0,14792.4702135,97.0
525x,11-20,0,42.0,2817.510041,18.0
525x,11-20,1,252.0,18735.09015,145.0
525x,21+,0,15.0,1419.78003,15.0
525x,21+,1,44.0,4089.450078,44.0
525x,3-5,0,19.0,1499.210027,13.0
525x,3-5,1,73.0,5855.550086,47.0
525x,6-10,0,24.0,369.450015,0.0
525x,6-10,1,151.0,9856.240142,77.0
525x,na,0,103.0,2407.4600373,0.0
525x,na,1,88.0,1787.6700433,0.0
526a,0-2,0,254.0,21324.2300587,198.0
526a,0-2,1,1046.0,92466.890305,870.0
526a,11-20,0,899.0,75405.450165,642.0
526a,11-20,1,2338.0,191907.750268,1614.0
526a,21+,0,1294.0,106701.960415,867.0
526a,21+,1,1875.0,154609.4502966,1339.0
526a,3-5,0,409.0,38046.06004,383.0
526a,3-5,1,1122.0,98800.400291,947.0
526a,6-10,0,791.0,69379.190299,642.0
526a,6-10,1,1536.0,131767.340268,1190.0
526b,0-2,0,43.0,1981.080039,0.0
526b,0-2,1,261.0,18178.05015,100.0
526b,11-20,0,68.0,5041.059994,31.0
526b,11-20,1,538.0,40703.41017,305.0
526b,21+,0,46.0,3681.300053,22.0
526b,21+,1,273.0,21870.900136,190.0
526b,3-5,0,64.0,4473.320019,35.0
526b,3-5,1,253.0,18958.320121,142.0
526b,6-10,0,27.0,2140.470021,16.0
526b,6-10,1,232.0,17983.420108,140.0
526x,0-2,0,2656.0,131640.6311619,653.0
526x,0-2,1,2731.0,180101.6314132,1319.0
526x,11-20,0,588.0,46227.170264,352.0
526x,11-20,1,1731.0,136198.070286,1122.0
526x,21+,0,168.0,13914.03004,108.0
526x,21+,1,411.0,33757.300163,294.0
526x,3-5,0,368.0,29542.350248,249.0
526x,3-5,1,1169.0,91546.910635,736.0
526x,6-10,0,480.0,38205.9303005,298.0
526x,6-10,1,1447.0,109823.7403757,862.0
526x,na,1,10.0,98.100004,0.0
527a,0-2,1,179.0,13793.259958,110.0
527a,11-20,0,107.0,7695.359947000001,48.0
527a,11-20,1,477.0,37964.399875,296.0
527a,21+,1,12.0,1112.2900169999998,12.0
527a,3-5,0,47.0,3591.9399860000003,29.0
527a,3-5,1,209.0,16911.140015,148.0
527a,6-10,0,97.0,7405.98997,54.0
527a,6-10,1,338.0,26988.18991,227.0
527b,11-20,0,17.0,1412.1599540000002,17.0
527b,11-20,1,153.0,11107.819967,69.0
527x,0-2,0,205.0,7424.0500666,21.0
527x,0-2,1,172.0,11339.1700446,82.0
527x,11-20,0,65.0,5062.259972,42.0
527x,11-20,1,401.0,30160.559923,234.0
527x,21+,0,226.0,16472.829917,127.0
527x,21+,1,578.0,42224.529662,294.0
527x,3-5,1,82.0,6604.959991,65.0
527x,6-10,1,98.0,8055.279952000001,82.0
529a,0-2,0,37.0,2872.330049,22.0
529a,0-2,1,629.0,53354.470458,482.0
529a,11-20,0,849.0,67272.33031935,582.0
529a,11-20,1,2812.0,225977.6509037,1942.0
529a,21+,0,933.0,55865.3802465,366.0
529a,21+,1,1742.0,116339.8500407,871.0
529a,3-5,0,199.0,17036.8901355,157.0
529a,3-5,1,1002.0,86702.790853,814.0
529a,6-10,0,437.0,37622.820254,339.0
529a,6-10,1,1912.0,158294.9409885,1407.0
529a,na,0,851.0,70165.6401755,623.0
529a,na,1,1581.0,130923.4705134,1190.0
529b,0-2,1,11.0,516.23,0.0
529b,11-20,0,50.0,2603.1600466000004,18.0
529b,11-20,1,218.0,13025.5500425,80.0
529b,21+,0,5963.0,376983.03091078,2129.0
529b,21+,1,6404.0,401417.93077838,2490.0
529b,3-5,1,18.0,844.74,0.0
529b,6-10,1,68.0,3658.300026,14.0
529b,na,0,1077.0,71756.9902618,405.0
529b,na,1,915.0,58740.9800837,364.0
529x,0-2,0,1279.0,66971.1006686,352.0
529x,0-2,1,1898.0,129405.3009252,968.0
529x,11-20,0,2300.0,124824.83042361,802.0
529x,11-20,1,5404.0,336117.33067189,2501.0
529x,21+,0,3624.0,168344.50051800002,855.0
529x,21+,1,6186.0,318373.25018098,1877.0
529x,3-5,0,463.0,34838.1602961,280.0
529x,3-5,1,1448.0,113283.2906736,981.0
529x,6-10,0,1141.0,79268.3704995,618.0
529x,6-10,1,2904.0,209095.310892,1701.0
529x,na,0,2445.0,99732.55030033,434.0
529x,na,1,3834.0,164656.43006621,801.0
540a,0-2,1,42.0,3584.2300669999995,36.0
540a,11-20,0,58.0,4889.350026,34.0
540a,11-20,1,359.0,28416.090075,231.0
540a,21+,0,224.0,17947.970113,134.0
540a,21+,1,474.0,37895.350118,312.0
540a,3-5,1,65.0,5471.150058,53.0
540a,6-10,1,73.0,5924.120034,50.0
540b,21+,0,14.0,894.790028,0.0
540b,21+,1,20.0,1313.010028,5.0
540x,0-2,0,83.0,4282.320087,23.0
540x,0-2,1,167.0,12019.560182,99.0
540x,11-20,0,16.0,1303.04004,8.0
540x,11-20,1,183.0,15288.580084,143.0
540x,21+,0,33.0,2867.240027,28.0
540x,21+,1,62.0,5544.530095,62.0
540x,3-5,0,26.0,2105.230052,21.0
540x,3-5,1,71.0,6321.050119,65.0
540x,6-10,0,22.0,1718.920035,12.0
540x,6-10,1,112.0,9650.840052,99.0
540x,na,0,12.0,287.9199928,0.0
541b,11-20,1,23.0,1249.959997,0.0
541b,21+,1,21.0,1166.770002,0.0
541c,11-20,1,21.0,967.469989,0.0
541e,0-2,0,37.0,1443.1300547,0.0
541e,0-2,1,43.0,1696.7900525000002,0.0
541e,11-20,0,46.0,1922.4100705,0.0
541e,11-20,1,33.0,1473.620047,0.0
541e,3-5,0,45.0,2085.160076,0.0
541e,3-5,1,43.0,1680.4800546,0.0
541e,6-10,0,61.0,2562.9600916,0.0
541e,6-10,1,48.0,1923.140051,0.0
541x,0-2,0,15.0,419.76,0.0
541x,0-2,1,12.0,270.96,0.0
541x,11-20,0,21.0,769.139992,0.0
541x,11-20,1,184.0,11768.209933,70.0
541x,21+,1,70.0,5548.210031,49.0
541x,6-10,0,12.0,270.96,0.0
541x,6-10,1,24.0,994.109999,0.0
541x,na,0,23.0,375.7700039,0.0
541x,na,1,15.0,600.3599999999999,0.0
542b,21+,0,36.0,2739.449998,22.0
542b,21+,1,51.0,3726.410019,33.0
542b,6-10,1,25.0,1879.070015,17.0
542c,0-2,0,50.0,1811.6700525,0.0
542c,0-2,1,57.0,2864.270042,12.0
542c,11-20,0,75.0,4512.840031,35.0
542c,11-20,1,176.0,11130.159904,97.0
542c,21+,1,22.0,1010.410004,0.0
542c,3-5,0,39.0,1872.960012,8.0
542c,3-5,1,58.0,3454.619993,30.0
542c,6-10,0,108.0,5762.490025,36.0
542c,6-10,1,153.0,9539.129938,87.0
542x,0-2,0,43.0,1382.4800398,0.0
542x,0-2,1,50.0,2467.270027,5.0
542x,11-20,1,34.0,1639.9499978,12.0
542x,21+,1,20.0,1617.00003,15.0
542x,3-5,0,32.0,2376.590015,26.0
542x,3-5,1,32.0,2317.029986,27.0
542x,6-10,0,20.0,1644.690021,20.0
542x,6-10,1,50.0,3370.900013,28.0
542x,na,0,30.0,428.6200182,0.0
542x,na,1,35.0,906.050018,0.0
543b,11-20,1,60.0,3218.450002,16.0
543b,21+,0,23.0,1657.490025,5.0
543b,21+,1,34.0,2033.810018,16.0
543c,0-2,1,27.0,1177.869988,6.0
543c,11-20,0,28.0,740.119993,0.0
543c,11-20,1,69.0,2682.5299905,8.0
543c,21+,0,127.0,5987.3100237,11.0
543c,21+,1,176.0,8017.6400064,5.0
543c,3-5,1,14.0,416.30002,0.0
543c,6-10,0,24.0,414.360019,0.0
543c,6-10,1,28.0,868.000004,6.0
543d,11-20,1,31.0,487.349995,0.0
543d,21+,0,34.0,1678.970024,0.0
543d,21+,1,81.0,3186.71005,5.0
543x,11-20,1,89.0,7434.370030999999,63.0
543x,21+,0,35.0,3249.33002,35.0
543x,21+,1,73.0,6431.150062,67.0
543x,6-10,1,12.0,1083.440006,12.0
544a,0-2,1,14.0,1266.700023,14.0
544a,21+,0,133.0,11460.610021,108.0
544a,21+,1,102.0,7638.060021,55.0
544b,11-20,1,18.0,853.450016,0.0
544c,3-5,1,21.0,193.289997,0.0
544c,6-10,0,10.0,115.849996,0.0
544c,6-10,1,37.0,257.12999882,0.0
544x,0-2,1,47.0,3142.209995,21.0
544x,11-20,0,10.0,949.19998,10.0
544x,11-20,1,145.0,10211.5600632,66.0
544x,21+,0,19.0,1778.0900379999998,19.0
544x,21+,1,58.0,4796.280019,43.0
544x,3-5,1,56.0,3221.330006,10.0
544x,6-10,1,58.0,3801.0200114,25.0
549z,na,0,18.0,347.5399847,0.0
580a,0-2,1,43.0,3033.369968,6.0
580a,11-20,0,165.0,12755.309934,67.0
580a,11-20,1,569.0,45101.619502,253.0
580a,21+,0,526.0,41845.849935,276.0
580a,21+,1,780.0,61561.179713,413.0
580a,3-5,1,71.0,5025.579963,15.0
580a,6-10,0,29.0,2252.14001,13.0
580a,6-10,1,169.0,12605.889876,55.0
580b,0-2,1,72.0,5204.7399270000005,21.0
580b,11-20,0,64.0,4988.939955,33.0
580b,11-20,1,493.0,39062.659491,261.0
580b,21+,0,44.0,3043.979984,14.0
580b,21+,1,162.0,12720.99987,88.0
580b,3-5,1,128.0,9304.469903,28.0
580b,6-10,0,25.0,1779.079966,9.0
580b,6-10,1,234.0,18241.97982,113.0
580x,0-2,0,273.0,11786.2300454,17.0
580x,0-2,1,496.0,33011.2297666,143.0
580x,11-20,0,47.0,3305.539987,14.0
580x,11-20,1,328.0,24983.269728,151.0
580x,21+,0,18.0,1545.400015,13.0
580x,21+,1,69.0,5699.999941,40.0
580x,3-5,0,68.0,4253.859923,9.0
580x,3-5,1,342.0,24829.429636,132.0
580x,6-10,0,63.0,4118.059924,13.0
580x,6-10,1,314.0,23705.729636,144.0
580x,na,0,78.0,1802.2599631,0.0
580x,na,1,47.0,1249.2999852,0.0
581a,0-2,0,64.0,4509.5699700000005,31.0
581a,0-2,1,336.0,25091.659748,169.0
581a,11-20,0,113.0,9719.689933,79.0
581a,11-20,1,553.0,44834.32974,331.0
581a,21+,0,26.0,2108.719961,21.0
581a,21+,1,211.0,17456.109964,136.0
581a,3-5,0,126.0,10013.319892,80.0
581a,3-5,1,367.0,29500.279764000003,238.0
581a,6-10,0,164.0,13557.81989,107.0
581a,6-10,1,501.0,40589.449608,301.0
581b,0-2,1,77.0,2963.909999,0.0
581b,3-5,0,24.0,982.949991,0.0
581b,3-5,1,60.0,2587.689997,0.0
581b,6-10,0,11.0,339.35,0.0
581b,6-10,1,53.0,2660.220023,6.0
581c,0-2,0,155.0,12875.949642,132.0
581c,0-2,1,263.0,22788.169292,238.0
581c,11-20,0,511.0,44712.068571,442.0
581c,11-20,1,1042.0,91396.65726,910.0
581c,21+,0,1071.0,90906.087514,839.0
581c,21+,1,1275.0,104325.827291,932.0
581c,3-5,0,188.0,16910.599436,188.0
581c,3-5,1,334.0,29809.089032,325.0
581c,6-10,0,365.0,32353.838902,341.0
581c,6-10,1,620.0,55038.978330000005,578.0
581d,0-2,0,20.0,1528.64004,14.0
581d,0-2,1,137.0,11162.15997,113.0
581d,11-20,0,69.0,6069.620078000001,64.0
581d,11-20,1,327.0,28504.289646,269.0
581d,21+,0,119.0,10658.179972,108.0
581d,21+,1,252.0,22164.039851,212.0
581d,3-5,0,55.0,4958.530070000001,55.0
581d,3-5,1,131.0,11689.860003000002,125.0
581d,6-10,0,92.0,8327.230086000001,92.0
581d,6-10,1,283.0,25198.249788,265.0
581e,0-2,1,29.0,1761.33999,12.0
581e,11-20,1,108.0,7013.350009,40.0
581e,21+,1,16.0,1285.789992,11.0
581e,3-5,1,24.0,1775.880012,12.0
581e,6-10,1,75.0,5241.249998,29.0
581x,0-2,0,2293.0,103655.38046475,442.0
581x,0-2,1,2453.0,153888.1895448,986.0
581x,11-20,0,366.0,28799.4896338,217.0
581x,11-20,1,1219.0,98389.0387634,830.0
581x,21+,0,143.0,12005.659836,116.0
581x,21+,1,267.0,22893.129543,203.0
581x,3-5,0,547.0,38406.0995006,268.0
581x,3-5,1,1401.0,109151.018648,899.0
581x,6-10,0,674.0,52324.5892636,384.0
581x,6-10,1,1711.0,136632.218259,1120.0
581x,na,0,50.0,2874.4299161,29.0
581x,na,1,83.0,4863.7298628,45.0
582a,0-2,0,33.0,2031.579965,9.0
582a,0-2,1,295.0,21088.039818,142.0
582a,11-20,0,553.0,41849.17966,250.0
582a,11-20,1,1630.0,126328.678702,816.0
582a,21+,0,2347.0,180781.709067,1237.0
582a,21+,1,3308.0,257008.9584293,1862.0
582a,3-5,0,111.0,8543.519921000001,67.0
582a,3-5,1,498.0,37328.489698,280.0
582a,6-10,0,213.0,16533.689838,123.0
582a,6-10,1,755.0,59999.309448,461.0
582b,0-2,0,370.0,18158.3399099,33.0
582b,0-2,1,1044.0,63683.339444,239.0
582b,11-20,0,882.0,57707.4994221,220.0
582b,11-20,1,2356.0,167343.1686933,946.0
582b,21+,0,5094.0,327654.96891652,1491.0
582b,21+,1,7236.0,477715.22871126,2626.0
582b,3-5,0,446.0,27936.289667,100.0
582b,3-5,1,1366.0,92249.599152,503.0
582b,6-10,0,888.0,59024.7293855,283.0
582b,6-10,1,2391.0,169384.4287107,985.0
582c,0-2,0,448.0,17820.98995154,26.0
582c,0-2,1,1003.0,50621.139908,159.0
582c,11-20,0,138.0,7747.479949,13.0
582c,11-20,1,291.0,17379.020024,46.0
582c,21+,0,161.0,9057.5700154,23.0
582c,21+,1,209.0,12537.0699295,43.0
582c,3-5,0,345.0,18136.419858,49.0
582c,3-5,1,833.0,47586.570009,175.0
582c,6-10,0,374.0,21909.779894,74.0
582c,6-10,1,761.0,45814.400017,182.0
582d,0-2,1,29.0,1313.7999685,0.0
582d,3-5,1,10.0,508.249985,0.0
582d,6-10,0,12.0,609.8999819999999,0.0
582d,6-10,1,29.0,1397.199951,0.0
582e,11-20,0,10.0,305.0000095,0.0
582f,0-2,0,134.0,4551.010077,0.0
582f,0-2,1,233.0,12993.790222999998,37.0
582f,11-20,1,26.0,1806.420031,11.0
582f,21+,0,92.0,4625.220008,10.0
582f,21+,1,73.0,4083.820007,18.0
582f,3-5,0,125.0,6568.560097,16.0
582f,3-5,1,264.0,17112.560238000002,104.0
582f,6-10,0,130.0,7312.150113,26.0
582f,6-10,1,274.0,17603.71008,97.0
582g,0-2,0,96.0,3714.9400121,7.0
582g,0-2,1,428.0,21543.12995126,70.0
582g,11-20,0,21.0,1399.399974,5.0
582g,11-20,1,92.0,5709.1300334,23.0
582g,3-5,0,96.0,4275.3499608,10.0
582g,3-5,1,400.0,22678.8899832,88.0
582g,6-10,0,142.0,6974.0299907,16.0
582g,6-10,1,481.0,27738.70999338,138.0
582x,0-2,0,1913.0,82119.7703471,215.0
582x,0-2,1,2666.0,138437.5800564,511.0
582x,11-20,0,1259.0,80745.8694834,307.0
582x,11-20,1,2648.0,177941.93932900002,925.0
582x,21+,0,495.0,34613.239832,171.0
582x,21+,1,1000.0,72382.149625,419.0
582x,3-5,0,467.0,28524.139877,112.0
582x,3-5,1,1188.0,74647.77967060001,354.0
582x,6-10,0,906.0,54361.8297289,203.0
582x,6-10,1,1783.0,116724.10961,587.0
582x,na,0,132.0,3305.3999254,0.0
582x,na,1,107.0,3566.4599342,6.0
589z,0-2,0,31.0,1425.740016,6.0
589z,0-2,1,31.0,1892.100001,10.0
589z,11-20,0,45.0,2297.9999584,12.0
589z,11-20,1,97.0,5685.249965,26.0
589z,3-5,1,10.0,577.99999,0.0
589z,6-10,0,12.0,854.349978,5.0
589z,6-10,1,41.0,2948.149985,17.0
589z,na,0,24.0,747.009969,0.0
589z,na,1,45.0,1304.6299694,0.0
620z,11-20,1,56.0,4434.769995,36.0
620z,6-10,1,13.0,1020.190019,7.0
620z,na,0,22.0,301.2100047,0.0
620z,na,1,11.0,151.6599974,0.0
621a,0-2,1,32.0,2247.450033,10.0
621a,11-20,0,61.0,3319.9400467,14.0
621a,11-20,1,437.0,28508.2201908,165.0
621a,21+,0,476.0,28519.8901506,188.0
621a,21+,1,1089.0,65143.390197,439.0
621a,3-5,1,28.0,2048.410015,14.0
621a,6-10,0,20.0,1285.77004,0.0
621a,6-10,1,66.0,4643.6800626,37.0
621b,11-20,0,111.0,3067.290053,0.0
621b,11-20,1,216.0,7674.7301103,21.0
621b,21+,0,700.0,26455.490173100003,114.0
621b,21+,1,1146.0,37620.5701937,153.0
621b,3-5,1,22.0,466.440001,0.0
621b,6-10,0,23.0,1253.04003,0.0
621b,6-10,1,22.0,823.6300125,0.0
621b,na,0,61.0,825.9700036,0.0
621b,na,1,51.0,696.6400025,0.0
621c,0-2,0,10.0,322.70000000000005,0.0
621c,0-2,1,17.0,534.39001,0.0
621c,3-5,0,22.0,539.75,0.0
621c,3-5,1,31.0,667.7600009,0.0
621c,6-10,0,28.0,638.82,0.0
621c,6-10,1,54.0,1196.2600017000002,0.0
621d,11-20,0,25.0,617.6500000000001,0.0
621d,11-20,1,64.0,1478.7799962,0.0
621e,0-2,1,53.0,2623.030024,5.0
621e,3-5,0,11.0,403.210006,0.0
621e,3-5,1,49.0,3060.099999,13.0
621e,6-10,0,16.0,791.9600170000001,0.0
621e,6-10,1,80.0,4756.470014,15.0
621f,0-2,0,16.0,604.7600110000001,0.0
621f,0-2,1,66.0,2234.340013,0.0
621f,11-20,0,52.0,2183.340039,0.0
621f,11-20,1,95.0,3335.2700315,0.0
621f,3-5,0,45.0,1529.5200185,0.0
621f,3-5,1,117.0,3782.530021000001,0.0
621f,6-10,0,51.0,1839.940038,0.0
621f,6-10,1,194.0,6859.350018000001,5.0
621x,0-2,0,278.0,8095.3200708,11.0
621x,0-2,1,259.0,12986.2201909,41.0
621x,11-20,0,76.0,2763.6500116,12.0
621x,11-20,1,247.0,13025.9800281,74.0
621x,21+,0,42.0,3320.590004,32.0
621x,21+,1,120.0,7318.4300457,48.0
621x,3-5,1,79.0,4593.9300675,19.0
621x,6-10,0,35.0,1331.6000255,0.0
621x,6-10,1,132.0,6944.1800286,23.0
621x,na,0,19.0,419.2899986,0.0
621x,na,1,29.0,761.8699966,0.0
622a,11-20,1,28.0,1646.800033,7.0
622a,21+,0,31.0,1919.220044,8.0
622a,21+,1,55.0,3252.790031,10.0
622b,11-20,0,14.0,329.35001400000004,0.0
622b,11-20,1,18.0,214.46,0.0
622b,21+,0,100.0,4492.459995,13.0
622b,21+,1,114.0,5199.1800025,21.0
622c,0-2,0,59.0,1224.4100280000002,0.0
622c,0-2,1,188.0,3784.720008,0.0
622c,11-20,0,95.0,1977.6899935,0.0
622c,11-20,1,248.0,6373.4699725,12.0
622c,3-5,0,49.0,933.360003,0.0
622c,3-5,1,127.0,2449.190001,0.0
622c,6-10,0,116.0,2392.06001,0.0
622c,6-10,1,221.0,4973.3599904,9.0
622x,0-2,0,106.0,3403.8400456000004,7.0
622x,0-2,1,79.0,2168.860027,0.0
622x,11-20,0,71.0,2088.9500230000003,5.0
622x,11-20,1,144.0,4137.6400435000005,5.0
622x,3-5,1,26.0,776.680022,0.0
622x,6-10,0,30.0,557.770003,0.0
622x,6-10,1,46.0,928.030007,0.0
622x,na,0,11.0,155.2100024,0.0
622x,na,1,15.0,206.3,0.0
623a,0-2,1,66.0,3865.410042,23.0
623a,11-20,0,25.0,818.600015,0.0
623a,11-20,1,195.0,9762.980061,47.0
623a,21+,0,142.0,8639.930048,54.0
623a,21+,1,361.0,18654.4200705,95.0
623a,3-5,0,11.0,495.440011,0.0
623a,3-5,1,82.0,4824.520041,34.0
623a,6-10,0,43.0,2143.820008,13.0
623a,6-10,1,158.0,9298.240079,60.0
623b,0-2,1,82.0,4504.470002999999,37.0
623b,11-20,0,34.0,1403.039996,12.0
623b,11-20,1,123.0,6192.839999,34.0
623b,21+,0,450.0,20617.490102,91.0
623b,21+,1,1122.0,50604.2502981,209.0
623b,3-5,0,20.0,665.490001,5.0
623b,3-5,1,58.0,2570.020008,18.0
623b,6-10,0,40.0,1477.520001,9.0
623b,6-10,1,168.0,7694.560034999999,48.0
623b,na,0,33.0,852.23001,0.0
623b,na,1,72.0,2103.8700227,0.0
623c,11-20,0,36.0,404.700008,0.0
623c,11-20,1,91.0,1376.01001384,0.0
623c,21+,0,12.0,15.6,0.0
623c,21+,1,18.0,164.05,0.0
623c,6-10,0,18.0,192.18,0.0
623c,6-10,1,25.0,291.350005,0.0
623x,0-2,0,111.0,3959.1600362,6.0
623x,0-2,1,232.0,13830.550092999998,93.0
623x,11-20,0,57.0,2933.669999,21.0
623x,11-20,1,313.0,17223.740041999998,111.0
623x,21+,0,35.0,2765.13998,27.0
623x,21+,1,105.0,6271.480049999999,51.0
623x,3-5,0,33.0,1604.799995,13.0
623x,3-5,1,135.0,8226.380051,55.0
623x,6-10,0,17.0,955.700005,6.0
623x,6-10,1,142.0,8108.11002,55.0
624z,21+,1,11.0,1033.670011,11.0
629z,0-2,1,13.0,804.3800209999999,7.0
629z,11-20,0,123.0,3326.6699894,7.0
629z,11-20,1,342.0,10630.059934,19.0
629z,21+,0,247.0,6890.720022,16.0
629z,21+,1,498.0,14354.92997046,22.0
629z,3-5,1,37.0,2242.050029,17.0
629z,6-10,1,115.0,4500.730038,18.0
629z,na,0,181.0,4254.0700265,0.0
629z,na,1,396.0,11701.3199461,14.0
640a,0-2,0,31.0,1157.4199950000002,0.0
640a,0-2,1,190.0,7793.8,0.0
640a,11-20,0,80.0,3281.6000000000004,0.0
640a,11-20,1,389.0,17126.649987,32.0
640a,21+,0,312.0,12270.0299958,0.0
640a,21+,1,624.0,25284.5999807,30.0
640a,3-5,0,24.0,984.48,0.0
640a,3-5,1,193.0,8256.080021,7.0
640a,6-10,0,59.0,2420.1800000000003,0.0
640a,6-10,1,280.0,12444.830028,21.0
640a,na,0,237.0,9847.930012,0.0
640a,na,1,886.0,36703.67998700001,14.0
640b,0-2,1,45.0,1335.15,0.0
640b,11-20,0,30.0,890.1,0.0
640b,11-20,1,113.0,3352.71,0.0
640b,na,1,77.0,2284.59,0.0
640x,0-2,0,222.0,8061.8700631,18.0
640x,0-2,1,271.0,9452.160013,7.0
640x,11-20,0,14.0,521.78,0.0
640x,11-20,1,113.0,6673.259943,42.0
640x,21+,0,67.0,3226.7500000000005,15.0
640x,21+,1,143.0,7414.009998,47.0
640x,3-5,0,48.0,1596.3100080000002,0.0
640x,3-5,1,183.0,6700.070001,14.0
640x,6-10,0,56.0,1678.559992,0.0
640x,6-10,1,192.0,7132.369992,11.0
720z,0-2,0,235.0,10221.7300987,27.0
720z,0-2,1,777.0,42687.13027,206.0
720z,11-20,0,198.0,13513.180091,92.0
720z,11-20,1,1152.0,78973.8300025,545.0
720z,21+,1,30.0,2169.200014,18.0
720z,3-5,0,121.0,6150.380078,24.0
720z,3-5,1,687.0,42848.1802738,264.0
720z,6-10,0,310.0,18236.9001361,101.0
720z,6-10,1,1276.0,77424.8001869,418.0
720z,na,0,232.0,6225.2699748,0.0
720z,na,1,438.0,12038.4099381,0.0
721a,0-2,0,130.0,7786.440007,5.0
721a,0-2,1,3813.0,250026.171852,64.0
721a,11-20,0,228.0,12682.2197916,0.0
721a,11-20,1,1498.0,87334.95898099999,31.0
721a,21+,0,313.0,15954.2399504,5.0
721a,21+,1,689.0,35950.250015,16.0
721a,3-5,0,260.0,16614.850055,0.0
721a,3-5,1,3599.0,236225.804016,81.0
721a,6-10,0,324.0,20330.289653,5.0
721a,6-10,1,4100.0,262363.923414,68.0
721a,na,1,46.0,2484.559951,0.0
721b,11-20,1,24.0,1574.399952,0.0
721b,3-5,0,26.0,1699.99998,0.0
721b,3-5,1,305.0,19868.629374,0.0
721b,6-10,0,37.0,2343.999936,0.0
721b,6-10,1,394.0,25427.029286,0.0
721b,na,0,315.0,19740.479469,0.0
721b,na,1,2298.0,148732.565546,6.0
721c,21+,0,53.0,2775.080053,0.0
721c,21+,1,33.0,1727.880033,0.0
721c,na,0,1236.0,66142.661048,7.0
721c,na,1,5359.0,285319.88485449995,23.0
721d,21+,0,33.0,1727.880033,0.0
721d,21+,1,36.0,1884.960036,0.0
721d,na,0,558.0,30144.700447,6.0
721d,na,1,2859.0,153024.262465,13.0
721e,na,0,193.0,10194.870165,0.0
721e,na,1,1056.0,56395.53094599999,0.0
721f,na,0,255.0,13495.090217,0.0
721f,na,1,1399.0,76148.821122,12.0
721g,21+,0,57.0,2984.520057,0.0
721g,21+,1,37.0,1937.320037,0.0
721g,na,0,2293.0,123855.941516,17.0
721g,na,1,4700.0,250603.5439016,41.0
721h,21+,0,13.0,680.6800129999999,0.0
721h,na,0,561.0,30694.600418,22.0
721h,na,1,1678.0,90156.68140899998,14.0
721i,na,0,293.0,15590.22023,0.0
721i,na,1,1148.0,60855.37110599999,0.0
721j,na,0,77.0,4031.720077,0.0
721j,na,1,331.0,17535.000301000004,0.0
721k,na,0,72.0,3769.920072,0.0
721k,na,1,506.0,26880.330469,0.0
721l,na,0,248.0,13208.540204,0.0
721l,na,1,594.0,31724.580452,5.0
721m,21+,0,136.0,7301.630096999999,0.0
721m,21+,1,60.0,3004.020054,0.0
721x,0-2,0,3851.0,165384.4914184,732.0
721x,0-2,1,3477.0,191072.0899015,836.0
721x,11-20,0,1231.0,84221.9897988,516.0
721x,11-20,1,5438.0,373997.5996518,2189.0
721x,21+,0,2076.0,136810.3611069,732.0
721x,21+,1,3286.0,219038.5714315,1333.0
721x,3-5,0,449.0,31805.900025,227.0
721x,3-5,1,2195.0,148101.459815,784.0
721x,6-10,0,699.0,47375.2800629,304.0
721x,6-10,1,3179.0,212383.389384,1076.0
721x,na,0,122.0,3916.5499988,0.0
721x,na,1,178.0,5978.5399018,0.0
723a,0-2,0,954.0,33302.2698916,8.0
723a,0-2,1,11674.0,435049.917731,5.0
723a,11-20,0,2162.0,92941.3796753,163.0
723a,11-20,1,15841.0,671040.7357872999,705.0
723a,21+,0,3570.0,158754.0191775,346.0
723a,21+,1,7419.0,320718.32851110003,468.0
723a,3-5,0,1250.0,46876.569813,5.0
723a,3-5,1,8881.0,336687.427734,53.0
723a,6-10,0,1430.0,55557.7298517,37.0
723a,6-10,1,10140.0,400063.7969843,199.0
723a,na,0,413.0,15144.5798083,7.0
723a,na,1,1804.0,68144.3893848,16.0
723b,0-2,0,54.0,2018.749986,0.0
723b,0-2,1,477.0,18328.439148,0.0
723b,11-20,0,53.0,2247.64995,0.0
723b,11-20,1,774.0,34313.43899,52.0
723b,3-5,0,42.0,1580.3199719999998,0.0
723b,3-5,1,486.0,19358.549183,7.0
723b,6-10,0,41.0,1554.989952,0.0
723b,6-10,1,769.0,32125.868858,28.0
723c,0-2,0,22.0,805.9000139999999,0.0
723c,0-2,1,608.0,22200.98047,0.0
723c,11-20,0,147.0,6165.090066,0.0
723c,11-20,1,1271.0,55217.220471,51.0
723c,21+,0,622.0,27000.910213,38.0
723c,21+,1,1154.0,51301.180362,68.0
723c,3-5,0,56.0,2039.760048,0.0
723c,3-5,1,597.0,22693.160392,8.0
723c,6-10,0,73.0,2658.570063,0.0
723c,6-10,1,765.0,30866.670449,18.0
723c,na,0,13.0,471.770013,0.0
723c,na,1,31.0,1354.740033,0.0
723d,0-2,0,34.0,1280.729979,0.0
723d,0-2,1,627.0,23805.189433,0.0
723d,11-20,0,131.0,5381.539946,0.0
723d,11-20,1,1347.0,59762.749388,62.0
723d,21+,0,818.0,35899.75971,55.0
723d,21+,1,1454.0,65055.579455,92.0
723d,3-5,0,37.0,1398.099971,0.0
723d,3-5,1,554.0,21273.239521,0.0
723d,6-10,0,69.0,2604.36995,0.0
723d,6-10,1,734.0,30677.459468,33.0
723d,na,0,15.0,563.419993,0.0
723d,na,1,79.0,3198.469963,0.0
723e,0-2,0,24.0,899.279988,0.0
723e,0-2,1,395.0,14882.489632,0.0
723e,11-20,0,98.0,3853.059941,0.0
723e,11-20,1,739.0,30771.499512,23.0
723e,21+,0,610.0,25962.229619,28.0
723e,21+,1,1071.0,46523.499396,53.0
723e,3-5,0,40.0,1505.039967,0.0
723e,3-5,1,328.0,12354.479702,0.0
723e,6-10,0,77.0,2896.469938,0.0
723e,6-10,1,638.0,25563.559544000003,10.0
723e,na,0,38.0,1430.579967,0.0
723e,na,1,11.0,414.809989,0.0
723f,0-2,1,100.0,3864.839976,0.0
723f,11-20,1,82.0,3674.890006,5.0
723f,21+,1,22.0,860.429993,0.0
723f,3-5,1,94.0,3928.259993,0.0
723f,6-10,1,89.0,3634.999982,0.0
723g,0-2,1,68.0,2608.469987,0.0
723g,3-5,1,91.0,3482.489984,0.0
723g,6-10,1,42.0,1605.029993,0.0
723h,0-2,0,123.0,4526.439944,0.0
723h,0-2,1,1207.0,44974.739072,5.0
723h,11-20,0,678.0,26879.589586,17.0
723h,11-20,1,4082.0,167019.037682,128.0
723h,21+,0,2953.0,118097.628209,105.0
723h,21+,1,3265.0,131103.5182406,104.0
723h,3-5,0,146.0,5501.059918,0.0
723h,3-5,1,1519.0,59494.76900100001,37.0
723h,6-10,0,232.0,8496.859822,0.0
723h,6-10,1,2601.0,104920.758446,88.0
723h,na,0,142.0,5236.549891000001,0.0
723h,na,1,200.0,8223.739909,6.0
723i,0-2,0,44.0,1630.8,0.0
723i,0-2,1,775.0,28947.650016,0.0
723i,11-20,0,113.0,4224.829994000001,0.0
723i,11-20,1,1184.0,48173.61006,18.0
723i,21+,0,657.0,27249.519983,27.0
723i,21+,1,1265.0,52525.69994400001,39.0
723i,3-5,0,36.0,1318.98,0.0
723i,3-5,1,649.0,24365.119982000004,0.0
723i,6-10,0,74.0,2736.37,0.0
723i,6-10,1,989.0,38638.350042000005,14.0
723i,na,0,33.0,1223.64,0.0
723i,na,1,100.0,3966.150016,0.0
723j,0-2,1,105.0,4588.5999360000005,0.0
723j,11-20,0,30.0,1191.379977,0.0
723j,11-20,1,215.0,9773.599913,6.0
723j,21+,0,56.0,2455.379981,0.0
723j,21+,1,126.0,5446.799917,6.0
723j,3-5,1,97.0,4218.179941,0.0
723j,6-10,0,11.0,444.989994,0.0
723j,6-10,1,184.0,8588.729929000001,8.0
723k,0-2,0,21.0,779.99,0.0
723k,0-2,1,496.0,19011.499988,0.0
723k,11-20,0,84.0,3427.00002,0.0
723k,11-20,1,752.0,33109.230069000005,34.0
723k,21+,0,1078.0,45721.439899000005,44.0
723k,21+,1,1468.0,65797.09998,84.0
723k,3-5,0,26.0,963.84,0.0
723k,3-5,1,553.0,22276.180018,10.0
723k,6-10,0,33.0,1222.61,0.0
723k,6-10,1,743.0,32257.270027,39.0
723k,na,0,31.0,853.5899999999999,0.0
723k,na,1,42.0,1639.970012,0.0
723l,0-2,1,229.0,8883.839748,0.0
723l,11-20,0,58.0,2142.4199280000003,0.0
723l,11-20,1,253.0,10942.029752,12.0
723l,21+,0,27.0,1117.299969,0.0
723l,21+,1,32.0,1336.289978,0.0
723l,3-5,0,10.0,372.3,0.0
723l,3-5,1,255.0,11207.429765,17.0
723l,6-10,0,12.0,444.40999,0.0
723l,6-10,1,207.0,8831.219799,6.0
723m,0-2,0,26.0,1009.349993,0.0
723m,0-2,1,456.0,18707.989781,0.0
723m,21+,0,6996.0,315774.1279764,630.0
723m,21+,1,13650.0,619850.7966581,1111.0
723m,3-5,0,28.0,1097.319992,0.0
723m,3-5,1,404.0,16964.079803,0.0
723m,6-10,1,104.0,4897.84,10.0
723m,na,0,140.0,5508.180073,0.0
723m,na,1,98.0,3953.160009,0.0
723n,0-2,0,52.0,2192.510035,0.0
723n,0-2,1,928.0,41109.790895,0.0
723n,11-20,0,155.0,6787.890138,0.0
723n,11-20,1,1641.0,76782.971531,31.0
723n,21+,0,1391.0,64454.791043000005,49.0
723n,21+,1,2355.0,109553.761856,69.0
723n,3-5,0,87.0,3810.750078,0.0
723n,3-5,1,862.0,38122.780808,0.0
723n,6-10,0,77.0,3387.1400710000003,0.0
723n,6-10,1,1102.0,50223.401074,15.0
723n,na,0,52.0,2273.140046,0.0
723n,na,1,193.0,8570.060166000001,0.0
723o,11-20,0,27.0,671.499983,0.0
723o,11-20,1,269.0,8825.239925,8.0
723o,6-10,1,90.0,2718.139963,0.0
723p,0-2,0,54.0,1013.039988,0.0
723p,0-2,1,775.0,16006.6398015,0.0
723p,11-20,0,19.0,412.599992,0.0
723p,11-20,1,147.0,3472.569973,0.0
723p,3-5,0,32.0,459.9100015,0.0
723p,3-5,1,370.0,7681.5899425,0.0
723p,6-10,0,24.0,675.8299890000001,0.0
723p,6-10,1,303.0,6643.4199613,11.0
723q,0-2,1,349.0,9608.029846,0.0
723q,11-20,0,63.0,1706.5999780000002,0.0
723q,11-20,1,437.0,13183.999896,11.0
723q,21+,1,16.0,356.29999300000003,0.0
723q,3-5,0,44.0,1260.139996,0.0
723q,3-5,1,336.0,9429.5799422,0.0
723q,6-10,0,44.0,1284.479985,0.0
723q,6-10,1,449.0,13595.5099002,14.0
723r,0-2,0,23.0,693.219977,0.0
723r,0-2,1,596.0,17192.519505,0.0
723r,11-20,0,71.0,2443.549934,5.0
723r,11-20,1,399.0,13543.389699,21.0
723r,3-5,0,21.0,632.939979,0.0
723r,3-5,1,475.0,14540.039634,9.0
723r,6-10,0,57.0,1630.019949,0.0
723r,6-10,1,576.0,18884.00956,31.0
723t,0-2,0,29.0,919.099978,0.0
723t,0-2,1,884.0,30982.069526,11.0
723t,11-20,0,23.0,939.890007,0.0
723t,11-20,1,230.0,8948.239951,11.0
723t,3-5,0,17.0,595.659993,0.0
723t,3-5,1,458.0,17376.779837000002,12.0
723t,6-10,0,24.0,948.510002,0.0
723t,6-10,1,410.0,15927.019824,13.0
723u,0-2,0,14.0,421.959986,0.0
723u,0-2,1,171.0,5034.159947,0.0
723u,11-20,1,79.0,2819.34999,5.0
723u,3-5,0,11.0,331.539989,0.0
723u,3-5,1,95.0,2643.099977,0.0
723u,6-10,0,20.0,727.6000039999999,0.0
723u,6-10,1,190.0,5917.360037,0.0
723x,0-2,0,4878.0,167687.8708291,295.0
723x,0-2,1,6828.0,198684.579232,265.0
723x,11-20,0,496.0,27108.2699698,154.0
723x,11-20,1,1922.0,91108.9895026,430.0
723x,21+,0,125.0,7596.5600488,55.0
723x,21+,1,230.0,8661.2999542,34.0
723x,3-5,0,260.0,9538.8100364,21.0
723x,3-5,1,1371.0,59246.4796631,209.0
723x,6-10,0,315.0,13745.8299685,58.0
723x,6-10,1,1939.0,91990.6892659,384.0
723x,na,0,84.0,1864.6399842,0.0
723x,na,1,171.0,4873.8699642,0.0
724a,0-2,0,91.0,3056.019833,0.0
724a,0-2,1,651.0,22051.218713,0.0
724a,11-20,0,498.0,17378.379089,0.0
724a,11-20,1,840.0,31062.818589,24.0
724a,21+,0,1909.0,73920.806923,103.0
724a,21+,1,1327.0,51464.69798,70.0
724a,3-5,0,219.0,7397.779577,0.0
724a,3-5,1,543.0,19067.839,8.0
724a,6-10,0,418.0,14611.679292,7.0
724a,6-10,1,765.0,27858.678694,20.0
724a,na,0,311.0,10502.84942,0.0
724a,na,1,537.0,18422.15895,0.0
724b,21+,0,11.0,373.119978,0.0
724b,na,0,82.0,2781.439836,0.0
724b,na,1,249.0,9131.519575,0.0
724c,21+,0,16.0,542.719968,0.0
724c,na,0,125.0,4517.799775,5.0
724c,na,1,406.0,15023.919288,5.0
724d,0-2,0,21.0,597.71,0.0
724d,0-2,1,169.0,4733.6900000000005,0.0
724d,11-20,0,214.0,6031.120009,0.0
724d,11-20,1,628.0,19915.19006,16.0
724d,21+,0,706.0,21880.680068,25.0
724d,21+,1,975.0,31600.490069000003,33.0
724d,3-5,0,38.0,1064.38,0.0
724d,3-5,1,99.0,2772.99,0.0
724d,6-10,0,76.0,2128.76,0.0
724d,6-10,1,140.0,3921.4,0.0
724d,na,0,73.0,2043.580005,0.0
724d,na,1,70.0,1960.7,0.0
724e,0-2,0,282.0,9213.7701498,6.0
724e,0-2,1,1235.0,36077.77107,15.0
724e,11-20,0,95.0,2639.100095,0.0
724e,11-20,1,351.0,10539.310308,13.0
724e,3-5,0,305.0,9317.320273,7.0
724e,3-5,1,1199.0,35205.241064999995,22.0
724e,6-10,0,183.0,5083.740183,0.0
724e,6-10,1,858.0,24573.600784,7.0
724f,0-2,0,10.0,469.3,0.0
724f,0-2,1,20.0,938.6,0.0
724f,11-20,0,141.0,6624.170023,0.0
724f,11-20,1,166.0,7732.700035,20.0
724f,21+,0,31.0,1454.83,0.0
724f,21+,1,28.0,1314.04,0.0
724f,3-5,0,24.0,1126.32,0.0
724f,3-5,1,19.0,891.67,0.0
724f,6-10,0,76.0,3451.780006,0.0
724f,6-10,1,64.0,2755.280026,0.0
724x,0-2,0,716.0,27265.6402219,66.0
724x,0-2,1,643.0,21683.6401007,26.0
724x,11-20,0,160.0,5390.149986,5.0
724x,11-20,1,529.0,21319.309884,79.0
724x,21+,0,117.0,5547.8199293,31.0
724x,21+,1,164.0,8695.909919,60.0
724x,3-5,0,89.0,2685.619986,0.0
724x,3-5,1,266.0,9094.809931,24.0
724x,6-10,0,162.0,5554.860021,11.0
724x,6-10,1,517.0,18177.609915,43.0
724x,na,0,86.0,2539.8800459,0.0
724x,na,1,109.0,3617.54006,0.0
725a,0-2,0,39.0,1998.270048,0.0
725a,0-2,1,100.0,5331.0001,0.0
725a,11-20,0,218.0,11621.790229,0.0
725a,11-20,1,279.0,14996.840171,0.0
725a,21+,0,152.0,8073.570157,0.0
725a,21+,1,162.0,8932.870067,5.0
725a,3-5,0,49.0,2582.640054,0.0
725a,3-5,1,73.0,3891.630073,0.0
725a,6-10,0,85.0,4484.070092999999,0.0
725a,6-10,1,101.0,5472.710050000001,0.0
725a,na,0,97.0,5111.490097,0.0
725a,na,1,89.0,4767.290055,0.0
725b,0-2,1,117.0,6596.460117,0.0
725b,11-20,0,28.0,1444.590021,0.0
725b,11-20,1,258.0,14697.650254,0.0
725b,21+,0,161.0,8946.77014,5.0
725b,21+,1,216.0,12718.870195999998,12.0
725b,3-5,0,14.0,789.320014,0.0
725b,3-5,1,146.0,8231.480146,0.0
725b,6-10,0,22.0,1240.360022,0.0
725b,6-10,1,158.0,8908.040158,0.0
725c,0-2,1,32.0,1501.76,0.0
725c,11-20,0,17.0,797.81,0.0
725c,11-20,1,81.0,3931.83,0.0
725c,21+,0,64.0,3236.090008,0.0
725c,21+,1,126.0,5730.1899848,0.0
725c,3-5,0,10.0,469.3,0.0
725c,3-5,1,29.0,1360.97,0.0
725c,6-10,0,14.0,657.02,0.0
725c,6-10,1,32.0,1501.76,0.0
725d,0-2,0,56.0,2853.200056,0.0
725d,0-2,1,634.0,32342.210621,0.0
725d,11-20,0,192.0,10744.810165,10.0
725d,11-20,1,1289.0,69763.30122400001,63.0
725d,21+,0,2857.0,160220.3420753,364.0
725d,21+,1,3482.0,194092.822467,414.0
725d,3-5,0,85.0,4330.750085,0.0
725d,3-5,1,774.0,39644.620746,0.0
725d,6-10,0,130.0,6654.20012,0.0
725d,6-10,1,952.0,48855.020937,5.0
725d,na,0,272.0,15459.770126,50.0
725d,na,1,246.0,12106.560222,0.0
725e,0-2,1,44.0,4332.239955999999,44.0
725e,11-20,1,89.0,8612.839926,84.0
725e,21+,1,29.0,2832.8899810000003,29.0
725e,3-5,1,42.0,4045.519998,42.0
725e,6-10,1,74.0,7232.159949999999,74.0
725f,0-2,0,25.0,827.230038,0.0
725f,0-2,1,383.0,14802.950766,0.0
725f,11-20,0,93.0,3594.450186,0.0
725f,11-20,1,579.0,23322.341061000003,0.0
725f,21+,0,780.0,34684.731061,55.0
725f,21+,1,905.0,39746.8809775,47.0
725f,3-5,0,51.0,1971.150102,0.0
725f,3-5,1,409.0,15836.670784,0.0
725f,6-10,0,85.0,3285.2501700000003,0.0
725f,6-10,1,606.0,24287.651135,5.0
725f,na,0,24.0,927.600048,0.0
725f,na,1,99.0,3853.29018,0.0
725x,0-2,0,602.0,23651.2302991,41.0
725x,0-2,1,1109.0,45871.8904722,48.0
725x,11-20,0,118.0,6503.77009,14.0
725x,11-20,1,493.0,26389.6900288,81.0
725x,21+,0,22.0,1120.900022,0.0
725x,21+,1,188.0,10912.240136,27.0
725x,3-5,0,60.0,2861.1000360000003,0.0
725x,3-5,1,291.0,13141.560018,16.0
725x,6-10,0,109.0,5611.85008,11.0
725x,6-10,1,463.0,21296.880116,32.0
726a,0-2,0,153.0,6707.849948,5.0
726a,0-2,1,1188.0,49831.97883200001,0.0
726a,11-20,0,333.0,15531.989788,25.0
726a,11-20,1,2882.0,136690.117885,183.0
726a,21+,0,1740.0,84141.25891100001,167.0
726a,21+,1,3767.0,185223.72763280003,364.0
726a,3-5,0,172.0,7228.969843000001,0.0
726a,3-5,1,1215.0,51095.568792000005,0.0
726a,6-10,0,284.0,12333.029752000002,7.0
726a,6-10,1,1765.0,77052.708469,32.0
726a,na,0,131.0,5387.389882,0.0
726a,na,1,390.0,16737.90962,5.0
726b,0-2,0,76.0,3852.550003,0.0
726b,0-2,1,995.0,57441.759995,0.0
726b,11-20,0,229.0,13278.349999,14.0
726b,11-20,1,3038.0,182083.249829,204.0
726b,21+,0,1486.0,88010.4200888,143.0
726b,21+,1,3138.0,189528.079965,326.0
726b,3-5,0,89.0,5186.030000000001,0.0
726b,3-5,1,990.0,57266.81994,0.0
726b,6-10,0,105.0,5976.55,0.0
726b,6-10,1,1547.0,91013.659922,43.0
726b,na,0,39.0,1538.879995,0.0
726b,na,1,66.0,3845.82,0.0
726c,0-2,0,22.0,1240.360022,0.0
726c,0-2,1,277.0,15640.000259,0.0
726c,11-20,0,61.0,3343.430056,0.0
726c,11-20,1,536.0,31241.940502,25.0
726c,21+,0,111.0,6589.180131,10.0
726c,21+,1,306.0,17754.330288999998,6.0
726c,3-5,0,43.0,2424.340043,0.0
726c,3-5,1,307.0,17346.560277,0.0
726c,6-10,0,52.0,2931.760052,0.0
726c,6-10,1,518.0,30086.460458,20.0
726c,na,1,23.0,1296.740023,0.0
726d,0-2,0,11.0,784.0799890000001,0.0
726d,0-2,1,181.0,12901.679819,0.0
726d,11-20,0,49.0,3425.039993,5.0
726d,11-20,1,328.0,23749.029809,48.0
726d,21+,0,53.0,3894.119971,6.0
726d,21+,1,217.0,15153.619835,20.0
726d,3-5,0,12.0,855.359988,0.0
726d,3-5,1,140.0,9979.19986,0.0
726d,6-10,0,32.0,2282.1099830000003,0.0
726d,6-10,1,189.0,13471.919811000002,0.0
726d,na,1,23.0,1639.439977,0.0
726e,0-2,1,13.0,754.520013,0.0
726e,11-20,0,48.0,2785.920048,0.0
726e,11-20,1,55.0,3044.660055,0.0
726e,21+,0,11.0,638.4400109999999,0.0
726e,21+,1,17.0,986.680017,0.0
726e,3-5,1,37.0,1975.350037,0.0
726e,6-10,0,38.0,2205.520038,0.0
726e,6-10,1,58.0,3095.830058,0.0
726e,na,0,136.0,7893.440135999999,0.0
726e,na,1,152.0,8822.080151999999,0.0
726f,0-2,0,52.0,2641.970061,0.0
726f,0-2,1,47.0,2727.880047,0.0
726f,11-20,0,91.0,5281.640090999999,0.0
726f,11-20,1,91.0,5192.990091,0.0
726f,21+,0,10.0,580.40001,0.0
726f,21+,1,26.0,1509.040026,0.0
726f,3-5,0,46.0,2669.840046,0.0
726f,3-5,1,42.0,2437.680042,0.0
726f,6-10,0,83.0,4748.770088,0.0
726f,6-10,1,109.0,6519.240116999999,8.0
726f,na,0,173.0,10144.150178,0.0
726f,na,1,277.0,15807.200253,0.0
726x,0-2,0,1401.0,57592.9305283,108.0
726x,0-2,1,1534.0,67408.849982,152.0
726x,11-20,0,333.0,18778.089934,71.0
726x,11-20,1,1302.0,74165.8694442,246.0
726x,21+,0,36.0,1624.7299710000002,0.0
726x,21+,1,86.0,4087.659929,5.0
726x,3-5,0,87.0,3141.5499735000003,0.0
726x,3-5,1,625.0,34789.0297407,127.0
726x,6-10,0,149.0,6860.4499527,6.0
726x,6-10,1,1126.0,61555.099476200005,186.0
726x,na,0,11.0,263.970002,0.0
726x,na,1,27.0,857.119992,0.0
727a,0-2,0,49.0,2344.17004,0.0
727a,0-2,1,395.0,22449.310146,41.0
727a,11-20,0,179.0,12309.030072,62.0
727a,11-20,1,959.0,63481.230502,280.0
727a,21+,0,368.0,23823.840146,100.0
727a,21+,1,542.0,36509.290148,170.0
727a,3-5,0,64.0,3764.650056,10.0
727a,3-5,1,403.0,23852.990147,61.0
727a,6-10,0,106.0,6387.700084,17.0
727a,6-10,1,696.0,42937.500212,136.0
727a,na,0,93.0,4854.030099,0.0
727a,na,1,714.0,37994.940262,5.0
727b,0-2,0,56.0,2366.200014,0.0
727b,0-2,1,490.0,24759.339759,0.0
727b,11-20,0,117.0,6051.969967,5.0
727b,11-20,1,1253.0,66972.689377,57.0
727b,21+,0,1096.0,57690.920028,49.0
727b,21+,1,1123.0,58606.5594536,67.0
727b,3-5,0,52.0,2588.679969,0.0
727b,3-5,1,417.0,21684.199837,6.0
727b,6-10,0,57.0,2839.369967,0.0
727b,6-10,1,480.0,25033.699649,0.0
727b,na,1,48.0,2499.109969,0.0
727x,0-2,0,594.0,22179.2803635,37.0
727x,0-2,1,756.0,31146.8604868,52.0
727x,11-20,0,87.0,4652.680036,18.0
727x,11-20,1,385.0,23108.3200408,137.0
727x,21+,0,81.0,5631.709994,45.0
727x,21+,1,221.0,14148.830005,92.0
727x,3-5,0,66.0,2434.030066,7.0
727x,3-5,1,165.0,6702.7001155,16.0
727x,6-10,0,146.0,5339.1901,5.0
727x,6-10,1,389.0,15443.740196,37.0
727x,na,0,35.0,847.729998,0.0
727x,na,1,45.0,1207.4900137,0.0
729z,0-2,0,283.0,11886.5000794,45.0
729z,0-2,1,570.0,27163.1401136,100.0
729z,11-20,0,595.0,24935.2301179,80.0
729z,11-20,1,1768.0,79307.3199613,276.0
729z,21+,0,427.0,17733.1900736,54.0
729z,21+,1,780.0,29940.4299806,88.0
729z,3-5,0,16.0,576.360006,0.0
729z,3-5,1,286.0,16459.0300481,100.0
729z,6-10,0,224.0,9452.4900376,30.0
729z,6-10,1,680.0,35045.4400515,137.0
729z,na,0,761.0,28572.3000826,66.0
729z,na,1,1859.0,67182.6896399,98.0
760z,11-20,1,109.0,4283.2000346,0.0
760z,na,0,78.0,2245.5500243,0.0
760z,na,1,86.0,2248.6099866,0.0
761a,11-20,1,16.0,1147.230027,5.0
761a,21+,1,10.0,615.80002,0.0
761c,0-2,0,32.0,1449.990018,0.0
761c,0-2,1,398.0,18576.8801,9.0
761c,11-20,0,277.0,12389.7000862,21.0
761c,11-20,1,1398.0,66130.6602822,94.0
761c,21+,0,2089.0,114499.5403528,496.0
761c,21+,1,4685.0,241994.839951,845.0
761c,3-5,0,60.0,2782.650013,0.0
761c,3-5,1,447.0,20074.260077,9.0
761c,6-10,0,127.0,5640.360053,0.0
761c,6-10,1,729.0,33395.6501566,25.0
761c,na,0,651.0,36618.1200828,156.0
761c,na,1,474.0,24422.999991,87.0
761x,0-2,1,10.0,663.14999,5.0
761x,11-20,1,14.0,617.26,0.0
761x,3-5,1,13.0,720.230008,0.0
761x,na,0,26.0,553.2000043,0.0
761x,na,1,73.0,2468.070028,0.0
762a,0-2,1,30.0,2031.90009,0.0
762a,11-20,0,19.0,1037.409989,0.0
762a,11-20,1,186.0,10693.089948,18.0
762a,21+,0,429.0,24094.589904,74.0
762a,21+,1,528.0,30053.239851,93.0
762a,3-5,1,43.0,2272.730063,0.0
762a,6-10,1,54.0,2874.679994,6.0
762b,11-20,0,67.0,3864.229973,9.0
762b,11-20,1,722.0,43219.459765,91.0
762b,21+,0,906.0,52238.199775,175.0
762b,21+,1,2005.0,119272.279446,362.0
762b,6-10,1,20.0,1098.279988,0.0
762b,na,0,148.0,8289.519983,32.0
762b,na,1,42.0,1828.339993,5.0
762c,0-2,0,297.0,12572.400096,13.0
762c,0-2,1,1431.0,59044.8505036,34.0
762c,11-20,0,399.0,18563.730110800003,17.0
762c,11-20,1,2323.0,116873.0900564,239.0
762c,21+,0,387.0,21580.550034,63.0
762c,21+,1,934.0,51744.69006,89.0
762c,3-5,0,211.0,8938.1100972,6.0
762c,3-5,1,956.0,41353.580378,30.0
762c,6-10,0,271.0,11962.590090000002,15.0
762c,6-10,1,1398.0,60849.5102988,65.0
762d,0-2,0,409.0,19221.5001657,16.0
762d,0-2,1,5158.0,281519.9228222,143.0
762d,11-20,0,1336.0,78419.580334,184.0
762d,11-20,1,11675.0,689648.3325497999,1363.0
762d,21+,0,5769.0,356811.821107,1349.0
762d,21+,1,8647.0,522439.7814773,1448.0
762d,3-5,0,423.0,22655.800219,19.0
762d,3-5,1,5076.0,284358.262654,219.0
762d,6-10,0,853.0,47741.230229,94.0
762d,6-10,1,9530.0,548032.3833972,735.0
762d,na,0,26.0,1283.510011,0.0
762d,na,1,28.0,1733.810016,6.0
762e,0-2,1,19.0,1008.33,0.0
762e,11-20,1,12.0,636.84,0.0
762e,21+,1,89.0,4723.2300000000005,0.0
762f,0-2,0,28.0,2139.380022,22.0
762f,0-2,1,392.0,32908.770369,369.0
762f,11-20,0,119.0,9421.730119,91.0
762f,11-20,1,1202.0,97315.950736,974.0
762f,21+,0,520.0,39996.960285,363.0
762f,21+,1,838.0,64935.510412,577.0
762f,3-5,0,24.0,2045.280024,24.0
762f,3-5,1,536.0,45407.47048,514.0
762f,6-10,0,36.0,2937.9200359999995,31.0
762f,6-10,1,726.0,59820.470541,629.0
762x,0-2,0,3200.0,130897.2712288,276.0
762x,0-2,1,5384.0,251855.5819845,514.0
762x,11-20,0,632.0,36246.7900138,166.0
762x,11-20,1,2446.0,141559.0200082,509.0
762x,21+,0,278.0,17429.44005,91.0
762x,21+,1,634.0,37471.340071,147.0
762x,3-5,0,210.0,10353.190058,30.0
762x,3-5,1,1262.0,69100.0203096,200.0
762x,6-10,0,336.0,17527.3901183,48.0
762x,6-10,1,1976.0,112156.5302358,340.0
762x,na,0,21.0,373.4300096,0.0
769z,0-2,0,57.0,2600.73,10.0
769z,0-2,1,101.0,4814.940014,18.0
769z,11-20,0,25.0,1000.639993,0.0
769z,11-20,1,90.0,4445.46,13.0
769z,21+,1,54.0,2466.179976,0.0
769z,3-5,1,11.0,466.579999,0.0
769z,6-10,0,10.0,372.349995,0.0
769z,6-10,1,43.0,1865.610019,0.0
769z,na,0,23.0,415.0600035,0.0
769z,na,1,31.0,688.3599998,0.0
811a,21+,0,13.0,423.979995,0.0
811b,0-2,0,56.0,2546.4800077,6.0
811b,0-2,1,110.0,5891.4800308,13.0
811b,11-20,0,44.0,3541.419999,27.0
811b,11-20,1,88.0,6029.5900175,37.0
811b,3-5,0,37.0,2481.290024,8.0
811b,3-5,1,90.0,6105.070045,34.0
811b,6-10,0,60.0,4175.270001,20.0
811b,6-10,1,107.0,7652.520061,44.0
811c,0-2,0,78.0,1807.2899863,0.0
811c,0-2,1,81.0,2188.7599938,0.0
811c,11-20,0,111.0,3640.5000462,0.0
811c,11-20,1,163.0,6123.2600373,12.0
811c,21+,0,13.0,444.0799999999999,0.0
811c,21+,1,14.0,478.24,0.0
811c,3-5,0,29.0,716.149995,0.0
811c,3-5,1,31.0,887.549999,0.0
811c,6-10,0,111.0,3262.2800015,0.0
811c,6-10,1,131.0,5286.870001,22.0
811d,0-2,1,66.0,2428.1099845,8.0
811d,3-5,1,21.0,717.3599999999999,0.0
811x,0-2,0,177.0,5410.4000222,11.0
811x,0-2,1,205.0,7440.1799783,13.0
811x,11-20,0,186.0,7884.680075,22.0
811x,11-20,1,376.0,20265.3600707,117.0
811x,21+,0,15.0,801.2600299999999,0.0
811x,21+,1,31.0,1419.7400206,0.0
811x,3-5,0,103.0,3750.5099974,8.0
811x,3-5,1,139.0,5244.81003,6.0
811x,6-10,0,135.0,5027.1400432,6.0
811x,6-10,1,242.0,11986.7400167,62.0
811x,na,0,293.0,7978.800014199999,7.0
811x,na,1,347.0,9061.8700751,5.0
812z,0-2,0,841.0,40985.3203915,160.0
812z,0-2,1,1170.0,70643.8605485,428.0
812z,11-20,0,1165.0,81292.44007350001,563.0
812z,11-20,1,2344.0,161011.510388,1124.0
812z,21+,0,283.0,21346.9599615,153.0
812z,21+,1,613.0,46195.360127,373.0
812z,3-5,0,775.0,50207.7301695,325.0
812z,3-5,1,1088.0,76901.3303421,585.0
812z,6-10,0,1294.0,88358.65015860001,596.0
812z,6-10,1,1993.0,135958.8406683,922.0
812z,na,0,89.0,2513.410019,5.0
812z,na,1,96.0,2680.5400285,0.0
813z,0-2,0,762.0,34129.8403685,85.0
813z,0-2,1,1023.0,51061.730419,183.0
813z,11-20,0,543.0,31811.3903135,140.0
813z,11-20,1,1478.0,86699.7601574,432.0
813z,21+,0,197.0,12885.160067,76.0
813z,21+,1,486.0,31769.990019,217.0
813z,3-5,0,283.0,13920.1401717,37.0
813z,3-5,1,645.0,36038.0202328,157.0
813z,6-10,0,467.0,24830.1601955,90.0
813z,6-10,1,1151.0,62011.330194,267.0
813z,na,0,31.0,959.5500097,0.0
813z,na,1,61.0,2413.6900166,5.0
814a,11-20,1,51.0,3795.289972000001,17.0
814a,21+,1,45.0,2738.92999,11.0
814x,na,1,12.0,117.7200048,0.0
815a,0-2,0,56.0,2159.9200445,0.0
815a,0-2,1,80.0,3301.740036,0.0
815a,11-20,0,38.0,1946.580009,5.0
815a,11-20,1,60.0,3177.040019,6.0
815a,3-5,0,41.0,1842.910028,0.0
815a,3-5,1,59.0,2579.559997,0.0
815a,6-10,0,207.0,11173.9400876,41.0
815a,6-10,1,233.0,11122.719968,31.0
815b,11-20,1,57.0,2166.880022,0.0
815b,6-10,0,242.0,11437.0700827,42.0
815b,6-10,1,858.0,36206.4904193,67.0
815x,na,0,72.0,1778.039993,0.0
815x,na,1,92.0,2988.899967,0.0
819z,0-2,0,99.0,3775.2400448,6.0
819z,0-2,1,180.0,9807.320044,50.0
819z,11-20,0,789.0,25388.9700706,59.0
819z,11-20,1,1259.0,43981.759981,105.0
819z,21+,0,657.0,19318.1399811,29.0
819z,21+,1,1033.0,28441.2199745,22.0
819z,3-5,0,33.0,1133.2500046,5.0
819z,3-5,1,103.0,4645.6100456,16.0
819z,6-10,0,228.0,7906.5900015,17.0
819z,6-10,1,319.0,12337.7500765,29.0
819z,na,0,304.0,8311.9600014,5.0
819z,na,1,562.0,16445.5599462,18.0
840a,0-2,0,139.0,7912.900207,33.0
840a,0-2,1,401.0,26945.270548,155.0
840a,11-20,0,27.0,2000.300071,5.0
840a,11-20,1,111.0,8002.380137,41.0
840a,3-5,0,112.0,7671.390274,19.0
840a,3-5,1,255.0,17776.140472,104.0
840a,6-10,0,156.0,10593.610303,39.0
840a,6-10,1,347.0,24712.030406,155.0
840b,0-2,0,15.0,154.2,0.0
840b,0-2,1,396.0,4070.88,0.0
840b,11-20,0,48.0,493.44,0.0
840b,11-20,1,560.0,8231.410109999999,5.0
840b,21+,1,16.0,164.48,0.0
840b,3-5,0,45.0,462.6,0.0
840b,3-5,1,524.0,5386.719999999999,0.0
840b,6-10,0,60.0,909.95002,0.0
840b,6-10,1,538.0,6707.730077,0.0
840c,0-2,0,55.0,1023.029991,0.0
840c,0-2,1,37.0,671.9699810000001,0.0
840c,11-20,0,276.0,10606.729832,7.0
840c,11-20,1,439.0,18629.019885,45.0
840c,21+,0,536.0,20750.069705,35.0
840c,21+,1,472.0,19228.11977,64.0
840c,3-5,0,90.0,1787.219949,0.0
840c,3-5,1,60.0,1442.609976,0.0
840c,6-10,0,143.0,4855.059938,0.0
840c,6-10,1,179.0,6032.019987000001,11.0
840c,na,0,13.0,450.749993,0.0
840c,na,1,11.0,248.609995,0.0
840d,0-2,0,29.0,1185.900029,0.0
840d,0-2,1,16.0,616.7900159999999,0.0
840d,11-20,0,159.0,4792.330164,0.0
840d,11-20,1,176.0,8444.9801762,11.0
840d,21+,0,225.0,10076.070189,16.0
840d,21+,1,360.0,16952.150298,27.0
840d,3-5,0,47.0,1476.430027,0.0
840d,3-5,1,17.0,951.920006,6.0
840d,6-10,0,127.0,4968.780151,5.0
840d,6-10,1,83.0,3288.9401289,0.0
840d,na,0,16.0,634.260016,0.0
840x,0-2,0,167.0,5559.2900622,12.0
840x,0-2,1,148.0,5724.520067,23.0
840x,11-20,0,282.0,17220.450326,83.0
840x,11-20,1,725.0,46928.7806853,294.0
840x,21+,0,11.0,783.060027,0.0
840x,21+,1,31.0,1920.180026,5.0
840x,3-5,0,35.0,612.859991,0.0
840x,3-5,1,44.0,1050.670006,0.0
840x,6-10,0,66.0,2875.090054,0.0
840x,6-10,1,98.0,4394.390085,8.0
840x,na,0,141.0,3417.52001718,0.0
840x,na,1,199.0,5234.60004174,0.0
851z,0-2,0,65.0,3538.540054,17.0
851z,0-2,1,256.0,17409.879918,126.0
851z,11-20,0,31.0,2610.83,31.0
851z,11-20,1,325.0,25243.079795,233.0
851z,21+,0,90.0,6179.619957,27.0
851z,21+,1,74.0,3951.979944,7.0
851z,3-5,0,20.0,1633.6,20.0
851z,3-5,1,185.0,14554.549863,120.0
851z,6-10,0,35.0,2993.34998,35.0
851z,6-10,1,240.0,18671.279831,160.0
859z,11-20,1,10.0,816.8000000000001,10.0
861a,0-2,0,997.0,42123.0206291,88.0
861a,0-2,1,141.0,5272.6101121,0.0
861a,11-20,0,1146.0,88527.72837499999,1095.0
861a,11-20,1,778.0,56752.21047,506.0
861a,21+,0,3203.0,247379.5001047,2479.0
861a,21+,1,1709.0,103703.36074486,740.0
861a,6-10,0,39.0,2927.339922,39.0
861a,6-10,1,77.0,5657.35008,51.0
861a,na,0,52.0,3676.389993,38.0
861a,na,1,12.0,317.54,0.0
861c,0-2,1,822.0,6414.9001792,7.0
861c,11-20,0,249.0,5800.6000434,34.0
861c,11-20,1,1530.0,44181.6602437,189.0
861c,21+,0,43.0,269.1800086,0.0
861c,21+,1,99.0,2592.0699962,20.0
861c,3-5,0,49.0,479.8400146,0.0
861c,3-5,1,1376.0,19683.0703786,33.0
861c,6-10,0,51.0,319.2600102,0.0
861c,6-10,1,811.0,20128.9102632,75.0
861x,0-2,0,57.0,1746.3000425,0.0
861x,0-2,1,582.0,12130.1703712,46.0
861x,11-20,0,49.0,1876.0000193,12.0
861x,11-20,1,1051.0,24661.2300739,118.0
861x,21+,0,14.0,890.330014,7.0
861x,21+,1,21.0,2024.449982,21.0
861x,3-5,0,10.0,39.000001000000005,0.0
861x,3-5,1,480.0,6474.7801397,25.0
861x,6-10,0,25.0,250.00001200000003,0.0
861x,6-10,1,538.0,8689.3201297,51.0
861x,na,0,10.0,293.150002,0.0
863a,11-20,0,86.0,5994.430017000001,23.0
863a,11-20,1,255.0,16384.719897,72.0
863a,21+,0,357.0,26379.419998,171.0
863a,21+,1,816.0,58579.7098327,388.0
863a,3-5,1,14.0,385.560014,0.0
863a,6-10,0,34.0,1815.28,0.0
863a,6-10,1,101.0,5425.789951,20.0
863a,na,0,233.0,15317.030035,86.0
863a,na,1,533.0,34224.5699396,171.0
863b,0-2,0,29.0,1936.619971,0.0
863b,11-20,0,346.0,25510.629859,154.0
863b,11-20,1,251.0,18334.269969,103.0
863b,21+,0,45.0,3868.34001,32.0
863b,21+,1,25.0,1232.329985,10.0
863b,3-5,0,60.0,4301.189952,15.0
863b,3-5,1,10.0,275.40001,0.0
863b,6-10,0,71.0,5323.049965,28.0
863b,6-10,1,19.0,1169.85003,8.0
863b,na,0,656.0,46483.06998,314.0
863b,na,1,389.0,24207.7500294,154.0
863x,0-2,0,41.0,2179.49999,5.0
863x,11-20,0,52.0,3765.879969,18.0
863x,11-20,1,150.0,10335.300012,72.0
863x,21+,0,345.0,23944.660082,150.0
863x,21+,1,370.0,25011.6300067,151.0
863x,3-5,1,13.0,690.170013,5.0
863x,6-10,0,15.0,1001.699985,0.0
863x,6-10,1,15.0,413.100015,0.0
863x,na,0,985.0,54896.8300591,272.0
863x,na,1,828.0,40322.3399821,164.0
869z,0-2,0,13.0,502.530018,0.0
869z,0-2,1,78.0,5226.480044,40.0
869z,3-5,1,31.0,2147.890031,18.0
869z,6-10,0,27.0,1430.890027,7.0
869z,6-10,1,98.0,6595.040052,45.0
869z,na,0,27.0,656.1900032,0.0
869z,na,1,49.0,1111.7599808,0.0
999z,0-2,0,12.0,521.310019,0.0
999z,0-2,1,11.0,554.0300185,6.0
999z,11-20,0,1341.0,54840.50015845,249.0
999z,11-20,1,3140.0,139337.16989624,629.0
999z,21+,0,3008.0,148433.51024223,889.0
999z,21+,1,4209.0,192105.1301182,1010.0
999z,3-5,0,26.0,622.4900167000001,0.0
999z,3-5,1,93.0,5126.6699616,37.0
999z,6-10,0,220.0,6662.9900772,12.0
999z,6-10,1,453.0,19993.360052,83.0
999z,na,0,7454.0,304817.40071764,1524.0
999z,na,1,12655.0,596200.76042198,3683.0
