inr,expband,fresh,n,ws,wh
010c,0-2,0,883.0,36738.8004146,114.0
010c,0-2,1,568.0,23643.5603796,58.0
010c,11-20,0,82.0,5232.97006,30.0
010c,11-20,1,342.0,21137.89009,130.0
010c,3-5,0,124.0,4977.8000825,15.0
010c,3-5,1,100.0,4518.600076000001,14.0
010c,6-10,0,32.0,1812.860045,7.0
010c,6-10,1,67.0,3777.26004,22.0
140z,0-2,1,43.0,3832.730003,43.0
140z,11-20,1,74.0,5847.069884,61.0
140z,3-5,1,72.0,6251.499900000001,67.0
140z,6-10,1,95.0,7415.199837999999,67.0
140z,na,0,159.0,5905.1100534,19.0
140z,na,1,334.0,14682.9499962,56.0
142z,0-2,0,300.0,16529.5300773,86.0
142z,0-2,1,1485.0,104531.4597458,754.0
142z,11-20,0,684.0,51844.219825,411.0
142z,11-20,1,3163.0,229965.9993596,1743.0
142z,21+,0,354.0,26003.360058,208.0
142z,21+,1,604.0,43936.05995,350.0
142z,3-5,0,271.0,18571.809996,131.0
142z,3-5,1,1748.0,127843.339539,951.0
142z,6-10,0,362.0,26159.000043,194.0
142z,6-10,1,2301.0,164500.889055,1168.0
142z,na,0,45.0,1386.4499801,9.0
142z,na,1,113.0,4692.1999897000005,17.0
143a,0-2,0,475.0,24820.5204729,5.0
143a,0-2,1,6325.0,388874.6318710001,70.0
143a,11-20,0,804.0,50039.560975,44.0
143a,11-20,1,6695.0,419566.5183085,506.0
143a,21+,0,8685.0,537347.747612,1079.0
143a,21+,1,30380.0,1883687.1128136,3002.0
143a,3-5,0,522.0,30998.870760400005,8.0
143a,3-5,1,5390.0,333738.829372,151.0
143a,6-10,0,521.0,32270.950752,15.0
143a,6-10,1,4794.0,298814.4566655,318.0
143a,na,0,3012.0,188617.8824782,373.0
143a,na,1,1950.0,115663.011675,192.0
143b,0-2,0,39.0,2317.379982,6.0
143b,0-2,1,1160.0,73643.449565,154.0
143b,11-20,0,117.0,7664.639966000001,24.0
143b,11-20,1,2248.0,143748.86888700002,446.0
143b,21+,0,1855.0,113942.049767,328.0
143b,21+,1,7984.0,499891.9872342,1506.0
143b,3-5,0,57.0,3675.989977,11.0
143b,3-5,1,1139.0,73018.089464,187.0
143b,6-10,0,24.0,1594.079986,8.0
143b,6-10,1,555.0,36268.439658,131.0
143b,na,0,338.0,21212.339913,59.0
143b,na,1,197.0,11678.349915,28.0
143x,0-2,0,4112.0,181269.5314793,208.0
143x,0-2,1,7334.0,362658.9025888,591.0
143x,11-20,0,72.0,4402.0900280000005,17.0
143x,11-20,1,383.0,20916.1202076,38.0
143x,21+,0,49.0,3057.059994,14.0
143x,21+,1,223.0,13122.010102,32.0
143x,3-5,0,216.0,10661.5301331,16.0
143x,3-5,1,900.0,46906.6204559,78.0
143x,6-10,0,129.0,6175.43011,0.0
143x,6-10,1,745.0,41521.5806727,42.0
143x,na,0,67.0,2439.5700541,0.0
143x,na,1,171.0,7009.660020400001,18.0
144a,0-2,0,81.0,5333.099864000001,52.0
144a,0-2,1,2296.0,171949.04365399998,2147.0
144a,11-20,0,206.0,14216.859702,131.0
144a,11-20,1,2394.0,172813.935353,1686.0
144a,21+,0,1918.0,134354.966641,1220.0
144a,21+,1,5547.0,396936.0093898,3669.0
144a,3-5,0,82.0,6099.619794,74.0
144a,3-5,1,1578.0,117808.615756,1441.0
144a,6-10,0,109.0,7622.359832,74.0
144a,6-10,1,1565.0,113747.146834,1171.0
144a,na,0,4623.0,328039.790578,3229.0
144a,na,1,2413.0,159340.216063,1369.0
144b,0-2,0,16.0,1212.319952,16.0
144b,0-2,1,779.0,58266.777843,726.0
144b,11-20,0,494.0,35749.089147000006,336.0
144b,11-20,1,6727.0,489947.3255856001,5075.0
144b,21+,0,205.0,15470.819629,154.0
144b,21+,1,2349.0,174930.25471200002,1826.0
144b,3-5,0,48.0,3424.109931,33.0
144b,3-5,1,1104.0,79736.507945,810.0
144b,6-10,0,169.0,12027.029808,109.0
144b,6-10,1,2766.0,196938.365734,1807.0
144c,0-2,0,20.0,1515.39994,20.0
144c,0-2,1,639.0,48061.198162,614.0
144c,11-20,0,588.0,42996.718983,409.0
144c,11-20,1,7610.0,554154.2841950001,5602.0
144c,21+,0,704.0,51271.4587485,486.0
144c,21+,1,6045.0,445061.526984,4481.0
144c,3-5,0,61.0,4494.259862000001,52.0
144c,3-5,1,1050.0,77993.957351,914.0
144c,6-10,0,147.0,10393.529777,97.0
144c,6-10,1,2318.0,167937.775487,1662.0
144d,0-2,0,11.0,833.469967,11.0
144d,0-2,1,295.0,22027.459216000003,272.0
144d,11-20,0,77.0,5339.079932000001,42.0
144d,11-20,1,1068.0,76347.448214,692.0
144d,3-5,0,23.0,1587.8199760000002,12.0
144d,3-5,1,497.0,35908.089133,355.0
144d,6-10,0,91.0,6173.0599680000005,40.0
144d,6-10,1,1183.0,82860.658719,666.0
144x,0-2,0,2447.0,116113.5404938,399.0
144x,0-2,1,4719.0,263893.0270748,1761.0
144x,11-20,0,509.0,33437.789868,178.0
144x,11-20,1,4784.0,323175.2664708,2200.0
144x,21+,0,38.0,2528.4299140000003,27.0
144x,21+,1,234.0,14855.7197574,102.0
144x,3-5,0,287.0,17702.0300236,93.0
144x,3-5,1,2147.0,140966.0591824,870.0
144x,6-10,0,705.0,45499.8401262,202.0
144x,6-10,1,7426.0,498364.0873507001,3010.0
144x,na,0,152.0,8343.689809,81.0
144x,na,1,420.0,25186.3893298,242.0
145a,0-2,0,36.0,2697.839964,18.0
145a,0-2,1,562.0,41940.159295000005,309.0
145a,11-20,0,512.0,37618.429505,264.0
145a,11-20,1,4962.0,365639.3035714,2780.0
145a,21+,0,401.0,29145.5697795,185.0
145a,21+,1,2526.0,186239.5878184,1231.0
145a,3-5,0,61.0,4580.469917,36.0
145a,3-5,1,728.0,54309.509175,375.0
145a,6-10,0,127.0,9456.299855,63.0
145a,6-10,1,1674.0,124076.808161,855.0
145a,na,0,44.0,2063.179988,8.0
145a,na,1,37.0,2707.439936,20.0
145b,0-2,0,42.0,3145.819962,20.0
145b,0-2,1,792.0,58716.568794,467.0
145b,11-20,0,416.0,29953.799642,192.0
145b,11-20,1,5172.0,374079.87386,2535.0
145b,21+,0,327.0,23927.099854000004,125.0
145b,21+,1,1827.0,135822.677984,963.0
145b,3-5,0,78.0,5850.29991,42.0
145b,3-5,1,1136.0,84701.478426,649.0
145b,6-10,0,183.0,13053.439835,68.0
145b,6-10,1,2105.0,154471.167573,1047.0
145c,0-2,0,69.0,5147.829933,32.0
145c,0-2,1,998.0,74505.898589,581.0
145c,11-20,0,432.0,31267.919572000003,209.0
145c,11-20,1,5186.0,382030.6038452,2762.0
145c,21+,0,461.0,34297.329689,213.0
145c,21+,1,2915.0,214157.23741,1454.0
145c,3-5,0,126.0,9438.759816,75.0
145c,3-5,1,1468.0,108986.198081,802.0
145c,6-10,0,280.0,20015.509733,131.0
145c,6-10,1,2824.0,208362.1965868,1508.0
145c,na,0,28.0,2109.939944,21.0
145c,na,1,47.0,3529.6499350000004,28.0
145d,0-2,1,60.0,4499.719932,32.0
145d,11-20,0,23.0,1717.809991,8.0
145d,11-20,1,287.0,21601.079875,98.0
145d,21+,0,10.0,741.10001,0.0
145d,21+,1,73.0,5373.739976,19.0
145d,3-5,1,63.0,4715.409951,28.0
145d,6-10,0,10.0,741.10001,0.0
145d,6-10,1,140.0,10271.279874,57.0
145e,0-2,1,71.0,5334.849894999999,44.0
145e,11-20,0,11.0,833.469967,11.0
145e,11-20,1,210.0,15612.709881,74.0
145e,21+,1,21.0,1574.569977,11.0
145e,3-5,1,75.0,5634.609891,46.0
145e,6-10,0,12.0,899.279988,6.0
145e,6-10,1,175.0,12900.439844,70.0
145f,0-2,0,44.0,3295.69996,21.0
145f,0-2,1,738.0,54964.159151,379.0
145f,11-20,0,204.0,15114.009838,83.0
145f,11-20,1,3091.0,226936.70732,1339.0
145f,21+,0,117.0,8828.31997,43.0
145f,21+,1,604.0,45228.249681,245.0
145f,3-5,0,70.0,5249.119922,37.0
145f,3-5,1,844.0,62685.189044,415.0
145f,6-10,0,135.0,10019.839881,57.0
145f,6-10,1,1590.0,117942.668779,676.0
145f,na,1,17.0,1276.469977,10.0
145g,0-2,1,95.0,7151.669827,67.0
145g,11-20,0,21.0,1591.169937,21.0
145g,11-20,1,363.0,26996.099398999995,221.0
145g,21+,1,185.0,13779.889638,125.0
145g,3-5,1,135.0,10159.229763,93.0
145g,6-10,1,260.0,19244.709579,157.0
145h,0-2,1,261.0,19519.319357,221.0
145h,11-20,0,21.0,1577.889969,13.0
145h,11-20,1,529.0,39036.179177,316.0
145h,21+,1,22.0,1655.319962,15.0
145h,3-5,0,18.0,1355.559966,13.0
145h,3-5,1,284.0,21208.579503,189.0
145h,6-10,0,28.0,2101.639964,16.0
145h,6-10,1,454.0,33504.34927300001,281.0
145i,0-2,1,200.0,15061.119577,154.0
145i,11-20,0,50.0,3773.559886000001,41.0
145i,11-20,1,835.0,61862.888693,498.0
145i,21+,0,50.0,3746.119912,33.0
145i,21+,1,366.0,27021.759326,241.0
145i,3-5,0,27.0,2034.169947,20.0
145i,3-5,1,294.0,22051.879434,208.0
145i,6-10,0,31.0,2327.289959,18.0
145i,6-10,1,449.0,33485.369178,296.0
145x,0-2,0,3074.0,146610.1302955,558.0
145x,0-2,1,5371.0,297292.3285597,1613.0
145x,11-20,0,400.0,26207.059770400003,173.0
145x,11-20,1,2678.0,181131.8780343,1194.0
145x,21+,0,2784.0,198660.0093298,1137.0
145x,21+,1,3370.0,235237.1593498,1259.0
145x,3-5,0,169.0,9956.1999878,53.0
145x,3-5,1,1015.0,64578.6091974,448.0
145x,6-10,0,191.0,13384.389939,83.0
145x,6-10,1,1547.0,109159.468557,751.0
145x,na,0,87.0,4896.8599402,37.0
145x,na,1,164.0,9321.8099161,55.0
146a,11-20,0,41.0,2411.109926,10.0
146a,11-20,1,273.0,15342.089509999998,38.0
146a,21+,0,867.0,44633.50904,130.0
146a,21+,1,1342.0,72223.97845836,232.0
146a,3-5,1,44.0,2319.339905,7.0
146a,6-10,0,27.0,1305.449946,0.0
146a,6-10,1,295.0,16349.329473999998,37.0
146a,na,0,16.0,458.689986,0.0
146b,11-20,1,49.0,2940.869928,7.0
146b,21+,0,121.0,8007.639892,35.0
146b,21+,1,121.0,7365.7599,22.0
146b,6-10,1,16.0,902.399983,0.0
146c,11-20,1,58.0,3408.419897,11.0
146c,21+,1,11.0,531.849978,0.0
146c,6-10,1,82.0,4899.499861,20.0
146d,11-20,1,42.0,2375.5399310000003,6.0
146d,21+,0,148.0,4597.6599779,5.0
146d,21+,1,158.0,8076.24989,22.0
146d,6-10,1,13.0,628.549974,0.0
146e,11-20,0,14.0,676.8999719999999,0.0
146e,11-20,1,210.0,11917.159722,21.0
146e,21+,0,1045.0,60876.609979,249.0
146e,21+,1,1102.0,62434.149505,212.0
146e,3-5,1,27.0,1485.769967,0.0
146e,6-10,1,134.0,7688.739799,11.0
146e,na,0,48.0,2744.779987,7.0
146e,na,1,30.0,1338.250015,0.0
146f,0-2,1,10.0,741.10001,0.0
146f,11-20,1,24.0,1659.799985,6.0
146f,3-5,1,10.0,741.10001,0.0
146f,6-10,1,32.0,2377.950017,8.0
146g,0-2,0,24.0,1782.739974,11.0
146g,0-2,1,308.0,22766.309571,160.0
146g,11-20,0,74.0,5290.949945,25.0
146g,11-20,1,1057.0,76375.44934600001,350.0
146g,21+,0,733.0,50256.639681,201.0
146g,21+,1,3150.0,223671.228675,943.0
146g,3-5,0,61.0,4534.149935,28.0
146g,3-5,1,483.0,35204.679458,209.0
146g,6-10,0,46.0,3360.9999350000003,24.0
146g,6-10,1,560.0,40699.25958,185.0
146g,na,0,197.0,13494.879942,43.0
146g,na,1,218.0,14535.529955,24.0
146h,0-2,1,68.0,5129.119852,54.0
146h,11-20,0,42.0,3082.25994,27.0
146h,11-20,1,319.0,23651.309475,207.0
146h,21+,0,225.0,15738.629829,110.0
146h,21+,1,710.0,50060.809357000006,343.0
146h,3-5,0,11.0,823.5099909999999,5.0
146h,3-5,1,109.0,8205.809801,77.0
146h,6-10,0,20.0,1485.339979,9.0
146h,6-10,1,174.0,12895.479797,91.0
146h,na,0,21.0,1581.209961,15.0
146h,na,1,16.0,926.719976,8.0
146i,0-2,1,26.0,1903.260016,0.0
146i,21+,0,31.0,2137.690013,5.0
146i,21+,1,103.0,7399.829977,28.0
146i,3-5,0,11.0,825.169987,6.0
146i,3-5,1,62.0,4369.660022,0.0
146i,6-10,1,11.0,769.1500149999999,0.0
146j,0-2,1,183.0,13865.909451,183.0
146j,11-20,0,22.0,1666.939934,22.0
146j,11-20,1,407.0,30433.378862,370.0
146j,21+,0,587.0,41325.778725,444.0
146j,21+,1,1602.0,112386.73646,1203.0
146j,3-5,0,13.0,985.009961,13.0
146j,3-5,1,107.0,8107.389679000001,107.0
146j,6-10,0,10.0,757.69997,10.0
146j,6-10,1,127.0,9622.789619,127.0
146j,na,0,218.0,14810.279498999998,170.0
146j,na,1,145.0,8569.88973,96.0
146k,0-2,1,135.0,10185.789699,109.0
146k,11-20,0,82.0,5238.169903,43.0
146k,11-20,1,1037.0,74696.00833,623.0
146k,21+,0,802.0,55017.069294,382.0
146k,21+,1,2145.0,149516.887691,1022.0
146k,3-5,0,24.0,1818.479928,24.0
146k,3-5,1,339.0,25333.169289,251.0
146k,6-10,0,46.0,3261.039914,33.0
146k,6-10,1,668.0,49060.408735,454.0
146k,na,0,34.0,2552.939954,20.0
146k,na,1,31.0,2320.6499750000003,14.0
146l,0-2,1,28.0,2121.559916,28.0
146l,11-20,1,28.0,2121.559916,28.0
146l,21+,0,195.0,13317.649673,114.0
146l,21+,1,699.0,49274.5985138,479.0
146l,3-5,1,34.0,2576.1798980000003,34.0
146l,6-10,1,47.0,3552.8898790000003,42.0
146l,na,0,99.0,6075.499806,58.0
146l,na,1,54.0,3201.159919,29.0
146x,0-2,0,329.0,15055.7598685,26.0
146x,0-2,1,1515.0,85014.2380766,202.0
146x,11-20,0,91.0,5684.379908,18.0
146x,11-20,1,623.0,41263.74928,192.0
146x,21+,0,39.0,2262.869911,19.0
146x,21+,1,142.0,8797.749811,54.0
146x,3-5,0,236.0,14010.339742,23.0
146x,3-5,1,1028.0,62069.21864299999,208.0
146x,6-10,0,303.0,18021.599722,31.0
146x,6-10,1,1267.0,81065.208463,386.0
146x,na,1,42.0,2099.1399765,14.0
149a,0-2,0,47.0,3049.119952,8.0
149a,0-2,1,1034.0,64082.408113000005,81.0
149a,11-20,0,1000.0,62542.798361,111.0
149a,11-20,1,3690.0,231181.354042,352.0
149a,21+,0,1959.0,124043.327199,403.0
149a,21+,1,1755.0,108146.7077346,286.0
149a,3-5,0,34.0,2045.779932,0.0
149a,3-5,1,974.0,60476.218225,58.0
149a,6-10,0,79.0,4933.489855,11.0
149a,6-10,1,1361.0,86093.667534,144.0
149a,na,0,70.0,4218.299947,18.0
149a,na,1,29.0,1994.68997,11.0
149b,11-20,1,13.0,985.009961,13.0
149b,21+,0,102.0,7599.89979,82.0
149b,21+,1,250.0,18610.269348,208.0
149b,na,1,30.0,2273.09991,30.0
149c,21+,1,12.0,756.0,0.0
149d,0-2,0,21.0,1403.969949,9.0
149d,0-2,1,1314.0,83099.06735900001,205.0
149d,11-20,1,15.0,980.549965,5.0
149d,21+,1,14.0,920.379967,5.0
149d,3-5,0,33.0,2110.409926,8.0
149d,3-5,1,1159.0,72903.527747,139.0
149d,6-10,0,27.0,1764.989937,9.0
149d,6-10,1,586.0,37070.458849,87.0
149x,0-2,0,718.0,39388.2698846,196.0
149x,0-2,1,2949.0,180125.9882116,1079.0
149x,11-20,0,2323.0,125060.6401899,619.0
149x,11-20,1,7330.0,389092.35913268,1837.0
149x,21+,0,1190.0,60908.080022,236.0
149x,21+,1,2489.0,119398.2196131,493.0
149x,3-5,0,361.0,21139.8999206,112.0
149x,3-5,1,1575.0,97923.68922,585.0
149x,6-10,0,1384.0,74329.5300266,331.0
149x,6-10,1,4770.0,265677.1392366,1278.0
149x,na,0,766.0,33264.0501239,119.0
149x,na,1,2320.0,97823.2392183,374.0
210z,0-2,0,10.0,390.100005,0.0
210z,0-2,1,20.0,1092.250025,5.0
210z,11-20,1,11.0,676.980004,5.0
210z,na,0,16.0,535.9300125999999,5.0
210z,na,1,57.0,2380.0900221,10.0
211a,0-2,0,92.0,3005.1400225,0.0
211a,0-2,1,201.0,8677.010076600001,24.0
211a,11-20,0,45.0,2222.179991,7.0
211a,11-20,1,375.0,20445.0800004,96.0
211a,21+,0,378.0,19406.5599465,102.0
211a,21+,1,1146.0,59764.5898822,307.0
211a,3-5,0,74.0,3110.500051,0.0
211a,3-5,1,188.0,8105.600068,21.0
211a,6-10,0,59.0,2798.610013,12.0
211a,6-10,1,287.0,15220.7000695,72.0
211a,na,0,23.0,205.1599988,0.0
211a,na,1,70.0,3379.389964,13.0
211b,0-2,1,53.0,4022.660069,34.0
211b,11-20,0,47.0,3887.900051,42.0
211b,11-20,1,351.0,28420.810236,282.0
211b,21+,0,31.0,2585.260052,26.0
211b,21+,1,103.0,8775.590152,103.0
211b,3-5,0,23.0,1653.800039,13.0
211b,3-5,1,154.0,11987.460182,108.0
211b,6-10,0,23.0,1777.730048,17.0
211b,6-10,1,205.0,16328.750258,149.0
211x,0-2,0,34.0,1209.7900148,5.0
211x,0-2,1,28.0,1516.820045,6.0
211x,na,0,16.0,376.3800161,0.0
211x,na,1,60.0,2709.549985,14.0
212a,0-2,0,107.0,4581.7200498,6.0
212a,0-2,1,507.0,29797.2600729,48.0
212a,11-20,0,58.0,3852.370014,0.0
212a,11-20,1,653.0,44235.30005,85.0
212a,21+,0,311.0,20677.810001,39.0
212a,21+,1,1416.0,93404.209901,183.0
212a,3-5,0,121.0,6281.6200838,16.0
212a,3-5,1,574.0,35766.840104,59.0
212a,6-10,0,107.0,6541.050014,14.0
212a,6-10,1,559.0,36247.790043,55.0
212a,na,0,44.0,2920.75,0.0
212a,na,1,71.0,4613.0,0.0
212b,0-2,0,46.0,1654.2000196,0.0
212b,0-2,1,118.0,4596.9300867,5.0
212b,11-20,0,191.0,12498.20016,61.0
212b,11-20,1,528.0,36301.300197,195.0
212b,21+,0,268.0,18105.670259,52.0
212b,21+,1,376.0,25780.210157,124.0
212b,3-5,0,53.0,2099.220057,0.0
212b,3-5,1,74.0,3738.610061,0.0
212b,6-10,0,107.0,5598.830106,9.0
212b,6-10,1,180.0,11864.03014,58.0
212c,0-2,1,10.0,856.95,10.0
212c,11-20,0,30.0,2670.510022,30.0
212c,11-20,1,208.0,16805.620077,163.0
212c,21+,0,26.0,2323.190022,26.0
212c,21+,1,84.0,7141.160049,77.0
212c,3-5,0,21.0,1069.920028,0.0
212c,3-5,1,72.0,5480.670083,47.0
212c,6-10,0,10.0,646.6,5.0
212c,6-10,1,89.0,7633.670013,81.0
212x,0-2,0,316.0,15713.4001582,45.0
212x,0-2,1,364.0,19760.0801303,36.0
212x,11-20,0,39.0,2450.470026,0.0
212x,11-20,1,211.0,12901.780026,24.0
212x,21+,1,39.0,2537.650012,0.0
212x,3-5,0,50.0,3173.060009,0.0
212x,3-5,1,91.0,5632.520068,0.0
212x,6-10,0,65.0,3993.080047,0.0
212x,6-10,1,204.0,11713.610026,21.0
212x,na,0,80.0,2743.5499843,8.0
212x,na,1,168.0,7125.3600068,10.0
213a,0-2,0,38.0,2039.280057,18.0
213a,0-2,1,177.0,12690.0102119,116.0
213a,11-20,0,10.0,932.60002,10.0
213a,11-20,1,17.0,1523.970029,17.0
213a,21+,1,20.0,1712.560012,20.0
213a,3-5,0,118.0,9393.960109,92.0
213a,3-5,1,263.0,19620.39018,168.0
213a,6-10,0,183.0,15060.940228,150.0
213a,6-10,1,319.0,25038.630226,227.0
213b,0-2,0,42.0,1827.0200217,5.0
213b,0-2,1,160.0,10113.900062,67.0
213b,11-20,0,95.0,6322.860065,43.0
213b,11-20,1,299.0,22344.700114,209.0
213b,21+,0,30.0,2361.5300070000003,25.0
213b,21+,1,99.0,7617.75998,75.0
213b,3-5,0,43.0,2801.080033,18.0
213b,3-5,1,150.0,10025.220087,80.0
213b,6-10,0,92.0,6257.250052,47.0
213b,6-10,1,207.0,14027.890126,116.0
213c,11-20,0,62.0,4738.510079,44.0
213c,11-20,1,143.0,10419.920108,91.0
213c,21+,0,86.0,6920.980087,57.0
213c,21+,1,134.0,9869.87011,89.0
213c,6-10,0,36.0,1964.510019,15.0
213c,6-10,1,56.0,3336.160027,26.0
213d,0-2,0,253.0,15050.4501834,104.0
213d,0-2,1,423.0,32527.1102456,297.0
213d,11-20,0,245.0,19795.630157,183.0
213d,11-20,1,704.0,52061.200197,446.0
213d,21+,0,125.0,10529.690134,100.0
213d,21+,1,281.0,20823.320112,177.0
213d,3-5,0,264.0,20250.2002466,188.0
213d,3-5,1,451.0,34415.410228,303.0
213d,6-10,0,498.0,41556.100476,403.0
213d,6-10,1,813.0,63945.9104996,580.0
213x,0-2,0,966.0,43380.3505543,172.0
213x,0-2,1,942.0,49759.400516,279.0
213x,11-20,0,629.0,51471.510571,474.0
213x,11-20,1,1457.0,108377.380722,940.0
213x,21+,1,44.0,3695.790037,38.0
213x,3-5,0,216.0,15109.2301658,125.0
213x,3-5,1,474.0,30275.8302873,239.0
213x,6-10,0,342.0,25487.79035,206.0
213x,6-10,1,785.0,52568.9403821,401.0
213x,na,0,33.0,2394.1800598,21.0
213x,na,1,91.0,6067.5900906,55.0
214a,11-20,0,16.0,1231.199952,16.0
214a,11-20,1,91.0,6572.929827,76.0
214a,21+,1,12.0,923.399964,12.0
214a,3-5,0,19.0,1179.120013,10.0
214a,3-5,1,21.0,1354.989977,13.0
214a,6-10,0,11.0,729.449977,6.0
214a,6-10,1,33.0,2245.769946,24.0
214b,11-20,0,17.0,1529.149949,17.0
214b,11-20,1,73.0,5959.069815,63.0
214b,21+,0,40.0,3584.999885,40.0
214b,21+,1,129.0,11075.769662,113.0
214b,3-5,1,19.0,1005.350038,0.0
214b,6-10,0,28.0,1703.809992,5.0
214b,6-10,1,22.0,1476.120004,8.0
214c,0-2,1,32.0,2459.56004,22.0
214c,11-20,0,52.0,4445.279961,46.0
214c,11-20,1,190.0,15938.549961,154.0
214c,21+,0,20.0,1746.99996,20.0
214c,21+,1,69.0,6006.869904,69.0
214c,3-5,0,15.0,1398.90003,15.0
214c,3-5,1,43.0,3528.460066,34.0
214c,6-10,0,17.0,1503.870009,17.0
214c,6-10,1,72.0,5939.690037,60.0
214x,0-2,0,352.0,17586.9901895,99.0
214x,0-2,1,474.0,31252.0601581,255.0
214x,11-20,0,169.0,14127.619952,150.0
214x,11-20,1,578.0,47367.469625,482.0
214x,21+,0,25.0,2261.759989,25.0
214x,21+,1,78.0,6944.979939,78.0
214x,3-5,0,170.0,13053.91991,127.0
214x,3-5,1,509.0,40570.35981,411.0
214x,6-10,0,248.0,19205.259947,189.0
214x,6-10,1,615.0,50004.319771,514.0
214x,na,0,38.0,3315.769982,38.0
214x,na,1,123.0,9675.6699118,104.0
215z,0-2,0,112.0,4515.6400614,12.0
215z,0-2,1,193.0,8158.3801244,22.0
215z,11-20,0,92.0,4078.040055,11.0
215z,11-20,1,313.0,14844.2500412,66.0
215z,21+,1,52.0,3072.749985,16.0
215z,3-5,0,55.0,2453.9299976,13.0
215z,3-5,1,165.0,7389.180041400001,24.0
215z,6-10,0,90.0,3647.550041,5.0
215z,6-10,1,227.0,11246.410075,47.0
219z,0-2,0,1055.0,50173.4303406,204.0
219z,0-2,1,1414.0,76524.8603245,391.0
219z,11-20,0,927.0,57842.8702622,406.0
219z,11-20,1,2137.0,126329.4202986,791.0
219z,21+,0,301.0,16076.2500847,109.0
219z,21+,1,813.0,45344.4801356,252.0
219z,3-5,0,451.0,25682.100168,153.0
219z,3-5,1,899.0,54968.4503105,322.0
219z,6-10,0,739.0,43662.3502506,284.0
219z,6-10,1,1499.0,91700.2002901,593.0
219z,na,0,188.0,8457.0499669,57.0
219z,na,1,549.0,25521.1699104,95.0
220z,0-2,0,30.0,856.8200069,0.0
220z,0-2,1,26.0,1190.6099975,7.0
220z,na,0,35.0,759.4700117,0.0
220z,na,1,53.0,1476.3200238,0.0
221a,0-2,0,39.0,1846.07002,0.0
221a,0-2,1,289.0,17199.020173999997,32.0
221a,11-20,0,158.0,10399.550145,23.0
221a,11-20,1,838.0,52833.970692,67.0
221a,21+,0,629.0,39372.660567,23.0
221a,21+,1,1288.0,81103.511183,82.0
221a,3-5,0,27.0,1716.870021,5.0
221a,3-5,1,190.0,12325.810179,34.0
221a,6-10,0,93.0,5811.83008,11.0
221a,6-10,1,559.0,36242.580426,65.0
221a,na,0,13.0,809.770013,0.0
221a,na,1,10.0,622.90001,0.0
221b,0-2,1,108.0,5772.870007,0.0
221b,11-20,0,30.0,1726.950015,0.0
221b,11-20,1,117.0,6883.690084999999,0.0
221b,21+,0,198.0,10292.310028,7.0
221b,21+,1,358.0,18713.330023,27.0
221b,3-5,1,51.0,2846.040016,0.0
221b,6-10,0,15.0,868.200008,0.0
221b,6-10,1,52.0,3190.450047,0.0
221x,0-2,0,65.0,2538.8800175,6.0
221x,0-2,1,125.0,5154.790009,5.0
221x,11-20,0,50.0,3442.559963,28.0
221x,11-20,1,289.0,18185.699963,100.0
221x,21+,0,78.0,5241.390062,27.0
221x,21+,1,127.0,8280.02009,51.0
221x,3-5,1,30.0,2147.509962,17.0
221x,6-10,0,16.0,866.639993,5.0
221x,6-10,1,72.0,4490.61993,37.0
221x,na,0,36.0,2242.440036,0.0
221x,na,1,24.0,1400.459999,5.0
222a,0-2,1,37.0,3133.740077,32.0
222a,11-20,0,24.0,2258.920059,24.0
222a,11-20,1,154.0,13477.860115,136.0
222a,21+,0,11.0,1031.580028,11.0
222a,21+,1,34.0,2934.320035,29.0
222a,3-5,0,23.0,2036.120037,23.0
222a,3-5,1,64.0,5590.379988,64.0
222a,6-10,0,21.0,1878.840031,16.0
222a,6-10,1,100.0,8469.580003,87.0
222b,0-2,0,16.0,1369.3199909999998,16.0
222b,0-2,1,87.0,6487.670022,52.0
222b,11-20,0,179.0,11865.040044,77.0
222b,11-20,1,915.0,65301.0801093,535.0
222b,21+,0,296.0,22439.220116,167.0
222b,21+,1,792.0,57289.8102528,465.0
222b,3-5,0,41.0,2620.279997,17.0
222b,3-5,1,203.0,14986.060081,120.0
222b,6-10,0,152.0,9568.540068,61.0
222b,6-10,1,480.0,33529.5301299,232.0
222c,0-2,1,10.0,827.4499900000001,10.0
222c,11-20,1,79.0,6365.869971,57.0
222c,21+,0,15.0,1199.1500099999998,10.0
222c,21+,1,59.0,4653.610035,48.0
222c,3-5,1,11.0,897.310009,11.0
222c,6-10,1,37.0,3093.509989,32.0
222d,11-20,1,144.0,11664.88998,110.0
222d,21+,0,20.0,1748.230017,15.0
222d,21+,1,125.0,9643.050082,83.0
222d,3-5,1,10.0,848.6999900000001,10.0
222d,6-10,1,41.0,3488.089981,41.0
222e,11-20,1,46.0,3742.579967,39.0
222e,21+,1,33.0,2743.910031,28.0
222e,3-5,1,21.0,1579.5499650000002,14.0
222e,6-10,1,15.0,1245.749979,15.0
222f,11-20,1,20.0,1696.000003,20.0
222f,21+,1,16.0,1167.369962,11.0
222h,11-20,0,13.0,1037.930027,6.0
222h,11-20,1,73.0,5027.089976,35.0
222h,21+,1,42.0,2610.879984,14.0
222h,6-10,0,13.0,936.769997,7.0
222h,6-10,1,56.0,4076.61997,33.0
222k,0-2,1,25.0,2160.2501,25.0
222k,11-20,1,51.0,4322.910189,46.0
222k,21+,0,23.0,1812.010036,18.0
222k,21+,1,33.0,2150.280014,21.0
222k,3-5,0,10.0,864.10004,10.0
222k,3-5,1,39.0,3306.150114,39.0
222k,6-10,0,18.0,1140.4800525,13.0
222k,6-10,1,91.0,7497.250202,80.0
222x,0-2,0,231.0,10136.1901442,40.0
222x,0-2,1,309.0,16565.3401681,91.0
222x,11-20,0,45.0,3713.240041,38.0
222x,11-20,1,352.0,26010.720086,213.0
222x,21+,0,104.0,8134.420097,76.0
222x,21+,1,249.0,18158.220097,160.0
222x,3-5,0,30.0,2441.870021,25.0
222x,3-5,1,143.0,11146.3700975,106.0
222x,6-10,0,44.0,3399.050062,24.0
222x,6-10,1,152.0,11182.169966,98.0
222x,na,0,107.0,4629.2700621,16.0
222x,na,1,238.0,10830.3400531,51.0
223a,0-2,0,14.0,607.840022,0.0
223a,0-2,1,77.0,6504.940024,71.0
223a,11-20,0,17.0,1398.470024,12.0
223a,11-20,1,182.0,15834.720028,182.0
223a,21+,0,42.0,3660.980051,35.0
223a,21+,1,164.0,13613.370097,137.0
223a,3-5,0,14.0,1107.579994,14.0
223a,3-5,1,164.0,13775.320177,141.0
223a,6-10,0,13.0,1090.690034,13.0
223a,6-10,1,154.0,13214.250115,139.0
223c,0-2,1,21.0,1814.610084,21.0
223c,11-20,0,26.0,2246.660104,26.0
223c,11-20,1,122.0,9791.810377,94.0
223c,3-5,1,40.0,3456.40016,40.0
223c,6-10,0,21.0,1814.610084,21.0
223c,6-10,1,91.0,7007.4602620000005,68.0
223c,na,1,11.0,950.510044,11.0
223d,0-2,0,27.0,1764.9600380000002,9.0
223d,0-2,1,132.0,9480.000121,71.0
223d,11-20,0,74.0,6427.660037,62.0
223d,11-20,1,417.0,34954.440194,360.0
223d,21+,0,62.0,5376.860016,57.0
223d,21+,1,287.0,24271.29013,240.0
223d,3-5,0,23.0,1557.360018,13.0
223d,3-5,1,180.0,14729.960147,145.0
223d,6-10,0,30.0,2087.569994,16.0
223d,6-10,1,226.0,18423.360099,176.0
223x,0-2,0,65.0,2878.3000675000003,5.0
223x,0-2,1,80.0,4118.6200827,25.0
223x,3-5,1,19.0,1417.880019,14.0
223x,6-10,1,12.0,1034.290007,12.0
225a,0-2,0,22.0,1588.710014,15.0
225a,0-2,1,134.0,11244.37013,111.0
225a,11-20,0,89.0,7644.280102,77.0
225a,11-20,1,730.0,58188.290371,532.0
225a,21+,0,186.0,14330.800103,119.0
225a,21+,1,585.0,43077.9102164,369.0
225a,3-5,0,12.0,1011.859985,12.0
225a,3-5,1,228.0,19287.480291,180.0
225a,6-10,0,38.0,3271.410046,31.0
225a,6-10,1,334.0,26884.770258,233.0
225b,0-2,0,19.0,1339.110019,9.0
225b,0-2,1,69.0,5389.030093,47.0
225b,11-20,0,72.0,6684.0501,72.0
225b,11-20,1,493.0,38033.790436,344.0
225b,21+,0,44.0,4064.270078000001,44.0
225b,21+,1,171.0,15180.650289,171.0
225b,3-5,0,15.0,1455.600015,15.0
225b,3-5,1,126.0,9510.3101467,76.0
225b,6-10,0,50.0,4513.650043,45.0
225b,6-10,1,185.0,15404.770167,134.0
225c,0-2,0,23.0,1480.590026,10.0
225c,0-2,1,118.0,8486.230166,74.0
225c,11-20,0,16.0,1322.9500429999998,11.0
225c,11-20,1,159.0,13297.950184,136.0
225c,21+,0,173.0,13953.330157,130.0
225c,21+,1,644.0,53020.080557,521.0
225c,3-5,0,20.0,1521.3500270000002,14.0
225c,3-5,1,214.0,15717.500159,132.0
225c,6-10,0,47.0,3316.97004,33.0
225c,6-10,1,252.0,18629.570227,153.0
225x,0-2,0,282.0,11563.0901003,41.0
225x,0-2,1,429.0,21074.7002677,98.0
225x,11-20,0,79.0,6195.9900800000005,56.0
225x,11-20,1,559.0,37042.9303955,288.0
225x,21+,0,10.0,825.0500099999999,5.0
225x,21+,1,68.0,5370.260032,52.0
225x,3-5,0,19.0,1006.5700125,8.0
225x,3-5,1,98.0,5758.3100595000005,38.0
225x,6-10,0,24.0,1474.260005,10.0
225x,6-10,1,172.0,10923.7601518,86.0
225x,na,1,19.0,262.3300031,0.0
226z,0-2,0,65.0,2420.3200539,0.0
226z,0-2,1,155.0,10821.720156,82.0
226z,11-20,0,12.0,873.720018,0.0
226z,11-20,1,241.0,20483.779948,221.0
226z,21+,0,18.0,1561.980031,18.0
226z,21+,1,124.0,10416.480108,109.0
226z,3-5,1,101.0,8677.210115,91.0
226z,6-10,0,14.0,1345.40002,14.0
226z,6-10,1,127.0,10639.130003,107.0
229z,0-2,0,3145.0,153217.4210028,685.0
229z,0-2,1,4790.0,266478.4711975,1542.0
229z,11-20,0,2907.0,187909.1508765,1306.0
229z,11-20,1,7460.0,462271.5418957,3282.0
229z,21+,0,2562.0,177977.280966,1356.0
229z,21+,1,4282.0,282603.8913499,2145.0
229z,3-5,0,997.0,57138.7205301,336.0
229z,3-5,1,2485.0,148838.5409712,947.0
229z,6-10,0,1413.0,86070.1806332,534.0
229z,6-10,1,3711.0,231530.1608892,1622.0
229z,na,0,823.0,45905.670241,269.0
229z,na,1,1935.0,101805.8403171,580.0
310a,21+,0,19.0,1590.440013,14.0
310a,21+,1,129.0,10059.18001,72.0
310b,21+,0,1836.0,138991.6505154,1156.0
310b,21+,1,1495.0,113350.5901455,950.0
310b,na,0,72.0,6145.860047,55.0
310b,na,1,56.0,5254.140027,56.0
310x,0-2,0,814.0,37328.8904758,156.0
310x,0-2,1,1226.0,63770.3205485,338.0
310x,11-20,0,130.0,9918.180079,72.0
310x,11-20,1,751.0,57061.260137,442.0
310x,21+,1,71.0,5973.090032,52.0
310x,3-5,0,17.0,1132.990012,7.0
310x,3-5,1,142.0,10291.37006,72.0
310x,6-10,0,33.0,2535.610033,22.0
310x,6-10,1,197.0,15286.990069,114.0
310x,na,0,55.0,1312.0000292,0.0
310x,na,1,100.0,3138.4300079,5.0
311a,0-2,0,105.0,8048.039909,92.0
311a,0-2,1,1272.0,102340.638774,1248.0
311a,11-20,0,274.0,22524.719734,274.0
311a,11-20,1,1807.0,146118.998477,1721.0
311a,21+,0,555.0,42923.399672,481.0
311a,21+,1,1234.0,98099.779674,1131.0
311a,3-5,0,163.0,13350.669837,163.0
311a,3-5,1,1302.0,106063.188798,1297.0
311a,6-10,0,241.0,19729.939764,241.0
311a,6-10,1,1669.0,135588.04857,1633.0
311a,na,1,15.0,1218.149985,15.0
311b,0-2,1,10.0,812.0999899999999,10.0
311b,21+,0,49.0,3980.439966,49.0
311b,21+,1,118.0,9329.169956,113.0
311b,3-5,1,21.0,1705.409979,21.0
311b,6-10,1,12.0,974.519988,12.0
311b,na,0,96.0,7796.159904,96.0
311b,na,1,479.0,38925.059550000005,474.0
311c,0-2,0,39.0,2805.280025,26.0
311c,0-2,1,371.0,26902.470195,247.0
311c,11-20,0,283.0,20523.080153000003,193.0
311c,11-20,1,855.0,64221.83076900001,652.0
311c,21+,0,89.0,5722.130056,53.0
311c,21+,1,157.0,11652.910207000004,129.0
311c,3-5,0,99.0,7686.850082,86.0
311c,3-5,1,512.0,37193.110270000005,348.0
311c,6-10,0,129.0,9453.9701,91.0
311c,6-10,1,761.0,56667.40043,557.0
311c,na,0,134.0,9774.350129,90.0
311c,na,1,291.0,21825.650429,232.0
311x,0-2,0,1443.0,65558.4105305,258.0
311x,0-2,1,2563.0,148741.7102513,926.0
311x,11-20,0,633.0,46480.9700524,370.0
311x,11-20,1,4000.0,289256.5588924,2259.0
311x,21+,0,198.0,14904.919994,132.0
311x,21+,1,685.0,48409.689983,423.0
311x,3-5,0,351.0,22357.10003,144.0
311x,3-5,1,2207.0,149207.9398078,995.0
311x,6-10,0,469.0,33119.930068,247.0
311x,6-10,1,2853.0,199242.489688,1399.0
311x,na,0,42.0,1434.1100093,6.0
311x,na,1,47.0,1433.5699807,8.0
312a,0-2,0,242.0,14390.710075,105.0
312a,0-2,1,1606.0,105400.450158,667.0
312a,11-20,0,457.0,33724.339980000004,280.0
312a,11-20,1,3581.0,259439.3394469,1884.0
312a,21+,0,187.0,14684.490028,141.0
312a,21+,1,595.0,44892.67,392.0
312a,3-5,0,240.0,17296.030042,133.0
312a,3-5,1,2263.0,157946.7601386,1032.0
312a,6-10,0,340.0,25046.679954,194.0
312a,6-10,1,2649.0,189469.1698234,1315.0
312b,0-2,0,41.0,1969.0300175,11.0
312b,0-2,1,141.0,10371.800087,86.0
312b,11-20,0,93.0,7983.270082,78.0
312b,11-20,1,499.0,40727.570242,374.0
312b,21+,0,32.0,2840.700061,32.0
312b,21+,1,179.0,15817.8702,174.0
312b,3-5,0,25.0,2195.660014,20.0
312b,3-5,1,163.0,13091.420081,109.0
312b,6-10,0,21.0,1714.790019,16.0
312b,6-10,1,260.0,20881.730121,178.0
312c,0-2,0,129.0,7005.9600817,35.0
312c,0-2,1,497.0,39806.75992,329.0
312c,11-20,0,80.0,6913.710079,62.0
312c,11-20,1,818.0,69233.799732,623.0
312c,21+,0,27.0,2466.070006,27.0
312c,21+,1,172.0,15222.450071,148.0
312c,3-5,0,71.0,6130.850057,61.0
312c,3-5,1,577.0,47985.229984000005,420.0
312c,6-10,0,59.0,5293.740048,54.0
312c,6-10,1,692.0,57944.3899205,516.0
312x,0-2,0,897.0,36175.7503466,105.0
312x,0-2,1,1582.0,76680.6505794,344.0
312x,11-20,0,131.0,10398.7401,87.0
312x,11-20,1,717.0,50939.380054,335.0
312x,3-5,0,28.0,1278.780019,0.0
312x,3-5,1,250.0,15288.8300684,78.0
312x,6-10,0,74.0,5224.700053,36.0
312x,6-10,1,377.0,25941.890063000003,156.0
312x,na,1,17.0,109.3500041,0.0
313z,0-2,0,1608.0,78802.5907501,370.0
313z,0-2,1,3527.0,236088.311501,1663.0
313z,11-20,0,722.0,60252.4103845,537.0
313z,11-20,1,3933.0,320787.0804824,2806.0
313z,21+,0,545.0,43026.900205,372.0
313z,21+,1,1504.0,118257.2102353,1051.0
313z,3-5,0,581.0,42303.9802882,339.0
313z,3-5,1,2967.0,236231.1210494,1962.0
313z,6-10,0,732.0,58067.9704685,521.0
313z,6-10,1,3264.0,262850.8309948,2252.0
313z,na,0,54.0,3052.6900047,19.0
313z,na,1,69.0,4543.2000284,37.0
314a,0-2,0,409.0,31213.9800594,287.0
314a,0-2,1,1161.0,101109.7902985,1029.0
314a,11-20,0,447.0,38483.4500054,359.0
314a,11-20,1,2138.0,183946.4799354,1759.0
314a,21+,0,201.0,17389.039952,157.0
314a,21+,1,815.0,69541.389977,643.0
314a,3-5,0,319.0,27840.759858,272.0
314a,3-5,1,1214.0,108463.780129,1120.0
314a,6-10,0,390.0,34117.0199589,329.0
314a,6-10,1,1324.0,117370.830015,1185.0
314b,0-2,1,47.0,4060.970006,47.0
314b,11-20,1,131.0,11590.56001,122.0
314b,21+,0,14.0,1280.860021,14.0
314b,21+,1,28.0,2541.880046,28.0
314b,3-5,1,49.0,4125.300015,49.0
314b,6-10,1,55.0,4887.129973,55.0
314x,0-2,0,335.0,17816.1501484,88.0
314x,0-2,1,525.0,34834.7202989,280.0
314x,11-20,1,46.0,3868.390041,38.0
314x,3-5,0,46.0,3567.229949,14.0
314x,3-5,1,87.0,6810.409984,57.0
314x,6-10,0,14.0,1269.739994,14.0
314x,6-10,1,71.0,6067.300034,58.0
314x,na,1,16.0,320.1100029,0.0
319z,0-2,0,4035.0,188520.1515526,764.0
319z,0-2,1,7084.0,386702.2825174,2167.0
319z,11-20,0,2684.0,183068.3402831,1207.0
319z,11-20,1,7978.0,527146.7305159,3715.0
319z,21+,0,2239.0,160716.3201734,1235.0
319z,21+,1,3338.0,231847.9602615,1764.0
319z,3-5,0,938.0,56035.2804031,338.0
319z,3-5,1,3108.0,203447.1008004,1408.0
319z,6-10,0,1350.0,90148.9303598,621.0
319z,6-10,1,4548.0,301284.0205566,2125.0
319z,na,0,1061.0,56141.5601999,360.0
319z,na,1,2351.0,119112.4100887,689.0
320z,11-20,0,12.0,914.880018,6.0
320z,11-20,1,48.0,3977.560048,48.0
320z,21+,0,102.0,8671.650056,91.0
320z,21+,1,383.0,32609.890181,355.0
320z,na,0,11.0,107.9100044,0.0
320z,na,1,37.0,1941.2500284,15.0
321a,0-2,0,92.0,7006.270019799999,70.0
321a,0-2,1,330.0,28617.600084,295.0
321a,11-20,0,235.0,20319.280066,210.0
321a,11-20,1,869.0,73919.420318,774.0
321a,21+,0,647.0,54314.570054,556.0
321a,21+,1,1379.0,116130.370233,1174.0
321a,3-5,0,179.0,15861.820063,169.0
321a,3-5,1,595.0,51289.930166000006,539.0
321a,6-10,0,248.0,22046.130107,237.0
321a,6-10,1,897.0,76708.330254,799.0
321a,na,0,84.0,7606.690027000001,84.0
321a,na,1,99.0,9030.960018,99.0
321b,0-2,0,459.0,30307.2603014,257.0
321b,0-2,1,997.0,79034.9206725,791.0
321b,11-20,0,655.0,54710.310503,535.0
321b,11-20,1,2532.0,202328.6112556,1996.0
321b,21+,0,115.0,9823.080065,97.0
321b,21+,1,531.0,44677.65029,462.0
321b,3-5,0,656.0,51577.220417,496.0
321b,3-5,1,1647.0,132357.3809238,1306.0
321b,6-10,0,657.0,53534.150484,546.0
321b,6-10,1,1842.0,148032.100983,1491.0
321x,0-2,0,1190.0,56645.9907181,241.0
321x,0-2,1,1433.0,87571.9109035,608.0
321x,11-20,0,367.0,30626.340181,297.0
321x,11-20,1,1137.0,93316.590515,918.0
321x,21+,0,17.0,1589.5,17.0
321x,21+,1,131.0,11533.580038,131.0
321x,3-5,0,178.0,13398.9501565,128.0
321x,3-5,1,437.0,34119.720152,320.0
321x,6-10,0,230.0,18808.50016,181.0
321x,6-10,1,768.0,58568.7203686,551.0
322a,0-2,0,19.0,1556.290076,19.0
322a,0-2,1,344.0,28251.231284,339.0
322a,11-20,0,92.0,7473.120343,87.0
322a,11-20,1,1622.0,131514.135118,1560.0
322a,21+,0,693.0,55469.672042000006,640.0
322a,21+,1,1719.0,135392.28492920002,1564.0
322a,3-5,0,17.0,1392.470068,17.0
322a,3-5,1,633.0,52267.522177,626.0
322a,6-10,0,27.0,2211.570108,27.0
322a,6-10,1,884.0,72680.113019,867.0
322b,0-2,1,27.0,2283.93009,27.0
322b,11-20,1,16.0,1310.560064,16.0
322b,21+,0,17.0,1392.470068,17.0
322b,21+,1,13.0,1064.830052,13.0
322b,3-5,1,33.0,2703.030132,33.0
322b,6-10,0,10.0,819.10004,10.0
322b,6-10,1,74.0,6208.940248,74.0
322x,0-2,0,24.0,1011.1499858,0.0
322x,0-2,1,146.0,10256.710315,87.0
322x,11-20,1,78.0,6016.320198,68.0
322x,21+,0,72.0,6285.130034,56.0
322x,21+,1,190.0,15451.540145,156.0
322x,3-5,1,26.0,1997.310079,21.0
322x,6-10,1,49.0,3544.150136,37.0
329z,0-2,0,442.0,23209.1502853,133.0
329z,0-2,1,609.0,39850.7105272,318.0
329z,11-20,0,345.0,28543.26026,262.0
329z,11-20,1,1180.0,94723.140779,923.0
329z,21+,0,72.0,5779.980021,51.0
329z,21+,1,212.0,17391.050152,162.0
329z,3-5,0,106.0,8757.340066,87.0
329z,3-5,1,303.0,25157.490231,252.0
329z,6-10,0,196.0,16681.690159,167.0
329z,6-10,1,599.0,49612.820488,498.0
340a,0-2,0,2417.0,170822.4109338,1432.0
340a,0-2,1,7607.0,638740.540439,6302.0
340a,11-20,0,9898.0,761922.0093957001,6565.0
340a,11-20,1,28458.0,2240119.56011798,20559.0
340a,21+,0,15278.0,1189256.9888932,10149.0
340a,21+,1,27932.0,2219333.837108,20133.0
340a,3-5,0,3842.0,307435.2800142,2758.0
340a,3-5,1,10877.0,910233.1806439,8802.0
340a,6-10,0,6298.0,491482.9100522,4319.0
340a,6-10,1,15429.0,1228067.04132355,11370.0
340a,na,0,850.0,62286.0100289,532.0
340a,na,1,1212.0,86907.7299075,778.0
340b,11-20,1,16.0,1395.760016,16.0
340b,6-10,1,17.0,635.1600007,5.0
340d,11-20,0,10.0,821.5000150000001,5.0
340d,11-20,1,69.0,4587.1400300000005,40.0
340d,3-5,1,24.0,1265.2600166,5.0
340d,6-10,0,16.0,650.5600191999999,0.0
340d,6-10,1,118.0,7815.9700468,76.0
340e,11-20,1,23.0,692.5800032,0.0
340e,6-10,1,22.0,710.6900026,5.0
340f,21+,1,20.0,1913.970001,20.0
340g,11-20,0,713.0,29551.6601337,150.0
340g,11-20,1,1901.0,79296.1300643,387.0
340g,21+,0,471.0,16678.6700353,53.0
340g,21+,1,1316.0,47122.1500227,161.0
340g,3-5,0,31.0,1196.1000032,6.0
340g,3-5,1,64.0,2994.3100343,17.0
340g,6-10,0,203.0,8238.9700798,39.0
340g,6-10,1,499.0,21499.450133,95.0
340g,na,0,84.0,1833.9000144,0.0
340g,na,1,233.0,5960.2199636,5.0
340x,0-2,0,6635.0,334953.1436877,1705.0
340x,0-2,1,8849.0,583535.2248542,4665.0
340x,11-20,0,2895.0,226825.1801176,1834.0
340x,11-20,1,7418.0,583965.67110818,5109.0
340x,21+,0,787.0,62291.1400248,528.0
340x,21+,1,1712.0,136579.4402549,1266.0
340x,3-5,0,892.0,67360.6302415,578.0
340x,3-5,1,2414.0,189982.7206988,1683.0
340x,6-10,0,1439.0,112130.8501412,936.0
340x,6-10,1,3503.0,273601.1908455,2367.0
340x,na,0,1112.0,50391.1502684,284.0
340x,na,1,2256.0,107623.9101728,667.0
341z,0-2,0,1063.0,60729.3806348,247.0
341z,0-2,1,1667.0,117653.9009254,937.0
341z,11-20,0,679.0,49845.279931000005,222.0
341z,11-20,1,1304.0,93656.110527,625.0
341z,21+,0,119.0,8372.890041,35.0
341z,21+,1,139.0,8880.910111,41.0
341z,3-5,0,1022.0,72154.7405685,378.0
341z,3-5,1,2128.0,153757.0510255,1133.0
341z,6-10,0,1693.0,121766.5906902,624.0
341z,6-10,1,3039.0,214849.2713042,1467.0
341z,na,0,254.0,16865.550133599998,127.0
341z,na,1,229.0,13021.7801084,81.0
342z,0-2,0,239.0,12906.3701657,73.0
342z,0-2,1,345.0,25236.870376,223.0
342z,11-20,0,603.0,46351.860498500006,334.0
342z,11-20,1,1215.0,93877.530721,738.0
342z,21+,0,3034.0,227427.0412315,1602.0
342z,21+,1,4158.0,317699.0617087,2563.0
342z,3-5,0,190.0,13320.820173,91.0
342z,3-5,1,405.0,28674.6703375,216.0
342z,6-10,0,291.0,20979.010276,148.0
342z,6-10,1,600.0,44900.800378,358.0
342z,na,0,196.0,12096.3901388,78.0
342z,na,1,311.0,16893.2601405,132.0
343z,0-2,1,101.0,8325.58004,101.0
343z,11-20,0,235.0,20114.219849,183.0
343z,11-20,1,571.0,48019.999783,455.0
343z,21+,0,108.0,8216.689916,82.0
343z,21+,1,133.0,11508.049844,122.0
343z,3-5,0,48.0,3939.819993,48.0
343z,3-5,1,236.0,19619.050065,236.0
343z,6-10,0,103.0,8606.239908,96.0
343z,6-10,1,391.0,31367.0299147,321.0
343z,na,0,56.0,1620.8699829,10.0
343z,na,1,129.0,3836.8499834,18.0
344z,0-2,0,366.0,26036.3399807,238.0
344z,0-2,1,846.0,74186.209839,796.0
344z,11-20,0,323.0,28420.9597834,317.0
344z,11-20,1,579.0,49487.999751200005,520.0
344z,21+,0,524.0,43715.219822,427.0
344z,21+,1,1025.0,82867.97973400001,794.0
344z,3-5,0,452.0,40225.749781,440.0
344z,3-5,1,878.0,77948.029763,828.0
344z,6-10,0,709.0,62331.079626,677.0
344z,6-10,1,1369.0,118346.2795522,1244.0
344z,na,0,73.0,4980.7500339,52.0
344z,na,1,167.0,10098.9900092,89.0
345a,0-2,0,101.0,7049.640084,54.0
345a,0-2,1,369.0,29692.510184,272.0
345a,11-20,0,198.0,15263.000158,112.0
345a,11-20,1,799.0,57841.100229,410.0
345a,3-5,0,82.0,6535.910058,53.0
345a,3-5,1,366.0,28544.070191,235.0
345a,6-10,0,248.0,15471.8301315,77.0
345a,6-10,1,848.0,54806.4303451,334.0
345b,0-2,1,64.0,5219.610011000001,34.0
345b,11-20,0,89.0,7528.4400084,77.0
345b,11-20,1,723.0,58316.7098097,513.0
345b,21+,0,2583.0,201347.8002846,1757.0
345b,21+,1,4339.0,343817.0996436,2963.0
345b,3-5,1,44.0,3977.580014,39.0
345b,6-10,1,156.0,12117.4800134,104.0
345b,na,0,112.0,8254.080041000001,73.0
345b,na,1,104.0,8078.450001,77.0
345c,0-2,0,225.0,15913.9397886,139.0
345c,0-2,1,1187.0,105139.287702,1092.0
345c,11-20,0,37.0,3250.57991,37.0
345c,11-20,1,173.0,15002.389761,155.0
345c,21+,0,755.0,58130.089914,524.0
345c,21+,1,2125.0,163117.219546,1546.0
345c,3-5,0,146.0,12733.929813,136.0
345c,3-5,1,1050.0,89710.38845000001,919.0
345c,6-10,0,228.0,19964.339681,217.0
345c,6-10,1,1078.0,90461.348804,890.0
345c,na,0,37.0,2775.820019,27.0
345c,na,1,41.0,3152.899995,34.0
345x,0-2,0,1422.0,68977.3105795,293.0
345x,0-2,1,2364.0,142506.3806376,991.0
345x,11-20,0,507.0,39627.490113,338.0
345x,11-20,1,1756.0,133924.219978,1113.0
345x,21+,0,125.0,9631.019966,76.0
345x,21+,1,372.0,30078.089864,279.0
345x,3-5,0,94.0,7242.25003,59.0
345x,3-5,1,492.0,36888.470087,325.0
345x,6-10,0,323.0,25111.930073,219.0
345x,6-10,1,929.0,70679.7500512,602.0
345x,na,0,27.0,798.4899951000001,6.0
345x,na,1,48.0,946.6300097,0.0
346a,0-2,0,62.0,4768.279994,56.0
346a,0-2,1,2049.0,164187.89999,2024.0
346a,11-20,0,39.0,3228.87,39.0
346a,11-20,1,568.0,46128.310074,534.0
346a,21+,0,201.0,16392.070008,196.0
346a,21+,1,440.0,35729.620009,403.0
346a,3-5,0,66.0,5392.4400000000005,66.0
346a,3-5,1,1257.0,101543.68006,1231.0
346a,6-10,0,87.0,7003.5,87.0
346a,6-10,1,1368.0,110902.260056,1314.0
346a,na,0,225.0,18137.009986,211.0
346a,na,1,616.0,49574.66007,566.0
346x,0-2,1,28.0,2254.0,28.0
346x,11-20,1,43.0,3477.280022,32.0
346x,21+,0,528.0,42459.950184,377.0
346x,21+,1,746.0,59534.840298,535.0
346x,3-5,1,14.0,1127.0,14.0
346x,6-10,1,34.0,2737.0,34.0
346x,na,0,642.0,47110.5302413,419.0
346x,na,1,503.0,33982.7900898,281.0
349z,0-2,0,1149.0,66727.3305698,413.0
349z,0-2,1,2227.0,154810.5509523,1234.0
349z,11-20,0,1813.0,140778.0398267,1149.0
349z,11-20,1,4611.0,361073.4902194,3151.0
349z,21+,0,1910.0,141386.2901427,1181.0
349z,21+,1,3495.0,263313.160163,2324.0
349z,3-5,0,436.0,34932.750193,290.0
349z,3-5,1,1109.0,87990.050296,771.0
349z,6-10,0,851.0,67045.4200816,535.0
349z,6-10,1,2225.0,169963.5105231,1416.0
349z,na,0,1494.0,87082.7501824,635.0
349z,na,1,2753.0,142923.2200168,918.0
380a,0-2,0,827.0,61789.6705249,700.0
380a,0-2,1,1924.0,153339.6507804,1722.0
380a,11-20,0,1865.0,148554.768586,1697.0
380a,11-20,1,7062.0,562049.26445,6263.0
380a,21+,0,4118.0,317111.3498703,3353.0
380a,21+,1,8547.0,671310.4333818001,7165.0
380a,3-5,0,875.0,68455.4801552,841.0
380a,3-5,1,2737.0,220963.082676,2543.0
380a,6-10,0,1111.0,88741.019459,1086.0
380a,6-10,1,3920.0,316185.293621,3685.0
380a,na,0,44.0,3317.910001,37.0
380a,na,1,93.0,7745.280028,93.0
380c,0-2,0,42.0,2946.5900365,30.0
380c,0-2,1,547.0,43574.5103996,401.0
380c,11-20,0,191.0,15822.589933,166.0
380c,11-20,1,1423.0,114878.8101946,1165.0
380c,21+,0,51.0,4617.670046,51.0
380c,21+,1,170.0,13515.209996,141.0
380c,3-5,0,91.0,7640.019955,91.0
380c,3-5,1,888.0,72009.6202364,703.0
380c,6-10,0,182.0,15382.429988,165.0
380c,6-10,1,1190.0,97980.020336,999.0
380x,0-2,0,2947.0,149481.9512994,858.0
380x,0-2,1,3599.0,219439.8619343,1702.0
380x,11-20,0,837.0,53227.4800513,399.0
380x,11-20,1,2380.0,150912.1302032,1167.0
380x,21+,0,641.0,44461.5500944,359.0
380x,21+,1,1373.0,86784.6801773,673.0
380x,3-5,0,197.0,12974.8400284,106.0
380x,3-5,1,711.0,49754.7703336,416.0
380x,6-10,0,406.0,26468.9301335,202.0
380x,6-10,1,1499.0,98463.2104628,766.0
380x,na,0,326.0,11833.5300021,59.0
380x,na,1,898.0,36320.800068,152.0
420z,na,1,16.0,225.5600029,0.0
421a,0-2,0,201.0,12411.5600614,84.0
421a,0-2,1,835.0,59247.2103056,455.0
421a,11-20,0,475.0,35680.729884,301.0
421a,11-20,1,2805.0,205193.8595322,1555.0
421a,21+,0,528.0,41949.24996,385.0
421a,21+,1,1787.0,135780.4399254,1164.0
421a,3-5,0,177.0,12595.299977,103.0
421a,3-5,1,1115.0,83370.4503746,689.0
421a,6-10,0,236.0,16485.5299646,136.0
421a,6-10,1,1396.0,100216.4099866,759.0
421b,0-2,1,56.0,4412.160024,31.0
421b,11-20,0,36.0,2711.339993,22.0
421b,11-20,1,392.0,29012.6099,215.0
421b,21+,0,27.0,2232.699993,20.0
421b,21+,1,143.0,10915.290019,83.0
421b,3-5,0,10.0,805.0,5.0
421b,3-5,1,66.0,5204.3600160000005,37.0
421b,6-10,1,137.0,10386.699898,73.0
421x,0-2,0,333.0,12095.85015,21.0
421x,0-2,1,412.0,19212.870125,79.0
421x,11-20,0,15.0,934.35001,0.0
421x,11-20,1,102.0,6838.510009,46.0
421x,3-5,1,33.0,2071.979995,12.0
421x,6-10,1,69.0,4093.960016,21.0
421x,na,0,13.0,316.9300007,0.0
421x,na,1,39.0,1581.9200215,12.0
422z,0-2,0,366.0,17578.1801389,89.0
422z,0-2,1,954.0,58542.8799976,380.0
422z,11-20,0,186.0,14427.779914,131.0
422z,11-20,1,1361.0,102813.989593,828.0
422z,21+,0,22.0,1925.739954,22.0
422z,21+,1,84.0,7012.690017,65.0
422z,3-5,0,128.0,9199.5999865,84.0
422z,3-5,1,907.0,63935.019806,472.0
422z,6-10,0,161.0,12143.0398795,114.0
422z,6-10,1,1039.0,74876.049604,589.0
423z,0-2,0,11.0,270.3500065,0.0
423z,0-2,1,118.0,6054.209922,14.0
423z,11-20,0,24.0,1577.049979,13.0
423z,11-20,1,433.0,29138.509604000003,170.0
423z,21+,0,22.0,1632.33997,16.0
423z,21+,1,275.0,20513.029853,160.0
423z,3-5,1,177.0,10082.259863,45.0
423z,6-10,0,13.0,773.6099770000001,5.0
423z,6-10,1,290.0,17521.069745999997,82.0
429z,0-2,0,88.0,3600.9200147,13.0
429z,0-2,1,204.0,10486.7699897,52.0
429z,11-20,0,40.0,3247.789997,34.0
429z,11-20,1,252.0,15791.749957,101.0
429z,3-5,1,47.0,2828.000017,11.0
429z,6-10,0,20.0,957.030026,0.0
429z,6-10,1,156.0,8562.0099765,46.0
440z,na,1,10.0,66.2000025,0.0
441z,0-2,0,76.0,6275.870055699999,69.0
441z,0-2,1,422.0,37179.24039,380.0
441z,11-20,0,168.0,14622.760118,130.0
441z,11-20,1,829.0,71285.270002,682.0
441z,21+,0,348.0,30548.250225,291.0
441z,21+,1,1062.0,89302.420345,854.0
441z,3-5,0,73.0,6518.910023,64.0
441z,3-5,1,297.0,26107.68016,256.0
441z,6-10,0,44.0,4027.930048,39.0
441z,6-10,1,351.0,31005.539961,302.0
441z,na,1,20.0,1440.1800064,14.0
442z,0-2,0,113.0,6858.0100441,54.0
442z,0-2,1,428.0,33061.680223,292.0
442z,11-20,0,274.0,21405.659939,172.0
442z,11-20,1,1879.0,143451.799966,1135.0
442z,21+,0,507.0,40095.359986,347.0
442z,21+,1,1859.0,143021.2001908,1175.0
442z,3-5,0,103.0,8446.760047,78.0
442z,3-5,1,373.0,29429.06012,259.0
442z,6-10,0,90.0,6870.369981,52.0
442z,6-10,1,615.0,48422.449847,420.0
442z,na,1,58.0,2403.0999872,13.0
443z,0-2,0,238.0,11758.3600849,68.0
443z,0-2,1,584.0,41120.9099299,349.0
443z,11-20,0,95.0,8092.579909,83.0
443z,11-20,1,1059.0,82497.36965539999,723.0
443z,21+,0,170.0,13401.17992,141.0
443z,21+,1,768.0,60630.179872,555.0
443z,3-5,0,40.0,3132.499945,34.0
443z,3-5,1,509.0,39517.869833,355.0
443z,6-10,0,53.0,3842.479962,35.0
443z,6-10,1,462.0,37342.229696,339.0
443z,na,1,26.0,1071.4499847,9.0
449z,0-2,0,262.0,12020.2801285,49.0
449z,0-2,1,296.0,17586.7400435,115.0
449z,11-20,0,29.0,2601.3400410000004,22.0
449z,11-20,1,234.0,16256.8900244,114.0
449z,21+,1,32.0,3061.2900010000003,32.0
449z,3-5,0,11.0,676.269992,6.0
449z,3-5,1,75.0,5471.90003,46.0
449z,6-10,0,12.0,808.5600120000001,6.0
449z,6-10,1,112.0,7756.760028,52.0
460z,na,0,24.0,311.3800051,0.0
460z,na,1,52.0,1425.1200192,0.0
461z,0-2,0,86.0,6382.0201036,55.0
461z,0-2,1,209.0,18532.720197,189.0
461z,11-20,0,79.0,7185.870143,63.0
461z,11-20,1,502.0,44045.970072,426.0
461z,21+,0,237.0,20323.340157,188.0
461z,21+,1,740.0,62017.2403165,604.0
461z,3-5,0,39.0,3723.180075,39.0
461z,3-5,1,147.0,13461.370119,139.0
461z,6-10,0,35.0,3462.90007,35.0
461z,6-10,1,260.0,23570.690137,241.0
461z,na,0,18.0,762.2100166,7.0
461z,na,1,43.0,1391.0000169,6.0
462z,0-2,0,58.0,3965.120078,28.0
462z,0-2,1,239.0,20753.6003055,207.0
462z,11-20,0,59.0,5708.730115,59.0
462z,11-20,1,485.0,44072.270371,432.0
462z,21+,0,62.0,5297.010093,50.0
462z,21+,1,279.0,23838.320146,235.0
462z,3-5,0,16.0,1588.010032,16.0
462z,3-5,1,242.0,23029.230247,242.0
462z,6-10,0,11.0,1096.150022,11.0
462z,6-10,1,217.0,20447.91015,211.0
469z,0-2,0,178.0,10656.8101649,67.0
469z,0-2,1,871.0,70827.3208391,688.0
469z,11-20,0,974.0,66646.5803555,538.0
469z,11-20,1,3459.0,240563.6501033,1985.0
469z,21+,0,1503.0,110192.8803289,906.0
469z,21+,1,2035.0,138168.4902491,1073.0
469z,3-5,0,144.0,10918.6200886,91.0
469z,3-5,1,1224.0,102512.6605678,1009.0
469z,6-10,0,447.0,33554.5501554,317.0
469z,6-10,1,1975.0,149245.5298769,1295.0
469z,na,0,799.0,46422.4401905,317.0
469z,na,1,2252.0,132629.0999487,936.0
480z,0-2,0,10.0,897.20001,10.0
480z,0-2,1,54.0,4349.480017,38.0
480z,11-20,0,398.0,36070.520224,344.0
480z,11-20,1,1541.0,130455.350407,1207.0
480z,21+,0,1802.0,153695.6309835,1401.0
480z,21+,1,4568.0,390774.01233720005,3692.0
480z,3-5,1,63.0,5607.969992,57.0
480z,6-10,0,26.0,2500.340027,26.0
480z,6-10,1,89.0,7986.29001,75.0
480z,na,0,270.0,19784.0101498,170.0
480z,na,1,415.0,23064.7600873,177.0
481a,0-2,0,1129.0,81366.9408841,653.0
481a,0-2,1,3151.0,284454.4426717,2756.0
481a,11-20,0,1745.0,155144.951275,1449.0
481a,11-20,1,5900.0,505497.871966,4747.0
481a,21+,0,1473.0,130331.68098,1225.0
481a,21+,1,4089.0,366424.602124,3573.0
481a,3-5,0,1201.0,109377.0112188,1047.0
481a,3-5,1,3108.0,280727.6022527,2724.0
481a,6-10,0,1401.0,127740.0014278,1250.0
481a,6-10,1,3179.0,284244.1116989,2779.0
481a,na,0,345.0,29366.8401716,282.0
481a,na,1,376.0,33594.41021,330.0
481b,0-2,0,15.0,1391.90002,15.0
481b,0-2,1,88.0,7629.240118,78.0
481b,11-20,0,675.0,61572.1906849,601.0
481b,11-20,1,2061.0,181965.0709778,1739.0
481b,21+,0,254.0,24153.180268000004,240.0
481b,21+,1,714.0,65838.950421,667.0
481b,3-5,0,37.0,3538.990045,37.0
481b,3-5,1,124.0,11438.940068,117.0
481b,6-10,0,89.0,8731.160143,89.0
481b,6-10,1,340.0,30805.030026,313.0
481x,0-2,0,2981.0,150125.4013301,788.0
481x,0-2,1,3836.0,265772.682163,2034.0
481x,11-20,0,1254.0,108326.751046,994.0
481x,11-20,1,3808.0,302962.2814657,2681.0
481x,21+,0,237.0,22014.820244,212.0
481x,21+,1,578.0,53069.050291,529.0
481x,3-5,0,781.0,63503.9106428,561.0
481x,3-5,1,1777.0,140241.5508393,1198.0
481x,6-10,0,1069.0,90979.4807917,836.0
481x,6-10,1,2099.0,168407.8008414,1507.0
481x,na,0,1349.0,125641.3113531,1258.0
481x,na,1,4140.0,373495.9028723,3605.0
489z,0-2,0,504.0,29000.2303033,191.0
489z,0-2,1,1023.0,76009.0105255,626.0
489z,11-20,0,437.0,39261.670371,371.0
489z,11-20,1,1178.0,100936.830601,937.0
489z,21+,0,136.0,12837.130163000002,125.0
489z,21+,1,415.0,37129.580261,357.0
489z,3-5,0,363.0,30562.6102425,283.0
489z,3-5,1,884.0,72356.3403386,673.0
489z,6-10,0,474.0,41764.20023,401.0
489z,6-10,1,1169.0,98313.590341,920.0
489z,na,0,218.0,14105.3001329,108.0
489z,na,1,696.0,42509.410135,328.0
520a,0-2,0,85.0,8108.850095,85.0
520a,0-2,1,634.0,57097.610553000006,570.0
520a,11-20,0,714.0,64745.80067800001,614.0
520a,11-20,1,2137.0,186571.640802,1711.0
520a,21+,0,1312.0,113244.7905097,1033.0
520a,21+,1,2834.0,248246.510566,2332.0
520a,3-5,0,186.0,17338.840238,173.0
520a,3-5,1,791.0,71475.540543,714.0
520a,6-10,0,281.0,25954.200317000003,253.0
520a,6-10,1,890.0,79555.39056500001,763.0
520b,21+,0,78.0,5394.1100830000005,22.0
520b,21+,1,310.0,22886.060051,162.0
520x,0-2,0,936.0,47838.5103527,269.0
520x,0-2,1,989.0,69122.270762,541.0
520x,11-20,0,302.0,22134.890192,162.0
520x,11-20,1,1232.0,86868.3802155,672.0
520x,21+,0,31.0,2855.520026,26.0
520x,21+,1,194.0,14693.920099,126.0
520x,3-5,0,87.0,7941.000118,75.0
520x,3-5,1,304.0,25368.170227,223.0
520x,6-10,0,76.0,6779.820125,60.0
520x,6-10,1,317.0,25998.26015,230.0
520x,na,0,123.0,2959.3200065,0.0
520x,na,1,284.0,7923.8000142,13.0
521a,0-2,0,139.0,11711.810135,109.0
521a,0-2,1,1204.0,100997.540765,921.0
521a,11-20,0,1141.0,91786.280523,728.0
521a,11-20,1,4681.0,377162.121513,3151.0
521a,21+,0,2845.0,218939.780907,1678.0
521a,21+,1,6689.0,536320.5022246001,4502.0
521a,3-5,0,314.0,27070.850354,253.0
521a,3-5,1,1443.0,119323.180636,1052.0
521a,6-10,0,591.0,50666.010459000005,471.0
521a,6-10,1,1972.0,162874.220796,1428.0
521b,0-2,0,202.0,10836.3801461,55.0
521b,0-2,1,958.0,62213.9504488,399.0
521b,11-20,0,808.0,57145.9505476,364.0
521b,11-20,1,3380.0,252500.811395,1861.0
521b,21+,0,5870.0,361863.7620665,1871.0
521b,21+,1,12871.0,850154.79368946,5393.0
521b,3-5,0,223.0,14320.660211,86.0
521b,3-5,1,1130.0,82936.770474,615.0
521b,6-10,0,431.0,30943.220356,201.0
521b,6-10,1,1549.0,116352.570528,875.0
521b,na,0,30.0,1947.980045,10.0
521b,na,1,20.0,1432.6000399999998,5.0
521c,0-2,0,79.0,1970.6800126,0.0
521c,0-2,1,473.0,21002.8800695,82.0
521c,11-20,0,111.0,5040.380079,7.0
521c,11-20,1,708.0,39168.8401459,202.0
521c,21+,0,468.0,22079.0801252,70.0
521c,21+,1,747.0,39209.270195,174.0
521c,3-5,0,81.0,2698.760022,11.0
521c,3-5,1,368.0,17550.3401186,98.0
521c,6-10,0,240.0,10865.7701345,42.0
521c,6-10,1,891.0,44317.2502006,230.0
521x,0-2,0,2658.0,113440.5512662,408.0
521x,0-2,1,3696.0,230668.1518605,1569.0
521x,11-20,0,1277.0,91161.420745,588.0
521x,11-20,1,4862.0,355550.3415714,2685.0
521x,21+,0,370.0,27895.3602155,209.0
521x,21+,1,1380.0,106882.400533,901.0
521x,3-5,0,345.0,25251.040289,191.0
521x,3-5,1,1537.0,117679.9907295,979.0
521x,6-10,0,479.0,35629.020377,270.0
521x,6-10,1,2061.0,156127.320796,1275.0
521x,na,0,90.0,1906.6500149,5.0
521x,na,1,194.0,5074.1500025,11.0
522a,0-2,0,48.0,4055.420034,38.0
522a,0-2,1,502.0,40058.300212,339.0
522a,11-20,0,777.0,68495.620309,620.0
522a,11-20,1,2566.0,220352.700735,1983.0
522a,21+,0,2120.0,178375.41062900002,1570.0
522a,21+,1,4324.0,370862.290479,3419.0
522a,3-5,0,123.0,10030.620083,86.0
522a,3-5,1,604.0,50961.550228,464.0
522a,6-10,0,186.0,15977.470105,144.0
522a,6-10,1,593.0,51306.860156,471.0
522b,0-2,0,43.0,2985.80003,18.0
522b,0-2,1,345.0,24022.740183,150.0
522b,11-20,0,645.0,49110.140294,357.0
522b,11-20,1,2998.0,228716.530223,1734.0
522b,21+,0,2126.0,133913.760302,681.0
522b,21+,1,5505.0,368130.0399899,2293.0
522b,3-5,0,102.0,7412.230059,49.0
522b,3-5,1,462.0,34896.170176,266.0
522b,6-10,0,148.0,10775.030052,72.0
522b,6-10,1,627.0,48406.000068,383.0
522b,na,1,24.0,1831.970001,14.0
522c,0-2,0,117.0,4687.869954,7.0
522c,0-2,1,595.0,32626.7898134,157.0
522c,11-20,0,35.0,1430.999981,0.0
522c,11-20,1,219.0,12753.859959,72.0
522c,3-5,0,108.0,4634.339953000001,12.0
522c,3-5,1,530.0,31595.1697974,187.0
522c,6-10,0,199.0,9471.739916,41.0
522c,6-10,1,624.0,34793.609747,198.0
522d,0-2,0,36.0,1154.590011,0.0
522d,0-2,1,281.0,8888.790058,0.0
522d,11-20,0,91.0,3145.660014,0.0
522d,11-20,1,381.0,16265.400067,49.0
522d,21+,0,271.0,15176.010066,48.0
522d,21+,1,1190.0,67421.929997,249.0
522d,3-5,0,120.0,3623.360029,0.0
522d,3-5,1,524.0,16949.200053,13.0
522d,6-10,0,230.0,7365.390023,5.0
522d,6-10,1,721.0,28920.840152,77.0
522x,0-2,0,1088.0,48454.9904479,200.0
522x,0-2,1,1913.0,123130.3309153,823.0
522x,11-20,0,1026.0,78016.460344,564.0
522x,11-20,1,3657.0,273655.7004049,2154.0
522x,21+,0,407.0,33351.520183,268.0
522x,21+,1,1524.0,121686.430248,1021.0
522x,3-5,0,213.0,15544.5501258,127.0
522x,3-5,1,999.0,71128.630254,540.0
522x,6-10,0,322.0,23851.4201292,187.0
522x,6-10,1,1495.0,108433.47026,843.0
522x,na,0,50.0,953.439983,0.0
522x,na,1,98.0,2713.6799767,6.0
523a,0-2,0,224.0,21694.730282,218.0
523a,0-2,1,612.0,57867.960728000005,573.0
523a,11-20,0,1261.0,118915.50135000002,1177.0
523a,11-20,1,2599.0,239692.581956,2358.0
523a,21+,0,710.0,65313.14066600001,630.0
523a,21+,1,1655.0,150075.600777,1456.0
523a,3-5,0,427.0,41897.190569000006,427.0
523a,3-5,1,738.0,69787.28079199999,699.0
523a,6-10,0,585.0,56951.72075800001,574.0
523a,6-10,1,1052.0,99307.021022,998.0
523b,0-2,1,153.0,13610.690106,132.0
523b,11-20,0,90.0,7784.560056,66.0
523b,11-20,1,394.0,33910.840205,311.0
523b,3-5,0,32.0,2807.650033,27.0
523b,3-5,1,144.0,12932.520084,128.0
523b,6-10,0,78.0,7174.6800840000005,73.0
523b,6-10,1,184.0,15895.06009,145.0
523c,0-2,0,124.0,8667.3901257,68.0
523c,0-2,1,427.0,35715.460341800004,317.0
523c,11-20,0,947.0,85565.0509095,820.0
523c,11-20,1,2861.0,246556.5714111,2276.0
523c,21+,0,302.0,25791.750179,220.0
523c,21+,1,1006.0,85373.280345,760.0
523c,3-5,0,160.0,14999.520179,147.0
523c,3-5,1,430.0,38801.26036,375.0
523c,6-10,0,253.0,23700.400246,227.0
523c,6-10,1,589.0,53026.9503385,503.0
523d,11-20,0,20.0,1649.70001,14.0
523d,11-20,1,144.0,11355.800081,91.0
523d,21+,0,4979.0,349900.3914612,2346.0
523d,21+,1,11918.0,857157.17099418,6397.0
523d,3-5,1,11.0,765.149995,5.0
523d,6-10,1,28.0,2382.1199960000004,22.0
523d,na,0,11.0,951.190022,6.0
523d,na,1,21.0,1412.4600280000002,9.0
523e,0-2,0,11.0,378.400022,0.0
523e,0-2,1,56.0,2655.559983,8.0
523e,11-20,0,122.0,8256.950029,56.0
523e,11-20,1,539.0,38482.499928,308.0
523e,21+,1,55.0,3701.820044000001,27.0
523e,3-5,0,32.0,1384.8999975,5.0
523e,3-5,1,113.0,6886.559955,39.0
523e,6-10,0,61.0,4431.450016,28.0
523e,6-10,1,242.0,14752.0699878,88.0
523f,0-2,0,77.0,3116.940022,5.0
523f,0-2,1,219.0,10972.180007,48.0
523f,11-20,0,12.0,601.440012,0.0
523f,11-20,1,155.0,8234.100038,44.0
523f,21+,1,41.0,1787.599998,0.0
523f,3-5,0,73.0,3341.76001,10.0
523f,3-5,1,370.0,17280.8100032,64.0
523f,6-10,0,78.0,3654.880015,16.0
523f,6-10,1,328.0,16457.569925,85.0
523x,0-2,0,3382.0,180308.9216263,1074.0
523x,0-2,1,4747.0,340110.662962,2708.0
523x,11-20,0,2626.0,219186.9319111,1934.0
523x,11-20,1,6994.0,558039.1421383,4910.0
523x,21+,0,467.0,41752.330419,397.0
523x,21+,1,1409.0,122790.910477,1179.0
523x,3-5,0,918.0,77450.7307807,735.0
523x,3-5,1,2178.0,176717.0409316,1569.0
523x,6-10,0,1347.0,117628.701032,1105.0
523x,6-10,1,3087.0,251554.7808985,2304.0
523x,na,0,122.0,4080.330021,17.0
523x,na,1,304.0,12145.3899958,50.0
524a,0-2,0,42.0,3325.769998,23.0
524a,0-2,1,654.0,50715.110325,414.0
524a,11-20,0,498.0,41025.269923,341.0
524a,11-20,1,2431.0,191662.370261,1548.0
524a,21+,0,891.0,69088.2499125,538.0
524a,21+,1,2053.0,160494.550219,1291.0
524a,3-5,0,138.0,10442.849998,71.0
524a,3-5,1,721.0,57672.420285,498.0
524a,6-10,0,236.0,19886.16997,171.0
524a,6-10,1,892.0,72773.520275,632.0
524b,0-2,1,39.0,2592.080002,14.0
524b,11-20,0,73.0,5081.390012,25.0
524b,11-20,1,757.0,53619.039961,349.0
524b,21+,0,665.0,45458.6201686,267.0
524b,21+,1,1920.0,130173.800202,813.0
524b,3-5,0,10.0,540.2,0.0
524b,3-5,1,62.0,4323.899987,26.0
524b,6-10,0,16.0,951.77001,0.0
524b,6-10,1,107.0,7436.550004,42.0
524c,11-20,1,22.0,1173.090005,0.0
524d,0-2,1,59.0,1747.659968,0.0
524d,11-20,1,30.0,412.74,0.0
524d,21+,1,26.0,777.310012,0.0
524d,3-5,1,99.0,4522.180032,16.0
524d,6-10,1,76.0,1939.9899841,0.0
524x,0-2,0,934.0,40600.9003075,154.0
524x,0-2,1,1076.0,66768.4505507,445.0
524x,11-20,0,222.0,17993.830005,154.0
524x,11-20,1,1324.0,95204.219878,692.0
524x,21+,0,49.0,4241.200015,36.0
524x,21+,1,313.0,25147.620123,225.0
524x,3-5,0,98.0,8670.139975,86.0
524x,3-5,1,356.0,28754.420228,262.0
524x,6-10,0,85.0,6931.260035,52.0
524x,6-10,1,543.0,41320.780094,338.0
525a,0-2,1,70.0,6607.310026,70.0
525a,11-20,0,75.0,6781.31009,62.0
525a,11-20,1,301.0,25256.650185,229.0
525a,21+,0,113.0,9588.400078,77.0
525a,21+,1,382.0,33288.070147,307.0
525a,3-5,0,13.0,1221.900026,13.0
525a,3-5,1,102.0,8978.700066,86.0
525a,6-10,0,25.0,2320.7400500000003,25.0
525a,6-10,1,124.0,10980.570104,109.0
525b,11-20,1,61.0,5086.080035000001,43.0
525b,3-5,1,17.0,1214.070008,5.0
525b,6-10,1,13.0,1201.090007,13.0
525c,0-2,1,53.0,850.5900389999999,0.0
525c,11-20,1,72.0,2210.570065,5.0
525c,3-5,0,15.0,264.150015,0.0
525c,3-5,1,76.0,1666.500049,5.0
525c,6-10,0,59.0,2411.000082,12.0
525c,6-10,1,185.0,6511.400113,33.0
525d,0-2,0,32.0,1107.149983,0.0
525d,0-2,1,74.0,3431.320061,5.0
525d,11-20,0,134.0,5427.919818,0.0
525d,11-20,1,174.0,10057.660054,44.0
525d,21+,0,361.0,17588.659753,30.0
525d,21+,1,274.0,17296.040027,82.0
525d,3-5,0,47.0,1878.949946,0.0
525d,3-5,1,90.0,4585.920094,8.0
525d,6-10,0,102.0,3978.449893,0.0
525d,6-10,1,156.0,8086.380133,22.0
525x,0-2,0,160.0,7013.0500805,31.0
525x,0-2,1,255.0,16196.2501916,115.0
525x,11-20,0,17.0,1245.780024,12.0
525x,11-20,1,243.0,17580.920129000002,132.0
525x,21+,1,28.0,2625.120044,28.0
525x,3-5,0,15.0,611.70001,5.0
525x,3-5,1,73.0,5502.080051,43.0
525x,6-10,0,30.0,979.890009,5.0
525x,6-10,1,115.0,7178.950126,58.0
525x,na,0,47.0,619.2600263,0.0
525x,na,1,95.0,2051.1100187,0.0
526a,0-2,0,122.0,11590.699988,117.0
526a,0-2,1,898.0,79835.740134,772.0
526a,11-20,0,715.0,59822.100168,498.0
526a,11-20,1,2209.0,181042.640565,1555.0
526a,21+,0,797.0,64993.8803055,527.0
526a,21+,1,1695.0,139998.800403,1208.0
526a,3-5,0,306.0,27880.290034,267.0
526a,3-5,1,1102.0,95712.950381,902.0
526a,6-10,0,520.0,45669.170269,425.0
526a,6-10,1,1287.0,109966.390358,1007.0
526b,0-2,0,27.0,1474.400027,5.0
526b,0-2,1,230.0,16204.580114,98.0
526b,11-20,0,75.0,5701.470026,37.0
526b,11-20,1,573.0,43786.350216,340.0
526b,21+,0,17.0,1496.100016,11.0
526b,21+,1,172.0,13788.480152,117.0
526b,3-5,1,215.0,15994.970117,116.0
526b,6-10,0,12.0,889.320006,6.0
526b,6-10,1,151.0,11157.08011,78.0
526x,0-2,0,2091.0,104439.2109589,527.0
526x,0-2,1,2795.0,187662.4013078,1381.0
526x,11-20,0,370.0,28921.07021,220.0
526x,11-20,1,1537.0,119777.110383,982.0
526x,21+,0,64.0,5425.740056000001,42.0
526x,21+,1,241.0,19927.040092,176.0
526x,3-5,0,204.0,16213.330154,124.0
526x,3-5,1,1097.0,84088.810492,668.0
526x,6-10,0,339.0,27042.830217,212.0
526x,6-10,1,1147.0,89079.0903776,715.0
526x,na,1,12.0,73.0600027,0.0
527a,0-2,0,16.0,1023.919985,5.0
527a,0-2,1,179.0,13698.080017,102.0
527a,11-20,0,27.0,1778.489988,6.0
527a,11-20,1,196.0,15115.259916,114.0
527a,3-5,0,47.0,3674.939963,29.0
527a,3-5,1,219.0,17409.560023,146.0
527a,6-10,0,37.0,2662.199998,15.0
527a,6-10,1,221.0,17330.989935,137.0
527b,11-20,1,173.0,12418.029932,84.0
527x,0-2,0,109.0,4245.2500166,17.0
527x,0-2,1,201.0,13643.100069,97.0
527x,11-20,0,40.0,3050.78998,24.0
527x,11-20,1,472.0,35163.859803,263.0
527x,21+,0,123.0,8577.289943,71.0
527x,21+,1,538.0,38628.20961,256.0
527x,3-5,1,78.0,6441.369988,64.0
527x,6-10,1,128.0,8808.029961,64.0
529a,0-2,0,52.0,4790.170058,47.0
529a,0-2,1,634.0,54027.700473,495.0
529a,11-20,0,588.0,46268.1902405,392.0
529a,11-20,1,2366.0,187868.0303501,1605.0
529a,21+,0,557.0,33886.5801297,221.0
529a,21+,1,1445.0,93568.2900847,693.0
529a,3-5,0,161.0,14023.790187,125.0
529a,3-5,1,957.0,81588.1206714,751.0
529a,6-10,0,349.0,29283.9302658,273.0
529a,6-10,1,1498.0,125987.860626,1135.0
529a,na,0,672.0,56043.4202097,512.0
529a,na,1,1608.0,135895.74063400002,1227.0
529b,0-2,1,18.0,844.74,0.0
529b,11-20,0,25.0,1214.3000309,5.0
529b,11-20,1,196.0,10726.9999868,71.0
529b,21+,0,5039.0,316845.95080368,1803.0
529b,21+,1,6801.0,432616.11089512,2612.0
529b,3-5,1,22.0,1057.02,0.0
529b,6-10,1,58.0,4065.650035,27.0
529b,na,0,766.0,49264.7901623,255.0
529b,na,1,1174.0,77787.25018439999,483.0
529x,0-2,0,940.0,50093.9604819,276.0
529x,0-2,1,1991.0,136791.1009568,1025.0
529x,11-20,0,1749.0,91505.55033538,554.0
529x,11-20,1,5051.0,298951.27050028,2140.0
529x,21+,0,2418.0,111285.93029998,545.0
529x,21+,1,5525.0,285363.52036586,1676.0
529x,3-5,0,375.0,28403.610221500003,229.0
529x,3-5,1,1592.0,118476.1105346,980.0
529x,6-10,0,821.0,56012.38023815,434.0
529x,6-10,1,2584.0,179989.6204693,1421.0
529x,na,0,1778.0,71669.63025725,297.0
529x,na,1,4045.0,174598.78004713,853.0
540a,0-2,1,52.0,4293.010075,38.0
540a,11-20,0,39.0,3498.000063,30.0
540a,11-20,1,335.0,26580.66002,211.0
540a,21+,0,139.0,10799.700054,73.0
540a,21+,1,438.0,34762.170248,290.0
540a,3-5,1,57.0,4604.740069,42.0
540a,6-10,1,72.0,5615.510014,40.0
540b,21+,1,44.0,3642.020036,32.0
540x,0-2,0,66.0,2690.7200441,12.0
540x,0-2,1,179.0,13150.5401937,115.0
540x,11-20,1,197.0,16252.510143,145.0
540x,21+,0,11.0,1002.720028,11.0
540x,21+,1,51.0,4473.210087,46.0
540x,3-5,1,101.0,7941.650087,67.0
540x,6-10,0,12.0,1134.290031,12.0
540x,6-10,1,83.0,7154.68006,71.0
541b,11-20,1,16.0,765.919984,0.0
541b,21+,1,15.0,908.160012,0.0
541c,11-20,1,24.0,1103.519988,0.0
541c,21+,1,17.0,744.0800055,0.0
541e,0-2,0,40.0,1634.0200626,0.0
541e,0-2,1,56.0,2233.3100737,0.0
541e,11-20,0,14.0,680.120028,0.0
541e,11-20,1,20.0,745.8500305,0.0
541e,3-5,0,18.0,874.440036,0.0
541e,3-5,1,48.0,2109.420064,0.0
541e,6-10,0,30.0,1356.460046,0.0
541e,6-10,1,60.0,2724.540092,0.0
541x,11-20,0,10.0,528.35001,0.0
541x,11-20,1,184.0,11249.2999035,64.0
541x,21+,1,58.0,4895.300036,46.0
541x,3-5,1,16.0,518.240008,0.0
541x,6-10,0,13.0,293.54,0.0
541x,6-10,1,29.0,1303.429987,0.0
541x,na,1,11.0,222.1100005,0.0
542b,0-2,1,10.0,888.899995,10.0
542b,21+,0,24.0,1695.4799819999998,13.0
542b,21+,1,55.0,3977.690004,35.0
542b,3-5,1,12.0,907.340016,7.0
542b,6-10,1,20.0,1565.00002,15.0
542c,0-2,0,20.0,885.40003,0.0
542c,0-2,1,39.0,1730.150017,5.0
542c,11-20,0,47.0,2985.849981,23.0
542c,11-20,1,153.0,9461.10996,78.0
542c,3-5,0,36.0,1488.000048,0.0
542c,3-5,1,80.0,3928.169996,19.0
542c,6-10,0,66.0,4074.69998,38.0
542c,6-10,1,144.0,8511.319959,75.0
542x,0-2,0,32.0,1117.3500437,0.0
542x,0-2,1,60.0,3668.590043,31.0
542x,11-20,1,31.0,2036.990005,20.0
542x,21+,1,11.0,931.770013,11.0
542x,3-5,1,34.0,2467.120064,25.0
542x,6-10,1,19.0,1473.6299829999998,19.0
542x,na,1,39.0,867.2900188,0.0
543b,11-20,1,88.0,4859.099984,28.0
543b,21+,1,18.0,1482.010036,12.0
543c,0-2,1,16.0,450.999998,0.0
543c,11-20,0,18.0,286.980011,0.0
543c,11-20,1,60.0,2898.510006,5.0
543c,21+,0,73.0,3462.9700051,6.0
543c,21+,1,157.0,7139.5200032,6.0
543c,3-5,0,13.0,207.670008,0.0
543c,3-5,1,25.0,1058.249993,5.0
543c,6-10,0,19.0,357.010019,0.0
543c,6-10,1,38.0,1356.409991,6.0
543d,11-20,1,55.0,1719.9700309999998,0.0
543d,21+,1,49.0,2265.870035,5.0
543d,6-10,1,27.0,371.25,0.0
543x,11-20,1,105.0,8767.530045,82.0
543x,21+,1,66.0,5928.720075,66.0
543x,6-10,1,14.0,1205.8800219999998,14.0
544a,0-2,1,14.0,1215.879996,14.0
544a,21+,0,80.0,6749.670032,59.0
544a,21+,1,127.0,9927.110024,73.0
544a,3-5,1,10.0,947.999995,10.0
544c,3-5,0,10.0,88.64999485,0.0
544c,3-5,1,54.0,286.07999243,0.0
544x,0-2,0,11.0,402.750006,0.0
544x,0-2,1,89.0,5840.419994,31.0
544x,11-20,1,124.0,9942.610006,87.0
544x,21+,1,28.0,2543.060014,28.0
544x,3-5,1,34.0,2163.869977,12.0
544x,6-10,1,71.0,4853.620024,28.0
580a,0-2,1,48.0,3382.039978,12.0
580a,11-20,0,152.0,12292.409967,81.0
580a,11-20,1,703.0,56013.789487,341.0
580a,21+,0,333.0,25999.419937,171.0
580a,21+,1,688.0,54232.819752,349.0
580a,3-5,1,92.0,6739.119939,24.0
580a,6-10,0,20.0,1618.9599979999998,14.0
580a,6-10,1,126.0,9617.239879,51.0
580b,0-2,1,84.0,6452.469924,29.0
580b,11-20,0,41.0,3198.489963,23.0
580b,11-20,1,400.0,31751.269585,217.0
580b,21+,0,12.0,693.5999879999999,0.0
580b,21+,1,115.0,8677.8199,57.0
580b,3-5,1,139.0,10375.519882,44.0
580b,6-10,0,33.0,2245.459987,6.0
580b,6-10,1,296.0,22930.229694,145.0
580x,0-2,0,180.0,6983.0400276,9.0
580x,0-2,1,574.0,39516.4696455,215.0
580x,11-20,0,50.0,3813.499986,20.0
580x,11-20,1,296.0,23552.579736,163.0
580x,21+,1,31.0,2593.339984,21.0
580x,3-5,0,29.0,1891.839965,6.0
580x,3-5,1,259.0,18898.849707,103.0
580x,6-10,0,30.0,2203.559982,12.0
580x,6-10,1,241.0,18020.839718000003,108.0
580x,na,0,40.0,1059.0399699,0.0
580x,na,1,39.0,1170.759987,0.0
581a,0-2,0,36.0,2810.689971,21.0
581a,0-2,1,306.0,23874.519751,185.0
581a,11-20,0,47.0,4202.290008,39.0
581a,11-20,1,433.0,35961.199795,286.0
581a,21+,0,13.0,1116.429967,13.0
581a,21+,1,174.0,14242.980005,112.0
581a,3-5,0,51.0,4105.369975,33.0
581a,3-5,1,366.0,30176.199723,255.0
581a,6-10,0,120.0,9946.949956,83.0
581a,6-10,1,459.0,37984.239613,301.0
581b,0-2,0,11.0,514.57001,0.0
581b,0-2,1,75.0,2915.649981,0.0
581b,3-5,0,12.0,370.2000000000001,0.0
581b,3-5,1,51.0,1992.560001,0.0
581b,6-10,0,10.0,443.249995,0.0
581b,6-10,1,32.0,1528.400024,0.0
581c,0-2,0,112.0,10074.399664,112.0
581c,0-2,1,289.0,25616.429169,277.0
581c,11-20,0,414.0,36106.22876799999,350.0
581c,11-20,1,1016.0,88535.887438,856.0
581c,21+,0,673.0,57076.11831,519.0
581c,21+,1,1323.0,109479.54711,1000.0
581c,3-5,0,177.0,15798.269460999998,169.0
581c,3-5,1,399.0,35737.168897,389.0
581c,6-10,0,260.0,23110.519202,242.0
581c,6-10,1,565.0,50239.618414,527.0
581d,0-2,0,29.0,2615.5100580000003,29.0
581d,0-2,1,123.0,10758.099892,111.0
581d,11-20,0,49.0,4419.310098,49.0
581d,11-20,1,304.0,26573.449553,251.0
581d,21+,0,61.0,5431.310007,56.0
581d,21+,1,213.0,18724.009718,173.0
581d,3-5,0,37.0,3337.030074,37.0
581d,3-5,1,199.0,17851.129820000002,192.0
581d,6-10,0,54.0,4868.580073,54.0
581d,6-10,1,224.0,19865.10974,205.0
581e,0-2,1,23.0,1685.69001,11.0
581e,11-20,0,12.0,873.750024,5.0
581e,11-20,1,96.0,5760.399987,27.0
581e,3-5,1,35.0,2420.889984,18.0
581e,6-10,1,74.0,4873.309981,25.0
581x,0-2,0,1716.0,81963.1599677,401.0
581x,0-2,1,2356.0,150920.8591231,1033.0
581x,11-20,0,180.0,14233.359804000002,112.0
581x,11-20,1,935.0,76666.028886,673.0
581x,21+,0,52.0,4590.959884,47.0
581x,21+,1,180.0,15611.519665,146.0
581x,3-5,0,322.0,25860.069556,211.0
581x,3-5,1,1399.0,109896.388542,921.0
581x,6-10,0,439.0,35256.269562,246.0
581x,6-10,1,1423.0,113936.208701,932.0
581x,na,0,30.0,2698.49991,30.0
581x,na,1,82.0,4823.8198641,45.0
582a,0-2,0,14.0,1008.529982,9.0
582a,0-2,1,410.0,29538.779719,207.0
582a,11-20,0,508.0,38748.189707,256.0
582a,11-20,1,2161.0,169118.598491,1142.0
582a,21+,0,1564.0,118353.0693306,809.0
582a,21+,1,3290.0,258038.0684228,1860.0
582a,3-5,0,81.0,6347.499935,52.0
582a,3-5,1,530.0,41713.0796,337.0
582a,6-10,0,164.0,12904.189877,99.0
582a,6-10,1,782.0,62583.5594,488.0
582b,0-2,0,216.0,12390.4398766,39.0
582b,0-2,1,1098.0,68931.049273,299.0
582b,11-20,0,484.0,32614.4296955,138.0
582b,11-20,1,2047.0,144736.39888680002,788.0
582b,21+,0,3713.0,233417.65931043,1002.0
582b,21+,1,7794.0,517761.13879678,2756.0
582b,3-5,0,365.0,23801.139658,108.0
582b,3-5,1,1580.0,107611.279084,597.0
582b,6-10,0,561.0,37377.719546,175.0
582b,6-10,1,2186.0,153477.9888936,880.0
582b,na,1,18.0,870.1799879999999,0.0
582c,0-2,0,215.0,9636.629943,7.0
582c,0-2,1,921.0,48055.749846,164.0
582c,11-20,0,69.0,3788.749969,5.0
582c,11-20,1,298.0,17993.379985,57.0
582c,21+,0,65.0,3701.749985,7.0
582c,21+,1,181.0,10698.429966,35.0
582c,3-5,0,165.0,8553.509909,19.0
582c,3-5,1,668.0,38073.239989,151.0
582c,6-10,0,158.0,8454.449990000001,14.0
582c,6-10,1,461.0,28370.270038,113.0
582d,3-5,1,20.0,1002.549969,0.0
582d,6-10,1,29.0,1494.849958,0.0
582f,0-2,0,62.0,2338.510044,0.0
582f,0-2,1,271.0,17308.090251999998,94.0
582f,21+,0,51.0,2289.920006,5.0
582f,21+,1,101.0,5831.510032,29.0
582f,3-5,0,55.0,2818.32003,7.0
582f,3-5,1,215.0,14009.250161,82.0
582f,6-10,0,66.0,4108.310041,23.0
582f,6-10,1,224.0,15065.900134,96.0
582g,0-2,0,36.0,1412.7899855,0.0
582g,0-2,1,424.0,22108.809914,79.0
582g,11-20,1,24.0,1821.089985,12.0
582g,3-5,0,76.0,3748.9499683,9.0
582g,3-5,1,400.0,22897.01997128,112.0
582g,6-10,0,57.0,2428.6999809,0.0
582g,6-10,1,322.0,16889.2800625,76.0
582x,0-2,0,1492.0,64012.8501971,178.0
582x,0-2,1,2678.0,145394.7496393,533.0
582x,11-20,0,792.0,52312.969703,206.0
582x,11-20,1,2493.0,166824.6493556,835.0
582x,21+,0,209.0,14490.539926,71.0
582x,21+,1,730.0,54344.359664,330.0
582x,3-5,0,302.0,18514.739887,75.0
582x,3-5,1,1321.0,83556.679588,391.0
582x,6-10,0,511.0,31531.3098255,109.0
582x,6-10,1,1925.0,122649.1694702,600.0
582x,na,0,58.0,1495.1499532,0.0
582x,na,1,112.0,3270.4699301,0.0
589z,0-2,0,18.0,534.0900127,0.0
589z,0-2,1,45.0,2578.669998,6.0
589z,11-20,0,16.0,1156.499969,5.0
589z,11-20,1,97.0,5480.2799199,21.0
589z,3-5,1,30.0,2159.849991,12.0
589z,6-10,1,33.0,2450.290017,16.0
589z,na,0,12.0,526.199976,0.0
589z,na,1,29.0,981.439981,0.0
620z,11-20,1,46.0,3953.400037,40.0
620z,21+,1,10.0,890.10002,10.0
620z,3-5,1,13.0,986.62002,6.0
620z,na,1,15.0,108.8700042,0.0
621a,0-2,1,29.0,2121.34002,14.0
621a,11-20,0,99.0,4201.7400582,14.0
621a,11-20,1,506.0,35962.430137,242.0
621a,21+,0,460.0,21406.3100882,115.0
621a,21+,1,852.0,58077.4501898,412.0
621a,3-5,1,37.0,3010.720056,24.0
621a,6-10,0,18.0,1142.750036,0.0
621a,6-10,1,77.0,5672.850082,37.0
621b,0-2,0,10.0,228.15000000000003,0.0
621b,11-20,0,202.0,5073.9300671,0.0
621b,11-20,1,159.0,8353.950111,37.0
621b,21+,0,975.0,25062.500151,60.0
621b,21+,1,611.0,30297.670195,161.0
621b,6-10,0,46.0,1407.1000294,0.0
621b,6-10,1,31.0,1510.260038,0.0
621b,na,0,92.0,1157.1000048,0.0
621c,0-2,1,18.0,661.450012,0.0
621c,3-5,0,35.0,688.8200008000001,0.0
621c,3-5,1,31.0,871.53001,0.0
621c,6-10,0,24.0,585.38,0.0
621d,11-20,0,32.0,629.8300008000001,0.0
621d,6-10,0,44.0,876.4100013000002,0.0
621d,6-10,1,17.0,435.13,0.0
621e,0-2,1,33.0,2050.440016,10.0
621e,3-5,1,54.0,3614.870009,18.0
621e,6-10,1,44.0,2918.850025,16.0
621f,0-2,0,29.0,926.890013,0.0
621f,0-2,1,69.0,2514.15003,0.0
621f,11-20,0,49.0,1897.160028,0.0
621f,11-20,1,83.0,3659.160028,5.0
621f,3-5,0,36.0,1106.920012,0.0
621f,3-5,1,115.0,3987.47002,0.0
621f,6-10,0,44.0,1469.6000250000002,0.0
621f,6-10,1,136.0,4943.9200550000005,0.0
621x,0-2,0,221.0,7045.2100885,13.0
621x,0-2,1,227.0,11487.360147,35.0
621x,11-20,0,69.0,2161.8599709,13.0
621x,11-20,1,175.0,11620.67008,66.0
621x,21+,0,26.0,2055.069987,21.0
621x,21+,1,70.0,5432.180059,46.0
621x,3-5,0,33.0,1288.090019,6.0
621x,3-5,1,65.0,4001.930041,18.0
621x,6-10,0,29.0,848.1200107,0.0
621x,6-10,1,105.0,6112.600066,22.0
621x,na,1,25.0,632.3099972,0.0
622a,11-20,1,44.0,2355.300034,11.0
622a,21+,0,21.0,1090.170025,5.0
622a,21+,1,48.0,3057.620034,12.0
622b,11-20,0,12.0,240.69001,0.0
622b,11-20,1,25.0,491.20001,0.0
622b,21+,0,98.0,4283.230003,13.0
622b,21+,1,106.0,4959.7199765000005,22.0
622c,0-2,0,33.0,615.580003,0.0
622c,0-2,1,123.0,2430.490007,0.0
622c,11-20,0,36.0,636.97001,0.0
622c,11-20,1,141.0,3010.920001,0.0
622c,3-5,0,25.0,707.2900179999999,0.0
622c,3-5,1,98.0,1891.779998,0.0
622c,6-10,0,89.0,1653.5600049999998,0.0
622c,6-10,1,275.0,7093.5199913,11.0
622x,0-2,0,46.0,1660.200036,0.0
622x,0-2,1,58.0,1268.940028,0.0
622x,11-20,0,22.0,441.900012,0.0
622x,11-20,1,106.0,3601.1600485,10.0
622x,3-5,1,25.0,632.110012,0.0
622x,6-10,0,25.0,557.8700140000001,0.0
622x,6-10,1,102.0,2711.34003,0.0
623a,0-2,1,70.0,4301.990019999999,33.0
623a,11-20,1,158.0,7721.190059,37.0
623a,21+,0,130.0,6392.480032,27.0
623a,21+,1,306.0,17109.750086,97.0
623a,3-5,0,12.0,356.040006,0.0
623a,3-5,1,108.0,7015.530059,56.0
623a,6-10,0,34.0,1476.390011,7.0
623a,6-10,1,135.0,7139.180050999999,39.0
623b,0-2,1,72.0,3626.71,28.0
623b,11-20,0,23.0,1067.509997,9.0
623b,11-20,1,79.0,4171.050004999999,31.0
623b,21+,0,461.0,18644.1600828,77.0
623b,21+,1,1093.0,54526.6602155,269.0
623b,3-5,0,31.0,1150.209997,9.0
623b,3-5,1,102.0,4578.970009,30.0
623b,6-10,0,34.0,1420.539997,11.0
623b,6-10,1,112.0,5627.829988,48.0
623b,na,0,55.0,1121.0500078,0.0
623b,na,1,64.0,2367.430031,0.0
623c,11-20,0,18.0,23.4,0.0
623c,11-20,1,73.0,1404.5499989,7.0
623c,6-10,0,23.0,171.740006,0.0
623c,6-10,1,58.0,692.610011,0.0
623x,0-2,0,99.0,3445.450032,6.0
623x,0-2,1,239.0,13681.440043,102.0
623x,11-20,0,71.0,3110.999997,19.0
623x,11-20,1,296.0,17071.330044,123.0
623x,21+,0,14.0,1246.329988,14.0
623x,21+,1,46.0,3687.80004,36.0
623x,3-5,0,15.0,833.9500049999999,5.0
623x,3-5,1,118.0,7129.740024,58.0
623x,6-10,0,16.0,942.330002,7.0
623x,6-10,1,130.0,8167.149992,61.0
624z,21+,1,13.0,1221.610013,13.0
629z,0-2,1,26.0,2037.400046,20.0
629z,11-20,0,93.0,1974.8499931,0.0
629z,11-20,1,313.0,9703.8799923,15.0
629z,21+,0,192.0,4526.9099861,5.0
629z,21+,1,365.0,10821.2899897,29.0
629z,3-5,1,31.0,2017.6800406,20.0
629z,6-10,0,25.0,699.200002,0.0
629z,6-10,1,89.0,3238.5300037,10.0
629z,na,0,130.0,2974.4399872,6.0
629z,na,1,381.0,11193.1999528,11.0
640a,0-2,0,22.0,845.69,0.0
640a,0-2,1,178.0,7301.56,0.0
640a,11-20,0,82.0,3225.3400000000006,0.0
640a,11-20,1,342.0,14679.619991,17.0
640a,21+,0,286.0,10440.0899965,0.0
640a,21+,1,535.0,23003.689964,27.0
640a,3-5,0,22.0,902.44,0.0
640a,3-5,1,180.0,7771.280024000001,8.0
640a,6-10,0,54.0,2215.0800000000004,0.0
640a,6-10,1,257.0,11293.860026,17.0
640a,na,0,189.0,7546.38,0.0
640a,na,1,793.0,32663.029976,8.0
640b,11-20,0,18.0,534.0600000000001,0.0
640b,11-20,1,85.0,2521.9500000000003,0.0
640b,6-10,0,16.0,474.72,0.0
640b,6-10,1,36.0,1068.12,0.0
640x,0-2,0,155.0,5323.1400327,11.0
640x,0-2,1,363.0,12863.87998,13.0
640x,11-20,0,17.0,640.59,0.0
640x,11-20,1,106.0,7198.409944999999,60.0
640x,21+,0,43.0,1677.0400120000002,6.0
640x,21+,1,116.0,5991.200008000001,37.0
640x,3-5,0,35.0,1053.359993,0.0
640x,3-5,1,144.0,5777.429983,19.0
640x,6-10,0,25.0,741.75,0.0
640x,6-10,1,129.0,5047.079987,12.0
720z,0-2,0,267.0,12051.030131,41.0
720z,0-2,1,782.0,42111.2802912,202.0
720z,11-20,0,104.0,7406.640083,49.0
720z,11-20,1,850.0,58641.280099,401.0
720z,21+,1,12.0,811.320006,6.0
720z,3-5,0,155.0,8470.750099,35.0
720z,3-5,1,874.0,51167.0303134,242.0
720z,6-10,0,193.0,11510.0200545,76.0
720z,6-10,1,1053.0,65353.0001906,365.0
720z,na,0,170.0,4665.6699988,0.0
720z,na,1,429.0,12329.7198802,6.0
721a,0-2,0,145.0,6767.050066,7.0
721a,0-2,1,3330.0,218365.232826,63.0
721a,11-20,0,177.0,9332.249862,0.0
721a,11-20,1,1436.0,83817.489118,20.0
721a,21+,0,152.0,8080.359907999999,0.0
721a,21+,1,543.0,28615.800001,18.0
721a,3-5,0,184.0,11949.370083,0.0
721a,3-5,1,3349.0,219537.904749,95.0
721a,6-10,0,270.0,16298.969685,5.0
721a,6-10,1,3880.0,248065.913793,40.0
721a,na,1,53.0,2810.909949,0.0
721b,3-5,0,24.0,1566.0,0.0
721b,3-5,1,279.0,18220.689424,0.0
721b,6-10,0,31.0,2029.369929,0.0
721b,6-10,1,303.0,19712.279418,0.0
721b,na,0,202.0,12829.42963,0.0
721b,na,1,2143.0,138717.175869,6.0
721c,21+,0,37.0,1937.320037,0.0
721c,21+,1,45.0,2356.200045,0.0
721c,na,0,855.0,44693.7606798,0.0
721c,na,1,5082.0,270844.504733,18.0
721d,21+,0,11.0,575.960011,0.0
721d,21+,1,54.0,2827.440054,0.0
721d,na,0,382.0,20552.270292,6.0
721d,na,1,2723.0,146066.672397,14.0
721e,na,0,111.0,5888.580086999999,0.0
721e,na,1,1024.0,54560.64092799999,0.0
721f,na,0,153.0,8100.470125,0.0
721f,na,1,1255.0,68220.211036,14.0
721g,21+,0,44.0,2303.840044,0.0
721g,21+,1,48.0,2513.280048,0.0
721g,na,0,1498.0,79835.2709567,11.0
721g,na,1,4626.0,247507.713812,38.0
721h,21+,1,10.0,523.60001,0.0
721h,na,0,359.0,19540.190297,14.0
721h,na,1,1669.0,89741.01144399999,15.0
721i,21+,1,11.0,575.960011,0.0
721i,na,0,174.0,8981.840154,0.0
721i,na,1,1124.0,59611.051121,0.0
721j,na,0,41.0,2146.760041,0.0
721j,na,1,336.0,17773.400314,0.0
721k,na,0,42.0,2199.120042,0.0
721k,na,1,472.0,24989.200473,0.0
721l,na,0,158.0,8278.140124,0.0
721l,na,1,529.0,27978.970465,0.0
721m,21+,0,95.0,4947.100055,0.0
721m,21+,1,102.0,5223.740065,0.0
721x,0-2,0,2980.0,133644.291024,633.0
721x,0-2,1,3459.0,197689.0204854,958.0
721x,11-20,0,853.0,60383.589832,373.0
721x,11-20,1,5087.0,346234.4199173,1949.0
721x,21+,0,1199.0,80372.3107367,488.0
721x,21+,1,2815.0,188216.221647,1099.0
721x,3-5,0,399.0,28587.1500318,220.0
721x,3-5,1,2169.0,147169.189745,793.0
721x,6-10,0,454.0,30080.4899426,195.0
721x,6-10,1,3183.0,213189.3495277,1124.0
721x,na,0,96.0,3300.45001,6.0
721x,na,1,224.0,8243.8399436,6.0
723a,0-2,0,584.0,20511.239897,10.0
723a,0-2,1,11282.0,422268.9979117,6.0
723a,11-20,0,1573.0,67777.0097463,106.0
723a,11-20,1,15582.0,660099.8754777,670.0
723a,21+,0,2190.0,99645.5395647,236.0
723a,21+,1,5757.0,248967.3986919,395.0
723a,3-5,0,859.0,32191.7498242,0.0
723a,3-5,1,8614.0,326136.6477361,46.0
723a,6-10,0,1044.0,41106.9997663,31.0
723a,6-10,1,10403.0,411603.6066394,215.0
723a,na,0,241.0,8631.8998705,0.0
723a,na,1,1632.0,61633.6693452,17.0
723b,0-2,0,70.0,2650.129926,0.0
723b,0-2,1,435.0,16648.499235,0.0
723b,11-20,0,53.0,2254.749947,0.0
723b,11-20,1,500.0,21523.989408,22.0
723b,3-5,0,56.0,2134.859916,0.0
723b,3-5,1,454.0,17583.639273,0.0
723b,6-10,0,73.0,2832.859887,0.0
723b,6-10,1,670.0,27534.388984,23.0
723c,0-2,0,32.0,1177.570011,0.0
723c,0-2,1,595.0,21701.030496,0.0
723c,11-20,0,112.0,4658.870036,0.0
723c,11-20,1,1098.0,47345.650454,41.0
723c,21+,0,397.0,16793.350173,16.0
723c,21+,1,1167.0,53049.740411,84.0
723c,3-5,0,47.0,1730.440014,0.0
723c,3-5,1,487.0,18010.090351,0.0
723c,6-10,0,84.0,3135.070011,0.0
723c,6-10,1,736.0,29189.660478,13.0
723c,na,1,37.0,1540.330038,0.0
723d,0-2,0,13.0,489.669992,0.0
723d,0-2,1,538.0,20429.679501,0.0
723d,11-20,0,84.0,3400.739955,0.0
723d,11-20,1,1238.0,53957.889389,50.0
723d,21+,0,530.0,24338.819912,46.0
723d,21+,1,1484.0,67191.099456,101.0
723d,3-5,0,35.0,1330.29996,0.0
723d,3-5,1,505.0,19759.389536,8.0
723d,6-10,0,47.0,1774.219964,0.0
723d,6-10,1,803.0,32951.72945,27.0
723d,na,1,90.0,3753.419973,0.0
723e,0-2,1,326.0,12285.77969,0.0
723e,11-20,0,67.0,2519.369948,0.0
723e,11-20,1,619.0,25206.159584,10.0
723e,21+,0,402.0,18737.909835,37.0
723e,21+,1,1155.0,49844.029245000005,54.0
723e,3-5,0,23.0,867.3299770000001,0.0
723e,3-5,1,348.0,13133.879689,0.0
723e,6-10,0,62.0,2329.859955,0.0
723e,6-10,1,620.0,24965.989493,16.0
723e,na,0,17.0,641.0699830000001,0.0
723e,na,1,20.0,754.1999800000001,0.0
723f,0-2,1,73.0,2835.98998,0.0
723f,11-20,1,92.0,4109.61001,5.0
723f,3-5,1,88.0,3632.299998,0.0
723f,6-10,1,64.0,2621.509996,0.0
723g,0-2,1,98.0,3725.369987,0.0
723g,11-20,1,10.0,372.3,0.0
723g,3-5,1,61.0,2341.949988,0.0
723h,0-2,0,101.0,3764.809943,0.0
723h,0-2,1,1216.0,45564.669077,6.0
723h,11-20,0,524.0,20234.39966,5.0
723h,11-20,1,3798.0,155882.257832,115.0
723h,21+,0,1984.0,79378.008862,75.0
723h,21+,1,3153.0,128753.138338,114.0
723h,3-5,0,96.0,3490.329925,0.0
723h,3-5,1,1653.0,64824.438884,42.0
723h,6-10,0,190.0,7326.289869,0.0
723h,6-10,1,2628.0,106363.428396,86.0
723h,na,0,81.0,2964.259938,0.0
723h,na,1,254.0,10311.809864,6.0
723i,0-2,0,24.0,884.29,0.0
723i,0-2,1,672.0,24955.869998,0.0
723i,11-20,0,73.0,2702.240006,0.0
723i,11-20,1,1059.0,43001.190075,17.0
723i,21+,0,416.0,17758.129991,24.0
723i,21+,1,1281.0,53981.869954,50.0
723i,3-5,0,21.0,770.47,0.0
723i,3-5,1,612.0,23118.399997,0.0
723i,6-10,0,59.0,2179.8,0.0
723i,6-10,1,928.0,36118.500008,11.0
723i,na,0,22.0,817.42,0.0
723i,na,1,116.0,4841.990021,5.0
723j,0-2,1,107.0,4580.559925,0.0
723j,11-20,0,21.0,858.659987,0.0
723j,11-20,1,209.0,9304.369892,5.0
723j,21+,0,21.0,835.019991,0.0
723j,21+,1,103.0,4428.359937,0.0
723j,3-5,1,109.0,4758.569947,0.0
723j,6-10,1,167.0,7420.339914,0.0
723k,0-2,0,11.0,407.0,0.0
723k,0-2,1,489.0,18937.420016,0.0
723k,11-20,0,56.0,2074.3,0.0
723k,11-20,1,638.0,27758.470074,13.0
723k,21+,0,671.0,28616.359939,28.0
723k,21+,1,1669.0,75002.189968,93.0
723k,3-5,0,27.0,1000.15,0.0
723k,3-5,1,511.0,20814.400012,13.0
723k,6-10,0,32.0,1186.53,0.0
723k,6-10,1,656.0,27965.270053,30.0
723k,na,0,18.0,455.6,0.0
723k,na,1,47.0,1866.350016,0.0
723l,0-2,0,15.0,556.0999899999999,0.0
723l,0-2,1,205.0,8196.249762000001,5.0
723l,11-20,0,40.0,1469.659945,0.0
723l,11-20,1,228.0,10268.929784,16.0
723l,21+,1,12.0,443.939988,0.0
723l,3-5,1,220.0,9524.649772,11.0
723l,6-10,1,201.0,8620.419797,6.0
723l,na,1,15.0,555.629988,0.0
723m,0-2,0,22.0,884.0699890000001,0.0
723m,0-2,1,406.0,16833.379763,0.0
723m,11-20,1,32.0,1224.020046,0.0
723m,21+,0,4801.0,220409.6188044,458.0
723m,21+,1,15173.0,688673.9858316999,1173.0
723m,3-5,0,23.0,910.679996,0.0
723m,3-5,1,199.0,8630.039995000001,5.0
723m,na,0,77.0,2985.020057,0.0
723m,na,1,119.0,4583.450024,0.0
723n,0-2,0,43.0,1828.120031,0.0
723n,0-2,1,936.0,41524.910911,0.0
723n,11-20,0,106.0,4853.870108,0.0
723n,11-20,1,1513.0,71191.641387,42.0
723n,21+,0,836.0,38592.110643,22.0
723n,21+,1,2468.0,115952.01203,76.0
723n,3-5,0,47.0,2094.320047,0.0
723n,3-5,1,725.0,32250.240693,0.0
723n,6-10,0,41.0,1826.960041,0.0
723n,6-10,1,1137.0,51535.571078,13.0
723n,na,0,26.0,1158.560026,0.0
723n,na,1,180.0,8028.850154000001,0.0
723o,11-20,1,193.0,6326.179939,7.0
723o,6-10,1,206.0,6590.9599450000005,0.0
723p,0-2,0,27.0,491.259995,0.0
723p,0-2,1,490.0,10020.8499055,0.0
723p,11-20,1,83.0,1754.729968,0.0
723p,3-5,0,20.0,309.6,0.0
723p,3-5,1,300.0,5686.2199882,0.0
723p,6-10,0,17.0,439.079988,0.0
723p,6-10,1,220.0,5452.2299840000005,6.0
723q,0-2,0,13.0,489.979999,0.0
723q,0-2,1,302.0,8470.509936,0.0
723q,11-20,0,42.0,989.439986,0.0
723q,11-20,1,311.0,9552.839979,6.0
723q,3-5,0,20.0,505.219987,0.0
723q,3-5,1,274.0,7826.439965,0.0
723q,6-10,0,45.0,1449.599987,0.0
723q,6-10,1,485.0,14782.359891,19.0
723r,0-2,0,12.0,361.679988,0.0
723r,0-2,1,449.0,13242.659613999998,5.0
723r,11-20,0,19.0,572.659981,0.0
723r,11-20,1,289.0,9492.139792,11.0
723r,3-5,0,23.0,693.219977,0.0
723r,3-5,1,449.0,14409.779646,18.0
723r,6-10,0,30.0,904.19997,0.0
723r,6-10,1,487.0,15513.009654,17.0
723t,0-2,0,18.0,574.039987,0.0
723t,0-2,1,543.0,19896.939748,16.0
723t,11-20,1,105.0,3986.289979,5.0
723t,3-5,1,394.0,14523.039884,0.0
723t,6-10,1,271.0,10475.159909999998,12.0
723u,0-2,1,104.0,2999.239954,0.0
723u,11-20,1,23.0,695.379977,0.0
723u,3-5,0,10.0,301.39999,0.0
723u,3-5,1,163.0,4735.119973999999,0.0
723u,6-10,1,110.0,4122.780087,0.0
723x,0-2,0,4477.0,149963.78041859998,217.0
723x,0-2,1,6783.0,205810.3095575,320.0
723x,11-20,0,285.0,16980.710045,122.0
723x,11-20,1,1628.0,78043.8095014,386.0
723x,21+,0,13.0,229.1799982,0.0
723x,21+,1,103.0,3222.019945,6.0
723x,3-5,0,202.0,7055.6999739,7.0
723x,3-5,1,1477.0,65823.5095779,231.0
723x,6-10,0,206.0,9587.719997,47.0
723x,6-10,1,1769.0,83821.7293914,378.0
723x,na,0,52.0,1207.8599874,0.0
723x,na,1,164.0,4250.7299506,0.0
724a,0-2,0,49.0,1662.079902,0.0
724a,0-2,1,678.0,22997.758644,0.0
724a,11-20,0,365.0,12942.639344,6.0
724a,11-20,1,1019.0,37713.258295,22.0
724a,21+,0,1355.0,51082.7578016,64.0
724a,21+,1,1968.0,76876.006828,105.0
724a,3-5,0,159.0,5362.579697,0.0
724a,3-5,1,557.0,19335.398976,9.0
724a,6-10,0,322.0,11549.389461,9.0
724a,6-10,1,756.0,27565.03875,21.0
724a,na,0,189.0,6410.879622,0.0
724a,na,1,470.0,15942.39906,0.0
724c,21+,0,11.0,373.119978,0.0
724c,na,1,19.0,644.479962,0.0
724d,0-2,0,11.0,308.11,0.0
724d,0-2,1,159.0,4453.59,0.0
724d,11-20,0,134.0,3753.34,0.0
724d,11-20,1,771.0,23372.230069,0.0
724d,21+,0,415.0,13274.250047,19.0
724d,21+,1,1006.0,32815.980081,37.0
724d,3-5,0,30.0,840.3000000000001,0.0
724d,3-5,1,98.0,2744.98,0.0
724d,6-10,0,63.0,1764.63,0.0
724d,6-10,1,224.0,6272.630007,0.0
724d,na,0,54.0,1512.5400000000002,0.0
724d,na,1,82.0,2296.82,0.0
724e,0-2,0,119.0,3537.0000824000003,0.0
724e,0-2,1,1165.0,33065.541018,8.0
724e,11-20,0,47.0,1305.6600469999998,0.0
724e,11-20,1,221.0,6598.650201,5.0
724e,3-5,0,133.0,3694.740133,0.0
724e,3-5,1,884.0,25304.700799,14.0
724e,6-10,0,102.0,2833.560102,0.0
724e,6-10,1,594.0,16819.790502,5.0
724f,0-2,1,26.0,1220.18,0.0
724f,11-20,0,59.0,2713.32,0.0
724f,11-20,1,165.0,7832.670022,10.0
724f,21+,0,17.0,797.81,0.0
724f,21+,1,26.0,1220.18,0.0
724f,3-5,0,12.0,563.16,0.0
724f,3-5,1,50.0,2250.750005,0.0
724f,6-10,0,48.0,2252.64,0.0
724f,6-10,1,112.0,4964.430026,0.0
724x,0-2,0,512.0,18915.4201275,35.0
724x,0-2,1,722.0,25119.9801046,45.0
724x,11-20,0,81.0,2558.789987,0.0
724x,11-20,1,446.0,18046.91986,64.0
724x,21+,0,40.0,1776.559954,7.0
724x,21+,1,143.0,7360.4099245,50.0
724x,3-5,0,55.0,1540.5500000000002,0.0
724x,3-5,1,312.0,10195.259935,16.0
724x,6-10,0,110.0,3400.049997,0.0
724x,6-10,1,509.0,17807.259897000004,38.0
724x,na,0,56.0,1785.190031,0.0
724x,na,1,130.0,4181.5000537,0.0
725a,0-2,0,20.0,1036.650025,0.0
725a,0-2,1,97.0,5171.070097,0.0
725a,11-20,0,150.0,7938.360138,0.0
725a,11-20,1,330.0,17693.700209000002,0.0
725a,21+,0,63.0,3358.530063,0.0
725a,21+,1,125.0,6778.150059,0.0
725a,3-5,0,35.0,1865.850035,0.0
725a,3-5,1,63.0,3358.530063,0.0
725a,6-10,0,66.0,3488.910071,0.0
725a,6-10,1,165.0,8805.610114,0.0
725a,na,0,74.0,3944.940074,0.0
725a,na,1,94.0,4999.800055000001,0.0
725b,0-2,1,122.0,6878.360122,0.0
725b,11-20,0,37.0,1971.160031,0.0
725b,11-20,1,218.0,12434.18021,0.0
725b,21+,0,97.0,5447.610082,5.0
725b,21+,1,243.0,13980.860212,6.0
725b,3-5,0,23.0,1296.740023,0.0
725b,3-5,1,136.0,7667.680136,0.0
725b,6-10,0,19.0,1071.220019,0.0
725b,6-10,1,126.0,7103.880126,0.0
725c,0-2,1,23.0,1079.39,0.0
725c,11-20,0,16.0,750.88,0.0
725c,11-20,1,71.0,3440.78,0.0
725c,21+,0,38.0,1906.24001,0.0
725c,21+,1,142.0,7042.2399768,8.0
725c,3-5,1,28.0,1314.04,0.0
725c,6-10,1,49.0,2299.57,0.0
725d,0-2,0,21.0,1069.950021,0.0
725d,0-2,1,742.0,37850.950727,0.0
725d,11-20,0,76.0,4098.360087,0.0
725d,11-20,1,1125.0,60789.351072,45.0
725d,21+,0,1848.0,103448.76133470002,240.0
725d,21+,1,4248.0,238514.383188,509.0
725d,3-5,0,53.0,2718.770047,0.0
725d,3-5,1,761.0,38812.860748,0.0
725d,6-10,0,68.0,3609.450067,0.0
725d,6-10,1,892.0,46171.770891,6.0
725d,na,0,207.0,11994.690085,45.0
725d,na,1,226.0,11273.350182000002,8.0
725e,0-2,1,37.0,3544.240007,37.0
725e,11-20,1,81.0,7789.709954,76.0
725e,21+,1,21.0,2067.659979,21.0
725e,3-5,1,55.0,5334.479981,55.0
725e,6-10,1,66.0,6498.359934,66.0
725f,0-2,0,10.0,386.50002,0.0
725f,0-2,1,394.0,15228.100788,0.0
725f,11-20,0,38.0,1491.150061,0.0
725f,11-20,1,444.0,18045.020805,0.0
725f,21+,0,540.0,24041.980766,30.0
725f,21+,1,1113.0,48720.111314,53.0
725f,3-5,0,36.0,1391.400072,0.0
725f,3-5,1,441.0,17079.610838000004,0.0
725f,6-10,0,59.0,2280.350118,0.0
725f,6-10,1,542.0,21449.940998,0.0
725f,na,0,11.0,425.150022,0.0
725f,na,1,94.0,3664.530167,0.0
725x,0-2,0,502.0,19147.4101832,32.0
725x,0-2,1,1077.0,45307.7405124,60.0
725x,11-20,0,77.0,4747.730017,17.0
725x,11-20,1,522.0,29155.080221,81.0
725x,21+,1,59.0,3326.030053,6.0
725x,3-5,0,37.0,1742.530035,0.0
725x,3-5,1,285.0,12866.600047,8.0
725x,6-10,0,56.0,2587.570037,0.0
725x,6-10,1,453.0,21165.950161,23.0
726a,0-2,0,123.0,5191.439929000001,0.0
726a,0-2,1,1193.0,50058.278807,0.0
726a,11-20,0,310.0,14633.27983,17.0
726a,11-20,1,2884.0,135055.817817,159.0
726a,21+,0,1227.0,58806.94929800001,108.0
726a,21+,1,3665.0,179180.24752140002,339.0
726a,3-5,0,157.0,6587.719843000001,0.0
726a,3-5,1,1180.0,49664.388854,0.0
726a,6-10,0,224.0,9488.499823000002,0.0
726a,6-10,1,1671.0,73237.438519,44.0
726a,na,0,93.0,3871.579912,0.0
726a,na,1,376.0,16186.879642000002,6.0
726b,0-2,0,45.0,2383.930006,0.0
726b,0-2,1,1022.0,59040.069985,0.0
726b,11-20,0,174.0,10370.57003,12.0
726b,11-20,1,3060.0,183007.609806,188.0
726b,21+,0,994.0,58779.800092,86.0
726b,21+,1,2926.0,176701.06999900003,291.0
726b,3-5,0,54.0,3146.5800000000004,0.0
726b,3-5,1,998.0,57565.909899000006,0.0
726b,6-10,0,80.0,4741.040012,0.0
726b,6-10,1,1521.0,90171.399933,56.0
726b,na,0,16.0,797.6200000000001,0.0
726b,na,1,62.0,3612.74,0.0
726c,0-2,1,314.0,17733.64029,0.0
726c,11-20,0,26.0,1465.880026,0.0
726c,11-20,1,443.0,25647.190439,12.0
726c,21+,0,56.0,3388.98007,7.0
726c,21+,1,305.0,17592.480289000003,5.0
726c,3-5,0,33.0,1860.540033,0.0
726c,3-5,1,291.0,16433.11027,0.0
726c,6-10,0,52.0,2931.760052,0.0
726c,6-10,1,499.0,28807.620435,22.0
726c,na,1,15.0,845.700015,0.0
726d,0-2,0,10.0,712.79999,0.0
726d,0-2,1,150.0,10691.99985,0.0
726d,11-20,0,27.0,1926.169994,0.0
726d,11-20,1,275.0,19877.169819,29.0
726d,21+,0,27.0,1924.559973,0.0
726d,21+,1,209.0,14618.149838,19.0
726d,3-5,0,19.0,1354.319981,0.0
726d,3-5,1,135.0,9622.799865,0.0
726d,6-10,0,21.0,1496.879979,0.0
726d,6-10,1,181.0,12902.779839,15.0
726d,na,1,19.0,1354.319981,0.0
726e,0-2,1,23.0,1138.200023,0.0
726e,11-20,0,26.0,1509.040026,0.0
726e,11-20,1,48.0,2785.920048,0.0
726e,21+,1,16.0,928.640016,0.0
726e,3-5,0,19.0,1102.7600189999998,0.0
726e,3-5,1,30.0,1618.2500299999997,0.0
726e,6-10,0,24.0,1392.960024,0.0
726e,6-10,1,65.0,3329.980065,0.0
726e,na,0,88.0,5107.520087999999,0.0
726e,na,1,195.0,11170.260195,0.0
726f,0-2,0,22.0,1276.8800219999998,0.0
726f,0-2,1,40.0,2192.960024,0.0
726f,11-20,0,60.0,3482.40006,0.0
726f,11-20,1,82.0,4759.280081999999,0.0
726f,21+,0,10.0,580.40001,0.0
726f,21+,1,18.0,1044.720018,0.0
726f,3-5,0,51.0,2960.040051,0.0
726f,3-5,1,53.0,3076.120053,0.0
726f,6-10,0,78.0,4527.120078,0.0
726f,6-10,1,76.0,4411.040075999999,0.0
726f,na,0,158.0,9218.460145,0.0
726f,na,1,310.0,17621.290286,5.0
726x,0-2,0,1145.0,45653.72036,82.0
726x,0-2,1,1547.0,68498.0700639,123.0
726x,11-20,0,209.0,11986.579978,42.0
726x,11-20,1,1147.0,64916.069562,214.0
726x,21+,1,19.0,797.2399810000001,0.0
726x,3-5,0,110.0,4843.679993000001,0.0
726x,3-5,1,734.0,38873.6697021,126.0
726x,6-10,0,89.0,4180.649954,5.0
726x,6-10,1,1086.0,58735.6595323,166.0
726x,na,1,21.0,595.8599938,0.0
727a,0-2,0,26.0,1378.660031,0.0
727a,0-2,1,373.0,21597.810176,50.0
727a,11-20,0,135.0,9399.020079,54.0
727a,11-20,1,770.0,51839.840407,258.0
727a,21+,0,254.0,16593.620053,79.0
727a,21+,1,534.0,35578.830206,159.0
727a,3-5,0,66.0,3634.610053,0.0
727a,3-5,1,402.0,24670.780169,77.0
727a,6-10,0,101.0,6625.470025,29.0
727a,6-10,1,699.0,44697.27026,171.0
727a,na,0,48.0,2572.000072,0.0
727a,na,1,491.0,26431.220215,11.0
727b,0-2,0,36.0,1696.560011,0.0
727b,0-2,1,442.0,22164.019808,0.0
727b,11-20,0,75.0,4133.939979,5.0
727b,11-20,1,1183.0,62836.44943099999,45.0
727b,21+,0,799.0,41612.270111000005,25.0
727b,21+,1,1212.0,64152.009495,72.0
727b,3-5,0,38.0,1950.94001,0.0
727b,3-5,1,373.0,19101.069773,0.0
727b,6-10,0,39.0,1967.349991,0.0
727b,6-10,1,483.0,25202.179662,0.0
727b,na,1,36.0,1932.489968,0.0
727x,0-2,0,361.0,14419.430112,27.0
727x,0-2,1,858.0,33972.4606692,58.0
727x,11-20,0,52.0,3419.739998,22.0
727x,11-20,1,395.0,23356.960011,125.0
727x,21+,0,39.0,3171.289976,33.0
727x,21+,1,134.0,9802.440008,76.0
727x,3-5,0,52.0,2126.990026,5.0
727x,3-5,1,348.0,13046.690229,29.0
727x,6-10,0,53.0,2269.719978,10.0
727x,6-10,1,337.0,14750.210178,54.0
727x,na,0,22.0,454.6700025,0.0
727x,na,1,82.0,2708.0300461,0.0
729z,0-2,0,196.0,6956.8100212,21.0
729z,0-2,1,555.0,25535.5901346,98.0
729z,11-20,0,390.0,16089.8800353,56.0
729z,11-20,1,1677.0,77308.2100072,287.0
729z,21+,0,225.0,8932.5200289,20.0
729z,21+,1,575.0,20606.8499881,40.0
729z,3-5,0,35.0,1203.0100098,0.0
729z,3-5,1,352.0,19991.55014,112.0
729z,6-10,0,159.0,6015.440036800001,14.0
729z,6-10,1,834.0,40318.6499877,164.0
729z,na,0,448.0,16092.3400728,40.0
729z,na,1,2008.0,74398.7397072,104.0
760z,11-20,1,102.0,3953.3000254,0.0
760z,6-10,1,12.0,529.08,0.0
760z,na,0,39.0,1023.3700052,0.0
760z,na,1,91.0,2629.3700046,0.0
761a,11-20,1,34.0,2240.370033,5.0
761c,0-2,0,26.0,1205.52,0.0
761c,0-2,1,513.0,23353.110117,6.0
761c,11-20,0,250.0,11696.48009,20.0
761c,11-20,1,1717.0,82047.22022830001,143.0
761c,21+,0,1449.0,79789.7703179,340.0
761c,21+,1,4381.0,229504.9099716,824.0
761c,3-5,0,59.0,2609.030021,0.0
761c,3-5,1,469.0,21646.560113,11.0
761c,6-10,0,105.0,4785.920034,0.0
761c,6-10,1,684.0,31132.3101666,23.0
761c,na,0,416.0,23718.400048,97.0
761c,na,1,682.0,36221.8700002,138.0
761x,11-20,1,16.0,705.44,0.0
761x,na,1,59.0,1741.5800093,0.0
762a,0-2,1,48.0,2755.340093,0.0
762a,11-20,0,15.0,1004.1,5.0
762a,11-20,1,152.0,9037.699954,16.0
762a,21+,0,292.0,15881.839935,45.0
762a,21+,1,604.0,35197.789831,111.0
762a,3-5,1,12.0,626.010016,0.0
762a,6-10,1,88.0,4830.669981,12.0
762b,11-20,0,60.0,3605.789992,14.0
762b,11-20,1,941.0,56581.949767,130.0
762b,21+,0,581.0,33908.499827,118.0
762b,21+,1,1940.0,115500.759422,351.0
762b,6-10,1,91.0,5195.189977999999,8.0
762b,na,0,108.0,6291.869988,27.0
762b,na,1,50.0,2442.679981,6.0
762c,0-2,0,154.0,6451.6800570000005,5.0
762c,0-2,1,954.0,41015.9904468,21.0
762c,11-20,0,214.0,10267.469994,6.0
762c,11-20,1,1926.0,100090.0300748,186.0
762c,21+,0,231.0,12933.180068,33.0
762c,21+,1,788.0,43129.150076,73.0
762c,3-5,0,158.0,6314.710045000001,0.0
762c,3-5,1,981.0,43041.6503172,33.0
762c,6-10,0,216.0,9122.950091,6.0
762c,6-10,1,1418.0,62362.750306600006,58.0
762d,0-2,0,291.0,15106.470127,23.0
762d,0-2,1,4767.0,259633.0327908,113.0
762d,11-20,0,859.0,51239.640221,131.0
762d,11-20,1,10210.0,602991.4022712,1179.0
762d,21+,0,3885.0,241619.2007927,942.0
762d,21+,1,8832.0,536259.521305,1546.0
762d,3-5,0,368.0,19779.190177,11.0
762d,3-5,1,5502.0,308619.8827214,269.0
762d,6-10,0,687.0,38837.740229,72.0
762d,6-10,1,8741.0,503488.1227738,672.0
762d,na,0,21.0,1024.040008,0.0
762d,na,1,31.0,1859.220005,5.0
762f,0-2,0,21.0,1789.620021,21.0
762f,0-2,1,375.0,31652.170343,365.0
762f,11-20,0,80.0,6509.650084999999,64.0
762f,11-20,1,1158.0,93144.500664,924.0
762f,21+,0,343.0,26732.870211,233.0
762f,21+,1,765.0,59421.370383,538.0
762f,3-5,0,26.0,2215.720026,26.0
762f,3-5,1,466.0,38861.180397,431.0
762f,6-10,0,39.0,3211.330039,33.0
762f,6-10,1,674.0,54838.570464,563.0
762x,0-2,0,2753.0,110379.1309396,191.0
762x,0-2,1,5238.0,250156.7120499,541.0
762x,11-20,0,424.0,24765.9300949,108.0
762x,11-20,1,2374.0,137424.7599084,496.0
762x,21+,0,89.0,5869.680037,37.0
762x,21+,1,344.0,20860.640097,88.0
762x,3-5,0,148.0,6849.3600797,11.0
762x,3-5,1,1294.0,70896.9203838,160.0
762x,6-10,0,237.0,12343.3700388,25.0
762x,6-10,1,1889.0,107742.5501612,342.0
769z,0-2,0,49.0,1880.870009,0.0
769z,0-2,1,122.0,5876.61003,21.0
769z,11-20,1,108.0,5087.099986,12.0
769z,21+,1,36.0,1372.319991,0.0
769z,3-5,1,25.0,1049.770002,0.0
769z,6-10,1,53.0,2889.060012,11.0
769z,na,0,15.0,245.3000025,0.0
769z,na,1,22.0,540.7099954,0.0
811a,21+,1,12.0,389.819995,0.0
811b,0-2,0,23.0,881.9699956000001,0.0
811b,0-2,1,94.0,5980.61995,20.0
811b,11-20,0,12.0,982.980012,6.0
811b,11-20,1,45.0,3243.719978,27.0
811b,3-5,0,35.0,2374.860033,5.0
811b,3-5,1,92.0,5507.7900096,22.0
811b,6-10,0,40.0,2856.320008,12.0
811b,6-10,1,101.0,6654.4200166,36.0
811c,0-2,0,28.0,460.0399808,0.0
811c,0-2,1,50.0,1069.4999839,0.0
811c,11-20,0,68.0,2006.640017,0.0
811c,11-20,1,167.0,5983.990027299999,6.0
811c,3-5,0,37.0,1130.100002,0.0
811c,3-5,1,76.0,2373.0599727,5.0
811c,6-10,0,79.0,2835.7700147,5.0
811c,6-10,1,138.0,4942.599949699999,16.0
811d,0-2,1,23.0,990.17999,5.0
811x,0-2,0,166.0,4678.150006,0.0
811x,0-2,1,223.0,7529.839949699999,13.0
811x,11-20,0,109.0,4982.3000708,14.0
811x,11-20,1,312.0,15620.2600853,78.0
811x,21+,1,12.0,596.6700099999999,0.0
811x,3-5,0,49.0,2103.459989,5.0
811x,3-5,1,123.0,4474.6799894,0.0
811x,6-10,0,97.0,3569.9100301000003,0.0
811x,6-10,1,286.0,13677.0499832,65.0
811x,na,0,191.0,4634.9900064,0.0
811x,na,1,332.0,8828.3700606,0.0
812z,0-2,0,614.0,31197.2002353,140.0
812z,0-2,1,1154.0,73269.7203495,439.0
812z,11-20,0,633.0,44566.3301339,280.0
812z,11-20,1,1912.0,131304.0600825,898.0
812z,21+,0,140.0,11290.489966,87.0
812z,21+,1,386.0,29675.229994,244.0
812z,3-5,0,481.0,30446.9701352,173.0
812z,3-5,1,1223.0,84644.9801389,541.0
812z,6-10,0,867.0,59152.0602082,399.0
812z,6-10,1,1905.0,129224.290221,846.0
812z,na,0,52.0,1536.6800297,0.0
812z,na,1,105.0,2924.1000236,0.0
813z,0-2,0,523.0,23249.1002578,51.0
813z,0-2,1,1033.0,52157.8104846,164.0
813z,11-20,0,359.0,21213.17018,98.0
813z,11-20,1,1069.0,63402.6201225,316.0
813z,21+,0,106.0,6360.390074,27.0
813z,21+,1,432.0,27464.610044,161.0
813z,3-5,0,237.0,11666.620159,30.0
813z,3-5,1,668.0,36759.1701035,135.0
813z,6-10,0,312.0,17962.0602156,77.0
813z,6-10,1,1164.0,63751.0201487,284.0
813z,na,0,19.0,607.9500218,0.0
813z,na,1,57.0,2315.1099919000003,8.0
814a,11-20,1,84.0,6218.149959,33.0
814a,21+,1,18.0,1378.789987,5.0
815a,0-2,0,40.0,1766.690029,0.0
815a,0-2,1,60.0,2690.34001,0.0
815a,11-20,0,22.0,1000.240005,0.0
815a,11-20,1,55.0,3028.449998,8.0
815a,3-5,0,53.0,2745.550032,8.0
815a,3-5,1,135.0,6073.6700065,12.0
815a,6-10,0,72.0,4044.470042,14.0
815a,6-10,1,147.0,6675.000051,8.0
815b,11-20,1,45.0,1743.4800269999998,0.0
815b,3-5,0,39.0,1903.490024,5.0
815b,3-5,1,363.0,14541.2102164,6.0
815b,6-10,0,104.0,4958.320039,12.0
815b,6-10,1,541.0,21816.180248,23.0
815x,na,0,48.0,1143.2799926,0.0
815x,na,1,75.0,2531.819981,0.0
819z,0-2,0,74.0,3564.63006,8.0
819z,0-2,1,153.0,9550.199997,63.0
819z,11-20,0,501.0,16412.8700819,41.0
819z,11-20,1,1274.0,40959.9799501,75.0
819z,21+,0,353.0,9301.1999946,9.0
819z,21+,1,780.0,20882.0899271,23.0
819z,3-5,0,48.0,1336.6900240999998,0.0
819z,3-5,1,124.0,5363.9300747,15.0
819z,6-10,0,187.0,5761.1900364,12.0
819z,6-10,1,415.0,14432.1300197,26.0
819z,na,0,227.0,5851.8600104,6.0
819z,na,1,569.0,16135.5499013,14.0
840a,0-2,0,62.0,3771.790132,12.0
840a,0-2,1,304.0,21416.310584,105.0
840a,11-20,0,19.0,1348.750052,0.0
840a,11-20,1,104.0,7695.190147,47.0
840a,3-5,0,20.0,1406.550065,0.0
840a,3-5,1,150.0,10259.84029,45.0
840a,6-10,0,88.0,5639.830161,21.0
840a,6-10,1,283.0,19215.530346,91.0
840b,0-2,0,21.0,364.860006,0.0
840b,0-2,1,457.0,4697.96,0.0
840b,11-20,0,36.0,370.08,0.0
840b,11-20,1,437.0,5313.180055999999,0.0
840b,3-5,0,19.0,195.32,0.0
840b,3-5,1,361.0,4180.120032,0.0
840b,6-10,0,39.0,400.92,0.0
840b,6-10,1,557.0,7555.360092,0.0
840c,0-2,0,45.0,558.449985,0.0
840c,0-2,1,33.0,632.969982,0.0
840c,11-20,0,269.0,9430.079803,0.0
840c,11-20,1,424.0,18902.649911,62.0
840c,21+,0,412.0,15878.559758,26.0
840c,21+,1,407.0,16218.649876,51.0
840c,3-5,0,51.0,1393.019985,0.0
840c,3-5,1,77.0,2010.169981,0.0
840c,6-10,0,120.0,4066.969955,0.0
840c,6-10,1,155.0,5943.45003,13.0
840c,na,0,17.0,349.099994,0.0
840d,0-2,0,16.0,725.570015,0.0
840d,0-2,1,38.0,1046.520038,0.0
840d,11-20,0,76.0,2312.890081,0.0
840d,11-20,1,113.0,3471.6001130000004,0.0
840d,21+,0,126.0,5288.530125,0.0
840d,21+,1,450.0,20881.170382,43.0
840d,3-5,0,17.0,468.180017,0.0
840d,3-5,1,47.0,1460.340047,0.0
840d,6-10,0,67.0,2635.490084,5.0
840d,6-10,1,240.0,10265.6503009,10.0
840d,na,0,12.0,468.780012,0.0
840d,na,1,14.0,551.5200140000001,0.0
840x,0-2,0,121.0,3968.7200762,5.0
840x,0-2,1,139.0,6277.180123,27.0
840x,11-20,0,151.0,9114.13018,31.0
840x,11-20,1,507.0,33667.990556,219.0
840x,3-5,0,33.0,659.90999,0.0
840x,3-5,1,56.0,1975.230022,0.0
840x,6-10,0,112.0,6059.660122,22.0
840x,6-10,1,342.0,21448.540413,111.0
840x,na,0,91.0,2267.8300094,0.0
840x,na,1,146.0,3606.00003176,0.0
851z,0-2,0,70.0,3513.8700467,20.0
851z,0-2,1,237.0,15589.7498546,111.0
851z,11-20,0,12.0,980.16,12.0
851z,11-20,1,214.0,16239.789869,138.0
851z,21+,0,57.0,3635.589979,20.0
851z,21+,1,90.0,5729.929943,10.0
851z,3-5,1,214.0,16397.499831,128.0
851z,6-10,0,20.0,1633.6,20.0
851z,6-10,1,197.0,15468.639871,134.0
861a,0-2,1,1611.0,51075.778407000005,0.0
861a,11-20,0,137.0,7785.829961,55.0
861a,11-20,1,4370.0,194342.7955538,1131.0
861a,21+,0,2464.0,154701.7703871,1222.0
861a,21+,1,7313.0,338417.55480744,1860.0
861a,3-5,1,1393.0,44485.078595,12.0
861a,6-10,0,79.0,2493.2399210000003,0.0
861a,6-10,1,3393.0,125825.2766587,374.0
861a,na,0,41.0,2175.580011,16.0
861a,na,1,106.0,4486.4899,23.0
861c,0-2,0,16.0,100.1600032,0.0
861c,0-2,1,1224.0,10236.0102686,6.0
861c,11-20,0,107.0,2448.0000352,16.0
861c,11-20,1,1193.0,30517.7502351,125.0
861c,21+,0,33.0,206.5800066,0.0
861c,21+,1,89.0,1862.260001,12.0
861c,3-5,0,33.0,446.3400114,0.0
861c,3-5,1,688.0,10344.710194,22.0
861c,6-10,0,86.0,1574.2100222,5.0
861c,6-10,1,981.0,24709.7902897,82.0
861x,0-2,1,442.0,6363.1601981,22.0
861x,11-20,0,20.0,1167.3600008,12.0
861x,11-20,1,730.0,13948.0800059,77.0
861x,21+,0,12.0,823.890012,7.0
861x,21+,1,39.0,3413.5899950000003,34.0
861x,3-5,1,327.0,5158.7101108,29.0
861x,6-10,0,22.0,962.4100139,8.0
861x,6-10,1,649.0,9354.2601514,38.0
863a,0-2,0,15.0,447.40002,0.0
863a,11-20,0,134.0,8263.939977,18.0
863a,11-20,1,67.0,4264.39006,22.0
863a,21+,0,368.0,25598.1301146,149.0
863a,21+,1,804.0,58427.4199785,385.0
863a,3-5,0,26.0,1265.399998,0.0
863a,6-10,0,299.0,17420.079971,31.0
863a,6-10,1,73.0,5374.309977,40.0
863a,na,0,491.0,30627.8000567,130.0
863a,na,1,311.0,22252.810036,151.0
863b,0-2,0,83.0,5778.849973,28.0
863b,11-20,0,433.0,31798.489856,185.0
863b,11-20,1,186.0,14392.769947,92.0
863b,21+,0,33.0,2311.430004,15.0
863b,21+,1,21.0,1887.339994,21.0
863b,3-5,0,130.0,9494.799915,40.0
863b,6-10,0,120.0,8574.159899,43.0
863b,6-10,1,10.0,829.799995,5.0
863b,na,0,834.0,59212.7799195,407.0
863b,na,1,275.0,20032.540059,141.0
863x,0-2,0,63.0,3007.780069,7.0
863x,11-20,0,155.0,10384.479968,46.0
863x,11-20,1,84.0,6058.790003,34.0
863x,21+,0,323.0,22057.4600706,138.0
863x,21+,1,349.0,25157.409993,168.0
863x,3-5,0,42.0,2080.500014,0.0
863x,6-10,0,47.0,2960.689979,5.0
863x,na,0,1124.0,61671.4101144,288.0
863x,na,1,642.0,34745.3500582,167.0
869z,0-2,1,22.0,1478.740022,12.0
869z,3-5,1,25.0,1466.350025,10.0
869z,6-10,0,21.0,1217.390025,7.0
869z,6-10,1,108.0,6932.830055,40.0
869z,na,0,17.0,224.730004,0.0
869z,na,1,54.0,1471.2099812,0.0
999z,0-2,1,32.0,1441.180006,5.0
999z,11-20,0,1112.0,45131.2201438,195.0
999z,11-20,1,3184.0,144844.31996725,674.0
999z,21+,0,1875.0,93637.5803485,560.0
999z,21+,1,3786.0,178727.2101934,1007.0
999z,3-5,0,14.0,99.0600038,0.0
999z,3-5,1,125.0,5122.4000704,16.0
999z,6-10,0,254.0,9531.680063,36.0
999z,6-10,1,707.0,29841.8601126,121.0
999z,na,0,5533.0,225918.57054129,1133.0
999z,na,1,12054.0,545421.59022198,3224.0
