ssyk1,age_group,code_age,ssyk_status,n,year
7,50+,4,5,6906.0,2019
7,22-29,1,2,1084.0,2019
8,50+,0,3,130.0,2019
0,50+,3,3,,2019
2,50+,3,5,13314.0,2019
2,50+,0,12,1536.0,2019
5,50+,0,3,906.0,2019
4,30-49,4,3,21.0,2019
1,50+,2,1,6446.0,2019
9,30-49,1,4,1139.0,2019
3,30-49,-1,3,43.0,2019
7,22-29,5,3,,2019
6,30-49,0,12,52.0,2019
0,22-29,3,5,194.0,2019
6,30-49,2,1,856.0,2019
9,22-29,0,4,369.0,2019
3,50+,0,2,2031.0,2019
2,30-49,4,4,139.0,2019
8,22-29,0,2,867.0,2019
6,22-29,0,15,323.0,2019
4,22-29,2,3,35.0,2019
4,22-29,2,5,4937.0,2019
4,22-29,1,3,92.0,2019
5,22-29,0,2,3816.0,2019
5,22-29,2,5,15086.0,2019
4,22-29,1,5,3861.0,2019
8,22-29,1,5,1867.0,2019
2,22-29,2,1,1726.0,2019
7,50+,1,2,887.0,2019
7,22-29,4,5,1799.0,2019
1,22-29,4,4,,2019
7,30-49,0,14,5003.0,2019
5,30-49,-1,2,172.0,2019
8,30-49,-1,2,84.0,2019
9,30-49,3,2,55.0,2019
4,50+,5,3,16.0,2019
1,22-29,3,3,,2019
9,22-29,3,1,805.0,2019
2,22-29,-1,4,56.0,2019
4,22-29,0,2,1568.0,2019
3,30-49,5,5,3343.0,2019
8,30-49,4,1,2887.0,2019
7,50+,4,3,25.0,2019
3,22-29,1,5,2452.0,2019
8,22-29,1,3,50.0,2019
5,50+,0,14,6655.0,2019
3,22-29,2,5,2818.0,2019
9,30-49,-1,1,2456.0,2019
7,22-29,4,3,7.0,2019
1,50+,0,2,834.0,2019
9,50+,3,2,25.0,2019
1,22-29,3,5,100.0,2019
5,22-29,3,4,505.0,2019
3,50+,1,1,21084.0,2019
1,50+,1,5,1658.0,2019
4,30-49,3,1,2869.0,2019
7,22-29,5,5,879.0,2019
3,30-49,1,1,26669.0,2019
1,30-49,5,4,33.0,2019
4,30-49,0,15,86.0,2019
3,22-29,0,2,1379.0,2019
6,30-49,0,4,30.0,2019
0,22-29,-1,4,16.0,2019
3,50+,2,2,337.0,2019
4,50+,-1,3,21.0,2019
0,30-49,1,1,128.0,2019
5,50+,4,4,124.0,2019
5,50+,0,5,1567.0,2019
2,50+,3,3,41.0,2019
8,50+,2,2,186.0,2019
0,22-29,3,3,,2019
7,22-29,-1,4,108.0,2019
2,22-29,0,1,112411.0,2019
3,50+,0,14,6403.0,2019
4,30-49,0,4,285.0,2019
3,30-49,5,3,13.0,2019
2,50+,-1,4,46.0,2019
3,22-29,3,3,5.0,2019
3,22-29,3,5,1851.0,2019
9,30-49,3,3,26.0,2019
0,30-49,-1,3,,2019
8,50+,-1,1,2045.0,2019
1,22-29,1,5,131.0,2019
3,50+,4,4,94.0,2019
2,22-29,5,2,9.0,2019
5,30-49,4,4,235.0,2019
1,22-29,2,5,177.0,2019
0,22-29,3,2,21.0,2019
7,22-29,3,2,97.0,2019
7,50+,3,2,77.0,2019
5,30-49,0,1,311939.0,2019
5,50+,-1,1,3025.0,2019
3,22-29,5,4,20.0,2019
6,22-29,1,3,42.0,2019
0,30-49,2,5,26.0,2019
8,30-49,5,3,,2019
5,22-29,0,13,713.0,2019
3,50+,0,13,3660.0,2019
9,30-49,5,1,534.0,2019
6,30-49,4,3,38.0,2019
9,22-29,2,4,270.0,2019
5,50+,0,2,1667.0,2019
8,30-49,3,1,2942.0,2019
7,50+,2,4,152.0,2019
4,22-29,4,3,10.0,2019
9,22-29,1,4,1138.0,2019
2,50+,3,2,248.0,2019
5,22-29,0,5,2138.0,2019
6,22-29,2,3,7.0,2019
2,22-29,-1,2,122.0,2019
4,30-49,2,2,179.0,2019
1,50+,4,4,93.0,2019
4,30-49,1,2,1335.0,2019
7,30-49,5,5,2424.0,2019
3,22-29,4,4,19.0,2019
4,30-49,3,4,91.0,2019
0,50+,5,1,62.0,2019
8,22-29,5,5,658.0,2019
2,22-29,4,1,242.0,2019
1,50+,-1,1,2804.0,2019
4,22-29,4,2,30.0,2019
5,30-49,5,4,103.0,2019
2,30-49,2,1,10817.0,2019
2,30-49,1,1,36840.0,2019
3,30-49,5,2,62.0,2019
0,50+,3,2,5.0,2019
0,50+,0,4,,2019
8,50+,4,3,17.0,2019
1,30-49,5,1,1359.0,2019
8,50+,0,13,2372.0,2019
2,22-29,3,1,887.0,2019
9,30-49,0,12,,2019
3,22-29,-1,1,2937.0,2019
6,50+,2,1,797.0,2019
2,30-49,-1,3,48.0,2019
6,30-49,1,4,134.0,2019
7,30-49,2,4,373.0,2019
3,50+,0,3,190.0,2019
8,22-29,0,3,102.0,2019
1,22-29,0,5,51.0,2019
5,22-29,2,3,128.0,2019
4,30-49,4,2,65.0,2019
6,22-29,4,2,9.0,2019
4,30-49,1,5,2769.0,2019
6,50+,2,4,23.0,2019
3,22-29,2,2,152.0,2019
2,22-29,5,3,,2019
2,50+,0,13,6009.0,2019
3,50+,-1,1,5003.0,2019
8,22-29,4,5,1378.0,2019
4,22-29,0,5,620.0,2019
5,50+,0,13,4230.0,2019
0,30-49,-1,2,10.0,2019
4,50+,-1,2,28.0,2019
6,22-29,4,3,6.0,2019
8,50+,0,14,3208.0,2019
1,30-49,0,1,110551.0,2019
4,30-49,0,2,1437.0,2019
3,22-29,0,15,217.0,2019
4,22-29,5,3,,2019
6,30-49,-1,1,751.0,2019
3,30-49,3,4,164.0,2019
0,30-49,5,2,,2019
1,50+,4,1,4710.0,2019
2,22-29,5,5,552.0,2019
5,30-49,2,1,9360.0,2019
3,50+,2,3,37.0,2019
3,22-29,3,2,56.0,2019
9,50+,3,3,12.0,2019
4,30-49,1,3,69.0,2019
9,50+,0,15,631.0,2019
8,30-49,1,1,10294.0,2019
2,50+,-1,1,4406.0,2019
6,30-49,5,5,187.0,2019
5,30-49,5,1,1514.0,2019
6,22-29,2,5,439.0,2019
4,30-49,0,13,,2019
8,50+,2,5,4157.0,2019
3,30-49,4,1,3202.0,2019
0,50+,0,3,,2019
4,22-29,0,3,299.0,2019
2,30-49,1,4,4273.0,2019
6,30-49,0,5,226.0,2019
9,50+,5,4,22.0,2019
8,22-29,5,3,,2019
7,50+,-1,3,8.0,2019
8,30-49,0,14,2046.0,2019
6,22-29,4,5,268.0,2019
9,22-29,2,5,5362.0,2019
2,50+,0,2,2519.0,2019
9,22-29,1,3,84.0,2019
8,50+,2,4,111.0,2019
1,22-29,4,5,76.0,2019
9,22-29,0,1,30474.0,2019
8,50+,3,5,4359.0,2019
8,22-29,0,15,284.0,2019
1,50+,1,4,670.0,2019
5,22-29,2,2,732.0,2019
6,50+,-1,3,,2019
2,30-49,4,1,3419.0,2019
3,50+,0,11,,2019
0,22-29,-1,2,27.0,2019
4,22-29,2,2,199.0,2019
7,50+,1,3,21.0,2019
7,30-49,0,4,467.0,2019
7,50+,-1,1,4963.0,2019
9,22-29,2,1,1743.0,2019
3,30-49,2,3,68.0,2019
5,22-29,0,3,1604.0,2019
6,50+,5,4,5.0,2019
5,50+,1,1,26341.0,2019
4,22-29,3,1,1107.0,2019
4,50+,1,1,12861.0,2019
5,30-49,3,4,234.0,2019
7,22-29,1,5,2405.0,2019
5,22-29,3,2,353.0,2019
6,22-29,1,2,72.0,2019
1,22-29,1,2,99.0,2019
0,22-29,5,3,,2019
6,22-29,0,4,52.0,2019
8,30-49,5,5,1476.0,2019
9,50+,1,5,1664.0,2019
7,50+,0,4,182.0,2019
9,50+,2,1,3180.0,2019
2,22-29,0,15,129.0,2019
1,22-29,1,3,5.0,2019
5,30-49,-1,3,45.0,2019
8,30-49,-1,3,23.0,2019
9,22-29,0,14,143.0,2019
9,30-49,4,4,77.0,2019
5,22-29,4,3,59.0,2019
7,22-29,5,4,24.0,2019
7,30-49,5,3,10.0,2019
9,50+,-1,4,27.0,2019
5,50+,3,5,12542.0,2019
3,50+,5,1,2496.0,2019
7,50+,4,4,103.0,2019
9,30-49,0,13,,2019
9,30-49,2,1,3803.0,2019
4,30-49,5,1,1092.0,2019
8,50+,0,2,1205.0,2019
6,50+,4,1,2178.0,2019
8,30-49,-1,4,62.0,2019
7,30-49,0,1,105587.0,2019
8,22-29,0,5,485.0,2019
4,30-49,0,3,268.0,2019
4,50+,5,2,45.0,2019
8,22-29,4,2,49.0,2019
4,22-29,0,15,11.0,2019
4,22-29,5,2,20.0,2019
3,22-29,2,3,35.0,2019
9,50+,1,1,8569.0,2019
5,30-49,1,2,3274.0,2019
6,22-29,0,1,3091.0,2019
0,50+,5,4,,2019
3,30-49,3,2,139.0,2019
8,30-49,2,5,2803.0,2019
0,22-29,0,1,49.0,2019
5,50+,4,3,65.0,2019
7,22-29,0,1,51857.0,2019
6,22-29,0,13,178.0,2019
5,30-49,0,14,5006.0,2019
5,50+,2,5,13220.0,2019
2,50+,4,4,97.0,2019
5,22-29,0,15,1377.0,2019
5,50+,2,4,356.0,2019
4,30-49,4,5,2733.0,2019
3,22-29,0,3,256.0,2019
4,50+,0,1,88419.0,2019
7,22-29,4,2,72.0,2019
7,22-29,3,5,2379.0,2019
9,30-49,3,5,3649.0,2019
3,30-49,1,4,2691.0,2019
1,30-49,1,1,14870.0,2019
6,22-29,-1,1,405.0,2019
2,50+,4,5,12002.0,2019
1,22-29,0,2,110.0,2019
0,22-29,4,5,129.0,2019
8,50+,1,1,11684.0,2019
8,22-29,3,2,66.0,2019
7,30-49,5,4,75.0,2019
1,50+,0,3,57.0,2019
5,22-29,5,1,657.0,2019
0,30-49,0,1,16.0,2019
2,30-49,0,14,6249.0,2019
5,22-29,1,2,4102.0,2019
3,22-29,0,5,872.0,2019
3,22-29,4,2,28.0,2019
2,50+,5,1,2177.0,2019
4,22-29,-1,4,37.0,2019
6,30-49,1,5,463.0,2019
3,22-29,-1,4,65.0,2019
8,22-29,5,4,15.0,2019
7,50+,-1,2,81.0,2019
7,22-29,0,5,903.0,2019
7,50+,0,13,5080.0,2019
8,50+,3,1,4010.0,2019
8,22-29,3,5,1881.0,2019
4,50+,5,4,30.0,2019
5,30-49,5,3,28.0,2019
1,50+,0,4,79.0,2019
9,30-49,3,4,68.0,2019
9,50+,1,2,561.0,2019
9,30-49,0,15,869.0,2019
0,50+,1,3,,2019
0,50+,1,5,,2019
8,22-29,4,4,47.0,2019
6,22-29,4,1,147.0,2019
4,22-29,0,14,11.0,2019
9,30-49,1,2,1053.0,2019
5,22-29,5,5,4460.0,2019
1,22-29,5,1,16.0,2019
5,50+,1,5,3840.0,2019
7,22-29,2,5,2904.0,2019
4,22-29,3,5,3823.0,2019
2,22-29,2,5,3134.0,2019
1,22-29,0,4,27.0,2019
9,22-29,4,5,3408.0,2019
4,50+,3,5,5746.0,2019
8,22-29,0,12,93.0,2019
6,30-49,0,2,101.0,2019
6,22-29,5,1,22.0,2019
6,22-29,3,2,9.0,2019
1,30-49,2,4,210.0,2019
2,22-29,1,5,2217.0,2019
6,50+,2,3,,2019
4,50+,2,1,4980.0,2019
6,50+,3,2,11.0,2019
2,50+,1,5,4567.0,2019
8,30-49,1,4,1018.0,2019
3,50+,3,1,5847.0,2019
5,22-29,4,1,2292.0,2019
7,30-49,4,1,4712.0,2019
7,22-29,-1,2,166.0,2019
8,50+,1,3,40.0,2019
2,30-49,5,1,1546.0,2019
1,22-29,3,1,141.0,2019
0,22-29,3,4,35.0,2019
7,50+,1,4,644.0,2019
0,50+,4,2,,2019
9,22-29,-1,3,22.0,2019
0,22-29,1,3,,2019
2,30-49,4,5,4917.0,2019
3,50+,0,4,245.0,2019
4,30-49,4,4,84.0,2019
5,30-49,2,4,634.0,2019
2,30-49,5,2,70.0,2019
9,30-49,4,2,59.0,2019
2,50+,2,3,67.0,2019
9,22-29,4,1,524.0,2019
2,22-29,4,3,8.0,2019
1,50+,4,5,5127.0,2019
9,22-29,-1,1,1297.0,2019
2,30-49,5,4,86.0,2019
7,22-29,1,4,1201.0,2019
2,22-29,-1,3,19.0,2019
6,30-49,4,4,28.0,2019
7,50+,2,2,215.0,2019
7,22-29,-1,3,25.0,2019
4,22-29,3,2,66.0,2019
5,50+,0,4,306.0,2019
9,22-29,-1,2,106.0,2019
0,22-29,1,2,12.0,2019
5,22-29,3,1,3652.0,2019
5,50+,4,5,12072.0,2019
3,22-29,3,1,839.0,2019
3,50+,3,5,8237.0,2019
5,22-29,2,4,1069.0,2019
1,30-49,-1,4,44.0,2019
6,22-29,4,4,7.0,2019
7,22-29,2,2,215.0,2019
0,22-29,-1,3,,2019
3,30-49,2,2,373.0,2019
8,50+,0,15,1097.0,2019
5,30-49,4,2,194.0,2019
2,50+,-1,3,28.0,2019
5,30-49,1,5,6229.0,2019
8,50+,5,2,36.0,2019
6,30-49,0,15,1658.0,2019
2,50+,5,4,84.0,2019
8,22-29,0,4,220.0,2019
1,30-49,4,4,77.0,2019
4,30-49,2,4,234.0,2019
3,22-29,0,1,63575.0,2019
2,22-29,1,2,1367.0,2019
6,50+,4,4,11.0,2019
7,22-29,3,3,,2019
6,30-49,1,2,117.0,2019
4,50+,3,3,16.0,2019
7,50+,0,5,582.0,2019
6,50+,1,4,65.0,2019
8,30-49,5,2,31.0,2019
0,22-29,4,3,6.0,2019
7,30-49,1,1,19981.0,2019
0,30-49,5,5,34.0,2019
1,50+,0,1,90528.0,2019
9,30-49,3,1,1719.0,2019
9,30-49,0,2,1142.0,2019
8,30-49,2,3,17.0,2019
7,30-49,-1,2,192.0,2019
2,30-49,0,13,4957.0,2019
9,50+,-1,3,18.0,2019
3,22-29,5,3,,2019
7,50+,0,14,9168.0,2019
4,50+,-1,4,20.0,2019
2,30-49,0,12,1874.0,2019
5,22-29,-1,4,99.0,2019
0,30-49,3,3,,2019
6,50+,5,3,,2019
2,30-49,0,4,1255.0,2019
0,22-29,1,1,168.0,2019
3,30-49,0,1,219693.0,2019
8,22-29,2,3,12.0,2019
1,50+,5,3,20.0,2019
9,50+,2,3,18.0,2019
6,30-49,3,4,7.0,2019
1,30-49,3,4,85.0,2019
6,50+,2,5,587.0,2019
9,30-49,-1,3,35.0,2019
8,30-49,-1,1,2709.0,2019
2,22-29,5,4,16.0,2019
0,30-49,-1,4,5.0,2019
7,30-49,1,2,1463.0,2019
4,50+,4,4,53.0,2019
2,22-29,1,1,8101.0,2019
6,50+,0,5,138.0,2019
6,22-29,0,5,161.0,2019
6,50+,4,5,760.0,2019
7,50+,3,5,4706.0,2019
7,50+,0,12,511.0,2019
5,30-49,3,3,54.0,2019
3,22-29,1,2,978.0,2019
8,22-29,-1,1,1251.0,2019
8,50+,4,5,5940.0,2019
8,22-29,0,13,212.0,2019
3,30-49,2,1,9635.0,2019
2,50+,4,1,4330.0,2019
2,30-49,1,3,189.0,2019
9,50+,0,1,59923.0,2019
4,22-29,5,5,1283.0,2019
9,22-29,4,2,39.0,2019
3,50+,5,5,8854.0,2019
2,30-49,3,4,208.0,2019
2,30-49,3,5,6589.0,2019
8,50+,2,3,20.0,2019
0,22-29,0,5,,2019
5,50+,1,2,2262.0,2019
4,30-49,3,3,16.0,2019
7,50+,2,1,6987.0,2019
2,50+,5,5,9814.0,2019
3,30-49,0,2,3080.0,2019
4,22-29,2,4,254.0,2019
2,30-49,5,3,18.0,2019
1,50+,1,2,1264.0,2019
6,22-29,0,14,230.0,2019
4,30-49,-1,4,49.0,2019
3,50+,3,2,153.0,2019
6,22-29,1,5,354.0,2019
0,50+,-1,1,1514.0,2019
3,22-29,4,3,,2019
2,50+,0,5,995.0,2019
1,22-29,4,2,,2019
8,30-49,4,2,103.0,2019
2,50+,0,15,251.0,2019
3,22-29,3,4,72.0,2019
9,22-29,2,3,35.0,2019
5,50+,3,3,52.0,2019
1,22-29,1,4,87.0,2019
6,22-29,0,2,113.0,2019
1,22-29,-1,1,516.0,2019
9,22-29,1,5,3593.0,2019
9,50+,0,2,413.0,2019
7,30-49,2,2,285.0,2019
8,50+,0,12,95.0,2019
1,22-29,3,2,,2019
6,50+,0,4,17.0,2019
0,50+,-1,2,,2019
9,30-49,0,5,1414.0,2019
1,50+,3,4,60.0,2019
8,30-49,3,2,63.0,2019
4,22-29,4,5,2356.0,2019
2,30-49,-1,2,180.0,2019
6,30-49,5,3,,2019
9,50+,3,5,4303.0,2019
3,50+,2,4,198.0,2019
4,30-49,2,5,3688.0,2019
6,22-29,-1,3,,2019
9,22-29,0,15,158.0,2019
6,50+,0,12,49.0,2019
1,22-29,-1,3,,2019
9,30-49,-1,4,71.0,2019
7,30-49,4,4,150.0,2019
3,22-29,2,4,207.0,2019
7,22-29,0,15,383.0,2019
7,50+,1,1,16132.0,2019
4,50+,0,3,140.0,2019
9,30-49,5,3,11.0,2019
9,22-29,5,1,192.0,2019
5,22-29,1,5,8947.0,2019
6,22-29,3,1,162.0,2019
3,30-49,3,3,36.0,2019
0,30-49,2,3,,2019
6,50+,0,13,1265.0,2019
6,50+,3,5,541.0,2019
1,22-29,4,1,51.0,2019
0,22-29,2,1,74.0,2019
8,50+,3,2,86.0,2019
9,50+,4,4,41.0,2019
8,22-29,-1,2,59.0,2019
4,30-49,1,1,13711.0,2019
7,30-49,4,3,20.0,2019
6,30-49,2,2,24.0,2019
1,30-49,0,2,1271.0,2019
2,50+,4,2,206.0,2019
0,50+,4,5,34.0,2019
7,22-29,5,2,21.0,2019
5,50+,2,2,405.0,2019
4,30-49,0,1,112146.0,2019
1,30-49,4,1,2878.0,2019
5,22-29,3,3,81.0,2019
9,50+,4,5,4927.0,2019
1,30-49,5,2,29.0,2019
2,50+,1,4,1692.0,2019
7,30-49,2,1,9015.0,2019
0,30-49,4,5,59.0,2019
6,50+,-1,2,10.0,2019
4,22-29,-1,1,1564.0,2019
9,50+,5,3,12.0,2019
3,50+,4,2,149.0,2019
7,30-49,0,3,78.0,2019
5,30-49,1,4,3299.0,2019
3,30-49,1,2,2361.0,2019
0,50+,5,2,6.0,2019
3,50+,1,4,1081.0,2019
6,30-49,4,5,460.0,2019
5,30-49,4,1,5441.0,2019
4,50+,5,5,6293.0,2019
5,22-29,4,2,187.0,2019
8,50+,-1,4,32.0,2019
8,22-29,3,4,74.0,2019
6,50+,-1,1,505.0,2019
1,30-49,-1,3,26.0,2019
6,30-49,-1,3,,2019
9,22-29,0,5,1128.0,2019
7,50+,5,4,73.0,2019
5,22-29,1,4,4511.0,2019
5,30-49,-1,4,92.0,2019
4,22-29,5,4,25.0,2019
3,50+,4,1,4024.0,2019
5,22-29,0,1,166686.0,2019
8,50+,0,5,492.0,2019
8,30-49,0,12,175.0,2019
1,22-29,2,3,,2019
2,22-29,3,4,72.0,2019
0,22-29,5,4,5.0,2019
3,30-49,0,4,709.0,2019
0,50+,3,5,42.0,2019
2,22-29,5,1,87.0,2019
3,50+,2,5,8295.0,2019
9,50+,3,4,23.0,2019
1,30-49,3,1,4872.0,2019
9,30-49,1,5,3371.0,2019
3,30-49,4,3,25.0,2019
9,22-29,3,2,62.0,2019
9,30-49,2,5,5309.0,2019
1,30-49,2,2,193.0,2019
0,30-49,0,5,,2019
7,50+,5,5,5419.0,2019
0,30-49,5,4,9.0,2019
8,30-49,0,5,691.0,2019
1,50+,3,3,25.0,2019
8,50+,5,4,43.0,2019
2,22-29,4,4,33.0,2019
5,30-49,0,5,2727.0,2019
1,30-49,1,2,1274.0,2019
8,50+,2,1,5085.0,2019
1,50+,3,5,4187.0,2019
5,50+,2,1,9180.0,2019
6,50+,0,15,10855.0,2019
3,30-49,4,5,3867.0,2019
9,30-49,2,3,67.0,2019
4,50+,2,5,5213.0,2019
6,30-49,-1,4,7.0,2019
2,50+,2,1,9635.0,2019
1,30-49,0,3,68.0,2019
4,50+,1,5,2064.0,2019
7,22-29,2,4,263.0,2019
1,30-49,4,3,37.0,2019
2,22-29,0,14,585.0,2019
2,22-29,3,5,2043.0,2019
7,30-49,3,3,14.0,2019
8,22-29,-1,3,8.0,2019
9,30-49,0,1,72070.0,2019
9,50+,1,4,408.0,2019
9,50+,3,1,1662.0,2019
3,50+,-1,3,16.0,2019
4,50+,4,3,22.0,2019
5,22-29,-1,3,38.0,2019
1,22-29,1,1,970.0,2019
0,22-29,1,4,25.0,2019
4,22-29,5,1,194.0,2019
8,30-49,0,15,1203.0,2019
5,30-49,0,3,1824.0,2019
7,30-49,4,5,3987.0,2019
2,30-49,-1,1,9432.0,2019
8,30-49,5,1,988.0,2019
3,30-49,2,4,464.0,2019
1,30-49,0,5,469.0,2019
6,22-29,3,4,8.0,2019
1,50+,1,1,14847.0,2019
1,22-29,2,1,382.0,2019
9,30-49,4,1,1565.0,2019
9,50+,0,4,129.0,2019
7,30-49,3,5,3330.0,2019
7,30-49,4,2,152.0,2019
0,30-49,0,3,,2019
2,30-49,0,5,2931.0,2019
7,30-49,0,12,903.0,2019
5,30-49,2,2,495.0,2019
2,22-29,0,4,445.0,2019
8,50+,-1,3,12.0,2019
8,30-49,1,5,1842.0,2019
8,30-49,0,13,1263.0,2019
7,50+,-1,4,41.0,2019
2,50+,0,14,6685.0,2019
0,22-29,4,4,14.0,2019
6,30-49,3,5,350.0,2019
4,22-29,3,4,100.0,2019
4,50+,4,5,6542.0,2019
2,22-29,3,3,7.0,2019
3,30-49,0,3,454.0,2019
0,22-29,2,2,,2019
1,50+,5,4,61.0,2019
1,30-49,1,5,1418.0,2019
5,30-49,0,2,3242.0,2019
7,30-49,1,3,37.0,2019
6,22-29,-1,2,17.0,2019
2,50+,0,4,354.0,2019
8,22-29,1,1,5517.0,2019
0,30-49,3,2,10.0,2019
7,22-29,4,1,1346.0,2019
9,50+,0,12,,2019
0,50+,2,5,5.0,2019
5,22-29,2,1,6813.0,2019
3,50+,1,5,4126.0,2019
4,22-29,-1,3,25.0,2019
3,22-29,5,2,7.0,2019
4,50+,2,2,185.0,2019
6,50+,5,2,11.0,2019
0,22-29,0,4,16.0,2019
2,22-29,0,2,1364.0,2019
4,50+,1,2,828.0,2019
6,22-29,2,4,30.0,2019
6,30-49,0,1,7670.0,2019
1,30-49,2,5,2120.0,2019
4,50+,4,2,107.0,2019
5,22-29,-1,2,233.0,2019
1,50+,5,2,125.0,2019
7,30-49,3,2,127.0,2019
3,50+,5,4,64.0,2019
3,22-29,2,1,2129.0,2019
3,22-29,1,1,7119.0,2019
5,30-49,1,1,27748.0,2019
6,50+,1,3,576.0,2019
7,50+,4,1,5343.0,2019
4,30-49,5,4,43.0,2019
4,50+,3,4,45.0,2019
7,30-49,-1,4,116.0,2019
7,22-29,3,1,2264.0,2019
2,22-29,-1,1,2854.0,2019
7,50+,0,1,77510.0,2019
4,50+,1,3,55.0,2019
5,30-49,-1,1,4980.0,2019
2,30-49,0,3,824.0,2019
9,30-49,1,1,10236.0,2019
4,30-49,-1,2,77.0,2019
6,50+,4,2,25.0,2019
8,50+,4,4,100.0,2019
0,22-29,2,3,,2019
8,50+,0,1,82401.0,2019
4,30-49,4,1,1864.0,2019
3,30-49,1,5,4427.0,2019
1,30-49,3,2,73.0,2019
3,30-49,0,13,1714.0,2019
2,50+,5,2,117.0,2019
4,50+,2,3,38.0,2019
4,50+,0,5,420.0,2019
2,22-29,0,12,121.0,2019
1,50+,2,5,3857.0,2019
6,50+,3,4,5.0,2019
5,30-49,0,13,3463.0,2019
0,22-29,5,1,51.0,2019
2,50+,3,1,7624.0,2019
1,30-49,1,4,1238.0,2019
5,50+,-1,3,15.0,2019
8,30-49,4,5,2603.0,2019
5,22-29,5,4,95.0,2019
0,30-49,1,3,,2019
1,30-49,4,5,1739.0,2019
8,50+,1,4,524.0,2019
0,22-29,3,1,298.0,2019
5,50+,5,3,29.0,2019
4,22-29,-1,2,67.0,2019
1,22-29,5,4,,2019
4,30-49,5,5,2220.0,2019
8,30-49,0,4,269.0,2019
0,30-49,3,4,17.0,2019
2,22-29,0,5,963.0,2019
2,50+,-1,2,96.0,2019
6,22-29,-1,4,11.0,2019
5,50+,5,5,10026.0,2019
8,22-29,4,1,753.0,2019
4,50+,-1,1,2501.0,2019
6,22-29,5,3,,2019
1,22-29,3,4,5.0,2019
9,22-29,5,2,14.0,2019
1,50+,4,2,172.0,2019
2,30-49,1,5,6324.0,2019
7,22-29,0,14,423.0,2019
0,30-49,4,4,,2019
8,30-49,1,3,59.0,2019
0,30-49,5,1,102.0,2019
5,30-49,2,5,11159.0,2019
8,50+,5,1,1327.0,2019
2,30-49,3,3,46.0,2019
4,50+,5,1,1569.0,2019
7,30-49,0,13,3106.0,2019
2,22-29,2,4,211.0,2019
2,30-49,2,3,68.0,2019
5,30-49,3,5,8195.0,2019
3,50+,1,2,1613.0,2019
8,22-29,2,4,174.0,2019
0,50+,3,1,162.0,2019
9,22-29,3,4,88.0,2019
8,30-49,4,4,90.0,2019
8,50+,5,5,4630.0,2019
4,22-29,4,1,487.0,2019
6,50+,0,3,33.0,2019
7,50+,5,2,78.0,2019
1,22-29,5,5,42.0,2019
6,50+,3,1,591.0,2019
5,50+,5,4,66.0,2019
7,22-29,0,12,339.0,2019
4,22-29,2,1,2205.0,2019
8,30-49,2,4,207.0,2019
2,30-49,4,2,105.0,2019
8,22-29,2,5,2556.0,2019
6,50+,5,5,396.0,2019
1,50+,5,5,4682.0,2019
8,50+,3,4,69.0,2019
6,22-29,3,5,257.0,2019
5,50+,0,1,254342.0,2019
2,30-49,-1,4,144.0,2019
6,30-49,2,4,24.0,2019
1,22-29,2,4,17.0,2019
3,22-29,5,5,723.0,2019
7,22-29,5,1,425.0,2019
1,30-49,2,3,25.0,2019
1,30-49,4,2,95.0,2019
3,50+,0,1,147223.0,2019
0,50+,2,3,,2019
9,22-29,3,5,4274.0,2019
1,30-49,3,3,18.0,2019
7,22-29,3,4,109.0,2019
6,30-49,2,5,483.0,2019
7,22-29,1,1,9028.0,2019
1,50+,3,2,135.0,2019
6,22-29,0,12,21.0,2019
5,50+,-1,2,79.0,2019
5,50+,1,4,1436.0,2019
2,50+,0,1,317222.0,2019
4,50+,2,4,93.0,2019
1,50+,2,2,226.0,2019
4,30-49,-1,3,32.0,2019
0,50+,4,1,46.0,2019
9,50+,4,3,21.0,2019
0,50+,5,5,39.0,2019
2,22-29,3,2,66.0,2019
6,30-49,5,4,,2019
3,30-49,1,3,150.0,2019
3,22-29,1,4,1172.0,2019
6,50+,1,5,552.0,2019
3,30-49,4,4,106.0,2019
3,22-29,0,14,553.0,2019
3,50+,4,3,34.0,2019
3,22-29,4,1,323.0,2019
8,30-49,3,3,8.0,2019
9,50+,2,5,4468.0,2019
3,50+,5,2,96.0,2019
6,22-29,5,2,,2019
4,30-49,5,2,28.0,2019
0,22-29,-1,1,3120.0,2019
1,30-49,5,5,1143.0,2019
5,22-29,5,2,72.0,2019
1,50+,-1,4,29.0,2019
9,30-49,2,2,191.0,2019
4,30-49,2,1,4712.0,2019
8,22-29,1,4,912.0,2019
1,30-49,-1,1,4316.0,2019
3,50+,-1,2,56.0,2019
3,30-49,3,1,5977.0,2019
2,30-49,3,2,216.0,2019
2,30-49,0,15,486.0,2019
8,22-29,0,14,286.0,2019
5,22-29,0,14,780.0,2019
6,22-29,1,1,942.0,2019
3,30-49,0,14,4260.0,2019
3,50+,1,3,66.0,2019
7,50+,0,3,42.0,2019
2,30-49,2,2,459.0,2019
1,22-29,-1,2,22.0,2019
8,30-49,3,4,80.0,2019
9,30-49,4,3,29.0,2019
0,30-49,-1,1,2805.0,2019
0,22-29,0,2,8.0,2019
1,50+,-1,3,15.0,2019
0,30-49,3,5,85.0,2019
2,50+,3,4,164.0,2019
9,22-29,4,4,75.0,2019
7,22-29,0,13,451.0,2019
8,30-49,0,3,202.0,2019
0,30-49,2,1,71.0,2019
4,50+,0,2,745.0,2019
5,50+,3,4,121.0,2019
9,30-49,5,2,21.0,2019
3,22-29,-1,3,26.0,2019
7,50+,5,3,10.0,2019
1,50+,2,3,19.0,2019
7,22-29,-1,1,4182.0,2019
3,50+,3,4,97.0,2019
9,22-29,5,3,,2019
9,50+,4,2,43.0,2019
7,30-49,1,5,3183.0,2019
6,30-49,1,1,5778.0,2019
7,22-29,2,1,3594.0,2019
4,50+,0,13,42.0,2019
8,50+,-1,2,52.0,2019
7,22-29,0,2,989.0,2019
7,30-49,-1,1,8726.0,2019
2,22-29,1,4,1408.0,2019
0,22-29,1,5,42.0,2019
0,22-29,5,2,5.0,2019
5,30-49,4,3,66.0,2019
7,22-29,2,3,10.0,2019
9,22-29,1,1,5627.0,2019
2,22-29,1,3,72.0,2019
5,50+,3,1,5863.0,2019
2,22-29,2,3,32.0,2019
4,22-29,3,3,17.0,2019
6,50+,0,1,7803.0,2019
5,22-29,3,5,12538.0,2019
9,22-29,0,3,400.0,2019
4,50+,0,12,,2019
9,22-29,1,2,999.0,2019
9,22-29,2,2,166.0,2019
2,30-49,4,3,21.0,2019
5,30-49,5,5,5308.0,2019
4,50+,0,14,366.0,2019
7,50+,2,3,8.0,2019
8,50+,1,5,1493.0,2019
7,22-29,0,3,55.0,2019
8,22-29,2,2,162.0,2019
8,30-49,0,1,89243.0,2019
2,22-29,4,2,20.0,2019
7,30-49,2,3,25.0,2019
2,50+,2,5,13566.0,2019
1,50+,3,1,6388.0,2019
3,50+,0,12,346.0,2019
5,22-29,0,12,201.0,2019
4,22-29,4,4,50.0,2019
6,30-49,3,3,,2019
5,22-29,5,3,16.0,2019
9,30-49,4,5,3853.0,2019
4,30-49,0,14,129.0,2019
2,50+,4,3,39.0,2019
0,30-49,0,4,,2019
8,22-29,3,3,12.0,2019
6,22-29,1,4,69.0,2019
9,50+,0,5,488.0,2019
5,30-49,0,4,845.0,2019
5,22-29,1,3,303.0,2019
0,22-29,4,2,11.0,2019
9,30-49,-1,2,124.0,2019
1,30-49,5,3,10.0,2019
6,30-49,1,3,349.0,2019
5,30-49,3,2,191.0,2019
1,50+,4,3,48.0,2019
1,30-49,0,4,174.0,2019
8,22-29,-1,4,32.0,2019
0,30-49,3,1,352.0,2019
7,30-49,-1,3,33.0,2019
9,50+,5,5,4328.0,2019
7,30-49,1,4,1556.0,2019
5,50+,5,1,1698.0,2019
7,30-49,0,2,1486.0,2019
7,30-49,2,5,3918.0,2019
8,22-29,2,1,1853.0,2019
6,50+,5,1,145.0,2019
9,22-29,4,3,9.0,2019
2,50+,1,3,153.0,2019
5,30-49,3,1,5481.0,2019
6,30-49,-1,2,18.0,2019
0,30-49,4,3,,2019
3,22-29,0,4,430.0,2019
8,30-49,2,1,4300.0,2019
3,30-49,5,4,88.0,2019
0,50+,2,1,21.0,2019
2,50+,1,2,3170.0,2019
4,22-29,1,4,1590.0,2019
7,30-49,3,4,134.0,2019
2,50+,2,2,497.0,2019
1,30-49,3,5,1519.0,2019
9,50+,-1,2,41.0,2019
9,50+,5,1,657.0,2019
6,50+,3,3,5.0,2019
0,50+,-1,3,5.0,2019
1,22-29,4,3,,2019
5,22-29,4,5,8085.0,2019
8,30-49,3,5,2006.0,2019
4,50+,0,4,105.0,2019
8,50+,4,2,148.0,2019
0,30-49,1,2,7.0,2019
8,22-29,3,1,1047.0,2019
9,50+,-1,1,1257.0,2019
6,50+,0,14,2383.0,2019
9,50+,2,4,88.0,2019
0,30-49,2,4,6.0,2019
6,30-49,0,14,1181.0,2019
4,50+,1,4,616.0,2019
9,30-49,2,4,237.0,2019
6,30-49,5,2,,2019
6,22-29,3,3,,2019
4,30-49,3,2,70.0,2019
5,50+,5,2,83.0,2019
5,30-49,0,15,3343.0,2019
1,30-49,2,1,6272.0,2019
6,30-49,4,1,772.0,2019
5,22-29,0,4,1061.0,2019
9,30-49,1,3,101.0,2019
3,50+,2,1,8322.0,2019
7,30-49,5,1,2107.0,2019
5,30-49,5,2,74.0,2019
7,50+,2,5,4057.0,2019
6,30-49,5,1,109.0,2019
4,30-49,1,4,1525.0,2019
7,50+,3,4,58.0,2019
9,50+,4,1,1692.0,2019
2,22-29,2,2,147.0,2019
9,22-29,5,5,1751.0,2019
6,50+,-1,4,7.0,2019
8,22-29,5,1,228.0,2019
2,30-49,3,1,8592.0,2019
9,22-29,0,2,1002.0,2019
8,30-49,5,4,35.0,2019
3,50+,4,5,9383.0,2019
9,50+,0,3,277.0,2019
9,30-49,5,5,2478.0,2019
0,50+,1,2,,2019
4,22-29,0,4,341.0,2019
6,30-49,4,2,20.0,2019
3,30-49,3,5,4179.0,2019
5,30-49,4,5,7566.0,2019
2,50+,1,1,28957.0,2019
5,50+,0,12,136.0,2019
2,22-29,0,3,298.0,2019
7,50+,0,15,2018.0,2019
7,50+,3,3,12.0,2019
3,22-29,4,5,1036.0,2019
7,30-49,0,5,1375.0,2019
0,50+,4,3,,2019
3,30-49,0,11,,2019
2,50+,0,3,575.0,2019
4,30-49,0,5,757.0,2019
4,50+,4,1,2595.0,2019
8,50+,4,1,4028.0,2019
7,50+,3,1,6526.0,2019
2,50+,2,4,288.0,2019
0,30-49,4,1,113.0,2019
3,30-49,0,15,537.0,2019
0,22-29,0,3,,2019
5,22-29,-1,1,2880.0,2019
5,50+,4,2,167.0,2019
4,30-49,3,5,2822.0,2019
9,30-49,0,14,1320.0,2019
1,22-29,0,1,6008.0,2019
6,30-49,3,2,6.0,2019
2,30-49,2,5,8917.0,2019
5,30-49,2,3,119.0,2019
1,50+,2,4,154.0,2019
5,22-29,1,1,21993.0,2019
9,50+,2,2,102.0,2019
4,30-49,5,3,,2019
2,30-49,0,2,4855.0,2019
5,50+,2,3,89.0,2019
8,50+,1,2,939.0,2019
9,50+,5,2,15.0,2019
1,22-29,0,3,12.0,2019
0,30-49,4,2,,2019
1,50+,0,5,314.0,2019
0,22-29,4,1,130.0,2019
3,30-49,2,5,5702.0,2019
9,30-49,0,4,392.0,2019
4,50+,0,15,185.0,2019
4,30-49,2,3,54.0,2019
0,30-49,1,4,12.0,2019
0,30-49,1,5,20.0,2019
2,22-29,0,13,1078.0,2019
9,50+,0,14,1467.0,2019
7,50+,4,2,170.0,2019
0,22-29,5,5,71.0,2019
7,30-49,3,1,6451.0,2019
0,50+,1,1,42.0,2019
7,22-29,1,3,18.0,2019
4,22-29,1,1,7981.0,2019
9,30-49,0,3,701.0,2019
9,22-29,3,3,17.0,2019
6,50+,1,1,17143.0,2019
3,30-49,-1,1,8560.0,2019
4,22-29,1,2,1272.0,2019
4,50+,3,2,56.0,2019
2,30-49,2,4,629.0,2019
5,22-29,4,4,274.0,2019
3,50+,5,3,20.0,2019
5,50+,-1,4,29.0,2019
6,50+,4,3,77.0,2019
9,50+,1,3,38.0,2019
1,30-49,1,3,40.0,2019
3,50+,0,15,315.0,2019
7,50+,5,1,2493.0,2019
6,50+,1,2,98.0,2019
5,50+,4,1,5319.0,2019
8,22-29,0,1,39122.0,2019
5,30-49,0,12,210.0,2019
0,22-29,2,5,79.0,2019
7,30-49,0,15,2184.0,2019
6,22-29,5,4,,2019
9,50+,0,13,49.0,2019
2,50+,5,3,28.0,2019
6,22-29,2,2,29.0,2019
1,22-29,2,2,14.0,2019
3,30-49,-1,2,155.0,2019
8,50+,5,3,6.0,2019
4,50+,3,1,3655.0,2019
2,30-49,5,5,3534.0,2019
8,30-49,2,2,156.0,2019
1,50+,5,1,2951.0,2019
1,30-49,-1,2,64.0,2019
3,22-29,0,12,54.0,2019
3,22-29,-1,2,94.0,2019
3,30-49,0,5,1570.0,2019
8,30-49,0,2,1406.0,2019
3,22-29,0,13,215.0,2019
3,22-29,5,1,141.0,2019
5,30-49,1,3,269.0,2019
9,22-29,5,4,28.0,2019
6,50+,2,2,19.0,2019
3,50+,3,3,14.0,2019
2,30-49,0,1,507917.0,2019
3,30-49,-1,4,118.0,2019
8,50+,0,4,149.0,2019
1,50+,1,3,37.0,2019
0,22-29,2,4,10.0,2019
4,22-29,0,1,54310.0,2019
0,50+,0,1,13.0,2019
9,22-29,-1,4,54.0,2019
3,30-49,4,2,145.0,2019
7,22-29,4,4,79.0,2019
5,50+,3,2,162.0,2019
3,22-29,1,3,52.0,2019
6,22-29,2,1,388.0,2019
5,50+,0,15,1666.0,2019
6,30-49,0,3,32.0,2019
8,30-49,4,3,17.0,2019
6,22-29,0,3,16.0,2019
3,50+,0,5,727.0,2019
7,50+,1,5,1999.0,2019
2,30-49,1,2,4120.0,2019
6,30-49,3,1,437.0,2019
3,30-49,0,12,349.0,2019
3,30-49,5,1,1896.0,2019
6,30-49,2,3,5.0,2019
7,22-29,0,4,331.0,2019
5,50+,1,3,145.0,2019
9,30-49,5,4,29.0,2019
3,50+,-1,4,35.0,2019
7,30-49,5,2,54.0,2019
1,22-29,-1,4,11.0,2019
8,30-49,1,2,1074.0,2019
6,30-49,0,13,746.0,2019
8,50+,3,3,12.0,2019
4,30-49,-1,1,3358.0,2019
7,50+,0,2,791.0,2019
8,22-29,4,3,10.0,2019
2,22-29,4,5,1027.0,2019
6,22-29,5,5,124.0,2019
0,30-49,5,3,,2019
8,22-29,1,2,940.0,2019
8,22-29,5,2,14.0,2019
6,50+,0,2,77.0,2019
1,50+,-1,2,33.0,2019
7,50+,4,5,7115.0,2020
7,22-29,1,2,1094.0,2020
8,50+,0,3,188.0,2020
6,22-29,6,4,,2020
2,50+,3,5,15869.0,2020
2,50+,0,12,2168.0,2020
5,50+,0,3,1178.0,2020
4,30-49,4,3,26.0,2020
1,50+,2,1,10326.0,2020
3,30-49,-1,3,123.0,2020
9,30-49,1,4,1451.0,2020
7,22-29,5,3,,2020
6,30-49,0,12,77.0,2020
6,30-49,2,1,1244.0,2020
9,22-29,0,4,208.0,2020
3,50+,0,2,965.0,2020
8,22-29,0,2,653.0,2020
2,30-49,4,4,160.0,2020
6,22-29,0,15,219.0,2020
4,22-29,2,3,23.0,2020
4,22-29,2,5,6935.0,2020
5,22-29,0,2,3451.0,2020
4,22-29,1,3,74.0,2020
5,22-29,2,5,18799.0,2020
8,22-29,1,5,2263.0,2020
4,22-29,1,5,4279.0,2020
2,22-29,2,1,2595.0,2020
1,22-29,4,4,,2020
1,50+,6,5,4042.0,2020
7,50+,1,2,1096.0,2020
7,22-29,4,5,1997.0,2020
6,50+,6,4,,2020
7,30-49,0,14,5025.0,2020
5,30-49,-1,2,467.0,2020
8,30-49,-1,2,226.0,2020
1,22-29,3,3,,2020
9,30-49,3,2,92.0,2020
7,30-49,6,5,2180.0,2020
4,50+,5,3,23.0,2020
9,22-29,3,1,754.0,2020
3,50+,6,3,8.0,2020
2,22-29,-1,4,207.0,2020
8,22-29,6,1,120.0,2020
4,22-29,0,2,1235.0,2020
3,30-49,5,5,3625.0,2020
8,30-49,4,1,2033.0,2020
9,30-49,6,3,6.0,2020
7,50+,4,3,18.0,2020
3,22-29,1,5,2892.0,2020
8,22-29,1,3,26.0,2020
5,50+,0,14,6845.0,2020
3,22-29,2,5,3829.0,2020
9,30-49,-1,1,4977.0,2020
7,22-29,4,3,,2020
1,50+,0,2,544.0,2020
9,50+,3,2,58.0,2020
9,22-29,6,2,8.0,2020
5,22-29,3,4,533.0,2020
1,22-29,3,5,162.0,2020
3,50+,1,1,21818.0,2020
4,30-49,3,1,2295.0,2020
1,50+,1,5,1873.0,2020
7,22-29,5,5,1269.0,2020
3,30-49,1,1,28026.0,2020
4,30-49,0,15,66.0,2020
1,30-49,5,4,52.0,2020
3,22-29,0,2,1127.0,2020
6,30-49,0,4,50.0,2020
3,50+,2,2,517.0,2020
4,50+,-1,3,47.0,2020
5,50+,4,4,105.0,2020
5,50+,0,5,1348.0,2020
8,50+,2,2,284.0,2020
2,50+,3,3,66.0,2020
7,22-29,-1,4,190.0,2020
2,22-29,0,1,105121.0,2020
9,50+,6,1,490.0,2020
3,50+,0,14,6579.0,2020
2,50+,-1,4,179.0,2020
4,30-49,0,4,220.0,2020
3,30-49,5,3,19.0,2020
9,30-49,6,5,2420.0,2020
2,22-29,6,1,46.0,2020
3,22-29,3,3,24.0,2020
3,22-29,3,5,2560.0,2020
9,30-49,3,3,41.0,2020
8,50+,-1,1,3272.0,2020
1,22-29,1,5,200.0,2020
3,50+,4,4,84.0,2020
7,22-29,6,4,15.0,2020
2,22-29,5,2,11.0,2020
5,30-49,4,4,226.0,2020
1,22-29,2,5,265.0,2020
7,22-29,3,2,65.0,2020
7,50+,3,2,158.0,2020
5,30-49,0,1,304423.0,2020
5,50+,-1,1,5077.0,2020
6,22-29,1,3,10.0,2020
3,22-29,5,4,8.0,2020
8,30-49,5,3,9.0,2020
5,22-29,0,13,482.0,2020
3,50+,0,13,2936.0,2020
4,22-29,6,4,11.0,2020
6,30-49,4,3,8.0,2020
9,30-49,5,1,1166.0,2020
9,22-29,2,4,233.0,2020
5,50+,0,2,1925.0,2020
8,30-49,3,1,2446.0,2020
7,50+,2,4,195.0,2020
4,22-29,4,3,8.0,2020
9,22-29,1,4,1201.0,2020
2,50+,3,2,281.0,2020
5,22-29,0,5,1396.0,2020
6,22-29,2,3,10.0,2020
2,22-29,-1,2,368.0,2020
4,30-49,2,2,298.0,2020
1,50+,4,4,81.0,2020
7,30-49,5,5,3849.0,2020
4,30-49,1,2,1649.0,2020
9,50+,6,4,11.0,2020
3,22-29,4,4,32.0,2020
4,30-49,3,4,131.0,2020
8,22-29,5,5,977.0,2020
2,22-29,4,1,270.0,2020
5,30-49,6,3,25.0,2020
1,50+,-1,1,4862.0,2020
4,22-29,4,2,51.0,2020
5,30-49,5,4,192.0,2020
2,30-49,2,1,19319.0,2020
2,30-49,1,1,35854.0,2020
3,30-49,5,2,79.0,2020
9,30-49,6,2,19.0,2020
8,50+,4,3,8.0,2020
1,30-49,5,1,2072.0,2020
8,50+,0,13,2110.0,2020
2,22-29,3,1,628.0,2020
9,30-49,0,12,,2020
6,50+,2,1,2935.0,2020
3,22-29,-1,1,5548.0,2020
2,30-49,-1,3,194.0,2020
2,30-49,6,2,34.0,2020
6,30-49,1,4,175.0,2020
7,30-49,2,4,433.0,2020
3,50+,0,3,245.0,2020
8,22-29,0,3,125.0,2020
1,22-29,0,5,37.0,2020
5,22-29,2,3,133.0,2020
4,30-49,4,2,59.0,2020
6,22-29,4,2,6.0,2020
3,22-29,6,4,,2020
4,30-49,1,5,3795.0,2020
6,50+,2,4,38.0,2020
3,22-29,2,2,209.0,2020
2,50+,0,13,4932.0,2020
3,50+,-1,1,7333.0,2020
8,22-29,4,5,1537.0,2020
5,50+,0,13,4014.0,2020
4,22-29,0,5,458.0,2020
4,50+,-1,2,103.0,2020
8,50+,0,14,3365.0,2020
1,50+,6,4,48.0,2020
8,30-49,6,4,20.0,2020
1,30-49,0,1,104716.0,2020
4,30-49,0,2,1171.0,2020
3,22-29,0,15,194.0,2020
4,22-29,5,3,6.0,2020
3,30-49,3,4,205.0,2020
6,30-49,-1,1,1008.0,2020
1,50+,4,1,4503.0,2020
2,30-49,6,5,3115.0,2020
2,22-29,5,5,747.0,2020
5,30-49,2,1,11619.0,2020
3,50+,2,3,89.0,2020
3,22-29,3,2,56.0,2020
9,50+,3,3,23.0,2020
9,50+,0,15,584.0,2020
4,30-49,1,3,115.0,2020
2,50+,-1,1,8134.0,2020
8,30-49,1,1,10547.0,2020
6,30-49,5,5,558.0,2020
5,30-49,5,1,4270.0,2020
6,22-29,2,5,465.0,2020
8,50+,2,5,5874.0,2020
3,30-49,4,1,2983.0,2020
2,30-49,6,3,21.0,2020
4,22-29,0,3,322.0,2020
2,30-49,1,4,5128.0,2020
6,30-49,0,5,401.0,2020
7,50+,-1,3,33.0,2020
9,50+,5,4,30.0,2020
8,22-29,5,3,,2020
8,30-49,0,14,2247.0,2020
6,22-29,4,5,227.0,2020
9,22-29,2,5,6136.0,2020
2,50+,0,2,1790.0,2020
8,50+,2,4,212.0,2020
1,22-29,4,5,63.0,2020
9,22-29,1,3,60.0,2020
9,22-29,0,1,25249.0,2020
8,50+,3,5,5986.0,2020
8,22-29,0,15,256.0,2020
1,50+,1,4,747.0,2020
5,22-29,2,2,717.0,2020
6,50+,-1,3,8.0,2020
2,30-49,4,1,3236.0,2020
3,50+,6,2,71.0,2020
3,50+,0,11,,2020
4,22-29,2,2,243.0,2020
7,30-49,0,4,361.0,2020
7,50+,1,3,31.0,2020
8,22-29,6,4,8.0,2020
7,50+,-1,1,6472.0,2020
9,22-29,2,1,1909.0,2020
3,30-49,2,3,120.0,2020
5,22-29,0,3,1619.0,2020
6,50+,5,4,7.0,2020
5,50+,1,1,31324.0,2020
4,22-29,3,1,1051.0,2020
4,50+,1,1,13178.0,2020
7,22-29,1,5,2728.0,2020
5,30-49,3,4,393.0,2020
5,22-29,3,2,377.0,2020
6,22-29,1,2,77.0,2020
1,22-29,1,2,117.0,2020
6,22-29,0,4,31.0,2020
7,30-49,6,4,36.0,2020
8,30-49,5,5,2594.0,2020
9,50+,1,5,2614.0,2020
7,50+,0,4,124.0,2020
9,50+,2,1,3526.0,2020
2,22-29,0,15,132.0,2020
1,22-29,1,3,9.0,2020
5,30-49,-1,3,134.0,2020
8,30-49,-1,3,29.0,2020
9,22-29,0,14,165.0,2020
9,30-49,4,4,65.0,2020
5,22-29,4,3,47.0,2020
7,22-29,5,4,30.0,2020
7,30-49,5,3,23.0,2020
8,30-49,6,5,1338.0,2020
9,50+,-1,4,37.0,2020
5,50+,3,5,17543.0,2020
3,50+,5,1,3206.0,2020
4,50+,6,1,1139.0,2020
7,50+,4,4,81.0,2020
9,30-49,0,13,,2020
4,30-49,5,1,1337.0,2020
9,30-49,2,1,4260.0,2020
8,50+,0,2,683.0,2020
6,50+,4,1,433.0,2020
8,30-49,-1,4,140.0,2020
7,30-49,0,1,98298.0,2020
8,22-29,0,5,297.0,2020
4,30-49,0,3,330.0,2020
4,50+,5,2,56.0,2020
8,22-29,4,2,48.0,2020
4,22-29,0,15,5.0,2020
3,22-29,2,3,40.0,2020
4,22-29,5,2,7.0,2020
9,50+,1,1,9620.0,2020
2,50+,6,1,1529.0,2020
1,50+,6,3,18.0,2020
5,30-49,1,2,4734.0,2020
6,22-29,0,1,3210.0,2020
3,30-49,3,2,173.0,2020
5,50+,6,1,1193.0,2020
8,30-49,2,5,4637.0,2020
5,50+,4,3,75.0,2020
7,22-29,0,1,45946.0,2020
6,22-29,0,13,127.0,2020
5,30-49,0,14,5440.0,2020
5,50+,2,5,18699.0,2020
2,50+,4,4,105.0,2020
5,22-29,0,15,1222.0,2020
7,22-29,6,1,260.0,2020
5,50+,2,4,379.0,2020
4,30-49,4,5,3744.0,2020
3,22-29,0,3,264.0,2020
4,50+,0,1,84303.0,2020
7,22-29,4,2,39.0,2020
9,30-49,3,5,6223.0,2020
7,22-29,3,5,2697.0,2020
3,30-49,1,4,2900.0,2020
1,30-49,1,1,14496.0,2020
6,22-29,-1,1,518.0,2020
2,50+,4,5,13959.0,2020
1,22-29,0,2,67.0,2020
8,50+,1,1,12322.0,2020
8,22-29,3,2,62.0,2020
7,30-49,5,4,79.0,2020
1,50+,0,3,75.0,2020
5,22-29,5,1,1307.0,2020
2,30-49,0,14,6855.0,2020
5,22-29,1,2,4864.0,2020
3,22-29,0,5,625.0,2020
3,22-29,4,2,24.0,2020
2,50+,5,1,3336.0,2020
4,22-29,-1,4,72.0,2020
6,30-49,1,5,535.0,2020
3,22-29,-1,4,182.0,2020
7,50+,-1,2,165.0,2020
8,22-29,5,4,19.0,2020
6,30-49,6,3,,2020
7,22-29,0,5,493.0,2020
8,50+,3,1,2915.0,2020
7,50+,0,13,4657.0,2020
8,22-29,3,5,2535.0,2020
5,30-49,5,3,82.0,2020
4,50+,5,4,26.0,2020
1,50+,0,4,75.0,2020
9,30-49,3,4,132.0,2020
9,50+,1,2,748.0,2020
9,30-49,0,15,784.0,2020
4,30-49,6,2,24.0,2020
4,22-29,6,5,894.0,2020
8,22-29,4,4,42.0,2020
6,22-29,4,1,97.0,2020
4,22-29,0,14,14.0,2020
9,30-49,1,2,1549.0,2020
5,22-29,5,5,6212.0,2020
1,22-29,5,1,21.0,2020
6,30-49,6,5,175.0,2020
5,50+,1,5,5475.0,2020
7,22-29,2,5,3973.0,2020
2,22-29,2,5,4410.0,2020
4,22-29,3,5,4736.0,2020
1,22-29,0,4,16.0,2020
9,22-29,4,5,3891.0,2020
4,50+,3,5,7180.0,2020
6,30-49,0,2,131.0,2020
6,22-29,5,1,87.0,2020
6,22-29,3,2,12.0,2020
8,22-29,0,12,108.0,2020
1,30-49,2,4,320.0,2020
2,22-29,1,5,2769.0,2020
6,50+,2,3,265.0,2020
4,50+,2,1,7060.0,2020
6,50+,3,2,19.0,2020
2,50+,1,5,6279.0,2020
8,30-49,1,4,1292.0,2020
5,22-29,4,1,1793.0,2020
3,50+,3,1,4732.0,2020
3,22-29,6,1,65.0,2020
7,22-29,-1,2,246.0,2020
7,30-49,4,1,4221.0,2020
8,50+,1,3,54.0,2020
2,30-49,5,1,2478.0,2020
1,22-29,3,1,124.0,2020
7,50+,1,4,761.0,2020
9,22-29,-1,3,20.0,2020
2,30-49,4,5,6816.0,2020
3,50+,0,4,239.0,2020
6,22-29,6,2,,2020
4,30-49,4,4,77.0,2020
8,22-29,6,2,,2020
5,30-49,2,4,924.0,2020
2,30-49,5,2,57.0,2020
9,30-49,4,2,49.0,2020
2,50+,2,3,171.0,2020
9,22-29,4,1,384.0,2020
2,22-29,4,3,5.0,2020
1,50+,4,5,5646.0,2020
9,22-29,-1,1,2394.0,2020
2,30-49,5,4,78.0,2020
7,22-29,1,4,1210.0,2020
5,30-49,6,2,48.0,2020
2,22-29,-1,3,45.0,2020
7,50+,2,2,337.0,2020
6,30-49,4,4,12.0,2020
7,22-29,-1,3,25.0,2020
4,22-29,3,2,82.0,2020
5,50+,0,4,515.0,2020
9,22-29,-1,2,197.0,2020
5,50+,6,4,44.0,2020
5,22-29,3,1,3378.0,2020
5,50+,4,5,15385.0,2020
3,22-29,3,1,837.0,2020
3,50+,3,5,10515.0,2020
5,22-29,2,4,1085.0,2020
5,30-49,6,1,1110.0,2020
1,30-49,-1,4,148.0,2020
6,22-29,4,4,,2020
4,30-49,6,3,7.0,2020
6,50+,6,5,338.0,2020
7,22-29,2,2,235.0,2020
3,30-49,2,2,622.0,2020
8,50+,0,15,1004.0,2020
2,30-49,6,4,45.0,2020
5,30-49,4,2,153.0,2020
2,50+,-1,3,89.0,2020
5,30-49,1,5,9233.0,2020
2,22-29,6,4,8.0,2020
8,50+,5,2,112.0,2020
6,30-49,0,15,1329.0,2020
2,50+,5,4,61.0,2020
6,22-29,6,5,87.0,2020
8,22-29,0,4,169.0,2020
1,30-49,4,4,93.0,2020
4,30-49,2,4,347.0,2020
3,22-29,0,1,55314.0,2020
2,22-29,1,2,1338.0,2020
7,22-29,3,3,12.0,2020
6,50+,4,4,9.0,2020
6,30-49,1,2,121.0,2020
4,50+,3,3,45.0,2020
6,50+,1,4,107.0,2020
7,50+,0,5,474.0,2020
8,30-49,5,2,47.0,2020
7,30-49,1,1,20895.0,2020
1,50+,0,1,88946.0,2020
9,30-49,0,2,1401.0,2020
9,30-49,3,1,1931.0,2020
7,50+,6,5,4390.0,2020
8,30-49,2,3,42.0,2020
7,30-49,-1,2,470.0,2020
2,30-49,0,13,4038.0,2020
9,50+,-1,3,25.0,2020
7,50+,0,14,8918.0,2020
9,50+,6,3,8.0,2020
4,50+,-1,4,52.0,2020
2,30-49,0,12,2628.0,2020
5,22-29,-1,4,237.0,2020
6,50+,5,3,196.0,2020
2,30-49,0,4,880.0,2020
3,30-49,0,1,201343.0,2020
8,22-29,2,3,22.0,2020
1,50+,5,3,46.0,2020
9,50+,2,3,36.0,2020
6,30-49,3,4,19.0,2020
6,50+,2,5,1279.0,2020
1,30-49,3,4,122.0,2020
9,30-49,-1,3,77.0,2020
8,30-49,-1,1,4660.0,2020
2,22-29,5,4,18.0,2020
7,30-49,1,2,1594.0,2020
4,50+,4,4,43.0,2020
2,22-29,1,1,7740.0,2020
6,50+,0,5,957.0,2020
6,22-29,0,5,114.0,2020
6,50+,4,5,794.0,2020
7,50+,3,5,6238.0,2020
5,30-49,3,3,106.0,2020
7,50+,0,12,826.0,2020
3,22-29,1,2,1001.0,2020
5,50+,6,3,23.0,2020
8,22-29,-1,1,2017.0,2020
8,50+,4,5,5780.0,2020
8,22-29,0,13,178.0,2020
2,50+,4,1,3906.0,2020
3,30-49,2,1,16126.0,2020
2,30-49,1,3,187.0,2020
3,30-49,6,4,61.0,2020
4,22-29,5,5,1840.0,2020
9,50+,0,1,57509.0,2020
9,22-29,4,2,23.0,2020
3,50+,5,5,8828.0,2020
2,30-49,3,5,9103.0,2020
2,30-49,3,4,252.0,2020
3,50+,6,4,32.0,2020
8,50+,6,5,3698.0,2020
8,50+,2,3,23.0,2020
5,50+,1,2,2936.0,2020
4,30-49,3,3,55.0,2020
3,30-49,6,5,2917.0,2020
7,50+,2,1,11153.0,2020
2,50+,5,5,11248.0,2020
4,22-29,2,4,327.0,2020
3,30-49,0,2,2085.0,2020
2,30-49,5,3,22.0,2020
8,30-49,6,2,20.0,2020
1,50+,1,2,1179.0,2020
6,22-29,0,14,197.0,2020
4,30-49,-1,4,125.0,2020
3,50+,3,2,200.0,2020
6,22-29,1,5,416.0,2020
3,22-29,4,3,7.0,2020
2,50+,0,5,1206.0,2020
1,22-29,4,2,,2020
8,30-49,4,2,61.0,2020
2,50+,0,15,227.0,2020
9,22-29,6,5,1249.0,2020
9,22-29,2,3,30.0,2020
3,22-29,3,4,83.0,2020
1,22-29,1,4,109.0,2020
5,50+,3,3,88.0,2020
1,22-29,-1,1,939.0,2020
6,22-29,0,2,78.0,2020
9,22-29,1,5,4307.0,2020
9,50+,0,2,702.0,2020
7,30-49,2,2,464.0,2020
8,50+,0,12,158.0,2020
1,22-29,3,2,5.0,2020
6,50+,0,4,50.0,2020
3,22-29,6,2,10.0,2020
9,30-49,0,5,825.0,2020
1,50+,3,4,90.0,2020
8,30-49,3,2,92.0,2020
4,22-29,4,5,3114.0,2020
2,30-49,-1,2,923.0,2020
6,30-49,5,3,72.0,2020
9,50+,3,5,6208.0,2020
3,50+,2,4,323.0,2020
4,30-49,2,5,6658.0,2020
6,22-29,-1,3,,2020
9,22-29,0,15,103.0,2020
6,50+,0,12,104.0,2020
1,22-29,-1,3,8.0,2020
9,30-49,-1,4,121.0,2020
7,30-49,4,4,135.0,2020
1,22-29,5,2,,2020
4,30-49,6,1,731.0,2020
3,22-29,2,4,220.0,2020
7,22-29,0,15,264.0,2020
7,50+,1,1,16783.0,2020
4,50+,0,3,186.0,2020
9,30-49,5,3,27.0,2020
9,22-29,5,1,276.0,2020
7,22-29,6,3,,2020
5,22-29,1,5,10531.0,2020
6,22-29,3,1,204.0,2020
3,30-49,3,3,58.0,2020
6,50+,0,13,1152.0,2020
4,50+,6,3,14.0,2020
6,50+,3,5,848.0,2020
5,30-49,6,4,81.0,2020
1,22-29,4,1,67.0,2020
3,50+,6,5,7130.0,2020
8,50+,3,2,117.0,2020
9,50+,4,4,32.0,2020
5,22-29,6,1,343.0,2020
8,22-29,-1,2,125.0,2020
4,30-49,1,1,14949.0,2020
7,30-49,4,3,20.0,2020
6,30-49,2,2,34.0,2020
1,30-49,0,2,890.0,2020
2,50+,4,2,178.0,2020
7,22-29,5,2,22.0,2020
5,50+,2,2,468.0,2020
4,30-49,0,1,107476.0,2020
1,30-49,4,1,2704.0,2020
5,22-29,3,3,63.0,2020
1,30-49,5,2,47.0,2020
9,50+,4,5,5324.0,2020
7,30-49,2,1,13646.0,2020
2,50+,1,4,1883.0,2020
6,50+,-1,2,21.0,2020
4,22-29,-1,1,2816.0,2020
9,50+,5,3,27.0,2020
3,50+,4,2,142.0,2020
7,30-49,0,3,97.0,2020
5,30-49,1,4,4418.0,2020
3,30-49,1,2,2438.0,2020
7,30-49,6,3,7.0,2020
3,50+,1,4,1133.0,2020
6,30-49,4,5,458.0,2020
5,30-49,4,1,3394.0,2020
4,50+,5,5,6608.0,2020
8,22-29,3,4,86.0,2020
5,22-29,4,2,172.0,2020
8,50+,-1,4,76.0,2020
6,50+,-1,1,622.0,2020
1,30-49,-1,3,71.0,2020
6,30-49,-1,3,19.0,2020
9,22-29,0,5,600.0,2020
7,50+,5,4,60.0,2020
1,30-49,6,3,11.0,2020
5,22-29,1,4,4905.0,2020
5,30-49,-1,4,256.0,2020
4,22-29,5,4,30.0,2020
3,50+,4,1,3684.0,2020
5,22-29,0,1,152908.0,2020
8,50+,0,5,383.0,2020
8,30-49,0,12,281.0,2020
1,22-29,2,3,,2020
2,22-29,3,4,85.0,2020
3,30-49,0,4,556.0,2020
2,22-29,5,1,127.0,2020
3,50+,2,5,10686.0,2020
9,50+,3,4,46.0,2020
1,30-49,3,1,3182.0,2020
9,30-49,1,5,4997.0,2020
3,30-49,4,3,30.0,2020
9,22-29,3,2,75.0,2020
9,30-49,2,5,7617.0,2020
1,30-49,2,2,329.0,2020
7,50+,5,5,7115.0,2020
8,30-49,0,5,498.0,2020
8,50+,5,4,66.0,2020
1,50+,3,3,42.0,2020
2,22-29,4,4,38.0,2020
5,30-49,0,5,2072.0,2020
1,30-49,1,2,1364.0,2020
8,50+,2,1,6049.0,2020
1,50+,3,5,5184.0,2020
5,50+,2,1,10691.0,2020
6,50+,0,15,9618.0,2020
3,30-49,4,5,5061.0,2020
9,30-49,2,3,62.0,2020
4,50+,2,5,7346.0,2020
6,30-49,-1,4,15.0,2020
2,50+,2,1,14945.0,2020
1,30-49,0,3,102.0,2020
3,22-29,6,3,,2020
4,50+,1,5,2624.0,2020
7,22-29,2,4,288.0,2020
1,30-49,4,3,32.0,2020
2,22-29,0,14,719.0,2020
1,22-29,6,5,25.0,2020
7,30-49,3,3,32.0,2020
2,22-29,3,5,2806.0,2020
8,22-29,-1,3,14.0,2020
9,30-49,0,1,66643.0,2020
9,50+,1,4,540.0,2020
9,50+,3,1,1801.0,2020
4,50+,4,3,29.0,2020
3,50+,-1,3,68.0,2020
5,22-29,-1,3,66.0,2020
1,22-29,1,1,896.0,2020
1,30-49,6,2,18.0,2020
4,22-29,5,1,249.0,2020
8,30-49,0,15,1113.0,2020
5,30-49,0,3,2267.0,2020
3,22-29,6,5,459.0,2020
7,30-49,4,5,4629.0,2020
2,30-49,-1,1,21915.0,2020
8,30-49,5,1,2254.0,2020
3,30-49,2,4,684.0,2020
1,30-49,0,5,375.0,2020
6,22-29,3,4,12.0,2020
1,50+,1,1,13813.0,2020
9,30-49,4,1,979.0,2020
1,22-29,2,1,416.0,2020
9,50+,0,4,112.0,2020
7,30-49,3,5,5279.0,2020
9,22-29,6,1,107.0,2020
2,50+,6,2,81.0,2020
7,30-49,4,2,106.0,2020
2,30-49,0,5,2757.0,2020
7,30-49,0,12,1458.0,2020
6,30-49,6,1,83.0,2020
8,50+,6,2,32.0,2020
5,30-49,2,2,671.0,2020
2,22-29,0,4,267.0,2020
8,50+,-1,3,15.0,2020
8,30-49,1,5,3045.0,2020
8,30-49,0,13,1090.0,2020
7,50+,-1,4,104.0,2020
2,50+,0,14,7193.0,2020
2,50+,6,5,7514.0,2020
6,30-49,3,5,633.0,2020
4,22-29,3,4,112.0,2020
4,50+,4,5,7113.0,2020
2,22-29,3,3,18.0,2020
3,30-49,0,3,520.0,2020
1,50+,5,4,50.0,2020
5,30-49,0,2,3715.0,2020
1,30-49,1,5,1818.0,2020
6,22-29,-1,2,27.0,2020
7,30-49,1,3,44.0,2020
8,22-29,1,1,5589.0,2020
2,50+,0,4,275.0,2020
2,22-29,6,3,6.0,2020
7,22-29,4,1,1109.0,2020
9,50+,0,12,8.0,2020
5,22-29,2,1,7484.0,2020
3,50+,1,5,4843.0,2020
4,22-29,-1,3,29.0,2020
3,22-29,5,2,12.0,2020
9,50+,6,2,13.0,2020
4,50+,2,2,208.0,2020
6,50+,5,2,25.0,2020
4,50+,1,2,943.0,2020
2,22-29,0,2,1256.0,2020
6,22-29,2,4,24.0,2020
6,30-49,0,1,12169.0,2020
1,30-49,2,5,3567.0,2020
4,50+,4,2,92.0,2020
5,22-29,-1,2,397.0,2020
1,50+,5,2,104.0,2020
3,50+,5,4,55.0,2020
7,30-49,3,2,193.0,2020
3,22-29,1,1,7747.0,2020
3,22-29,2,1,3035.0,2020
5,30-49,1,1,33071.0,2020
2,50+,6,3,31.0,2020
6,50+,1,3,15.0,2020
7,50+,4,1,4549.0,2020
4,50+,3,4,78.0,2020
4,30-49,5,4,60.0,2020
7,30-49,-1,4,316.0,2020
7,22-29,3,1,1505.0,2020
2,22-29,-1,1,7375.0,2020
7,50+,0,1,71923.0,2020
4,50+,1,3,61.0,2020
5,30-49,-1,1,9846.0,2020
2,30-49,0,3,1127.0,2020
9,30-49,1,1,12378.0,2020
4,30-49,-1,2,236.0,2020
8,50+,4,4,69.0,2020
6,50+,4,2,18.0,2020
5,22-29,6,3,12.0,2020
8,50+,0,1,80297.0,2020
3,30-49,1,5,5849.0,2020
4,30-49,4,1,1610.0,2020
1,30-49,3,2,113.0,2020
3,30-49,0,13,1428.0,2020
2,50+,5,2,134.0,2020
4,50+,2,3,69.0,2020
4,50+,0,5,357.0,2020
2,22-29,0,12,173.0,2020
1,50+,2,5,5688.0,2020
6,50+,3,4,20.0,2020
5,30-49,0,13,2911.0,2020
8,22-29,6,5,457.0,2020
1,30-49,1,4,1279.0,2020
2,50+,3,1,5120.0,2020
5,50+,-1,3,68.0,2020
5,22-29,5,4,125.0,2020
8,30-49,4,5,2810.0,2020
1,30-49,4,5,2012.0,2020
5,50+,6,2,51.0,2020
8,50+,1,4,713.0,2020
5,50+,5,3,63.0,2020
4,22-29,-1,2,177.0,2020
5,22-29,6,2,39.0,2020
4,30-49,5,5,3001.0,2020
8,30-49,0,4,212.0,2020
9,50+,6,5,3420.0,2020
2,22-29,0,5,595.0,2020
2,50+,-1,2,293.0,2020
6,22-29,-1,4,8.0,2020
5,50+,5,5,13645.0,2020
1,30-49,6,5,883.0,2020
8,22-29,4,1,531.0,2020
8,50+,6,3,,2020
1,22-29,5,4,,2020
3,30-49,6,3,9.0,2020
4,50+,-1,1,3332.0,2020
6,22-29,5,3,,2020
9,22-29,5,2,19.0,2020
1,22-29,3,4,8.0,2020
1,50+,4,2,180.0,2020
2,30-49,1,5,8306.0,2020
7,22-29,0,14,435.0,2020
8,30-49,1,3,55.0,2020
5,30-49,2,5,18203.0,2020
8,50+,5,1,3111.0,2020
2,30-49,3,3,61.0,2020
4,50+,5,1,1978.0,2020
7,30-49,0,13,2489.0,2020
2,22-29,2,4,233.0,2020
4,50+,6,4,21.0,2020
2,30-49,2,3,134.0,2020
5,30-49,3,5,14232.0,2020
3,50+,1,2,1626.0,2020
8,22-29,2,4,224.0,2020
9,22-29,3,4,90.0,2020
8,30-49,4,4,72.0,2020
8,50+,5,5,6020.0,2020
6,50+,0,3,1401.0,2020
4,22-29,4,1,496.0,2020
7,50+,5,2,98.0,2020
1,22-29,5,5,49.0,2020
9,30-49,6,1,324.0,2020
6,50+,3,1,514.0,2020
7,22-29,0,12,393.0,2020
5,50+,5,4,88.0,2020
4,22-29,2,1,3054.0,2020
6,22-29,6,1,19.0,2020
8,30-49,2,4,270.0,2020
2,30-49,4,2,145.0,2020
6,50+,5,5,1126.0,2020
8,22-29,2,5,3591.0,2020
1,50+,5,5,5136.0,2020
8,50+,3,4,96.0,2020
6,22-29,3,5,413.0,2020
5,50+,0,1,246554.0,2020
2,30-49,-1,4,611.0,2020
6,30-49,2,4,34.0,2020
1,22-29,2,4,22.0,2020
3,22-29,5,5,738.0,2020
1,30-49,2,3,55.0,2020
1,30-49,4,2,88.0,2020
7,22-29,5,1,798.0,2020
3,50+,0,1,138081.0,2020
9,22-29,3,5,5373.0,2020
1,30-49,3,3,32.0,2020
7,22-29,3,4,94.0,2020
6,30-49,2,5,918.0,2020
7,22-29,1,1,9069.0,2020
1,50+,3,2,176.0,2020
6,22-29,0,12,26.0,2020
5,50+,-1,2,180.0,2020
5,50+,1,4,1947.0,2020
2,50+,0,1,315243.0,2020
4,50+,2,4,140.0,2020
1,50+,2,2,392.0,2020
4,22-29,6,2,8.0,2020
4,30-49,-1,3,95.0,2020
9,50+,4,3,15.0,2020
7,30-49,6,1,1687.0,2020
2,22-29,3,2,60.0,2020
6,30-49,5,4,14.0,2020
3,30-49,1,3,136.0,2020
7,50+,6,4,34.0,2020
3,22-29,1,4,1416.0,2020
6,50+,1,5,468.0,2020
3,30-49,4,4,137.0,2020
3,50+,4,3,35.0,2020
3,22-29,0,14,612.0,2020
3,22-29,4,1,318.0,2020
8,30-49,3,3,20.0,2020
9,50+,2,5,6400.0,2020
3,50+,5,2,102.0,2020
6,22-29,5,2,6.0,2020
4,30-49,5,2,42.0,2020
1,30-49,5,5,1508.0,2020
5,22-29,5,2,115.0,2020
1,50+,-1,4,81.0,2020
9,30-49,2,2,214.0,2020
4,30-49,2,1,7364.0,2020
8,22-29,1,4,880.0,2020
1,30-49,-1,1,8848.0,2020
3,50+,-1,2,236.0,2020
2,30-49,3,2,168.0,2020
3,30-49,3,1,4565.0,2020
2,30-49,0,15,504.0,2020
8,22-29,0,14,311.0,2020
5,22-29,0,14,928.0,2020
6,22-29,1,1,753.0,2020
3,30-49,0,14,4576.0,2020
3,50+,1,3,85.0,2020
7,50+,0,3,64.0,2020
2,30-49,2,2,822.0,2020
1,22-29,-1,2,28.0,2020
2,22-29,6,5,318.0,2020
8,30-49,3,4,112.0,2020
9,30-49,4,3,26.0,2020
1,50+,-1,3,49.0,2020
6,50+,6,3,,2020
2,50+,3,4,177.0,2020
6,30-49,6,4,,2020
1,30-49,6,4,24.0,2020
7,22-29,0,13,292.0,2020
9,22-29,4,4,45.0,2020
7,22-29,6,2,9.0,2020
8,30-49,0,3,242.0,2020
4,50+,0,2,461.0,2020
9,30-49,5,2,35.0,2020
5,50+,3,4,223.0,2020
3,22-29,-1,3,65.0,2020
7,50+,5,3,31.0,2020
4,22-29,6,3,,2020
1,50+,2,3,63.0,2020
7,50+,6,3,9.0,2020
7,22-29,-1,1,5535.0,2020
8,30-49,6,1,778.0,2020
3,50+,3,4,122.0,2020
9,22-29,5,3,5.0,2020
9,50+,4,2,28.0,2020
7,30-49,1,5,4521.0,2020
6,30-49,1,1,1631.0,2020
7,22-29,2,1,4977.0,2020
4,50+,0,13,39.0,2020
8,50+,-1,2,132.0,2020
7,22-29,0,2,735.0,2020
7,30-49,-1,1,13026.0,2020
2,22-29,1,4,1653.0,2020
5,30-49,4,3,75.0,2020
7,22-29,2,3,12.0,2020
9,22-29,1,1,6321.0,2020
2,22-29,1,3,64.0,2020
3,50+,6,1,1926.0,2020
5,50+,3,1,5060.0,2020
4,22-29,3,3,11.0,2020
2,22-29,2,3,35.0,2020
6,50+,0,1,21461.0,2020
5,22-29,3,5,14966.0,2020
9,22-29,0,3,294.0,2020
1,22-29,6,1,8.0,2020
4,50+,0,12,5.0,2020
9,22-29,1,2,1203.0,2020
9,22-29,2,2,149.0,2020
2,30-49,4,3,40.0,2020
5,30-49,5,5,9002.0,2020
4,50+,0,14,357.0,2020
7,50+,2,3,22.0,2020
8,50+,1,5,2598.0,2020
7,22-29,0,3,52.0,2020
8,22-29,2,2,159.0,2020
8,30-49,0,1,87704.0,2020
2,22-29,4,2,34.0,2020
7,30-49,2,3,36.0,2020
2,50+,2,5,17818.0,2020
1,50+,3,1,3954.0,2020
3,50+,0,12,513.0,2020
5,22-29,0,12,275.0,2020
4,22-29,4,4,57.0,2020
6,30-49,3,3,13.0,2020
5,22-29,5,3,38.0,2020
3,30-49,6,2,45.0,2020
9,30-49,4,5,4369.0,2020
4,30-49,0,14,139.0,2020
2,50+,4,3,48.0,2020
8,22-29,3,3,9.0,2020
8,50+,6,1,969.0,2020
6,22-29,1,4,99.0,2020
5,22-29,1,3,269.0,2020
5,30-49,0,4,932.0,2020
9,50+,0,5,347.0,2020
9,30-49,-1,2,256.0,2020
1,30-49,5,3,37.0,2020
6,30-49,1,3,13.0,2020
5,30-49,3,2,248.0,2020
1,30-49,0,4,128.0,2020
1,50+,4,3,57.0,2020
8,22-29,-1,4,72.0,2020
7,30-49,-1,3,51.0,2020
9,50+,5,5,5471.0,2020
7,30-49,1,4,1869.0,2020
6,50+,6,2,5.0,2020
5,50+,5,1,4272.0,2020
7,30-49,0,2,1281.0,2020
1,30-49,6,1,1016.0,2020
7,30-49,2,5,6814.0,2020
6,50+,5,1,1844.0,2020
8,22-29,2,1,2373.0,2020
9,22-29,4,3,,2020
2,50+,1,3,143.0,2020
5,30-49,3,1,4826.0,2020
6,30-49,-1,2,47.0,2020
3,22-29,0,4,287.0,2020
8,30-49,2,1,5277.0,2020
3,30-49,5,4,84.0,2020
2,50+,1,2,3191.0,2020
4,22-29,1,4,1839.0,2020
7,30-49,3,4,191.0,2020
2,50+,2,2,670.0,2020
1,30-49,3,5,2503.0,2020
9,50+,-1,2,81.0,2020
1,22-29,4,3,,2020
9,50+,5,1,1247.0,2020
6,50+,3,3,6.0,2020
5,22-29,4,5,10551.0,2020
8,30-49,3,5,3583.0,2020
4,50+,0,4,74.0,2020
8,50+,4,2,98.0,2020
8,22-29,3,1,904.0,2020
9,50+,-1,1,2139.0,2020
6,50+,0,14,2369.0,2020
9,50+,2,4,125.0,2020
4,50+,1,4,614.0,2020
9,30-49,2,4,297.0,2020
6,30-49,0,14,1194.0,2020
6,30-49,5,2,14.0,2020
6,22-29,3,3,5.0,2020
4,30-49,3,2,109.0,2020
5,30-49,0,15,3050.0,2020
1,30-49,2,1,9378.0,2020
5,50+,5,2,127.0,2020
6,30-49,4,1,289.0,2020
5,22-29,0,4,744.0,2020
9,30-49,1,3,125.0,2020
3,50+,2,1,13669.0,2020
5,30-49,5,2,130.0,2020
7,30-49,5,1,3539.0,2020
7,50+,2,5,6480.0,2020
6,30-49,5,1,599.0,2020
4,30-49,1,4,1732.0,2020
8,30-49,6,3,6.0,2020
7,50+,3,4,86.0,2020
9,50+,4,1,951.0,2020
2,22-29,2,2,198.0,2020
9,22-29,5,5,2590.0,2020
6,50+,-1,4,6.0,2020
8,22-29,5,1,429.0,2020
2,30-49,3,1,4800.0,2020
9,22-29,0,2,736.0,2020
8,30-49,5,4,67.0,2020
3,50+,4,5,9849.0,2020
9,50+,0,3,349.0,2020
7,22-29,6,5,579.0,2020
9,30-49,5,5,4115.0,2020
4,50+,6,5,5002.0,2020
3,30-49,6,1,1408.0,2020
4,22-29,0,4,233.0,2020
1,50+,6,1,2464.0,2020
6,30-49,4,2,9.0,2020
3,30-49,3,5,6776.0,2020
5,30-49,4,5,10848.0,2020
2,50+,1,1,30605.0,2020
2,22-29,0,3,333.0,2020
5,50+,0,12,245.0,2020
7,50+,0,15,1788.0,2020
7,50+,3,3,20.0,2020
3,22-29,4,5,1449.0,2020
7,30-49,0,5,942.0,2020
3,30-49,0,11,,2020
2,50+,0,3,757.0,2020
4,30-49,0,5,595.0,2020
9,30-49,6,4,22.0,2020
4,50+,4,1,2354.0,2020
8,50+,4,1,2662.0,2020
2,50+,2,4,467.0,2020
7,50+,3,1,4324.0,2020
3,30-49,0,15,520.0,2020
8,22-29,6,3,,2020
4,50+,6,2,30.0,2020
5,22-29,-1,1,5526.0,2020
5,50+,4,2,159.0,2020
4,30-49,3,5,4718.0,2020
9,30-49,0,14,1371.0,2020
6,50+,6,1,115.0,2020
5,30-49,6,5,5286.0,2020
1,22-29,0,1,5173.0,2020
6,30-49,3,2,14.0,2020
2,22-29,6,2,7.0,2020
2,30-49,2,5,14229.0,2020
9,22-29,6,3,5.0,2020
5,30-49,2,3,219.0,2020
1,50+,2,4,203.0,2020
5,22-29,1,1,25324.0,2020
9,50+,2,2,121.0,2020
4,30-49,5,3,10.0,2020
2,30-49,0,2,4286.0,2020
5,50+,2,3,134.0,2020
5,50+,6,5,7680.0,2020
8,50+,1,2,1125.0,2020
9,50+,5,2,26.0,2020
1,22-29,0,3,11.0,2020
1,50+,0,5,309.0,2020
2,50+,6,4,58.0,2020
3,30-49,2,5,9294.0,2020
9,30-49,0,4,308.0,2020
4,50+,0,15,171.0,2020
4,30-49,6,5,2167.0,2020
4,30-49,2,3,65.0,2020
2,22-29,0,13,958.0,2020
9,50+,0,14,1443.0,2020
7,50+,4,2,153.0,2020
7,30-49,3,1,4967.0,2020
7,22-29,1,3,18.0,2020
4,22-29,1,1,8629.0,2020
9,30-49,0,3,639.0,2020
9,22-29,3,3,24.0,2020
7,30-49,6,2,38.0,2020
4,22-29,1,2,1555.0,2020
3,30-49,-1,1,14948.0,2020
6,50+,1,1,1584.0,2020
4,50+,3,2,115.0,2020
2,30-49,2,4,978.0,2020
5,22-29,4,4,284.0,2020
5,50+,-1,4,109.0,2020
3,50+,5,3,31.0,2020
1,30-49,1,3,60.0,2020
9,50+,1,3,83.0,2020
6,50+,4,3,11.0,2020
3,50+,0,15,274.0,2020
7,50+,5,1,4281.0,2020
6,50+,1,2,113.0,2020
9,22-29,6,4,12.0,2020
5,50+,4,1,3730.0,2020
8,22-29,0,1,36613.0,2020
5,30-49,0,12,430.0,2020
7,30-49,0,15,1790.0,2020
6,22-29,5,4,8.0,2020
9,50+,0,13,40.0,2020
2,50+,5,3,37.0,2020
6,22-29,2,2,23.0,2020
1,22-29,2,2,28.0,2020
3,30-49,-1,2,541.0,2020
8,50+,5,3,16.0,2020
4,50+,3,1,2790.0,2020
2,30-49,5,5,4405.0,2020
8,30-49,2,2,229.0,2020
1,50+,5,1,3927.0,2020
1,30-49,-1,2,179.0,2020
5,22-29,6,4,53.0,2020
3,22-29,0,12,58.0,2020
3,22-29,-1,2,273.0,2020
8,30-49,0,2,981.0,2020
3,30-49,0,5,1345.0,2020
3,22-29,5,1,146.0,2020
3,22-29,0,13,175.0,2020
5,30-49,1,3,355.0,2020
9,22-29,5,4,33.0,2020
6,50+,2,2,60.0,2020
3,50+,3,3,49.0,2020
2,30-49,0,1,508222.0,2020
3,30-49,-1,4,385.0,2020
8,50+,6,4,12.0,2020
2,30-49,6,1,1109.0,2020
8,50+,0,4,132.0,2020
1,50+,1,3,51.0,2020
4,22-29,0,1,49173.0,2020
7,50+,6,1,1972.0,2020
9,22-29,-1,4,88.0,2020
3,30-49,4,2,102.0,2020
4,22-29,6,1,96.0,2020
7,22-29,4,4,61.0,2020
5,50+,3,2,228.0,2020
3,22-29,1,3,62.0,2020
7,50+,6,2,40.0,2020
6,22-29,2,1,397.0,2020
5,50+,0,15,1407.0,2020
6,30-49,0,3,875.0,2020
5,22-29,6,5,3002.0,2020
8,30-49,4,3,22.0,2020
6,22-29,0,3,120.0,2020
3,50+,0,5,621.0,2020
7,50+,1,5,2834.0,2020
2,30-49,1,2,4025.0,2020
4,30-49,6,4,26.0,2020
6,30-49,3,1,536.0,2020
3,30-49,0,12,543.0,2020
1,50+,6,2,87.0,2020
3,30-49,5,1,2253.0,2020
6,30-49,2,3,120.0,2020
7,22-29,0,4,236.0,2020
5,50+,1,3,196.0,2020
9,30-49,5,4,43.0,2020
3,50+,-1,4,140.0,2020
7,30-49,5,2,87.0,2020
1,22-29,-1,4,19.0,2020
8,30-49,1,2,1333.0,2020
1,22-29,6,4,,2020
6,30-49,0,13,630.0,2020
8,50+,3,3,17.0,2020
4,30-49,-1,1,5561.0,2020
7,50+,0,2,595.0,2020
8,22-29,4,3,5.0,2020
2,22-29,4,5,1479.0,2020
6,22-29,5,5,216.0,2020
8,22-29,1,2,978.0,2020
8,22-29,5,2,18.0,2020
6,50+,0,2,160.0,2020
1,50+,-1,2,134.0,2020
8,50+,0,3,174.0,2021
2,50+,3,5,17994.0,2021
5,50+,0,3,1281.0,2021
5,50+,7,4,28.0,2021
3,30-49,-1,3,107.0,2021
7,50+,4,5,5963.0,2021
7,22-29,1,2,1023.0,2021
6,22-29,6,4,5.0,2021
2,50+,0,12,2326.0,2021
4,30-49,4,3,39.0,2021
1,50+,2,1,8866.0,2021
9,30-49,1,4,1288.0,2021
7,22-29,5,3,,2021
6,22-29,7,5,44.0,2021
6,30-49,0,12,90.0,2021
9,50+,7,2,8.0,2021
6,30-49,2,1,1038.0,2021
9,22-29,0,4,299.0,2021
3,50+,0,2,1220.0,2021
2,30-49,4,4,140.0,2021
2,30-49,7,4,31.0,2021
4,22-29,2,3,39.0,2021
5,22-29,0,2,4911.0,2021
4,22-29,1,3,73.0,2021
8,22-29,0,2,997.0,2021
6,22-29,0,15,236.0,2021
4,22-29,2,5,6478.0,2021
8,22-29,1,5,1468.0,2021
2,22-29,2,1,2266.0,2021
1,50+,6,5,4381.0,2021
7,50+,1,2,1011.0,2021
4,22-29,1,5,2798.0,2021
5,22-29,2,5,17867.0,2021
1,22-29,4,4,5.0,2021
7,22-29,4,5,1704.0,2021
6,50+,6,4,10.0,2021
9,30-49,3,2,141.0,2021
7,30-49,6,5,3102.0,2021
7,30-49,0,14,4667.0,2021
5,30-49,-1,2,593.0,2021
8,30-49,-1,2,236.0,2021
9,22-29,7,2,6.0,2021
1,22-29,3,3,,2021
4,50+,5,3,18.0,2021
9,22-29,3,1,980.0,2021
8,22-29,6,1,156.0,2021
4,22-29,0,2,1825.0,2021
2,22-29,-1,4,140.0,2021
3,50+,6,3,22.0,2021
4,50+,7,1,642.0,2021
3,30-49,5,5,3963.0,2021
7,50+,4,3,13.0,2021
8,30-49,4,1,1657.0,2021
9,30-49,6,3,23.0,2021
7,50+,7,4,16.0,2021
8,22-29,1,3,19.0,2021
5,50+,0,14,6346.0,2021
7,22-29,4,3,,2021
3,22-29,1,5,1779.0,2021
9,30-49,-1,1,4057.0,2021
3,22-29,2,5,3596.0,2021
1,50+,0,2,696.0,2021
9,22-29,6,2,8.0,2021
9,50+,3,2,61.0,2021
4,30-49,3,1,5340.0,2021
1,22-29,3,5,202.0,2021
5,22-29,3,4,494.0,2021
8,50+,7,3,,2021
3,50+,1,1,16412.0,2021
1,50+,1,5,1208.0,2021
7,22-29,5,5,1172.0,2021
3,22-29,0,2,1524.0,2021
6,30-49,0,4,51.0,2021
3,30-49,1,1,20116.0,2021
4,30-49,0,15,74.0,2021
1,30-49,5,4,47.0,2021
3,50+,2,2,462.0,2021
4,50+,-1,3,49.0,2021
5,50+,0,5,2164.0,2021
8,50+,2,2,276.0,2021
5,30-49,7,4,38.0,2021
5,50+,4,4,103.0,2021
2,50+,3,3,142.0,2021
7,22-29,-1,4,158.0,2021
2,22-29,0,1,109529.0,2021
9,50+,6,1,723.0,2021
3,50+,0,14,6042.0,2021
4,30-49,0,4,380.0,2021
3,30-49,5,3,22.0,2021
2,50+,-1,4,128.0,2021
2,22-29,6,1,45.0,2021
3,22-29,3,3,26.0,2021
9,30-49,6,5,3526.0,2021
9,30-49,3,3,57.0,2021
9,22-29,7,3,5.0,2021
3,22-29,3,5,2648.0,2021
8,50+,-1,1,4565.0,2021
7,22-29,6,4,18.0,2021
2,22-29,5,2,16.0,2021
1,22-29,1,5,105.0,2021
3,50+,4,4,68.0,2021
5,30-49,4,4,233.0,2021
1,22-29,2,5,254.0,2021
7,50+,3,2,261.0,2021
5,50+,-1,1,7345.0,2021
3,30-49,7,1,796.0,2021
7,22-29,3,2,156.0,2021
5,30-49,0,1,310966.0,2021
3,22-29,5,4,10.0,2021
9,50+,7,3,6.0,2021
6,22-29,1,3,7.0,2021
8,30-49,5,3,6.0,2021
5,22-29,0,13,423.0,2021
3,50+,0,13,2847.0,2021
4,22-29,6,4,16.0,2021
5,50+,0,2,2238.0,2021
1,30-49,7,1,552.0,2021
9,30-49,5,1,574.0,2021
6,30-49,4,3,9.0,2021
9,22-29,2,4,252.0,2021
8,30-49,3,1,3749.0,2021
7,50+,2,4,209.0,2021
9,22-29,1,4,883.0,2021
4,22-29,4,3,11.0,2021
2,50+,3,2,431.0,2021
6,22-29,2,3,8.0,2021
5,22-29,0,5,1999.0,2021
2,22-29,-1,2,179.0,2021
7,30-49,5,5,3713.0,2021
9,50+,6,4,10.0,2021
4,30-49,2,2,361.0,2021
1,50+,4,4,67.0,2021
4,30-49,1,2,1596.0,2021
9,30-49,7,4,11.0,2021
8,22-29,5,5,909.0,2021
2,22-29,4,1,272.0,2021
5,30-49,6,3,64.0,2021
4,30-49,3,4,217.0,2021
3,22-29,4,4,40.0,2021
4,22-29,4,2,50.0,2021
5,30-49,5,4,128.0,2021
2,22-29,7,2,,2021
2,30-49,1,1,26629.0,2021
2,30-49,2,1,16630.0,2021
3,30-49,5,2,59.0,2021
8,50+,7,5,2906.0,2021
1,50+,-1,1,5661.0,2021
9,30-49,6,2,22.0,2021
8,50+,4,3,17.0,2021
4,22-29,7,5,495.0,2021
1,30-49,5,1,1442.0,2021
8,50+,0,13,1988.0,2021
3,22-29,-1,1,3012.0,2021
2,30-49,-1,3,123.0,2021
6,30-49,1,4,139.0,2021
2,22-29,3,1,1185.0,2021
9,30-49,0,12,,2021
6,50+,2,1,988.0,2021
2,30-49,6,2,53.0,2021
7,30-49,2,4,551.0,2021
3,50+,0,3,283.0,2021
8,22-29,0,3,115.0,2021
1,22-29,0,5,72.0,2021
5,22-29,2,3,154.0,2021
4,30-49,4,2,63.0,2021
6,22-29,4,2,10.0,2021
4,30-49,1,5,2578.0,2021
3,22-29,6,4,,2021
6,50+,2,4,22.0,2021
3,22-29,2,2,240.0,2021
5,30-49,7,1,595.0,2021
2,22-29,5,3,,2021
3,50+,-1,1,6363.0,2021
2,50+,0,13,4609.0,2021
8,22-29,4,5,1661.0,2021
4,22-29,0,5,616.0,2021
4,50+,-1,2,96.0,2021
6,22-29,4,3,7.0,2021
5,50+,0,13,4009.0,2021
8,50+,0,14,3289.0,2021
1,50+,6,4,42.0,2021
3,22-29,0,15,183.0,2021
8,30-49,6,4,31.0,2021
1,30-49,0,1,108656.0,2021
4,30-49,0,2,1838.0,2021
4,22-29,5,3,6.0,2021
6,30-49,-1,1,980.0,2021
2,30-49,7,3,25.0,2021
3,30-49,3,4,414.0,2021
1,50+,4,1,3225.0,2021
2,22-29,5,5,874.0,2021
2,30-49,6,5,3394.0,2021
5,30-49,2,1,12779.0,2021
3,50+,2,3,66.0,2021
3,22-29,3,2,104.0,2021
9,50+,3,3,20.0,2021
9,50+,0,15,661.0,2021
4,30-49,1,3,81.0,2021
2,50+,-1,1,6307.0,2021
6,30-49,5,5,403.0,2021
5,22-29,7,1,143.0,2021
8,30-49,1,1,8394.0,2021
5,30-49,5,1,1698.0,2021
6,22-29,2,5,511.0,2021
4,30-49,0,13,,2021
9,50+,7,5,2835.0,2021
8,50+,2,5,6152.0,2021
3,30-49,4,1,3130.0,2021
2,30-49,6,3,21.0,2021
4,22-29,0,3,388.0,2021
7,50+,-1,3,41.0,2021
8,30-49,0,14,2183.0,2021
2,30-49,1,4,4935.0,2021
6,30-49,0,5,478.0,2021
9,50+,5,4,18.0,2021
8,22-29,5,3,,2021
6,22-29,4,5,284.0,2021
9,22-29,2,5,6524.0,2021
1,22-29,4,5,85.0,2021
2,50+,0,2,2245.0,2021
9,22-29,1,3,66.0,2021
8,50+,2,4,195.0,2021
9,22-29,0,1,24590.0,2021
8,50+,3,5,6398.0,2021
8,22-29,0,15,354.0,2021
1,50+,1,4,731.0,2021
6,50+,-1,3,7.0,2021
3,50+,0,11,,2021
3,50+,6,2,69.0,2021
4,22-29,7,2,,2021
5,22-29,2,2,896.0,2021
2,30-49,4,1,3321.0,2021
4,22-29,2,2,219.0,2021
7,30-49,0,4,580.0,2021
7,50+,1,3,24.0,2021
8,22-29,6,4,21.0,2021
4,50+,7,4,20.0,2021
7,50+,-1,1,7381.0,2021
2,22-29,7,5,181.0,2021
7,22-29,1,5,1723.0,2021
9,22-29,2,1,1882.0,2021
3,30-49,2,3,102.0,2021
5,22-29,0,3,1816.0,2021
6,50+,5,4,7.0,2021
5,50+,1,1,23877.0,2021
4,22-29,3,1,1589.0,2021
4,50+,1,1,10620.0,2021
5,30-49,3,4,459.0,2021
5,22-29,3,2,405.0,2021
6,22-29,1,2,77.0,2021
1,22-29,1,2,97.0,2021
6,22-29,0,4,37.0,2021
7,30-49,6,4,56.0,2021
8,30-49,5,5,2173.0,2021
9,50+,1,5,1964.0,2021
4,30-49,7,2,15.0,2021
7,50+,0,4,193.0,2021
9,50+,2,1,3588.0,2021
2,22-29,0,15,107.0,2021
5,30-49,-1,3,137.0,2021
1,22-29,1,3,,2021
8,30-49,-1,3,50.0,2021
9,30-49,4,4,75.0,2021
9,22-29,0,14,138.0,2021
7,22-29,5,4,30.0,2021
5,22-29,4,3,35.0,2021
7,30-49,5,3,20.0,2021
8,30-49,6,5,2065.0,2021
3,50+,5,1,2092.0,2021
9,50+,-1,4,25.0,2021
5,50+,3,5,19191.0,2021
4,50+,6,1,1050.0,2021
7,50+,4,4,68.0,2021
9,30-49,0,13,,2021
9,30-49,2,1,4501.0,2021
4,30-49,5,1,806.0,2021
8,50+,0,2,642.0,2021
6,50+,4,1,417.0,2021
8,30-49,-1,4,144.0,2021
7,30-49,0,1,103053.0,2021
4,50+,5,2,42.0,2021
8,22-29,0,5,363.0,2021
4,30-49,0,3,399.0,2021
4,22-29,0,15,,2021
3,22-29,2,3,48.0,2021
8,22-29,4,2,35.0,2021
4,22-29,5,2,20.0,2021
9,50+,1,1,8119.0,2021
2,50+,6,1,1807.0,2021
6,22-29,0,1,3234.0,2021
1,50+,6,3,37.0,2021
3,50+,7,4,19.0,2021
5,30-49,1,2,4065.0,2021
3,30-49,3,2,464.0,2021
8,30-49,2,5,4498.0,2021
5,50+,4,3,69.0,2021
5,30-49,0,14,4952.0,2021
5,50+,6,1,2049.0,2021
7,22-29,0,1,45653.0,2021
6,22-29,0,13,155.0,2021
5,50+,2,5,21184.0,2021
2,50+,4,4,112.0,2021
7,22-29,6,1,279.0,2021
4,22-29,7,3,,2021
5,50+,2,4,372.0,2021
5,22-29,0,15,1217.0,2021
3,22-29,0,3,342.0,2021
4,50+,0,1,85641.0,2021
7,22-29,4,2,32.0,2021
4,30-49,4,5,3905.0,2021
9,30-49,3,5,6746.0,2021
3,30-49,1,4,3073.0,2021
2,50+,4,5,13875.0,2021
1,22-29,0,2,131.0,2021
7,22-29,3,5,2921.0,2021
1,30-49,1,1,9974.0,2021
6,22-29,-1,1,450.0,2021
8,50+,1,1,10219.0,2021
8,22-29,3,2,82.0,2021
1,50+,0,3,99.0,2021
5,22-29,5,1,768.0,2021
7,30-49,5,4,80.0,2021
5,22-29,1,2,4315.0,2021
3,22-29,0,5,931.0,2021
3,22-29,4,2,38.0,2021
2,50+,5,1,2381.0,2021
2,30-49,0,14,6350.0,2021
4,22-29,-1,4,66.0,2021
6,30-49,1,5,384.0,2021
3,22-29,-1,4,92.0,2021
7,50+,-1,2,147.0,2021
7,22-29,0,5,641.0,2021
5,22-29,7,3,,2021
7,50+,0,13,4592.0,2021
6,30-49,6,3,49.0,2021
8,22-29,5,4,16.0,2021
8,50+,3,1,4279.0,2021
8,22-29,3,5,2699.0,2021
7,50+,7,2,38.0,2021
4,50+,5,4,25.0,2021
5,30-49,5,3,51.0,2021
1,50+,0,4,110.0,2021
9,30-49,3,4,120.0,2021
9,30-49,0,15,774.0,2021
9,50+,1,2,700.0,2021
4,22-29,6,5,1133.0,2021
8,22-29,4,4,54.0,2021
4,30-49,6,2,28.0,2021
4,22-29,0,14,8.0,2021
6,22-29,4,1,115.0,2021
9,30-49,1,2,1144.0,2021
2,50+,7,1,933.0,2021
5,22-29,5,5,6701.0,2021
1,22-29,5,1,19.0,2021
7,22-29,2,5,3669.0,2021
6,30-49,6,5,463.0,2021
5,50+,1,5,4751.0,2021
4,22-29,3,5,5485.0,2021
2,22-29,2,5,3924.0,2021
1,22-29,0,4,24.0,2021
9,22-29,4,5,4083.0,2021
8,50+,7,1,559.0,2021
4,50+,3,5,7682.0,2021
6,22-29,5,1,40.0,2021
6,30-49,0,2,178.0,2021
6,50+,2,3,16.0,2021
8,22-29,0,12,109.0,2021
6,22-29,3,2,13.0,2021
1,30-49,2,4,273.0,2021
2,22-29,1,5,1812.0,2021
3,30-49,7,2,29.0,2021
4,50+,2,1,6319.0,2021
3,50+,7,5,5799.0,2021
8,30-49,1,4,1067.0,2021
6,50+,3,2,47.0,2021
2,50+,1,5,4250.0,2021
5,22-29,4,1,1608.0,2021
7,30-49,4,1,3492.0,2021
7,22-29,-1,2,240.0,2021
3,50+,3,1,11668.0,2021
8,50+,1,3,55.0,2021
3,22-29,6,1,56.0,2021
2,30-49,5,1,1650.0,2021
1,22-29,3,1,202.0,2021
7,50+,1,4,639.0,2021
9,22-29,-1,3,31.0,2021
8,30-49,7,3,,2021
2,30-49,4,5,6901.0,2021
3,50+,0,4,260.0,2021
5,30-49,7,2,43.0,2021
4,30-49,4,4,76.0,2021
1,50+,7,5,3392.0,2021
2,30-49,5,2,71.0,2021
4,50+,7,2,14.0,2021
8,22-29,6,2,8.0,2021
5,30-49,2,4,937.0,2021
9,30-49,4,2,65.0,2021
2,50+,2,3,112.0,2021
8,22-29,7,3,,2021
3,22-29,7,5,242.0,2021
9,22-29,-1,1,2133.0,2021
1,50+,4,5,4828.0,2021
2,30-49,5,4,109.0,2021
3,50+,7,1,1122.0,2021
9,22-29,4,1,370.0,2021
2,22-29,4,3,12.0,2021
7,22-29,1,4,1107.0,2021
5,30-49,6,2,91.0,2021
7,50+,2,2,376.0,2021
7,22-29,-1,3,26.0,2021
2,22-29,-1,3,41.0,2021
6,30-49,4,4,6.0,2021
9,22-29,-1,2,190.0,2021
4,22-29,3,2,126.0,2021
5,50+,0,4,638.0,2021
5,50+,6,4,51.0,2021
3,22-29,3,1,1557.0,2021
5,50+,4,5,16036.0,2021
5,22-29,3,1,3855.0,2021
3,50+,3,5,11196.0,2021
5,22-29,2,4,1047.0,2021
4,30-49,6,3,,2021
6,50+,6,5,923.0,2021
5,30-49,6,1,1814.0,2021
1,30-49,-1,4,114.0,2021
6,22-29,4,4,12.0,2021
7,22-29,2,2,250.0,2021
8,22-29,7,2,,2021
3,30-49,2,2,698.0,2021
2,30-49,6,4,50.0,2021
3,50+,7,2,38.0,2021
5,30-49,4,2,163.0,2021
8,50+,0,15,1124.0,2021
7,30-49,7,4,20.0,2021
2,22-29,6,4,5.0,2021
6,30-49,0,15,1262.0,2021
2,50+,-1,3,67.0,2021
5,30-49,1,5,6771.0,2021
8,50+,5,2,58.0,2021
2,50+,5,4,86.0,2021
6,22-29,6,5,135.0,2021
8,22-29,0,4,190.0,2021
1,30-49,4,4,76.0,2021
4,30-49,2,4,397.0,2021
6,50+,4,4,6.0,2021
7,22-29,3,3,8.0,2021
3,22-29,0,1,56206.0,2021
2,22-29,1,2,1524.0,2021
6,30-49,1,2,170.0,2021
4,50+,3,3,61.0,2021
6,50+,1,4,70.0,2021
8,30-49,5,2,44.0,2021
7,50+,0,5,614.0,2021
7,22-29,7,2,,2021
9,30-49,0,2,1355.0,2021
8,30-49,2,3,34.0,2021
2,30-49,0,13,4055.0,2021
7,30-49,1,1,14968.0,2021
1,50+,0,1,93865.0,2021
7,50+,6,5,5635.0,2021
9,30-49,3,1,2622.0,2021
7,30-49,-1,2,399.0,2021
9,50+,-1,3,34.0,2021
9,50+,6,3,21.0,2021
3,22-29,5,3,5.0,2021
7,50+,0,14,8227.0,2021
2,30-49,0,12,2796.0,2021
4,50+,-1,4,49.0,2021
5,22-29,-1,4,173.0,2021
6,50+,5,3,,2021
2,30-49,0,4,1517.0,2021
8,22-29,2,3,21.0,2021
3,30-49,0,1,208397.0,2021
9,50+,2,3,65.0,2021
1,50+,5,3,29.0,2021
9,30-49,-1,3,68.0,2021
8,30-49,-1,1,6151.0,2021
6,30-49,3,4,21.0,2021
1,30-49,3,4,176.0,2021
6,50+,2,5,831.0,2021
2,22-29,5,4,20.0,2021
7,30-49,1,2,1846.0,2021
4,50+,4,4,39.0,2021
5,50+,7,2,32.0,2021
6,50+,0,5,996.0,2021
6,22-29,0,5,141.0,2021
2,22-29,1,1,5645.0,2021
2,30-49,7,2,24.0,2021
2,30-49,7,1,649.0,2021
6,50+,4,5,794.0,2021
7,50+,3,5,7106.0,2021
8,30-49,7,1,437.0,2021
5,50+,6,3,46.0,2021
7,50+,0,12,891.0,2021
5,30-49,3,3,135.0,2021
3,22-29,1,2,1191.0,2021
8,22-29,-1,1,2548.0,2021
8,50+,4,5,5506.0,2021
3,30-49,7,5,2312.0,2021
8,22-29,0,13,177.0,2021
3,30-49,2,1,14123.0,2021
2,50+,4,1,3799.0,2021
3,30-49,6,4,42.0,2021
8,30-49,7,2,15.0,2021
2,30-49,1,3,191.0,2021
4,22-29,5,5,2011.0,2021
9,22-29,4,2,26.0,2021
3,50+,5,5,8465.0,2021
9,50+,0,1,57520.0,2021
2,30-49,3,5,11444.0,2021
2,30-49,3,4,564.0,2021
3,50+,6,4,48.0,2021
8,50+,6,5,4801.0,2021
8,50+,2,3,36.0,2021
5,50+,1,2,2448.0,2021
4,30-49,3,3,52.0,2021
3,30-49,6,5,2846.0,2021
7,50+,2,1,11032.0,2021
2,50+,5,5,11555.0,2021
4,22-29,2,4,331.0,2021
2,30-49,5,3,37.0,2021
8,30-49,6,2,40.0,2021
3,30-49,0,2,3051.0,2021
6,22-29,0,14,186.0,2021
2,50+,7,3,24.0,2021
1,50+,1,2,1295.0,2021
4,30-49,-1,4,108.0,2021
3,50+,3,2,357.0,2021
6,22-29,1,5,266.0,2021
3,22-29,4,3,19.0,2021
2,50+,0,5,1230.0,2021
1,22-29,4,2,,2021
4,22-29,7,4,,2021
8,30-49,4,2,54.0,2021
2,50+,0,15,263.0,2021
9,22-29,6,5,1628.0,2021
3,22-29,3,4,118.0,2021
9,22-29,2,3,58.0,2021
1,22-29,1,4,74.0,2021
1,22-29,-1,1,995.0,2021
6,22-29,0,2,115.0,2021
5,50+,3,3,103.0,2021
9,50+,0,2,478.0,2021
8,50+,0,12,177.0,2021
3,22-29,6,2,6.0,2021
9,22-29,1,5,2377.0,2021
7,30-49,2,2,568.0,2021
1,22-29,3,2,11.0,2021
6,50+,0,4,32.0,2021
9,30-49,0,5,1280.0,2021
1,50+,3,4,135.0,2021
8,30-49,3,2,149.0,2021
7,50+,7,5,3473.0,2021
4,22-29,4,5,3250.0,2021
6,30-49,5,3,8.0,2021
9,50+,3,5,6623.0,2021
3,50+,2,4,319.0,2021
2,30-49,-1,2,410.0,2021
4,30-49,7,5,1793.0,2021
6,22-29,-1,3,,2021
9,22-29,0,15,104.0,2021
4,30-49,2,5,6737.0,2021
6,50+,0,12,111.0,2021
1,22-29,-1,3,15.0,2021
7,30-49,4,4,144.0,2021
3,22-29,2,4,275.0,2021
9,30-49,-1,4,115.0,2021
1,22-29,5,2,,2021
4,30-49,6,1,673.0,2021
7,22-29,0,15,273.0,2021
7,50+,1,1,12625.0,2021
9,30-49,5,3,17.0,2021
9,22-29,5,1,189.0,2021
4,50+,0,3,187.0,2021
7,22-29,6,3,,2021
5,22-29,1,5,7171.0,2021
6,22-29,3,1,240.0,2021
3,30-49,3,3,88.0,2021
1,30-49,7,3,5.0,2021
6,50+,0,13,1154.0,2021
6,50+,7,1,77.0,2021
4,50+,6,3,18.0,2021
6,50+,3,5,1263.0,2021
8,50+,3,2,137.0,2021
5,22-29,6,1,480.0,2021
1,22-29,4,1,52.0,2021
5,30-49,6,4,97.0,2021
3,50+,6,5,6873.0,2021
9,50+,4,4,31.0,2021
8,22-29,-1,2,154.0,2021
4,30-49,1,1,11675.0,2021
7,30-49,4,3,26.0,2021
6,30-49,2,2,36.0,2021
1,30-49,0,2,1256.0,2021
2,50+,4,2,155.0,2021
7,22-29,7,1,96.0,2021
7,22-29,5,2,23.0,2021
5,50+,2,2,496.0,2021
4,30-49,0,1,111449.0,2021
1,30-49,4,1,2191.0,2021
5,22-29,3,3,75.0,2021
9,50+,4,5,5955.0,2021
1,30-49,5,2,47.0,2021
2,50+,1,4,1591.0,2021
7,30-49,2,1,13578.0,2021
6,50+,-1,2,18.0,2021
9,50+,5,3,12.0,2021
3,50+,4,2,135.0,2021
5,30-49,1,4,3783.0,2021
4,22-29,-1,1,1869.0,2021
7,30-49,0,3,111.0,2021
3,30-49,1,2,2915.0,2021
3,50+,1,4,1112.0,2021
6,30-49,4,5,545.0,2021
7,30-49,6,3,18.0,2021
4,50+,5,5,6209.0,2021
8,50+,-1,4,65.0,2021
1,30-49,-1,3,70.0,2021
5,30-49,4,1,3171.0,2021
5,22-29,4,2,166.0,2021
8,22-29,3,4,134.0,2021
6,50+,-1,1,599.0,2021
6,30-49,-1,3,10.0,2021
9,22-29,0,5,770.0,2021
5,30-49,-1,4,234.0,2021
3,50+,4,1,3610.0,2021
7,50+,5,4,42.0,2021
1,30-49,6,3,19.0,2021
5,22-29,1,4,4463.0,2021
4,22-29,5,4,45.0,2021
5,22-29,0,1,153714.0,2021
8,50+,0,5,478.0,2021
5,30-49,7,5,4489.0,2021
8,30-49,0,12,306.0,2021
1,22-29,2,3,,2021
3,30-49,0,4,825.0,2021
8,50+,7,2,22.0,2021
2,22-29,3,4,104.0,2021
1,30-49,3,1,7036.0,2021
2,22-29,5,1,98.0,2021
3,50+,2,5,10400.0,2021
9,50+,3,4,50.0,2021
3,22-29,7,4,,2021
9,30-49,1,5,3280.0,2021
9,30-49,2,5,8633.0,2021
3,30-49,4,3,66.0,2021
9,22-29,3,2,85.0,2021
1,30-49,2,2,280.0,2021
4,22-29,7,1,45.0,2021
7,50+,5,5,6330.0,2021
6,30-49,7,5,165.0,2021
1,50+,3,3,38.0,2021
8,30-49,0,5,687.0,2021
8,50+,5,4,39.0,2021
2,22-29,4,4,32.0,2021
5,30-49,0,5,3314.0,2021
1,30-49,1,2,1446.0,2021
8,50+,2,1,6150.0,2021
1,50+,3,5,5962.0,2021
5,50+,2,1,10474.0,2021
6,50+,0,15,8819.0,2021
3,30-49,4,5,5380.0,2021
9,30-49,2,3,82.0,2021
4,50+,2,5,7262.0,2021
6,30-49,-1,4,17.0,2021
2,50+,2,1,13047.0,2021
3,22-29,6,3,,2021
7,30-49,7,5,1793.0,2021
1,30-49,7,4,5.0,2021
1,30-49,0,3,102.0,2021
4,50+,1,5,1698.0,2021
7,22-29,2,4,306.0,2021
2,22-29,0,14,656.0,2021
1,30-49,4,3,37.0,2021
1,22-29,6,5,21.0,2021
2,22-29,3,5,2978.0,2021
7,30-49,3,3,38.0,2021
9,30-49,0,1,67258.0,2021
9,50+,1,4,598.0,2021
9,50+,3,1,2473.0,2021
8,22-29,-1,3,24.0,2021
5,22-29,-1,3,69.0,2021
4,50+,4,3,32.0,2021
3,50+,-1,3,42.0,2021
1,22-29,1,1,619.0,2021
1,30-49,6,2,38.0,2021
4,22-29,5,1,201.0,2021
8,30-49,0,15,1386.0,2021
5,30-49,0,3,2373.0,2021
3,22-29,6,5,426.0,2021
7,30-49,4,5,4360.0,2021
7,30-49,7,3,,2021
2,30-49,-1,1,12805.0,2021
8,30-49,5,1,977.0,2021
8,22-29,7,1,53.0,2021
3,30-49,2,4,758.0,2021
1,30-49,0,5,553.0,2021
6,22-29,3,4,14.0,2021
9,50+,0,4,146.0,2021
1,50+,1,1,10319.0,2021
9,30-49,4,1,1193.0,2021
1,22-29,2,1,340.0,2021
7,30-49,3,5,6049.0,2021
9,22-29,6,1,115.0,2021
2,50+,6,2,83.0,2021
7,30-49,4,2,112.0,2021
2,30-49,0,5,3249.0,2021
7,30-49,0,12,1600.0,2021
6,30-49,6,1,462.0,2021
8,50+,6,2,53.0,2021
2,22-29,0,4,518.0,2021
7,50+,-1,4,83.0,2021
5,30-49,2,2,787.0,2021
8,50+,-1,3,26.0,2021
8,30-49,1,5,1968.0,2021
8,30-49,0,13,1030.0,2021
6,30-49,3,5,784.0,2021
4,22-29,3,4,173.0,2021
2,50+,0,14,6804.0,2021
2,50+,6,5,8143.0,2021
2,22-29,3,3,19.0,2021
4,50+,4,5,6809.0,2021
3,30-49,0,3,624.0,2021
1,50+,5,4,60.0,2021
2,50+,7,2,65.0,2021
7,30-49,1,3,41.0,2021
5,30-49,0,2,5013.0,2021
1,30-49,1,5,1163.0,2021
6,22-29,-1,2,39.0,2021
2,50+,0,4,441.0,2021
9,50+,0,12,7.0,2021
8,22-29,1,1,4065.0,2021
2,22-29,6,3,,2021
7,22-29,4,1,797.0,2021
5,22-29,2,1,8122.0,2021
3,50+,1,5,2976.0,2021
4,22-29,-1,3,26.0,2021
9,50+,6,2,19.0,2021
3,22-29,5,2,15.0,2021
4,50+,2,2,226.0,2021
6,50+,5,2,19.0,2021
2,22-29,0,2,1761.0,2021
1,30-49,2,5,2999.0,2021
4,50+,1,2,889.0,2021
6,22-29,2,4,27.0,2021
6,30-49,0,1,12448.0,2021
4,50+,4,2,65.0,2021
5,22-29,-1,2,507.0,2021
1,50+,5,2,120.0,2021
3,50+,5,4,56.0,2021
7,30-49,3,2,383.0,2021
3,22-29,1,1,5326.0,2021
5,30-49,1,1,25010.0,2021
6,50+,1,3,82.0,2021
2,50+,6,3,29.0,2021
3,22-29,2,1,2694.0,2021
7,50+,4,1,3369.0,2021
9,30-49,7,3,5.0,2021
7,30-49,-1,4,270.0,2021
2,22-29,-1,1,3662.0,2021
4,30-49,5,4,38.0,2021
4,50+,3,4,85.0,2021
7,22-29,7,4,9.0,2021
7,22-29,3,1,3249.0,2021
5,22-29,7,4,20.0,2021
7,50+,0,1,74068.0,2021
4,50+,1,3,50.0,2021
5,30-49,-1,1,11995.0,2021
9,30-49,1,1,9459.0,2021
4,30-49,-1,2,172.0,2021
8,50+,4,4,51.0,2021
2,30-49,0,3,1177.0,2021
6,50+,4,2,18.0,2021
8,50+,0,1,82313.0,2021
6,50+,7,5,293.0,2021
5,22-29,6,3,17.0,2021
4,30-49,4,1,1513.0,2021
3,30-49,1,5,3574.0,2021
1,30-49,3,2,214.0,2021
3,30-49,0,13,1383.0,2021
2,50+,5,2,126.0,2021
6,50+,3,4,13.0,2021
4,50+,2,3,46.0,2021
4,50+,0,5,473.0,2021
2,22-29,0,12,132.0,2021
1,50+,2,5,5076.0,2021
4,50+,7,5,3880.0,2021
2,50+,3,1,11680.0,2021
1,30-49,1,4,1260.0,2021
7,30-49,7,2,20.0,2021
5,30-49,0,13,2715.0,2021
8,22-29,6,5,535.0,2021
5,50+,-1,3,79.0,2021
8,22-29,7,4,5.0,2021
8,30-49,4,5,2830.0,2021
1,30-49,4,5,1900.0,2021
5,50+,6,2,98.0,2021
4,30-49,7,4,15.0,2021
5,22-29,5,4,142.0,2021
8,50+,1,4,583.0,2021
5,50+,5,3,52.0,2021
4,22-29,-1,2,132.0,2021
1,22-29,5,4,,2021
4,30-49,5,5,3065.0,2021
2,50+,-1,2,184.0,2021
6,22-29,-1,4,7.0,2021
5,50+,5,5,13774.0,2021
5,22-29,6,2,52.0,2021
8,30-49,0,4,281.0,2021
9,50+,6,5,4256.0,2021
2,22-29,0,5,836.0,2021
8,22-29,4,1,414.0,2021
1,30-49,6,5,1134.0,2021
8,50+,6,3,12.0,2021
7,22-29,7,5,322.0,2021
4,50+,-1,1,3060.0,2021
9,22-29,5,2,18.0,2021
1,22-29,3,4,7.0,2021
3,30-49,6,3,10.0,2021
6,22-29,5,3,,2021
1,50+,4,2,118.0,2021
2,30-49,1,5,5704.0,2021
7,22-29,0,14,448.0,2021
5,30-49,2,5,18546.0,2021
8,50+,5,1,1421.0,2021
4,50+,5,1,1363.0,2021
8,30-49,1,3,35.0,2021
2,30-49,3,3,103.0,2021
7,22-29,7,3,,2021
2,22-29,2,4,299.0,2021
7,30-49,0,13,2341.0,2021
4,50+,6,4,15.0,2021
5,30-49,3,5,15413.0,2021
2,30-49,2,3,107.0,2021
8,22-29,2,4,192.0,2021
3,50+,1,2,1680.0,2021
9,22-29,3,4,92.0,2021
4,22-29,4,1,503.0,2021
8,30-49,4,4,77.0,2021
8,50+,5,5,5112.0,2021
2,22-29,7,4,6.0,2021
6,50+,0,3,1268.0,2021
7,50+,5,2,107.0,2021
5,22-29,7,2,20.0,2021
9,30-49,6,1,674.0,2021
7,22-29,0,12,394.0,2021
6,22-29,6,1,45.0,2021
8,30-49,2,4,288.0,2021
1,22-29,5,5,44.0,2021
6,50+,3,1,2571.0,2021
5,50+,5,4,75.0,2021
1,30-49,7,5,663.0,2021
4,22-29,2,1,2853.0,2021
6,50+,5,5,691.0,2021
3,30-49,7,3,6.0,2021
1,50+,5,5,5100.0,2021
8,50+,3,4,85.0,2021
2,30-49,4,2,159.0,2021
8,22-29,2,5,3141.0,2021
9,22-29,7,1,53.0,2021
2,30-49,-1,4,279.0,2021
6,30-49,2,4,28.0,2021
1,22-29,2,4,24.0,2021
6,22-29,7,1,9.0,2021
6,22-29,3,5,367.0,2021
5,50+,0,1,248970.0,2021
3,22-29,5,5,859.0,2021
1,30-49,4,2,65.0,2021
7,22-29,5,1,368.0,2021
1,30-49,2,3,52.0,2021
3,50+,0,1,142678.0,2021
1,30-49,3,3,51.0,2021
7,22-29,3,4,165.0,2021
7,22-29,1,1,6163.0,2021
9,22-29,3,5,5146.0,2021
6,30-49,2,5,733.0,2021
1,50+,3,2,278.0,2021
6,22-29,0,12,25.0,2021
5,50+,1,4,1513.0,2021
6,50+,7,2,10.0,2021
4,50+,2,4,142.0,2021
5,50+,-1,2,269.0,2021
2,50+,0,1,330928.0,2021
1,50+,2,2,332.0,2021
4,22-29,6,2,,2021
7,30-49,6,1,1777.0,2021
4,30-49,-1,3,62.0,2021
9,50+,4,3,27.0,2021
1,50+,7,3,17.0,2021
2,22-29,3,2,103.0,2021
6,30-49,5,4,10.0,2021
3,30-49,1,3,104.0,2021
7,50+,6,4,39.0,2021
3,22-29,1,4,1306.0,2021
3,30-49,4,4,123.0,2021
3,22-29,0,14,577.0,2021
9,30-49,7,1,201.0,2021
6,50+,1,5,371.0,2021
3,50+,4,3,43.0,2021
9,50+,2,5,7046.0,2021
3,50+,5,2,74.0,2021
3,22-29,4,1,395.0,2021
8,30-49,3,3,18.0,2021
6,22-29,5,2,,2021
4,30-49,5,2,28.0,2021
1,30-49,5,5,1449.0,2021
5,22-29,5,2,91.0,2021
9,30-49,2,2,292.0,2021
1,50+,-1,4,78.0,2021
4,30-49,2,1,6688.0,2021
3,50+,-1,2,163.0,2021
2,30-49,3,2,593.0,2021
3,30-49,3,1,12290.0,2021
8,22-29,1,4,826.0,2021
1,30-49,-1,1,7598.0,2021
6,22-29,1,1,570.0,2021
3,50+,1,3,64.0,2021
2,30-49,0,15,493.0,2021
8,22-29,0,14,322.0,2021
5,22-29,0,14,884.0,2021
3,30-49,0,14,4244.0,2021
7,50+,0,3,67.0,2021
8,30-49,3,4,146.0,2021
3,22-29,7,3,,2021
2,30-49,2,2,946.0,2021
1,22-29,-1,2,36.0,2021
2,22-29,6,5,419.0,2021
8,50+,7,4,7.0,2021
7,50+,7,1,1051.0,2021
9,30-49,4,3,35.0,2021
4,30-49,7,1,396.0,2021
1,50+,-1,3,48.0,2021
5,50+,7,1,692.0,2021
6,30-49,6,4,11.0,2021
1,30-49,6,4,18.0,2021
7,22-29,0,13,291.0,2021
6,50+,6,3,168.0,2021
2,50+,3,4,286.0,2021
9,22-29,4,4,52.0,2021
7,22-29,6,2,13.0,2021
8,30-49,0,3,280.0,2021
4,50+,0,2,571.0,2021
5,50+,3,4,188.0,2021
5,50+,7,5,6046.0,2021
9,30-49,5,2,23.0,2021
3,22-29,-1,3,36.0,2021
7,50+,5,3,15.0,2021
1,50+,2,3,56.0,2021
4,22-29,6,3,,2021
7,50+,6,3,15.0,2021
3,50+,3,4,205.0,2021
7,22-29,-1,1,5424.0,2021
8,30-49,6,1,1042.0,2021
9,50+,4,2,50.0,2021
9,22-29,5,3,,2021
7,30-49,1,5,2888.0,2021
6,50+,7,3,,2021
6,30-49,1,1,1437.0,2021
9,30-49,7,5,2112.0,2021
7,22-29,2,1,4743.0,2021
4,50+,0,13,37.0,2021
8,50+,-1,2,154.0,2021
7,22-29,0,2,1045.0,2021
7,30-49,-1,1,12992.0,2021
2,22-29,1,4,1608.0,2021
5,30-49,4,3,83.0,2021
7,22-29,2,3,10.0,2021
1,30-49,7,2,17.0,2021
9,22-29,1,1,4495.0,2021
2,22-29,1,3,45.0,2021
5,50+,3,1,7275.0,2021
3,50+,6,1,1802.0,2021
4,22-29,3,3,20.0,2021
6,50+,0,1,21137.0,2021
2,22-29,2,3,32.0,2021
5,22-29,3,5,15226.0,2021
9,22-29,0,3,397.0,2021
2,30-49,4,3,57.0,2021
4,50+,0,12,7.0,2021
1,22-29,6,1,7.0,2021
9,22-29,1,2,827.0,2021
9,22-29,2,2,189.0,2021
4,50+,0,14,319.0,2021
5,30-49,5,5,8890.0,2021
8,50+,1,5,1692.0,2021
8,22-29,2,2,175.0,2021
7,50+,2,3,14.0,2021
7,22-29,0,3,61.0,2021
2,22-29,4,2,32.0,2021
7,30-49,2,3,37.0,2021
9,50+,7,4,,2021
8,30-49,0,1,92931.0,2021
2,50+,2,5,19348.0,2021
1,50+,3,1,9123.0,2021
3,50+,0,12,571.0,2021
5,22-29,0,12,289.0,2021
8,22-29,7,5,250.0,2021
1,22-29,7,2,,2021
2,22-29,7,1,21.0,2021
4,22-29,4,4,62.0,2021
6,30-49,3,3,96.0,2021
5,22-29,5,3,21.0,2021
3,30-49,6,2,46.0,2021
9,30-49,4,5,5251.0,2021
8,22-29,3,3,8.0,2021
3,22-29,7,2,,2021
4,30-49,0,14,120.0,2021
2,50+,4,3,41.0,2021
1,22-29,7,1,6.0,2021
5,22-29,1,3,245.0,2021
5,30-49,0,4,1274.0,2021
8,50+,6,1,1679.0,2021
1,50+,7,1,1538.0,2021
6,22-29,1,4,69.0,2021
9,50+,0,5,589.0,2021
9,30-49,-1,2,229.0,2021
1,30-49,5,3,27.0,2021
6,30-49,1,3,48.0,2021
5,30-49,3,2,377.0,2021
1,30-49,0,4,244.0,2021
1,50+,4,3,57.0,2021
8,22-29,-1,4,75.0,2021
8,30-49,7,5,1068.0,2021
9,50+,5,5,4838.0,2021
6,50+,6,2,26.0,2021
5,50+,5,1,2003.0,2021
7,30-49,0,2,1807.0,2021
7,30-49,-1,3,74.0,2021
7,30-49,1,4,1798.0,2021
1,30-49,6,1,1009.0,2021
3,50+,7,3,15.0,2021
5,22-29,7,5,1690.0,2021
8,22-29,2,1,2240.0,2021
9,22-29,4,3,19.0,2021
2,50+,1,3,120.0,2021
5,30-49,3,1,7490.0,2021
7,30-49,2,5,6630.0,2021
6,50+,5,1,257.0,2021
6,30-49,-1,2,35.0,2021
1,50+,7,2,58.0,2021
3,22-29,0,4,464.0,2021
8,30-49,2,1,5132.0,2021
3,30-49,5,4,58.0,2021
2,50+,1,2,3083.0,2021
4,22-29,1,4,1667.0,2021
1,30-49,3,5,2806.0,2021
9,50+,-1,2,78.0,2021
7,30-49,3,4,362.0,2021
1,22-29,7,5,14.0,2021
2,50+,2,2,631.0,2021
6,50+,3,3,243.0,2021
9,50+,5,1,584.0,2021
4,50+,0,4,115.0,2021
5,22-29,4,5,10437.0,2021
8,30-49,3,5,3957.0,2021
8,50+,4,2,47.0,2021
8,22-29,3,1,1354.0,2021
9,22-29,7,4,6.0,2021
6,50+,0,14,2311.0,2021
3,22-29,7,1,37.0,2021
9,50+,-1,1,1897.0,2021
9,50+,2,4,108.0,2021
6,30-49,0,14,1154.0,2021
4,50+,1,4,482.0,2021
6,30-49,5,2,7.0,2021
6,22-29,3,3,,2021
9,30-49,2,4,330.0,2021
7,50+,7,3,,2021
4,30-49,3,2,201.0,2021
5,30-49,0,15,3321.0,2021
1,30-49,2,1,8485.0,2021
5,50+,5,2,94.0,2021
6,30-49,4,1,396.0,2021
5,22-29,0,4,1043.0,2021
9,30-49,1,3,87.0,2021
5,30-49,5,2,93.0,2021
7,30-49,5,1,1883.0,2021
3,50+,2,1,12090.0,2021
8,30-49,6,3,7.0,2021
9,50+,4,1,1154.0,2021
7,50+,2,5,6644.0,2021
6,30-49,5,1,158.0,2021
4,30-49,1,4,1489.0,2021
7,50+,3,4,155.0,2021
2,22-29,2,2,214.0,2021
2,30-49,3,1,14310.0,2021
9,22-29,5,5,2616.0,2021
6,50+,-1,4,,2021
8,22-29,5,1,180.0,2021
9,22-29,0,2,921.0,2021
8,30-49,5,4,40.0,2021
3,50+,4,5,9714.0,2021
9,50+,0,3,408.0,2021
7,22-29,6,5,703.0,2021
9,30-49,5,5,3696.0,2021
3,30-49,6,1,1141.0,2021
1,50+,6,1,2372.0,2021
6,30-49,4,2,16.0,2021
3,30-49,3,5,7914.0,2021
4,50+,6,5,5031.0,2021
4,22-29,0,4,370.0,2021
5,30-49,7,3,21.0,2021
5,30-49,4,5,11609.0,2021
2,22-29,0,3,386.0,2021
7,50+,3,3,20.0,2021
9,30-49,7,2,10.0,2021
2,50+,1,1,22229.0,2021
7,50+,0,15,2090.0,2021
5,50+,0,12,266.0,2021
3,22-29,4,5,1618.0,2021
3,30-49,0,11,,2021
2,50+,0,3,790.0,2021
7,30-49,0,5,1408.0,2021
4,30-49,0,5,841.0,2021
9,30-49,6,4,31.0,2021
2,50+,7,4,44.0,2021
4,50+,4,1,2013.0,2021
2,50+,2,4,463.0,2021
3,30-49,0,15,550.0,2021
4,50+,7,3,7.0,2021
4,50+,6,2,37.0,2021
7,50+,3,1,9517.0,2021
8,50+,4,1,1884.0,2021
2,30-49,7,5,2447.0,2021
8,22-29,6,3,,2021
5,22-29,-1,1,6491.0,2021
4,30-49,3,5,5726.0,2021
6,50+,6,1,1573.0,2021
5,50+,4,2,131.0,2021
9,30-49,0,14,1221.0,2021
5,30-49,6,5,7591.0,2021
2,22-29,6,2,8.0,2021
2,30-49,2,5,13608.0,2021
9,22-29,6,3,5.0,2021
1,22-29,0,1,5460.0,2021
1,50+,7,4,33.0,2021
6,30-49,3,2,27.0,2021
5,30-49,2,3,205.0,2021
1,50+,2,4,207.0,2021
9,50+,2,2,137.0,2021
4,30-49,5,3,17.0,2021
5,22-29,1,1,18507.0,2021
5,50+,7,3,12.0,2021
5,50+,2,3,160.0,2021
5,50+,6,5,10347.0,2021
9,50+,5,2,13.0,2021
8,50+,1,2,993.0,2021
2,30-49,0,2,5932.0,2021
1,22-29,0,3,15.0,2021
4,30-49,7,3,,2021
1,50+,0,5,379.0,2021
2,50+,6,4,46.0,2021
3,30-49,2,5,8460.0,2021
4,50+,0,15,198.0,2021
9,30-49,0,4,437.0,2021
4,30-49,6,5,2516.0,2021
4,30-49,2,3,69.0,2021
1,22-29,5,3,,2021
2,22-29,0,13,910.0,2021
9,50+,0,14,1345.0,2021
6,30-49,6,2,19.0,2021
7,50+,4,2,107.0,2021
7,30-49,3,1,10860.0,2021
6,22-29,7,2,,2021
7,22-29,1,3,32.0,2021
4,22-29,1,1,6613.0,2021
9,30-49,0,3,784.0,2021
9,22-29,3,3,22.0,2021
6,50+,1,1,1714.0,2021
7,30-49,6,2,73.0,2021
3,30-49,-1,1,10060.0,2021
4,22-29,1,2,1405.0,2021
4,50+,3,2,137.0,2021
2,30-49,2,4,1043.0,2021
5,50+,-1,4,94.0,2021
5,22-29,4,4,240.0,2021
3,50+,5,3,22.0,2021
1,30-49,1,3,31.0,2021
9,50+,1,3,73.0,2021
3,50+,0,15,347.0,2021
6,50+,4,3,5.0,2021
8,22-29,0,1,38676.0,2021
7,50+,5,1,2422.0,2021
6,50+,1,2,127.0,2021
9,22-29,6,4,12.0,2021
5,50+,4,1,3262.0,2021
5,30-49,0,12,484.0,2021
7,30-49,0,15,1913.0,2021
6,22-29,5,4,,2021
9,50+,0,13,40.0,2021
6,22-29,2,2,27.0,2021
2,50+,5,3,43.0,2021
1,22-29,2,2,19.0,2021
3,30-49,-1,2,329.0,2021
1,50+,5,1,2823.0,2021
1,30-49,-1,2,184.0,2021
8,50+,5,3,10.0,2021
4,50+,3,1,5695.0,2021
2,50+,7,5,5639.0,2021
2,30-49,5,5,5155.0,2021
8,30-49,2,2,250.0,2021
5,22-29,6,4,66.0,2021
3,22-29,0,12,46.0,2021
6,30-49,7,2,,2021
8,30-49,0,2,1247.0,2021
3,22-29,5,1,122.0,2021
3,22-29,-1,2,169.0,2021
3,30-49,0,5,1898.0,2021
3,22-29,0,13,162.0,2021
9,22-29,5,4,27.0,2021
6,50+,2,2,39.0,2021
5,30-49,1,3,304.0,2021
3,50+,3,3,69.0,2021
2,30-49,0,1,533279.0,2021
7,30-49,7,1,842.0,2021
1,50+,1,3,28.0,2021
3,30-49,-1,4,193.0,2021
8,50+,6,4,45.0,2021
2,30-49,6,1,1099.0,2021
8,50+,0,4,138.0,2021
7,50+,6,1,2421.0,2021
6,30-49,7,1,48.0,2021
4,22-29,0,1,51795.0,2021
9,22-29,-1,4,85.0,2021
4,22-29,6,1,108.0,2021
3,30-49,4,2,119.0,2021
7,22-29,4,4,60.0,2021
3,22-29,1,3,46.0,2021
9,22-29,7,5,774.0,2021
5,50+,3,2,249.0,2021
7,50+,6,2,59.0,2021
5,22-29,6,5,3759.0,2021
6,30-49,0,3,810.0,2021
6,22-29,2,1,347.0,2021
5,50+,0,15,1775.0,2021
9,50+,7,1,316.0,2021
8,30-49,4,3,12.0,2021
6,22-29,0,3,111.0,2021
3,50+,0,5,862.0,2021
7,50+,1,5,1911.0,2021
2,30-49,1,2,4930.0,2021
4,30-49,6,4,35.0,2021
3,30-49,0,12,601.0,2021
1,50+,6,2,72.0,2021
6,30-49,3,1,1060.0,2021
5,50+,1,3,163.0,2021
9,30-49,5,4,32.0,2021
3,30-49,5,1,1438.0,2021
6,30-49,2,3,10.0,2021
7,22-29,0,4,313.0,2021
3,50+,-1,4,92.0,2021
7,30-49,5,2,71.0,2021
1,22-29,-1,4,15.0,2021
8,30-49,1,2,1331.0,2021
6,30-49,0,13,659.0,2021
8,50+,3,3,23.0,2021
3,30-49,7,4,33.0,2021
8,30-49,7,4,14.0,2021
4,30-49,-1,1,4206.0,2021
8,22-29,4,3,,2021
2,22-29,4,5,1694.0,2021
7,50+,0,2,701.0,2021
8,22-29,1,2,846.0,2021
6,22-29,5,5,157.0,2021
8,22-29,5,2,8.0,2021
6,50+,0,2,154.0,2021
1,50+,-1,2,110.0,2021
6,22-29,6,3,5.0,2021
8,50+,0,3,188.0,2022
2,50+,3,5,6421.0,2022
5,50+,0,3,1405.0,2022
5,50+,7,4,59.0,2022
3,30-49,-1,3,200.0,2022
7,22-29,1,2,1160.0,2022
7,50+,4,5,2636.0,2022
2,50+,0,12,2721.0,2022
4,30-49,4,3,49.0,2022
1,50+,2,1,5931.0,2022
9,30-49,1,4,1471.0,2022
4,22-29,8,1,28.0,2022
7,22-29,5,3,5.0,2022
6,22-29,7,5,60.0,2022
6,30-49,0,12,95.0,2022
9,50+,7,2,26.0,2022
6,30-49,2,1,913.0,2022
9,22-29,0,4,358.0,2022
3,50+,0,2,1311.0,2022
2,30-49,4,4,564.0,2022
2,30-49,7,4,50.0,2022
4,22-29,2,3,21.0,2022
5,22-29,0,2,4166.0,2022
4,22-29,1,3,58.0,2022
8,22-29,0,2,1010.0,2022
6,22-29,0,15,196.0,2022
4,22-29,2,5,3793.0,2022
8,22-29,1,5,1605.0,2022
2,22-29,2,1,1488.0,2022
9,50+,8,1,245.0,2022
1,50+,6,5,2049.0,2022
7,50+,1,2,1110.0,2022
5,22-29,2,5,10154.0,2022
4,22-29,1,5,3257.0,2022
1,22-29,4,4,8.0,2022
7,22-29,4,5,1637.0,2022
6,50+,6,4,15.0,2022
9,30-49,3,2,141.0,2022
7,30-49,6,5,2276.0,2022
7,30-49,0,14,5256.0,2022
5,30-49,-1,2,353.0,2022
8,30-49,-1,2,325.0,2022
9,22-29,7,2,5.0,2022
1,22-29,3,3,,2022
4,50+,5,3,20.0,2022
9,22-29,3,1,936.0,2022
8,22-29,6,1,78.0,2022
4,22-29,0,2,1857.0,2022
2,22-29,-1,4,271.0,2022
3,50+,6,3,13.0,2022
4,50+,7,1,751.0,2022
3,30-49,5,5,3374.0,2022
7,50+,4,3,22.0,2022
8,30-49,4,1,2876.0,2022
9,30-49,6,3,12.0,2022
7,50+,7,4,37.0,2022
8,22-29,1,3,23.0,2022
5,50+,0,14,6239.0,2022
7,22-29,4,3,,2022
3,22-29,1,5,2330.0,2022
9,30-49,-1,1,5085.0,2022
3,22-29,2,5,2351.0,2022
1,50+,0,2,827.0,2022
9,22-29,6,2,10.0,2022
9,50+,3,2,84.0,2022
4,30-49,3,1,4460.0,2022
1,22-29,3,5,126.0,2022
5,22-29,3,4,652.0,2022
8,50+,7,3,9.0,2022
3,50+,1,1,16658.0,2022
1,50+,1,5,1179.0,2022
7,22-29,5,5,860.0,2022
3,22-29,0,2,1522.0,2022
6,30-49,0,4,50.0,2022
3,30-49,1,1,22726.0,2022
4,30-49,0,15,89.0,2022
1,30-49,5,4,102.0,2022
1,50+,8,5,1407.0,2022
3,50+,2,2,439.0,2022
4,50+,-1,3,195.0,2022
5,50+,0,5,1170.0,2022
8,50+,2,2,236.0,2022
5,30-49,7,4,114.0,2022
5,50+,4,4,155.0,2022
2,50+,3,3,80.0,2022
7,22-29,-1,4,236.0,2022
3,50+,8,3,9.0,2022
2,22-29,0,1,111466.0,2022
9,50+,6,1,414.0,2022
3,50+,0,14,6425.0,2022
3,30-49,5,3,40.0,2022
4,30-49,0,4,416.0,2022
2,50+,-1,4,213.0,2022
2,22-29,6,1,58.0,2022
9,30-49,6,5,1596.0,2022
3,22-29,3,3,24.0,2022
9,30-49,3,3,56.0,2022
9,22-29,7,3,,2022
3,22-29,3,5,2142.0,2022
8,50+,-1,1,2928.0,2022
2,22-29,5,2,12.0,2022
7,22-29,6,4,17.0,2022
1,22-29,1,5,160.0,2022
3,50+,4,4,231.0,2022
5,30-49,4,4,325.0,2022
1,22-29,2,5,117.0,2022
7,50+,3,2,275.0,2022
5,50+,-1,1,4446.0,2022
3,30-49,7,1,753.0,2022
7,22-29,3,2,163.0,2022
5,30-49,0,1,319116.0,2022
9,50+,7,3,16.0,2022
3,22-29,5,4,24.0,2022
6,22-29,1,3,6.0,2022
8,30-49,5,3,12.0,2022
5,22-29,0,13,371.0,2022
3,50+,0,13,2848.0,2022
4,22-29,6,4,23.0,2022
5,50+,0,2,2005.0,2022
1,30-49,7,1,713.0,2022
9,30-49,5,1,706.0,2022
6,30-49,4,3,75.0,2022
9,22-29,2,4,230.0,2022
8,30-49,3,1,3598.0,2022
7,50+,2,4,232.0,2022
2,30-49,8,1,519.0,2022
9,22-29,1,4,1065.0,2022
8,50+,8,4,12.0,2022
4,22-29,4,3,16.0,2022
2,50+,3,2,450.0,2022
6,22-29,2,3,,2022
5,22-29,0,5,1652.0,2022
2,22-29,-1,2,159.0,2022
7,30-49,5,5,2676.0,2022
9,50+,6,4,17.0,2022
1,50+,4,4,187.0,2022
4,30-49,2,2,302.0,2022
4,30-49,1,2,1974.0,2022
9,30-49,7,4,30.0,2022
7,50+,8,4,22.0,2022
8,22-29,5,5,807.0,2022
2,22-29,4,1,529.0,2022
5,30-49,6,3,38.0,2022
3,22-29,4,4,77.0,2022
4,30-49,3,4,240.0,2022
4,22-29,4,2,61.0,2022
5,30-49,5,4,191.0,2022
2,22-29,7,2,5.0,2022
2,30-49,1,1,33455.0,2022
2,30-49,2,1,10533.0,2022
3,30-49,5,2,65.0,2022
8,50+,7,5,1361.0,2022
1,50+,-1,1,3345.0,2022
9,30-49,6,2,24.0,2022
8,50+,4,3,23.0,2022
4,22-29,7,5,458.0,2022
1,30-49,5,1,1297.0,2022
8,50+,0,13,1847.0,2022
3,22-29,-1,1,2510.0,2022
6,30-49,1,4,191.0,2022
2,30-49,-1,3,157.0,2022
2,22-29,3,1,1028.0,2022
5,30-49,8,1,486.0,2022
9,30-49,0,12,,2022
6,50+,2,1,1098.0,2022
2,30-49,6,2,47.0,2022
7,30-49,2,4,550.0,2022
3,50+,0,3,285.0,2022
8,22-29,0,3,122.0,2022
1,22-29,0,5,61.0,2022
4,30-49,4,2,165.0,2022
5,22-29,2,3,94.0,2022
6,22-29,4,2,7.0,2022
4,30-49,1,5,2755.0,2022
3,22-29,6,4,18.0,2022
6,50+,2,4,37.0,2022
3,22-29,2,2,181.0,2022
5,30-49,7,1,1415.0,2022
2,22-29,5,3,8.0,2022
3,50+,-1,1,4581.0,2022
2,50+,0,13,4474.0,2022
8,22-29,4,5,1337.0,2022
4,22-29,0,5,482.0,2022
9,22-29,8,2,,2022
4,50+,-1,2,355.0,2022
6,22-29,4,3,,2022
5,50+,0,13,3870.0,2022
2,50+,8,1,731.0,2022
8,50+,0,14,3300.0,2022
1,50+,6,4,99.0,2022
3,22-29,0,15,176.0,2022
8,30-49,6,4,28.0,2022
1,30-49,0,1,111363.0,2022
4,30-49,0,2,1976.0,2022
4,22-29,5,3,6.0,2022
6,30-49,-1,1,884.0,2022
2,30-49,7,3,16.0,2022
3,30-49,3,4,517.0,2022
1,50+,4,1,8367.0,2022
2,22-29,5,5,720.0,2022
2,30-49,6,5,2851.0,2022
5,30-49,2,1,9834.0,2022
3,50+,2,3,54.0,2022
3,22-29,3,2,99.0,2022
9,50+,3,3,33.0,2022
4,30-49,1,3,95.0,2022
9,50+,0,15,631.0,2022
4,22-29,8,4,,2022
2,50+,-1,1,4468.0,2022
6,30-49,5,5,272.0,2022
5,22-29,7,1,255.0,2022
8,30-49,1,1,9423.0,2022
5,30-49,5,1,1985.0,2022
6,22-29,2,5,255.0,2022
4,50+,8,3,7.0,2022
1,22-29,8,1,,2022
9,50+,7,5,871.0,2022
3,30-49,4,1,9566.0,2022
8,50+,2,5,2000.0,2022
2,30-49,6,3,28.0,2022
4,22-29,0,3,430.0,2022
8,30-49,8,3,,2022
7,50+,-1,3,41.0,2022
8,30-49,0,14,2447.0,2022
2,30-49,1,4,7525.0,2022
6,30-49,0,5,344.0,2022
9,50+,5,4,27.0,2022
8,22-29,5,3,,2022
6,22-29,4,5,207.0,2022
9,22-29,2,5,2690.0,2022
1,22-29,4,5,85.0,2022
2,50+,0,2,2596.0,2022
9,22-29,1,3,67.0,2022
8,50+,2,4,200.0,2022
9,22-29,0,1,24358.0,2022
8,50+,3,5,2293.0,2022
8,22-29,0,15,352.0,2022
1,50+,1,4,949.0,2022
6,50+,-1,3,16.0,2022
3,50+,0,11,,2022
3,50+,6,2,71.0,2022
4,22-29,7,2,6.0,2022
5,22-29,2,2,778.0,2022
2,30-49,4,1,10965.0,2022
4,22-29,2,2,219.0,2022
7,30-49,0,4,619.0,2022
7,50+,1,3,22.0,2022
8,22-29,6,4,14.0,2022
4,50+,8,5,707.0,2022
4,50+,7,4,13.0,2022
7,50+,-1,1,4496.0,2022
2,22-29,7,5,173.0,2022
7,22-29,1,5,2016.0,2022
9,22-29,2,1,1424.0,2022
3,30-49,2,3,73.0,2022
5,22-29,0,3,2081.0,2022
6,50+,5,4,13.0,2022
5,50+,1,1,22657.0,2022
4,22-29,3,1,1375.0,2022
4,50+,1,1,10047.0,2022
5,30-49,3,4,593.0,2022
5,22-29,3,2,447.0,2022
6,22-29,1,2,66.0,2022
1,22-29,1,2,119.0,2022
7,30-49,6,4,64.0,2022
6,22-29,0,4,33.0,2022
8,30-49,5,5,1620.0,2022
9,50+,1,5,983.0,2022
4,30-49,7,2,19.0,2022
7,50+,0,4,229.0,2022
9,50+,2,1,3308.0,2022
2,22-29,0,15,103.0,2022
3,50+,8,5,1672.0,2022
5,30-49,-1,3,246.0,2022
1,22-29,1,3,6.0,2022
8,30-49,-1,3,329.0,2022
9,30-49,4,4,114.0,2022
9,22-29,0,14,114.0,2022
7,22-29,5,4,18.0,2022
5,22-29,8,5,575.0,2022
5,22-29,4,3,44.0,2022
7,30-49,5,3,17.0,2022
8,30-49,6,5,1192.0,2022
1,50+,8,2,60.0,2022
3,50+,5,1,2464.0,2022
9,50+,-1,4,174.0,2022
5,50+,3,5,5130.0,2022
9,22-29,8,5,292.0,2022
4,50+,6,1,872.0,2022
7,50+,4,4,181.0,2022
9,30-49,0,13,,2022
9,30-49,2,1,3758.0,2022
4,30-49,5,1,857.0,2022
8,50+,0,2,925.0,2022
6,50+,4,1,2083.0,2022
8,30-49,-1,4,466.0,2022
7,30-49,0,1,105381.0,2022
4,50+,5,2,55.0,2022
8,22-29,0,5,469.0,2022
4,30-49,0,3,452.0,2022
4,22-29,0,15,,2022
3,22-29,2,3,25.0,2022
8,22-29,4,2,44.0,2022
4,22-29,5,2,22.0,2022
9,50+,1,1,7789.0,2022
2,50+,6,1,1798.0,2022
9,30-49,8,5,823.0,2022
6,22-29,0,1,3069.0,2022
3,50+,7,4,40.0,2022
1,50+,6,3,21.0,2022
5,30-49,1,2,4856.0,2022
3,30-49,3,2,446.0,2022
3,50+,8,4,31.0,2022
8,30-49,2,5,2586.0,2022
5,50+,4,3,86.0,2022
8,30-49,8,2,25.0,2022
6,50+,8,1,69.0,2022
5,30-49,0,14,5092.0,2022
5,50+,6,1,1576.0,2022
7,22-29,0,1,45050.0,2022
6,22-29,0,13,142.0,2022
5,50+,2,5,4596.0,2022
2,50+,4,4,255.0,2022
7,22-29,6,1,194.0,2022
4,22-29,7,3,,2022
5,50+,2,4,353.0,2022
1,50+,8,3,15.0,2022
5,22-29,0,15,1058.0,2022
3,22-29,0,3,322.0,2022
4,50+,0,1,86296.0,2022
7,22-29,4,2,107.0,2022
4,30-49,4,5,3392.0,2022
9,30-49,3,5,3913.0,2022
3,30-49,1,4,4202.0,2022
2,50+,4,5,5709.0,2022
1,22-29,0,2,159.0,2022
7,22-29,3,5,2347.0,2022
1,30-49,1,1,11790.0,2022
6,22-29,-1,1,413.0,2022
8,50+,1,1,10759.0,2022
8,22-29,3,2,87.0,2022
1,50+,0,3,106.0,2022
5,22-29,5,1,654.0,2022
7,30-49,5,4,100.0,2022
5,22-29,1,2,4638.0,2022
3,22-29,0,5,506.0,2022
3,22-29,4,2,51.0,2022
2,50+,5,1,2647.0,2022
2,30-49,0,14,7366.0,2022
9,50+,8,3,6.0,2022
4,30-49,8,5,875.0,2022
4,22-29,-1,4,298.0,2022
3,22-29,-1,4,309.0,2022
6,30-49,1,5,367.0,2022
7,50+,-1,2,172.0,2022
7,22-29,0,5,599.0,2022
5,22-29,7,3,8.0,2022
7,50+,0,13,4387.0,2022
8,22-29,5,4,19.0,2022
6,30-49,6,3,,2022
8,50+,3,1,4530.0,2022
8,22-29,3,5,1885.0,2022
7,50+,7,2,55.0,2022
2,22-29,8,1,9.0,2022
4,50+,5,4,33.0,2022
5,30-49,5,3,62.0,2022
1,50+,0,4,159.0,2022
9,30-49,3,4,174.0,2022
9,50+,1,2,740.0,2022
9,30-49,0,15,725.0,2022
4,22-29,6,5,889.0,2022
8,22-29,4,4,70.0,2022
4,30-49,6,2,22.0,2022
4,22-29,0,14,13.0,2022
6,50+,8,2,5.0,2022
6,22-29,4,1,147.0,2022
9,30-49,1,2,1290.0,2022
2,50+,7,1,1511.0,2022
5,22-29,5,5,4760.0,2022
1,22-29,5,1,26.0,2022
7,22-29,2,5,2351.0,2022
6,30-49,6,5,192.0,2022
4,22-29,3,5,3818.0,2022
2,22-29,2,5,2564.0,2022
5,50+,1,5,2578.0,2022
1,22-29,0,4,40.0,2022
8,50+,7,1,1259.0,2022
9,22-29,4,5,2554.0,2022
4,50+,3,5,2211.0,2022
6,30-49,0,2,189.0,2022
6,22-29,5,1,44.0,2022
6,50+,2,3,68.0,2022
6,22-29,3,2,23.0,2022
8,22-29,0,12,135.0,2022
1,30-49,2,4,338.0,2022
2,22-29,1,5,2285.0,2022
3,30-49,7,2,42.0,2022
4,50+,2,1,4758.0,2022
3,50+,7,5,1988.0,2022
8,30-49,1,4,1643.0,2022
7,50+,8,5,966.0,2022
6,50+,3,2,38.0,2022
2,50+,1,5,2938.0,2022
7,30-49,4,1,8875.0,2022
5,22-29,4,1,1876.0,2022
7,22-29,-1,2,156.0,2022
6,22-29,8,5,22.0,2022
7,22-29,8,5,122.0,2022
3,50+,3,1,9804.0,2022
8,50+,1,3,36.0,2022
3,22-29,6,1,44.0,2022
2,30-49,5,1,2037.0,2022
1,22-29,3,1,171.0,2022
7,50+,1,4,859.0,2022
5,50+,8,2,14.0,2022
9,22-29,-1,3,158.0,2022
8,30-49,7,3,8.0,2022
2,30-49,4,5,7396.0,2022
3,50+,0,4,304.0,2022
5,30-49,7,2,72.0,2022
4,30-49,4,4,165.0,2022
2,30-49,5,2,83.0,2022
1,50+,7,5,1852.0,2022
8,50+,8,3,6.0,2022
4,50+,7,2,27.0,2022
8,22-29,6,2,6.0,2022
5,30-49,2,4,984.0,2022
9,30-49,4,2,87.0,2022
2,50+,2,3,81.0,2022
8,22-29,7,3,,2022
3,22-29,7,5,162.0,2022
1,50+,4,5,3143.0,2022
9,22-29,-1,1,3127.0,2022
2,30-49,5,4,170.0,2022
3,50+,7,1,1390.0,2022
2,22-29,4,3,15.0,2022
9,22-29,4,1,516.0,2022
7,22-29,1,4,1320.0,2022
8,50+,8,5,573.0,2022
5,30-49,6,2,61.0,2022
8,22-29,8,1,35.0,2022
7,50+,2,2,289.0,2022
7,22-29,-1,3,35.0,2022
2,22-29,-1,3,85.0,2022
6,30-49,4,4,26.0,2022
9,22-29,-1,2,310.0,2022
4,22-29,3,2,132.0,2022
5,50+,0,4,707.0,2022
5,50+,6,4,67.0,2022
5,50+,4,5,4171.0,2022
3,22-29,3,1,1372.0,2022
5,22-29,3,1,3967.0,2022
3,50+,3,5,4479.0,2022
5,22-29,2,4,1130.0,2022
4,30-49,6,3,16.0,2022
6,50+,6,5,182.0,2022
5,30-49,6,1,1298.0,2022
6,22-29,4,4,9.0,2022
1,30-49,-1,4,100.0,2022
7,22-29,2,2,215.0,2022
8,22-29,7,2,,2022
3,30-49,2,2,544.0,2022
3,50+,7,2,54.0,2022
2,30-49,6,4,86.0,2022
5,30-49,4,2,237.0,2022
8,50+,0,15,1058.0,2022
7,30-49,7,4,48.0,2022
2,22-29,8,5,74.0,2022
2,22-29,6,4,,2022
6,30-49,0,15,1094.0,2022
2,22-29,7,3,,2022
2,50+,-1,3,99.0,2022
5,30-49,1,5,6184.0,2022
8,50+,5,2,53.0,2022
2,50+,5,4,98.0,2022
6,22-29,6,5,67.0,2022
8,22-29,0,4,222.0,2022
1,30-49,4,4,181.0,2022
4,30-49,2,4,421.0,2022
6,50+,4,4,26.0,2022
7,22-29,3,3,13.0,2022
4,30-49,8,2,8.0,2022
3,22-29,0,1,54639.0,2022
2,22-29,1,2,1965.0,2022
6,30-49,1,2,146.0,2022
4,50+,3,3,47.0,2022
6,50+,1,4,80.0,2022
8,30-49,5,2,44.0,2022
7,50+,0,5,461.0,2022
7,22-29,7,2,8.0,2022
9,30-49,0,2,1471.0,2022
8,30-49,2,3,29.0,2022
2,30-49,0,13,4274.0,2022
2,50+,8,4,55.0,2022
7,30-49,1,1,16923.0,2022
1,50+,0,1,99527.0,2022
9,30-49,3,1,2838.0,2022
7,50+,6,5,1743.0,2022
7,30-49,-1,2,317.0,2022
9,50+,-1,3,94.0,2022
9,50+,6,3,6.0,2022
9,50+,8,2,8.0,2022
3,22-29,5,3,,2022
7,50+,0,14,8373.0,2022
2,30-49,0,12,3586.0,2022
7,50+,8,2,27.0,2022
4,50+,-1,4,723.0,2022
5,22-29,-1,4,566.0,2022
6,50+,5,3,,2022
2,30-49,0,4,1580.0,2022
8,22-29,2,3,13.0,2022
3,30-49,0,1,207482.0,2022
1,50+,5,3,35.0,2022
9,50+,2,3,42.0,2022
3,30-49,8,1,604.0,2022
5,30-49,8,5,1977.0,2022
9,30-49,-1,3,208.0,2022
8,30-49,-1,1,4384.0,2022
6,30-49,3,4,28.0,2022
1,30-49,3,4,227.0,2022
6,50+,2,5,314.0,2022
2,22-29,5,4,19.0,2022
7,30-49,1,2,2026.0,2022
4,50+,4,4,83.0,2022
5,50+,7,2,72.0,2022
6,50+,0,5,683.0,2022
6,22-29,0,5,128.0,2022
2,22-29,1,1,6463.0,2022
8,30-49,8,1,330.0,2022
2,30-49,7,2,32.0,2022
2,30-49,7,1,850.0,2022
6,50+,4,5,443.0,2022
1,50+,8,1,1297.0,2022
7,50+,3,5,2815.0,2022
8,30-49,7,1,770.0,2022
5,50+,6,3,39.0,2022
7,50+,0,12,989.0,2022
5,30-49,3,3,137.0,2022
3,22-29,1,2,1248.0,2022
8,22-29,-1,1,1788.0,2022
8,50+,4,5,1877.0,2022
3,30-49,7,5,1683.0,2022
8,22-29,0,13,167.0,2022
2,50+,4,1,10487.0,2022
3,30-49,2,1,9368.0,2022
3,30-49,6,4,57.0,2022
8,30-49,7,2,29.0,2022
2,30-49,1,3,243.0,2022
4,22-29,5,5,1481.0,2022
9,22-29,4,2,44.0,2022
3,50+,5,5,3104.0,2022
9,50+,0,1,59686.0,2022
2,30-49,3,5,9021.0,2022
2,30-49,3,4,701.0,2022
3,50+,6,4,57.0,2022
8,50+,6,5,1263.0,2022
8,50+,2,3,23.0,2022
5,50+,1,2,2792.0,2022
4,30-49,3,3,47.0,2022
3,30-49,6,5,2403.0,2022
7,50+,2,1,7027.0,2022
2,50+,8,3,18.0,2022
2,50+,5,5,3654.0,2022
2,30-49,5,3,40.0,2022
4,22-29,2,4,368.0,2022
8,30-49,6,2,22.0,2022
3,30-49,0,2,3218.0,2022
6,22-29,0,14,166.0,2022
2,50+,7,3,20.0,2022
9,22-29,8,4,,2022
1,50+,1,2,1545.0,2022
4,30-49,-1,4,561.0,2022
3,50+,3,2,390.0,2022
6,22-29,1,5,265.0,2022
3,22-29,8,5,77.0,2022
3,22-29,4,3,20.0,2022
2,50+,0,5,705.0,2022
1,22-29,4,2,,2022
4,22-29,7,4,,2022
8,30-49,4,2,117.0,2022
2,50+,0,15,238.0,2022
5,22-29,8,3,5.0,2022
9,22-29,6,5,1072.0,2022
3,22-29,3,4,157.0,2022
9,22-29,2,3,24.0,2022
1,22-29,1,4,165.0,2022
1,22-29,-1,1,636.0,2022
6,22-29,0,2,102.0,2022
5,50+,3,3,97.0,2022
9,50+,0,2,661.0,2022
8,50+,0,12,205.0,2022
3,22-29,6,2,,2022
9,22-29,1,5,2154.0,2022
7,30-49,2,2,430.0,2022
1,22-29,3,2,13.0,2022
6,50+,0,4,38.0,2022
9,30-49,0,5,691.0,2022
1,50+,3,4,171.0,2022
6,50+,8,3,,2022
8,30-49,3,2,135.0,2022
4,22-29,4,5,2697.0,2022
7,50+,7,5,1592.0,2022
6,30-49,5,3,8.0,2022
9,50+,3,5,1942.0,2022
3,50+,2,4,323.0,2022
2,30-49,-1,2,288.0,2022
4,30-49,7,5,1283.0,2022
6,22-29,-1,3,10.0,2022
9,22-29,0,15,112.0,2022
4,22-29,8,3,,2022
4,30-49,2,5,3707.0,2022
5,50+,8,1,575.0,2022
6,50+,0,12,105.0,2022
1,22-29,-1,3,9.0,2022
7,30-49,4,4,312.0,2022
3,22-29,2,4,301.0,2022
9,30-49,-1,4,524.0,2022
1,22-29,5,2,,2022
4,30-49,6,1,585.0,2022
7,22-29,0,15,245.0,2022
9,30-49,8,2,8.0,2022
7,50+,1,1,13415.0,2022
9,30-49,5,3,18.0,2022
9,22-29,5,1,178.0,2022
4,50+,0,3,216.0,2022
7,22-29,6,3,,2022
5,22-29,1,5,7199.0,2022
3,30-49,3,3,85.0,2022
6,22-29,3,1,223.0,2022
1,30-49,7,3,13.0,2022
6,50+,0,13,1133.0,2022
6,50+,7,1,1220.0,2022
4,50+,8,2,13.0,2022
4,50+,6,3,14.0,2022
6,50+,3,5,290.0,2022
8,50+,3,2,167.0,2022
5,22-29,6,1,387.0,2022
5,30-49,6,4,108.0,2022
1,22-29,4,1,113.0,2022
3,50+,6,5,2397.0,2022
9,50+,4,4,44.0,2022
8,22-29,-1,2,160.0,2022
4,30-49,1,1,11696.0,2022
7,30-49,8,5,1043.0,2022
7,30-49,4,3,41.0,2022
6,30-49,2,2,45.0,2022
1,30-49,0,2,1307.0,2022
2,50+,4,2,406.0,2022
7,22-29,5,2,26.0,2022
7,22-29,7,1,148.0,2022
5,50+,2,2,426.0,2022
4,50+,8,1,502.0,2022
4,30-49,0,1,113126.0,2022
1,30-49,4,1,5382.0,2022
5,22-29,3,3,76.0,2022
9,50+,4,5,1483.0,2022
1,30-49,5,2,43.0,2022
2,50+,1,4,2354.0,2022
7,30-49,2,1,8263.0,2022
6,50+,-1,2,34.0,2022
9,50+,5,3,11.0,2022
3,50+,4,2,347.0,2022
5,30-49,1,4,5116.0,2022
4,22-29,-1,1,1953.0,2022
7,30-49,0,3,127.0,2022
3,30-49,1,2,3248.0,2022
3,50+,1,4,1460.0,2022
6,30-49,4,5,398.0,2022
7,30-49,6,3,10.0,2022
8,22-29,8,4,,2022
4,50+,5,5,1464.0,2022
8,50+,-1,4,191.0,2022
1,30-49,-1,3,45.0,2022
5,22-29,4,2,218.0,2022
5,30-49,4,1,5593.0,2022
8,22-29,3,4,118.0,2022
6,50+,-1,1,654.0,2022
6,30-49,-1,3,20.0,2022
9,22-29,0,5,562.0,2022
3,30-49,8,3,10.0,2022
5,30-49,-1,4,536.0,2022
3,50+,4,1,10461.0,2022
7,50+,5,4,66.0,2022
1,30-49,6,3,16.0,2022
5,22-29,1,4,5475.0,2022
4,22-29,5,4,46.0,2022
1,30-49,8,2,13.0,2022
5,22-29,0,1,154259.0,2022
8,50+,0,5,436.0,2022
5,30-49,7,5,3441.0,2022
6,22-29,7,3,,2022
8,30-49,0,12,351.0,2022
1,22-29,2,3,,2022
3,30-49,0,4,901.0,2022
8,50+,7,2,54.0,2022
2,22-29,3,4,123.0,2022
2,30-49,8,2,28.0,2022
6,30-49,8,1,37.0,2022
1,30-49,8,1,391.0,2022
1,30-49,3,1,6374.0,2022
2,22-29,5,1,107.0,2022
3,50+,2,5,3749.0,2022
9,50+,3,4,102.0,2022
3,22-29,7,4,,2022
9,30-49,1,5,2533.0,2022
8,30-49,8,4,9.0,2022
9,30-49,2,5,3326.0,2022
3,30-49,4,3,88.0,2022
1,30-49,8,3,6.0,2022
9,22-29,3,2,77.0,2022
1,30-49,2,2,322.0,2022
3,22-29,8,2,,2022
4,22-29,7,1,48.0,2022
6,30-49,7,5,261.0,2022
7,50+,5,5,1897.0,2022
8,50+,5,4,34.0,2022
8,30-49,0,5,671.0,2022
1,50+,3,3,42.0,2022
2,22-29,4,4,53.0,2022
1,30-49,1,2,1774.0,2022
5,30-49,0,5,1858.0,2022
8,50+,2,1,4433.0,2022
1,50+,3,5,2884.0,2022
5,50+,2,1,9283.0,2022
6,50+,0,15,7687.0,2022
3,30-49,4,5,5603.0,2022
9,30-49,2,3,46.0,2022
4,50+,2,5,1841.0,2022
6,30-49,-1,4,44.0,2022
9,30-49,8,1,166.0,2022
2,50+,2,1,8732.0,2022
4,22-29,8,2,,2022
3,22-29,6,3,,2022
7,30-49,7,5,1974.0,2022
1,30-49,7,4,37.0,2022
1,30-49,8,5,400.0,2022
1,30-49,0,3,124.0,2022
4,50+,1,5,1118.0,2022
7,22-29,2,4,258.0,2022
2,22-29,0,14,675.0,2022
1,30-49,4,3,36.0,2022
2,30-49,8,4,39.0,2022
1,22-29,6,5,14.0,2022
2,22-29,3,5,2132.0,2022
7,30-49,3,3,27.0,2022
9,30-49,0,1,69212.0,2022
9,50+,1,4,534.0,2022
9,50+,3,1,2486.0,2022
8,22-29,-1,3,119.0,2022
4,50+,4,3,71.0,2022
3,50+,-1,3,133.0,2022
5,22-29,-1,3,191.0,2022
1,22-29,1,1,775.0,2022
1,30-49,6,2,31.0,2022
4,22-29,5,1,205.0,2022
8,30-49,0,15,1449.0,2022
5,30-49,0,3,2748.0,2022
3,22-29,6,5,367.0,2022
6,30-49,7,3,35.0,2022
7,30-49,4,5,4202.0,2022
7,30-49,7,3,10.0,2022
2,30-49,-1,1,7010.0,2022
8,30-49,5,1,1006.0,2022
8,22-29,7,1,78.0,2022
3,30-49,2,4,823.0,2022
1,30-49,0,5,386.0,2022
6,22-29,3,4,15.0,2022
9,50+,0,4,176.0,2022
9,30-49,4,1,1898.0,2022
1,50+,1,1,10907.0,2022
1,22-29,2,1,211.0,2022
7,30-49,3,5,4708.0,2022
4,50+,8,4,,2022
2,50+,6,2,84.0,2022
9,22-29,6,1,85.0,2022
7,30-49,4,2,279.0,2022
2,30-49,0,5,1803.0,2022
7,30-49,0,12,2096.0,2022
6,30-49,6,1,108.0,2022
8,50+,6,2,43.0,2022
2,22-29,0,4,456.0,2022
7,50+,-1,4,175.0,2022
5,30-49,2,2,590.0,2022
8,50+,-1,3,79.0,2022
8,30-49,1,5,2136.0,2022
8,30-49,0,13,1006.0,2022
6,30-49,3,5,427.0,2022
4,22-29,3,4,194.0,2022
2,50+,0,14,7395.0,2022
2,50+,6,5,2851.0,2022
2,22-29,3,3,24.0,2022
4,50+,4,5,2017.0,2022
3,30-49,0,3,658.0,2022
1,50+,5,4,99.0,2022
2,50+,7,2,68.0,2022
7,30-49,1,3,57.0,2022
5,30-49,0,2,4738.0,2022
1,30-49,1,5,1602.0,2022
7,22-29,8,4,,2022
6,22-29,-1,2,37.0,2022
2,50+,0,4,558.0,2022
9,50+,0,12,,2022
8,22-29,1,1,4201.0,2022
2,22-29,6,3,5.0,2022
7,22-29,4,1,2054.0,2022
5,22-29,2,1,5843.0,2022
3,50+,1,5,2150.0,2022
2,50+,8,2,34.0,2022
4,22-29,-1,3,78.0,2022
1,22-29,8,5,6.0,2022
9,50+,6,2,16.0,2022
3,22-29,5,2,10.0,2022
4,50+,2,2,201.0,2022
6,50+,5,2,14.0,2022
2,22-29,0,2,1666.0,2022
1,30-49,2,5,2418.0,2022
4,50+,1,2,1000.0,2022
6,22-29,2,4,33.0,2022
6,30-49,0,1,12360.0,2022
4,50+,4,2,141.0,2022
5,22-29,-1,2,412.0,2022
1,50+,5,2,121.0,2022
7,30-49,3,2,389.0,2022
3,50+,5,4,81.0,2022
3,22-29,1,1,5828.0,2022
5,30-49,1,1,24420.0,2022
6,50+,1,3,45.0,2022
2,50+,6,3,25.0,2022
6,30-49,8,4,,2022
3,22-29,2,1,1729.0,2022
7,50+,4,1,8553.0,2022
9,30-49,7,3,11.0,2022
7,30-49,-1,4,381.0,2022
2,22-29,-1,1,2669.0,2022
4,50+,3,4,92.0,2022
4,30-49,5,4,54.0,2022
7,22-29,7,4,5.0,2022
7,22-29,3,1,2919.0,2022
5,22-29,7,4,37.0,2022
7,50+,0,1,76040.0,2022
4,50+,1,3,59.0,2022
5,30-49,-1,1,6785.0,2022
4,30-49,8,4,20.0,2022
9,30-49,1,1,8717.0,2022
4,30-49,-1,2,240.0,2022
8,50+,4,4,74.0,2022
2,30-49,0,3,1347.0,2022
6,50+,4,2,73.0,2022
8,50+,0,1,83310.0,2022
6,50+,7,5,310.0,2022
5,22-29,6,3,16.0,2022
4,30-49,4,1,4141.0,2022
3,30-49,1,5,4715.0,2022
1,30-49,3,2,218.0,2022
3,30-49,0,13,1474.0,2022
2,50+,5,2,149.0,2022
6,50+,3,4,16.0,2022
3,30-49,8,5,1350.0,2022
4,50+,2,3,50.0,2022
2,22-29,0,12,175.0,2022
4,50+,0,5,240.0,2022
1,50+,2,5,2516.0,2022
5,22-29,8,1,65.0,2022
4,50+,7,5,953.0,2022
2,50+,3,1,10628.0,2022
1,30-49,1,4,1765.0,2022
7,30-49,7,2,52.0,2022
5,30-49,0,13,2516.0,2022
8,22-29,6,5,407.0,2022
5,50+,-1,3,89.0,2022
8,22-29,7,4,12.0,2022
8,30-49,4,5,2320.0,2022
1,30-49,4,5,2086.0,2022
5,50+,6,2,66.0,2022
4,30-49,7,4,27.0,2022
5,22-29,5,4,121.0,2022
8,50+,1,4,836.0,2022
5,50+,5,3,51.0,2022
4,22-29,-1,2,161.0,2022
1,22-29,5,4,,2022
4,30-49,5,5,2123.0,2022
2,50+,-1,2,247.0,2022
6,22-29,-1,4,34.0,2022
5,50+,5,5,3146.0,2022
5,22-29,6,2,50.0,2022
8,30-49,0,4,403.0,2022
9,50+,6,5,847.0,2022
2,22-29,0,5,511.0,2022
1,30-49,6,5,907.0,2022
8,22-29,4,1,772.0,2022
9,30-49,8,4,7.0,2022
8,50+,6,3,6.0,2022
7,22-29,7,5,304.0,2022
4,50+,-1,1,4999.0,2022
9,22-29,5,2,22.0,2022
1,22-29,3,4,12.0,2022
3,30-49,6,3,20.0,2022
6,22-29,5,3,,2022
1,50+,4,2,325.0,2022
2,30-49,1,5,7410.0,2022
7,22-29,0,14,484.0,2022
5,30-49,2,5,8733.0,2022
8,50+,5,1,1226.0,2022
4,50+,5,1,1296.0,2022
8,30-49,1,3,68.0,2022
2,30-49,3,3,87.0,2022
7,22-29,7,3,,2022
2,22-29,2,4,263.0,2022
7,30-49,0,13,2357.0,2022
4,50+,6,4,28.0,2022
5,30-49,3,5,9397.0,2022
2,30-49,2,3,110.0,2022
3,30-49,8,2,30.0,2022
8,22-29,2,4,169.0,2022
3,50+,1,2,1890.0,2022
9,22-29,3,4,143.0,2022
4,22-29,4,1,809.0,2022
8,30-49,4,4,131.0,2022
8,50+,5,5,1534.0,2022
2,22-29,7,4,5.0,2022
6,50+,0,3,1196.0,2022
7,50+,5,2,75.0,2022
5,22-29,7,2,21.0,2022
9,30-49,6,1,415.0,2022
8,22-29,8,3,,2022
7,22-29,0,12,493.0,2022
6,22-29,6,1,17.0,2022
8,30-49,2,4,260.0,2022
1,22-29,5,5,38.0,2022
6,50+,3,1,816.0,2022
5,50+,5,4,78.0,2022
4,22-29,2,1,1981.0,2022
1,30-49,7,5,739.0,2022
6,50+,5,5,218.0,2022
3,30-49,7,3,13.0,2022
1,50+,5,5,2119.0,2022
8,50+,3,4,130.0,2022
2,30-49,4,2,469.0,2022
8,22-29,2,5,1955.0,2022
9,22-29,7,1,48.0,2022
2,30-49,-1,4,424.0,2022
6,30-49,2,4,35.0,2022
6,22-29,7,1,25.0,2022
1,22-29,2,4,24.0,2022
6,22-29,3,5,315.0,2022
5,50+,0,1,256539.0,2022
5,22-29,8,4,23.0,2022
3,22-29,5,5,782.0,2022
1,30-49,4,2,226.0,2022
7,22-29,5,1,355.0,2022
1,30-49,2,3,27.0,2022
2,30-49,8,5,1336.0,2022
3,22-29,8,3,,2022
3,50+,0,1,144749.0,2022
1,30-49,3,3,36.0,2022
7,22-29,3,4,198.0,2022
7,22-29,1,1,6181.0,2022
9,22-29,3,5,3791.0,2022
6,30-49,2,5,448.0,2022
1,50+,3,2,269.0,2022
6,22-29,0,12,27.0,2022
5,50+,1,4,1918.0,2022
6,50+,7,2,43.0,2022
4,50+,2,4,141.0,2022
5,50+,-1,2,212.0,2022
2,50+,0,1,339861.0,2022
4,22-29,6,2,11.0,2022
1,50+,2,2,355.0,2022
7,30-49,6,1,1336.0,2022
9,50+,4,3,27.0,2022
4,30-49,-1,3,194.0,2022
1,50+,7,3,27.0,2022
2,22-29,3,2,93.0,2022
6,30-49,5,4,9.0,2022
3,30-49,1,3,189.0,2022
7,50+,6,4,42.0,2022
3,22-29,1,4,1754.0,2022
3,30-49,4,4,406.0,2022
3,22-29,0,14,645.0,2022
7,50+,8,1,861.0,2022
9,30-49,7,1,473.0,2022
6,50+,1,5,255.0,2022
5,30-49,8,3,11.0,2022
3,50+,4,3,70.0,2022
9,50+,2,5,1791.0,2022
3,50+,5,2,115.0,2022
3,22-29,4,1,844.0,2022
8,30-49,3,3,24.0,2022
6,22-29,5,2,9.0,2022
4,30-49,5,2,44.0,2022
1,30-49,5,5,1195.0,2022
5,22-29,5,2,87.0,2022
9,30-49,2,2,204.0,2022
1,50+,-1,4,75.0,2022
4,30-49,2,1,4846.0,2022
3,50+,-1,2,222.0,2022
3,30-49,3,1,10141.0,2022
2,30-49,3,2,509.0,2022
8,22-29,1,4,1174.0,2022
1,30-49,-1,1,3965.0,2022
6,22-29,1,1,598.0,2022
3,50+,1,3,86.0,2022
2,30-49,0,15,468.0,2022
8,22-29,0,14,392.0,2022
5,22-29,0,14,821.0,2022
3,30-49,0,14,4866.0,2022
7,50+,0,3,70.0,2022
8,30-49,3,4,184.0,2022
3,22-29,7,3,,2022
1,22-29,6,2,,2022
2,30-49,2,2,667.0,2022
1,22-29,-1,2,31.0,2022
2,22-29,6,5,337.0,2022
8,50+,7,4,28.0,2022
7,50+,7,1,1865.0,2022
9,30-49,4,3,34.0,2022
4,30-49,7,1,478.0,2022
4,22-29,8,5,187.0,2022
9,22-29,8,1,33.0,2022
1,50+,-1,3,41.0,2022
5,50+,7,1,1634.0,2022
6,30-49,6,4,5.0,2022
1,30-49,6,4,70.0,2022
7,22-29,0,13,298.0,2022
6,50+,6,3,5.0,2022
2,50+,3,4,360.0,2022
9,22-29,4,4,61.0,2022
7,22-29,6,2,11.0,2022
8,30-49,0,3,284.0,2022
4,50+,0,2,724.0,2022
5,50+,3,4,200.0,2022
5,50+,7,5,2071.0,2022
9,30-49,5,2,33.0,2022
3,22-29,-1,3,133.0,2022
7,50+,5,3,11.0,2022
1,50+,2,3,21.0,2022
4,22-29,6,3,,2022
7,50+,6,3,7.0,2022
3,50+,3,4,249.0,2022
7,22-29,-1,1,2888.0,2022
8,30-49,6,1,709.0,2022
9,50+,4,2,71.0,2022
9,22-29,5,3,8.0,2022
7,30-49,1,5,3532.0,2022
6,50+,7,3,114.0,2022
4,30-49,8,1,308.0,2022
5,50+,8,3,14.0,2022
5,30-49,8,4,44.0,2022
6,30-49,1,1,1544.0,2022
9,30-49,7,5,1547.0,2022
7,22-29,2,1,2857.0,2022
4,50+,0,13,38.0,2022
8,50+,-1,2,142.0,2022
7,22-29,0,2,1088.0,2022
7,30-49,-1,1,7399.0,2022
2,22-29,1,4,2194.0,2022
2,50+,8,5,1634.0,2022
5,30-49,4,3,92.0,2022
7,22-29,2,3,13.0,2022
1,30-49,7,2,31.0,2022
9,22-29,1,1,3876.0,2022
2,22-29,1,3,63.0,2022
3,50+,6,1,1567.0,2022
5,50+,3,1,7149.0,2022
4,22-29,3,3,22.0,2022
6,50+,0,1,20347.0,2022
2,22-29,2,3,23.0,2022
5,22-29,3,5,10650.0,2022
9,22-29,0,3,479.0,2022
2,30-49,4,3,89.0,2022
1,22-29,6,1,11.0,2022
4,50+,0,12,8.0,2022
9,22-29,2,2,150.0,2022
9,22-29,1,2,907.0,2022
4,50+,0,14,334.0,2022
5,30-49,5,5,5465.0,2022
8,50+,1,5,1387.0,2022
1,50+,8,4,45.0,2022
8,22-29,2,2,149.0,2022
7,50+,2,3,12.0,2022
7,22-29,0,3,55.0,2022
2,22-29,4,2,44.0,2022
1,30-49,8,4,17.0,2022
7,30-49,2,3,31.0,2022
9,50+,7,4,12.0,2022
8,30-49,0,1,95624.0,2022
9,50+,8,5,500.0,2022
2,50+,2,5,5589.0,2022
1,50+,3,1,7676.0,2022
3,50+,0,12,658.0,2022
5,22-29,0,12,288.0,2022
8,22-29,7,5,235.0,2022
2,22-29,7,1,32.0,2022
7,30-49,8,2,12.0,2022
4,22-29,4,4,104.0,2022
6,30-49,3,3,5.0,2022
3,30-49,6,2,59.0,2022
5,22-29,5,3,17.0,2022
9,30-49,4,5,3010.0,2022
8,22-29,3,3,11.0,2022
3,22-29,7,2,,2022
4,30-49,0,14,135.0,2022
2,50+,4,3,121.0,2022
6,22-29,7,4,5.0,2022
1,22-29,7,1,5.0,2022
5,30-49,0,4,1405.0,2022
5,22-29,1,3,304.0,2022
8,50+,6,1,1022.0,2022
1,50+,7,1,1956.0,2022
7,30-49,8,1,685.0,2022
6,22-29,1,4,81.0,2022
9,50+,0,5,249.0,2022
9,30-49,-1,2,351.0,2022
1,30-49,5,3,27.0,2022
6,30-49,1,3,33.0,2022
5,30-49,3,2,447.0,2022
1,30-49,0,4,292.0,2022
1,50+,4,3,44.0,2022
8,22-29,-1,4,215.0,2022
8,30-49,7,5,1177.0,2022
9,50+,5,5,1292.0,2022
6,50+,6,2,15.0,2022
5,50+,5,1,2260.0,2022
7,30-49,0,2,2016.0,2022
7,30-49,-1,3,82.0,2022
7,30-49,1,4,2422.0,2022
1,30-49,6,1,1029.0,2022
3,50+,7,3,23.0,2022
8,22-29,2,1,1432.0,2022
5,22-29,7,5,1417.0,2022
9,22-29,4,3,14.0,2022
2,50+,1,3,153.0,2022
5,30-49,3,1,7818.0,2022
7,30-49,2,5,4347.0,2022
6,50+,5,1,232.0,2022
6,30-49,-1,2,51.0,2022
1,50+,7,2,84.0,2022
3,22-29,0,4,394.0,2022
4,30-49,8,3,,2022
7,50+,8,3,,2022
7,30-49,8,3,,2022
8,30-49,2,1,3474.0,2022
3,30-49,5,4,96.0,2022
2,50+,1,2,3754.0,2022
4,22-29,1,4,2373.0,2022
1,30-49,3,5,2234.0,2022
9,50+,-1,2,166.0,2022
7,30-49,3,4,435.0,2022
1,22-29,7,5,5.0,2022
6,50+,8,5,86.0,2022
2,50+,2,2,537.0,2022
1,22-29,4,3,,2022
6,50+,3,3,8.0,2022
9,50+,5,1,672.0,2022
4,50+,0,4,147.0,2022
5,22-29,4,5,7554.0,2022
8,30-49,3,5,2730.0,2022
8,50+,4,2,121.0,2022
8,22-29,3,1,1253.0,2022
9,22-29,7,4,5.0,2022
6,50+,0,14,2291.0,2022
3,22-29,7,1,33.0,2022
9,50+,-1,1,2759.0,2022
9,50+,2,4,104.0,2022
4,50+,1,4,815.0,2022
6,30-49,0,14,1192.0,2022
6,30-49,5,2,7.0,2022
6,22-29,3,3,,2022
6,30-49,8,5,80.0,2022
9,30-49,2,4,298.0,2022
7,50+,7,3,18.0,2022
5,50+,8,5,1159.0,2022
4,30-49,3,2,208.0,2022
1,30-49,2,1,5007.0,2022
5,30-49,0,15,3259.0,2022
5,50+,5,2,70.0,2022
6,30-49,4,1,860.0,2022
5,22-29,0,4,1244.0,2022
9,30-49,1,3,130.0,2022
5,30-49,5,2,103.0,2022
7,30-49,5,1,1971.0,2022
3,50+,2,1,8355.0,2022
8,30-49,6,3,10.0,2022
9,50+,4,1,1931.0,2022
6,30-49,5,1,200.0,2022
7,50+,2,5,2309.0,2022
4,30-49,1,4,2522.0,2022
7,50+,3,4,226.0,2022
2,22-29,2,2,186.0,2022
2,30-49,3,1,11758.0,2022
9,22-29,5,5,1794.0,2022
6,50+,-1,4,23.0,2022
8,22-29,5,1,193.0,2022
9,22-29,0,2,926.0,2022
8,30-49,5,4,58.0,2022
3,50+,4,5,4477.0,2022
9,50+,0,3,416.0,2022
7,22-29,6,5,566.0,2022
9,30-49,5,5,2362.0,2022
3,50+,8,1,922.0,2022
3,30-49,6,1,1043.0,2022
1,50+,6,1,2290.0,2022
6,30-49,4,2,33.0,2022
3,30-49,3,5,6343.0,2022
4,50+,6,5,1160.0,2022
6,30-49,7,4,13.0,2022
4,22-29,0,4,388.0,2022
5,30-49,7,3,42.0,2022
5,30-49,4,5,7262.0,2022
2,22-29,0,3,364.0,2022
7,50+,3,3,19.0,2022
9,30-49,7,2,26.0,2022
2,50+,1,1,24759.0,2022
7,50+,0,15,1833.0,2022
5,50+,0,12,290.0,2022
3,22-29,4,5,1395.0,2022
3,30-49,0,11,,2022
2,50+,0,3,789.0,2022
7,30-49,0,5,1134.0,2022
3,22-29,8,1,17.0,2022
4,30-49,0,5,543.0,2022
9,30-49,6,4,37.0,2022
2,50+,7,4,56.0,2022
9,50+,8,4,9.0,2022
4,50+,4,1,4931.0,2022
2,50+,2,4,464.0,2022
3,30-49,0,15,530.0,2022
7,22-29,8,2,,2022
4,50+,7,3,6.0,2022
4,50+,6,2,47.0,2022
7,50+,3,1,9293.0,2022
8,50+,4,1,3445.0,2022
2,30-49,7,5,1879.0,2022
5,22-29,-1,1,4397.0,2022
4,30-49,3,5,4081.0,2022
6,50+,6,1,202.0,2022
5,50+,4,2,206.0,2022
9,30-49,0,14,1183.0,2022
5,30-49,6,5,4032.0,2022
7,30-49,8,4,27.0,2022
2,22-29,6,2,6.0,2022
2,30-49,2,5,9711.0,2022
9,22-29,6,3,,2022
1,22-29,0,1,5978.0,2022
1,50+,7,4,57.0,2022
6,30-49,3,2,30.0,2022
5,30-49,2,3,159.0,2022
1,50+,2,4,255.0,2022
9,50+,2,2,156.0,2022
4,30-49,5,3,24.0,2022
8,50+,8,2,21.0,2022
5,22-29,1,1,17632.0,2022
5,50+,7,3,37.0,2022
9,30-49,8,3,,2022
5,50+,2,3,85.0,2022
5,50+,6,5,2524.0,2022
8,50+,1,2,1149.0,2022
9,50+,5,2,30.0,2022
2,30-49,0,2,6237.0,2022
1,22-29,0,3,14.0,2022
4,30-49,7,3,,2022
2,50+,6,4,74.0,2022
1,50+,0,5,266.0,2022
3,30-49,2,5,6193.0,2022
4,50+,0,15,201.0,2022
9,30-49,0,4,467.0,2022
4,30-49,6,5,1638.0,2022
1,22-29,5,3,,2022
4,30-49,2,3,53.0,2022
2,22-29,0,13,878.0,2022
9,50+,0,14,1285.0,2022
6,30-49,6,2,5.0,2022
7,50+,4,2,228.0,2022
7,30-49,3,1,10396.0,2022
6,22-29,7,2,,2022
7,22-29,1,3,29.0,2022
9,30-49,0,3,875.0,2022
4,22-29,1,1,6608.0,2022
9,22-29,3,3,27.0,2022
6,50+,1,1,1649.0,2022
7,30-49,6,2,32.0,2022
3,30-49,-1,1,5827.0,2022
4,22-29,1,2,1735.0,2022
4,50+,3,2,139.0,2022
2,30-49,2,4,1198.0,2022
5,22-29,4,4,305.0,2022
5,50+,-1,4,201.0,2022
3,50+,5,3,24.0,2022
1,30-49,1,3,66.0,2022
9,50+,1,3,73.0,2022
3,50+,0,15,307.0,2022
6,50+,4,3,203.0,2022
8,22-29,0,1,39866.0,2022
7,50+,5,1,2267.0,2022
6,50+,1,2,116.0,2022
9,22-29,6,4,16.0,2022
5,50+,4,1,6006.0,2022
5,30-49,0,12,582.0,2022
7,30-49,0,15,1797.0,2022
6,22-29,5,4,9.0,2022
9,50+,0,13,37.0,2022
6,22-29,2,2,25.0,2022
2,50+,5,3,37.0,2022
1,22-29,2,2,14.0,2022
3,30-49,-1,2,301.0,2022
1,50+,5,1,2207.0,2022
1,30-49,-1,2,109.0,2022
8,50+,5,3,6.0,2022
4,50+,3,1,4792.0,2022
2,50+,7,5,2154.0,2022
2,30-49,5,5,4060.0,2022
8,30-49,2,2,237.0,2022
5,22-29,6,4,76.0,2022
3,22-29,0,12,36.0,2022
6,30-49,7,2,15.0,2022
8,30-49,0,2,1584.0,2022
3,22-29,5,1,176.0,2022
3,22-29,-1,2,203.0,2022
3,30-49,0,5,1172.0,2022
3,22-29,0,13,125.0,2022
2,30-49,8,3,18.0,2022
9,22-29,5,4,36.0,2022
6,50+,2,2,80.0,2022
5,30-49,1,3,382.0,2022
3,50+,3,3,57.0,2022
2,30-49,0,1,542659.0,2022
7,30-49,7,1,1346.0,2022
1,50+,1,3,52.0,2022
3,30-49,-1,4,359.0,2022
8,50+,6,4,24.0,2022
2,30-49,6,1,1265.0,2022
8,50+,0,4,199.0,2022
6,50+,7,4,10.0,2022
7,50+,6,1,1793.0,2022
6,50+,8,4,,2022
6,30-49,7,1,349.0,2022
4,22-29,0,1,51394.0,2022
9,22-29,-1,4,463.0,2022
3,30-49,4,2,349.0,2022
4,22-29,6,1,94.0,2022
7,22-29,4,4,118.0,2022
3,22-29,1,3,88.0,2022
9,22-29,7,5,611.0,2022
7,50+,6,2,61.0,2022
5,50+,3,2,306.0,2022
3,30-49,8,4,42.0,2022
5,22-29,6,5,2794.0,2022
6,30-49,0,3,727.0,2022
7,22-29,8,1,41.0,2022
6,22-29,2,1,270.0,2022
5,50+,0,15,1588.0,2022
9,50+,7,1,503.0,2022
8,30-49,8,5,558.0,2022
8,30-49,4,3,28.0,2022
6,22-29,0,3,99.0,2022
3,50+,0,5,504.0,2022
7,50+,1,5,1542.0,2022
5,50+,8,4,21.0,2022
2,30-49,1,2,6073.0,2022
4,30-49,6,4,36.0,2022
3,30-49,0,12,711.0,2022
1,50+,6,2,117.0,2022
6,22-29,8,2,,2022
5,22-29,8,2,12.0,2022
6,30-49,3,1,814.0,2022
5,50+,1,3,177.0,2022
9,30-49,5,4,46.0,2022
3,30-49,5,1,1827.0,2022
6,30-49,2,3,33.0,2022
7,22-29,0,4,346.0,2022
5,30-49,8,2,34.0,2022
3,50+,-1,4,222.0,2022
2,22-29,8,3,,2022
7,30-49,5,2,71.0,2022
1,22-29,-1,4,31.0,2022
8,30-49,1,2,1516.0,2022
1,22-29,6,4,,2022
6,30-49,0,13,671.0,2022
3,30-49,7,4,42.0,2022
8,50+,3,3,18.0,2022
8,30-49,7,4,33.0,2022
4,30-49,-1,1,3259.0,2022
8,22-29,8,5,96.0,2022
8,22-29,4,3,,2022
2,22-29,4,5,1379.0,2022
7,50+,0,2,859.0,2022
8,22-29,1,2,1092.0,2022
6,22-29,5,5,147.0,2022
6,22-29,8,1,5.0,2022
8,22-29,5,2,16.0,2022
6,50+,0,2,372.0,2022
1,50+,-1,2,138.0,2022
3,50+,8,2,40.0,2022
8,50+,8,1,437.0,2022
7,50+,4,5,2542.0,2023
7,22-29,1,2,1028.0,2023
8,50+,0,3,276.0,2023
5,50+,0,3,1576.0,2023
2,50+,0,12,1963.0,2023
2,50+,3,5,5102.0,2023
4,30-49,4,3,31.0,2023
1,50+,2,1,6729.0,2023
9,30-49,1,4,1234.0,2023
3,30-49,-1,3,147.0,2023
7,22-29,5,3,,2023
6,30-49,0,12,67.0,2023
6,30-49,2,1,917.0,2023
9,22-29,0,4,506.0,2023
3,50+,0,2,1125.0,2023
2,30-49,4,4,259.0,2023
8,22-29,0,2,849.0,2023
6,22-29,0,15,188.0,2023
4,22-29,2,3,17.0,2023
4,22-29,2,5,4669.0,2023
5,22-29,0,2,3727.0,2023
4,22-29,1,3,52.0,2023
5,22-29,2,5,10851.0,2023
4,22-29,1,5,2897.0,2023
8,22-29,1,5,1507.0,2023
2,22-29,2,1,2033.0,2023
1,22-29,4,4,7.0,2023
7,50+,1,2,1050.0,2023
7,22-29,4,5,1486.0,2023
7,30-49,0,14,5713.0,2023
5,30-49,-1,2,448.0,2023
8,30-49,-1,2,249.0,2023
9,30-49,3,2,119.0,2023
4,50+,5,3,63.0,2023
9,22-29,3,1,734.0,2023
2,22-29,-1,4,149.0,2023
4,22-29,0,2,1497.0,2023
3,30-49,5,5,4455.0,2023
8,30-49,4,1,1473.0,2023
7,50+,4,3,18.0,2023
3,22-29,1,5,1669.0,2023
8,22-29,1,3,21.0,2023
5,50+,0,14,6218.0,2023
3,22-29,2,5,2768.0,2023
9,30-49,-1,1,4337.0,2023
7,22-29,4,3,5.0,2023
1,50+,0,2,724.0,2023
9,50+,3,2,78.0,2023
5,22-29,3,4,428.0,2023
1,22-29,3,5,74.0,2023
1,50+,1,5,1068.0,2023
4,30-49,3,1,3236.0,2023
3,50+,1,1,14740.0,2023
7,22-29,5,5,993.0,2023
3,30-49,1,1,17526.0,2023
1,30-49,5,4,108.0,2023
4,30-49,0,15,85.0,2023
3,22-29,0,2,1402.0,2023
6,30-49,0,4,62.0,2023
3,50+,2,2,393.0,2023
4,50+,-1,3,62.0,2023
5,50+,4,4,127.0,2023
5,50+,0,5,1449.0,2023
2,50+,3,3,72.0,2023
8,50+,2,2,216.0,2023
7,22-29,-1,4,158.0,2023
2,22-29,0,1,109565.0,2023
3,50+,0,14,6996.0,2023
4,30-49,0,4,647.0,2023
2,50+,-1,4,224.0,2023
3,30-49,5,3,63.0,2023
3,22-29,3,3,22.0,2023
3,22-29,3,5,1570.0,2023
9,30-49,3,3,33.0,2023
8,50+,-1,1,4906.0,2023
1,22-29,1,5,136.0,2023
3,50+,4,4,123.0,2023
2,22-29,5,2,19.0,2023
5,30-49,4,4,288.0,2023
1,22-29,2,5,175.0,2023
7,22-29,3,2,87.0,2023
7,50+,3,2,189.0,2023
5,30-49,0,1,317417.0,2023
5,50+,-1,1,6510.0,2023
3,22-29,5,4,29.0,2023
6,22-29,1,3,12.0,2023
8,30-49,5,3,16.0,2023
5,22-29,0,13,427.0,2023
3,50+,0,13,3210.0,2023
9,30-49,5,1,1298.0,2023
6,30-49,4,3,,2023
9,22-29,2,4,187.0,2023
5,50+,0,2,2104.0,2023
8,30-49,3,1,2336.0,2023
7,50+,2,4,189.0,2023
4,22-29,4,3,8.0,2023
9,22-29,1,4,848.0,2023
5,22-29,0,5,2595.0,2023
2,50+,3,2,294.0,2023
6,22-29,2,3,,2023
2,22-29,-1,2,265.0,2023
4,30-49,2,2,277.0,2023
1,50+,4,4,117.0,2023
7,30-49,5,5,3507.0,2023
4,30-49,1,2,1599.0,2023
4,30-49,3,4,166.0,2023
3,22-29,4,4,42.0,2023
8,22-29,5,5,872.0,2023
2,22-29,4,1,309.0,2023
1,50+,-1,1,7473.0,2023
4,22-29,4,2,55.0,2023
5,30-49,5,4,201.0,2023
2,30-49,2,1,16542.0,2023
2,30-49,1,1,29056.0,2023
3,30-49,5,2,187.0,2023
8,50+,4,3,10.0,2023
1,30-49,5,1,3816.0,2023
8,50+,0,13,1912.0,2023
2,22-29,3,1,718.0,2023
3,22-29,-1,1,5310.0,2023
6,50+,2,1,1024.0,2023
2,30-49,-1,3,148.0,2023
6,30-49,1,4,131.0,2023
7,30-49,2,4,483.0,2023
3,50+,0,3,392.0,2023
8,22-29,0,3,135.0,2023
1,22-29,0,5,55.0,2023
5,22-29,2,3,113.0,2023
4,30-49,4,2,74.0,2023
6,22-29,4,2,5.0,2023
4,30-49,1,5,2518.0,2023
6,50+,2,4,13.0,2023
3,22-29,2,2,175.0,2023
2,22-29,5,3,9.0,2023
2,50+,0,13,5459.0,2023
3,50+,-1,1,10648.0,2023
8,22-29,4,5,1165.0,2023
5,50+,0,13,4101.0,2023
4,22-29,0,5,837.0,2023
4,50+,-1,2,136.0,2023
6,22-29,4,3,,2023
8,50+,0,14,3612.0,2023
1,30-49,0,1,112824.0,2023
4,30-49,0,2,1548.0,2023
3,22-29,0,15,156.0,2023
4,22-29,5,3,10.0,2023
6,30-49,-1,1,1141.0,2023
3,30-49,3,4,260.0,2023
1,50+,4,1,3481.0,2023
2,22-29,5,5,754.0,2023
5,30-49,2,1,9925.0,2023
3,50+,2,3,70.0,2023
3,22-29,3,2,60.0,2023
9,50+,3,3,37.0,2023
9,50+,0,15,609.0,2023
4,30-49,1,3,112.0,2023
2,50+,-1,1,9472.0,2023
8,30-49,1,1,10171.0,2023
6,30-49,5,5,351.0,2023
5,30-49,5,1,3971.0,2023
6,22-29,2,5,283.0,2023
3,30-49,4,1,3476.0,2023
8,50+,2,5,2255.0,2023
4,22-29,0,3,375.0,2023
2,30-49,1,4,5315.0,2023
6,30-49,0,5,446.0,2023
9,50+,5,4,25.0,2023
7,50+,-1,3,24.0,2023
8,22-29,5,3,,2023
8,30-49,0,14,2697.0,2023
6,22-29,4,5,212.0,2023
2,50+,0,2,2329.0,2023
9,22-29,2,5,2849.0,2023
1,22-29,4,5,59.0,2023
8,50+,2,4,168.0,2023
9,22-29,1,3,60.0,2023
9,22-29,0,1,24425.0,2023
8,50+,3,5,1872.0,2023
8,22-29,0,15,358.0,2023
1,50+,1,4,757.0,2023
5,22-29,2,2,726.0,2023
6,50+,-1,3,12.0,2023
2,30-49,4,1,5129.0,2023
3,50+,0,11,,2023
4,22-29,2,2,219.0,2023
7,50+,1,3,28.0,2023
7,30-49,0,4,422.0,2023
7,50+,-1,1,9923.0,2023
9,22-29,2,1,1388.0,2023
3,30-49,2,3,113.0,2023
5,22-29,0,3,1834.0,2023
6,50+,5,4,21.0,2023
5,50+,1,1,22352.0,2023
4,22-29,3,1,1036.0,2023
4,50+,1,1,8880.0,2023
7,22-29,1,5,1635.0,2023
5,22-29,3,2,368.0,2023
5,30-49,3,4,445.0,2023
1,22-29,1,2,137.0,2023
6,22-29,1,2,68.0,2023
6,22-29,0,4,47.0,2023
8,30-49,5,5,1878.0,2023
9,50+,1,5,962.0,2023
7,50+,0,4,151.0,2023
9,50+,2,1,3063.0,2023
2,22-29,0,15,91.0,2023
1,22-29,1,3,5.0,2023
5,30-49,-1,3,144.0,2023
8,30-49,-1,3,32.0,2023
9,22-29,0,14,126.0,2023
5,22-29,4,3,43.0,2023
9,30-49,4,4,114.0,2023
7,22-29,5,4,52.0,2023
7,30-49,5,3,31.0,2023
9,50+,-1,4,47.0,2023
5,50+,3,5,4077.0,2023
3,50+,5,1,9006.0,2023
7,50+,4,4,104.0,2023
9,30-49,0,13,,2023
4,30-49,5,1,3080.0,2023
9,30-49,2,1,3770.0,2023
8,50+,0,2,718.0,2023
6,50+,4,1,499.0,2023
8,30-49,-1,4,128.0,2023
7,30-49,0,1,101731.0,2023
8,22-29,0,5,671.0,2023
4,30-49,0,3,480.0,2023
4,50+,5,2,80.0,2023
8,22-29,4,2,29.0,2023
4,22-29,0,15,,2023
4,22-29,5,2,37.0,2023
3,22-29,2,3,44.0,2023
9,50+,1,1,6830.0,2023
6,22-29,0,1,3129.0,2023
5,30-49,1,2,4126.0,2023
3,30-49,3,2,206.0,2023
8,30-49,2,5,3116.0,2023
5,50+,4,3,53.0,2023
7,22-29,0,1,42736.0,2023
6,22-29,0,13,136.0,2023
5,30-49,0,14,4971.0,2023
5,50+,2,5,5155.0,2023
2,50+,4,4,195.0,2023
5,22-29,0,15,967.0,2023
5,50+,2,4,333.0,2023
4,30-49,4,5,3187.0,2023
3,22-29,0,3,318.0,2023
4,50+,0,1,88640.0,2023
7,22-29,4,2,45.0,2023
9,30-49,3,5,2770.0,2023
7,22-29,3,5,1685.0,2023
1,30-49,1,1,10262.0,2023
3,30-49,1,4,2864.0,2023
6,22-29,-1,1,460.0,2023
2,50+,4,5,5377.0,2023
1,22-29,0,2,121.0,2023
8,50+,1,1,10527.0,2023
7,30-49,5,4,164.0,2023
8,22-29,3,2,68.0,2023
1,50+,0,3,94.0,2023
5,22-29,5,1,939.0,2023
2,30-49,0,14,8371.0,2023
5,22-29,1,2,4124.0,2023
3,22-29,0,5,1383.0,2023
3,22-29,4,2,31.0,2023
2,50+,5,1,9053.0,2023
4,22-29,-1,4,88.0,2023
6,30-49,1,5,320.0,2023
3,22-29,-1,4,145.0,2023
7,50+,-1,2,260.0,2023
8,22-29,5,4,26.0,2023
7,22-29,0,5,573.0,2023
8,50+,3,1,2802.0,2023
7,50+,0,13,5092.0,2023
8,22-29,3,5,1406.0,2023
5,30-49,5,3,70.0,2023
4,50+,5,4,70.0,2023
1,50+,0,4,115.0,2023
9,30-49,3,4,149.0,2023
9,50+,1,2,602.0,2023
9,30-49,0,15,698.0,2023
8,22-29,4,4,44.0,2023
6,22-29,4,1,98.0,2023
4,22-29,0,14,9.0,2023
9,30-49,1,2,1238.0,2023
5,22-29,5,5,4539.0,2023
1,22-29,5,1,50.0,2023
2,22-29,2,5,3055.0,2023
4,22-29,3,5,2809.0,2023
5,50+,1,5,2588.0,2023
1,22-29,0,4,21.0,2023
7,22-29,2,5,2549.0,2023
9,22-29,4,5,2673.0,2023
4,50+,3,5,1679.0,2023
6,22-29,5,1,81.0,2023
6,30-49,0,2,160.0,2023
8,22-29,0,12,121.0,2023
6,22-29,3,2,9.0,2023
1,30-49,2,4,337.0,2023
2,22-29,1,5,1740.0,2023
6,50+,2,3,43.0,2023
4,50+,2,1,4638.0,2023
6,50+,3,2,66.0,2023
2,50+,1,5,2634.0,2023
8,30-49,1,4,1332.0,2023
3,50+,3,1,6182.0,2023
5,22-29,4,1,1599.0,2023
7,30-49,4,1,3870.0,2023
8,50+,1,3,56.0,2023
7,22-29,-1,2,287.0,2023
2,30-49,5,1,8204.0,2023
1,22-29,3,1,105.0,2023
7,50+,1,4,688.0,2023
9,22-29,-1,3,25.0,2023
2,30-49,4,5,6842.0,2023
3,50+,0,4,264.0,2023
4,30-49,4,4,103.0,2023
5,30-49,2,4,876.0,2023
2,30-49,5,2,265.0,2023
9,30-49,4,2,90.0,2023
2,50+,2,3,106.0,2023
9,22-29,4,1,416.0,2023
2,22-29,4,3,7.0,2023
1,50+,4,5,2649.0,2023
9,22-29,-1,1,1715.0,2023
2,30-49,5,4,256.0,2023
7,22-29,1,4,1035.0,2023
2,22-29,-1,3,46.0,2023
6,30-49,4,4,15.0,2023
7,50+,2,2,258.0,2023
7,22-29,-1,3,25.0,2023
4,22-29,3,2,107.0,2023
5,50+,0,4,827.0,2023
9,22-29,-1,2,152.0,2023
5,22-29,3,1,2936.0,2023
5,50+,4,5,4372.0,2023
3,22-29,3,1,832.0,2023
3,50+,3,5,3611.0,2023
5,22-29,2,4,1054.0,2023
1,30-49,-1,4,145.0,2023
6,22-29,4,4,11.0,2023
7,22-29,2,2,176.0,2023
3,30-49,2,2,532.0,2023
8,50+,0,15,1115.0,2023
5,30-49,4,2,195.0,2023
2,50+,-1,3,115.0,2023
5,30-49,1,5,5802.0,2023
8,50+,5,2,103.0,2023
6,30-49,0,15,1213.0,2023
2,50+,5,4,214.0,2023
8,22-29,0,4,203.0,2023
1,30-49,4,4,125.0,2023
4,30-49,2,4,335.0,2023
3,22-29,0,1,55625.0,2023
2,22-29,1,2,1420.0,2023
7,22-29,3,3,8.0,2023
6,50+,4,4,9.0,2023
6,30-49,1,2,139.0,2023
4,50+,3,3,36.0,2023
7,50+,0,5,449.0,2023
6,50+,1,4,68.0,2023
8,30-49,5,2,68.0,2023
7,30-49,1,1,16398.0,2023
1,50+,0,1,103407.0,2023
9,30-49,0,2,1347.0,2023
9,30-49,3,1,2265.0,2023
8,30-49,2,3,44.0,2023
7,30-49,-1,2,493.0,2023
2,30-49,0,13,5198.0,2023
9,50+,-1,3,22.0,2023
3,22-29,5,3,8.0,2023
7,50+,0,14,8975.0,2023
4,50+,-1,4,71.0,2023
2,30-49,0,12,2931.0,2023
5,22-29,-1,4,170.0,2023
6,50+,5,3,204.0,2023
2,30-49,0,4,1264.0,2023
3,30-49,0,1,212966.0,2023
8,22-29,2,3,9.0,2023
1,50+,5,3,46.0,2023
9,50+,2,3,35.0,2023
6,30-49,3,4,21.0,2023
6,50+,2,5,340.0,2023
1,30-49,3,4,126.0,2023
9,30-49,-1,3,49.0,2023
8,30-49,-1,1,6010.0,2023
2,22-29,5,4,18.0,2023
7,30-49,1,2,1753.0,2023
4,50+,4,4,55.0,2023
2,22-29,1,1,5965.0,2023
6,50+,0,5,765.0,2023
6,22-29,0,5,165.0,2023
6,50+,4,5,273.0,2023
7,50+,0,12,590.0,2023
7,50+,3,5,2125.0,2023
5,30-49,3,3,92.0,2023
3,22-29,1,2,894.0,2023
8,22-29,-1,1,2528.0,2023
8,50+,4,5,1921.0,2023
8,22-29,0,13,190.0,2023
3,30-49,2,1,11771.0,2023
2,50+,4,1,6223.0,2023
2,30-49,1,3,175.0,2023
9,50+,0,1,62902.0,2023
4,22-29,5,5,1650.0,2023
9,22-29,4,2,57.0,2023
3,50+,5,5,3977.0,2023
2,30-49,3,5,7628.0,2023
2,30-49,3,4,353.0,2023
8,50+,2,3,24.0,2023
5,50+,1,2,2546.0,2023
4,30-49,3,3,33.0,2023
7,50+,2,1,8645.0,2023
2,50+,5,5,4922.0,2023
4,22-29,2,4,342.0,2023
3,30-49,0,2,2598.0,2023
2,30-49,5,3,62.0,2023
1,50+,1,2,1440.0,2023
6,22-29,0,14,182.0,2023
4,30-49,-1,4,155.0,2023
3,50+,3,2,181.0,2023
6,22-29,1,5,219.0,2023
3,22-29,4,3,8.0,2023
2,50+,0,5,1144.0,2023
1,22-29,4,2,,2023
8,30-49,4,2,59.0,2023
2,50+,0,15,261.0,2023
3,22-29,3,4,86.0,2023
9,22-29,2,3,24.0,2023
1,22-29,1,4,108.0,2023
5,50+,3,3,75.0,2023
1,22-29,-1,1,886.0,2023
6,22-29,0,2,120.0,2023
9,50+,0,2,661.0,2023
9,22-29,1,5,2045.0,2023
8,50+,0,12,124.0,2023
7,30-49,2,2,406.0,2023
1,22-29,3,2,12.0,2023
6,50+,0,4,46.0,2023
9,30-49,0,5,1770.0,2023
1,50+,3,4,136.0,2023
8,30-49,3,2,79.0,2023
4,22-29,4,5,2380.0,2023
2,30-49,-1,2,781.0,2023
6,30-49,5,3,60.0,2023
9,50+,3,5,1671.0,2023
3,50+,2,4,241.0,2023
4,30-49,2,5,4546.0,2023
6,22-29,-1,3,,2023
9,22-29,0,15,124.0,2023
6,50+,0,12,73.0,2023
1,22-29,-1,3,7.0,2023
9,30-49,-1,4,123.0,2023
7,30-49,4,4,165.0,2023
1,22-29,5,2,,2023
3,22-29,2,4,254.0,2023
7,22-29,0,15,241.0,2023
7,50+,1,1,13027.0,2023
4,50+,0,3,329.0,2023
9,30-49,5,3,16.0,2023
9,22-29,5,1,264.0,2023
5,22-29,1,5,6428.0,2023
6,22-29,3,1,176.0,2023
3,30-49,3,3,58.0,2023
6,50+,0,13,1328.0,2023
6,50+,3,5,313.0,2023
1,22-29,4,1,48.0,2023
8,50+,3,2,115.0,2023
9,50+,4,4,35.0,2023
8,22-29,-1,2,145.0,2023
4,30-49,1,1,10151.0,2023
7,30-49,4,3,18.0,2023
6,30-49,2,2,43.0,2023
2,50+,4,2,261.0,2023
1,30-49,0,2,1052.0,2023
7,22-29,5,2,39.0,2023
5,50+,2,2,400.0,2023
4,30-49,0,1,113308.0,2023
1,30-49,4,1,2230.0,2023
5,22-29,3,3,47.0,2023
9,50+,4,5,1689.0,2023
1,30-49,5,2,97.0,2023
2,50+,1,4,1909.0,2023
7,30-49,2,1,10820.0,2023
6,50+,-1,2,24.0,2023
4,22-29,-1,1,2704.0,2023
9,50+,5,3,18.0,2023
3,50+,4,2,165.0,2023
7,30-49,0,3,130.0,2023
3,30-49,1,2,2415.0,2023
5,30-49,1,4,4372.0,2023
3,50+,1,4,1062.0,2023
6,30-49,4,5,351.0,2023
4,50+,5,5,1754.0,2023
5,30-49,4,1,3714.0,2023
5,22-29,4,2,196.0,2023
8,22-29,3,4,79.0,2023
8,50+,-1,4,95.0,2023
1,30-49,-1,3,76.0,2023
6,50+,-1,1,768.0,2023
6,30-49,-1,3,11.0,2023
9,22-29,0,5,1822.0,2023
7,50+,5,4,106.0,2023
5,22-29,1,4,4602.0,2023
5,30-49,-1,4,228.0,2023
4,22-29,5,4,37.0,2023
3,50+,4,1,4623.0,2023
5,22-29,0,1,151912.0,2023
8,50+,0,5,526.0,2023
8,30-49,0,12,225.0,2023
2,22-29,3,4,56.0,2023
3,30-49,0,4,713.0,2023
1,22-29,2,3,,2023
2,22-29,5,1,239.0,2023
3,50+,2,5,4140.0,2023
9,50+,3,4,56.0,2023
1,30-49,3,1,3560.0,2023
9,30-49,1,5,2378.0,2023
3,30-49,4,3,43.0,2023
9,22-29,3,2,64.0,2023
9,30-49,2,5,3570.0,2023
1,30-49,2,2,299.0,2023
7,50+,5,5,2459.0,2023
8,30-49,0,5,1214.0,2023
8,50+,5,4,59.0,2023
1,50+,3,3,25.0,2023
2,22-29,4,4,42.0,2023
5,30-49,0,5,2583.0,2023
1,30-49,1,2,1366.0,2023
8,50+,2,1,5012.0,2023
1,50+,3,5,2500.0,2023
5,50+,2,1,8003.0,2023
3,30-49,4,5,4850.0,2023
6,50+,0,15,8285.0,2023
9,30-49,2,3,53.0,2023
4,50+,2,5,2145.0,2023
6,30-49,-1,4,22.0,2023
2,50+,2,1,11247.0,2023
1,30-49,0,3,106.0,2023
4,50+,1,5,1043.0,2023
7,22-29,2,4,230.0,2023
1,30-49,4,3,26.0,2023
2,22-29,0,14,693.0,2023
2,22-29,3,5,1619.0,2023
7,30-49,3,3,16.0,2023
8,22-29,-1,3,17.0,2023
9,30-49,0,1,70806.0,2023
9,50+,1,4,542.0,2023
9,50+,3,1,2234.0,2023
3,50+,-1,3,71.0,2023
5,22-29,-1,3,63.0,2023
4,50+,4,3,30.0,2023
1,22-29,1,1,695.0,2023
4,22-29,5,1,385.0,2023
8,30-49,0,15,1610.0,2023
5,30-49,0,3,2931.0,2023
7,30-49,4,5,3939.0,2023
2,30-49,-1,1,21892.0,2023
8,30-49,5,1,2117.0,2023
3,30-49,2,4,650.0,2023
1,30-49,0,5,285.0,2023
6,22-29,3,4,8.0,2023
1,50+,1,1,10873.0,2023
9,30-49,4,1,1416.0,2023
9,50+,0,4,253.0,2023
1,22-29,2,1,282.0,2023
7,30-49,3,5,3665.0,2023
7,30-49,4,2,163.0,2023
2,30-49,0,5,2490.0,2023
7,30-49,0,12,1446.0,2023
5,30-49,2,2,665.0,2023
2,22-29,0,4,361.0,2023
8,50+,-1,3,27.0,2023
8,30-49,1,5,2020.0,2023
8,30-49,0,13,1125.0,2023
7,50+,-1,4,119.0,2023
2,50+,0,14,8427.0,2023
6,30-49,3,5,367.0,2023
4,22-29,3,4,133.0,2023
4,50+,4,5,1859.0,2023
2,22-29,3,3,13.0,2023
3,30-49,0,3,712.0,2023
1,50+,5,4,132.0,2023
5,30-49,0,2,4314.0,2023
1,30-49,1,5,1283.0,2023
6,22-29,-1,2,17.0,2023
7,30-49,1,3,49.0,2023
2,50+,0,4,480.0,2023
8,22-29,1,1,4745.0,2023
7,22-29,4,1,761.0,2023
9,50+,0,12,,2023
5,22-29,2,1,6017.0,2023
3,50+,1,5,1654.0,2023
4,22-29,-1,3,27.0,2023
3,22-29,5,2,23.0,2023
4,50+,2,2,157.0,2023
6,50+,5,2,69.0,2023
2,22-29,0,2,1415.0,2023
4,50+,1,2,829.0,2023
6,22-29,2,4,22.0,2023
6,30-49,0,1,12407.0,2023
1,30-49,2,5,2940.0,2023
4,50+,4,2,65.0,2023
1,50+,5,2,230.0,2023
5,22-29,-1,2,458.0,2023
3,50+,5,4,153.0,2023
7,30-49,3,2,212.0,2023
3,22-29,1,1,4464.0,2023
3,22-29,2,1,2001.0,2023
5,30-49,1,1,25437.0,2023
6,50+,1,3,110.0,2023
7,50+,4,1,4299.0,2023
4,50+,3,4,104.0,2023
4,30-49,5,4,96.0,2023
7,30-49,-1,4,296.0,2023
7,22-29,3,1,1820.0,2023
2,22-29,-1,1,6094.0,2023
7,50+,0,1,73543.0,2023
4,50+,1,3,56.0,2023
5,30-49,-1,1,9811.0,2023
2,30-49,0,3,1295.0,2023
9,30-49,1,1,8677.0,2023
4,30-49,-1,2,271.0,2023
6,50+,4,2,26.0,2023
8,50+,4,4,59.0,2023
8,50+,0,1,83940.0,2023
4,30-49,4,1,1670.0,2023
3,30-49,1,5,3397.0,2023
1,30-49,3,2,130.0,2023
3,30-49,0,13,1697.0,2023
2,50+,5,2,295.0,2023
4,50+,2,3,37.0,2023
2,22-29,0,12,166.0,2023
4,50+,0,5,1140.0,2023
1,50+,2,5,2832.0,2023
6,50+,3,4,34.0,2023
5,30-49,0,13,2672.0,2023
2,50+,3,1,6200.0,2023
1,30-49,1,4,1254.0,2023
5,50+,-1,3,75.0,2023
8,30-49,4,5,2109.0,2023
5,22-29,5,4,123.0,2023
1,30-49,4,5,1739.0,2023
8,50+,1,4,694.0,2023
5,50+,5,3,61.0,2023
4,22-29,-1,2,194.0,2023
1,22-29,5,4,,2023
4,30-49,5,5,2757.0,2023
8,30-49,0,4,405.0,2023
2,22-29,0,5,819.0,2023
2,50+,-1,2,349.0,2023
6,22-29,-1,4,10.0,2023
5,50+,5,5,3657.0,2023
8,22-29,4,1,421.0,2023
4,50+,-1,1,4484.0,2023
6,22-29,5,3,,2023
9,22-29,5,2,25.0,2023
1,22-29,3,4,5.0,2023
1,50+,4,2,166.0,2023
2,30-49,1,5,5573.0,2023
7,22-29,0,14,547.0,2023
8,30-49,1,3,70.0,2023
5,30-49,2,5,10336.0,2023
8,50+,5,1,2717.0,2023
2,30-49,3,3,61.0,2023
4,50+,5,1,4157.0,2023
2,22-29,2,4,221.0,2023
7,30-49,0,13,3141.0,2023
2,30-49,2,3,141.0,2023
5,30-49,3,5,7091.0,2023
3,50+,1,2,1589.0,2023
8,22-29,2,4,199.0,2023
8,30-49,4,4,87.0,2023
9,22-29,3,4,76.0,2023
8,50+,5,5,1579.0,2023
6,50+,0,3,1355.0,2023
4,22-29,4,1,493.0,2023
7,50+,5,2,147.0,2023
1,22-29,5,5,44.0,2023
5,50+,5,4,105.0,2023
6,50+,3,1,951.0,2023
7,22-29,0,12,408.0,2023
4,22-29,2,1,2346.0,2023
8,30-49,2,4,296.0,2023
2,30-49,4,2,208.0,2023
8,22-29,2,5,2290.0,2023
6,50+,5,5,426.0,2023
1,50+,5,5,2853.0,2023
8,50+,3,4,78.0,2023
6,22-29,3,5,222.0,2023
5,50+,0,1,259645.0,2023
2,30-49,-1,4,471.0,2023
6,30-49,2,4,40.0,2023
1,22-29,2,4,23.0,2023
3,22-29,5,5,810.0,2023
7,22-29,5,1,1136.0,2023
1,30-49,2,3,58.0,2023
1,30-49,4,2,80.0,2023
3,50+,0,1,148160.0,2023
9,22-29,3,5,2201.0,2023
1,30-49,3,3,27.0,2023
7,22-29,3,4,104.0,2023
6,30-49,2,5,494.0,2023
7,22-29,1,1,5970.0,2023
1,50+,3,2,195.0,2023
6,22-29,0,12,18.0,2023
5,50+,-1,2,185.0,2023
5,50+,1,4,1797.0,2023
2,50+,0,1,349976.0,2023
4,50+,2,4,128.0,2023
1,50+,2,2,354.0,2023
4,30-49,-1,3,96.0,2023
9,50+,4,3,30.0,2023
2,22-29,3,2,57.0,2023
6,30-49,5,4,19.0,2023
3,30-49,1,3,160.0,2023
3,22-29,1,4,1200.0,2023
3,30-49,4,4,238.0,2023
6,50+,1,5,278.0,2023
3,22-29,0,14,625.0,2023
3,50+,4,3,39.0,2023
3,22-29,4,1,357.0,2023
8,30-49,3,3,14.0,2023
9,50+,2,5,1736.0,2023
3,50+,5,2,253.0,2023
4,30-49,5,2,87.0,2023
1,50+,-1,4,107.0,2023
1,30-49,5,5,1627.0,2023
5,22-29,5,2,97.0,2023
9,30-49,2,2,236.0,2023
4,30-49,2,1,5420.0,2023
8,22-29,1,4,841.0,2023
1,30-49,-1,1,9964.0,2023
3,50+,-1,2,327.0,2023
3,30-49,3,1,6569.0,2023
2,30-49,3,2,268.0,2023
8,22-29,0,14,429.0,2023
2,30-49,0,15,461.0,2023
5,22-29,0,14,809.0,2023
6,22-29,1,1,605.0,2023
3,30-49,0,14,5064.0,2023
3,50+,1,3,75.0,2023
7,50+,0,3,69.0,2023
2,30-49,2,2,694.0,2023
1,22-29,-1,2,22.0,2023
8,30-49,3,4,100.0,2023
9,30-49,4,3,29.0,2023
1,50+,-1,3,58.0,2023
2,50+,3,4,163.0,2023
7,22-29,0,13,329.0,2023
9,22-29,4,4,61.0,2023
8,30-49,0,3,424.0,2023
5,50+,3,4,172.0,2023
4,50+,0,2,824.0,2023
9,30-49,5,2,48.0,2023
3,22-29,-1,3,49.0,2023
7,50+,5,3,20.0,2023
1,50+,2,3,54.0,2023
7,22-29,-1,1,6606.0,2023
3,50+,3,4,142.0,2023
9,22-29,5,3,9.0,2023
9,50+,4,2,41.0,2023
7,30-49,1,5,3028.0,2023
6,30-49,1,1,1627.0,2023
7,22-29,2,1,3185.0,2023
4,50+,0,13,40.0,2023
8,50+,-1,2,165.0,2023
7,22-29,0,2,866.0,2023
7,30-49,-1,1,16637.0,2023
2,22-29,1,4,1615.0,2023
5,30-49,4,3,77.0,2023
7,22-29,2,3,8.0,2023
9,22-29,1,1,3951.0,2023
2,22-29,1,3,66.0,2023
5,50+,3,1,6515.0,2023
2,22-29,2,3,25.0,2023
4,22-29,3,3,12.0,2023
6,50+,0,1,19664.0,2023
5,22-29,3,5,8156.0,2023
9,22-29,0,3,451.0,2023
4,50+,0,12,7.0,2023
9,22-29,2,2,151.0,2023
9,22-29,1,2,842.0,2023
2,30-49,4,3,70.0,2023
5,30-49,5,5,5849.0,2023
4,50+,0,14,350.0,2023
7,50+,2,3,29.0,2023
8,50+,1,5,1200.0,2023
7,22-29,0,3,44.0,2023
8,22-29,2,2,160.0,2023
8,30-49,0,1,95846.0,2023
2,22-29,4,2,40.0,2023
7,30-49,2,3,37.0,2023
2,50+,2,5,6741.0,2023
1,50+,3,1,4854.0,2023
3,50+,0,12,413.0,2023
5,22-29,0,12,191.0,2023
4,22-29,4,4,71.0,2023
6,30-49,3,3,24.0,2023
5,22-29,5,3,24.0,2023
9,30-49,4,5,3121.0,2023
4,30-49,0,14,130.0,2023
2,50+,4,3,88.0,2023
8,22-29,3,3,,2023
6,22-29,1,4,82.0,2023
5,30-49,0,4,1372.0,2023
5,22-29,1,3,306.0,2023
9,50+,0,5,682.0,2023
9,30-49,-1,2,283.0,2023
1,30-49,5,3,31.0,2023
6,30-49,1,3,74.0,2023
5,30-49,3,2,294.0,2023
1,30-49,0,4,162.0,2023
1,50+,4,3,44.0,2023
8,22-29,-1,4,73.0,2023
7,30-49,-1,3,49.0,2023
9,50+,5,5,1332.0,2023
7,30-49,1,4,1809.0,2023
5,50+,5,1,4785.0,2023
7,30-49,0,2,1508.0,2023
7,30-49,2,5,5108.0,2023
6,50+,5,1,1766.0,2023
8,22-29,2,1,1668.0,2023
9,22-29,4,3,13.0,2023
2,50+,1,3,143.0,2023
5,30-49,3,1,6060.0,2023
6,30-49,-1,2,48.0,2023
3,22-29,0,4,365.0,2023
8,30-49,2,1,4422.0,2023
3,30-49,5,4,239.0,2023
4,22-29,1,4,1841.0,2023
2,50+,1,2,3227.0,2023
7,30-49,3,4,227.0,2023
1,30-49,3,5,1915.0,2023
2,50+,2,2,577.0,2023
9,50+,-1,2,88.0,2023
1,22-29,4,3,,2023
9,50+,5,1,1495.0,2023
6,50+,3,3,69.0,2023
5,22-29,4,5,6946.0,2023
8,30-49,3,5,2061.0,2023
4,50+,0,4,628.0,2023
8,50+,4,2,97.0,2023
8,22-29,3,1,775.0,2023
9,50+,-1,1,2457.0,2023
6,50+,0,14,2370.0,2023
9,50+,2,4,117.0,2023
6,30-49,0,14,1279.0,2023
4,50+,1,4,649.0,2023
9,30-49,2,4,285.0,2023
6,30-49,5,2,27.0,2023
6,22-29,3,3,,2023
4,30-49,3,2,109.0,2023
1,30-49,2,1,6820.0,2023
5,30-49,0,15,3015.0,2023
5,50+,5,2,167.0,2023
6,30-49,4,1,425.0,2023
5,22-29,0,4,1070.0,2023
9,30-49,1,3,108.0,2023
3,50+,2,1,9599.0,2023
7,30-49,5,1,6757.0,2023
5,30-49,5,2,167.0,2023
6,30-49,5,1,616.0,2023
7,50+,2,5,2540.0,2023
4,30-49,1,4,1837.0,2023
7,50+,3,4,117.0,2023
9,50+,4,1,1400.0,2023
2,22-29,2,2,165.0,2023
9,22-29,5,5,1575.0,2023
6,50+,-1,4,17.0,2023
8,22-29,5,1,437.0,2023
2,30-49,3,1,7190.0,2023
9,22-29,0,2,901.0,2023
8,30-49,5,4,61.0,2023
3,50+,4,5,3933.0,2023
9,50+,0,3,521.0,2023
9,30-49,5,5,2431.0,2023
4,22-29,0,4,412.0,2023
6,30-49,4,2,13.0,2023
3,30-49,3,5,4881.0,2023
5,30-49,4,5,7539.0,2023
2,50+,1,1,22541.0,2023
7,50+,0,15,1985.0,2023
5,50+,0,12,162.0,2023
2,22-29,0,3,357.0,2023
7,50+,3,3,15.0,2023
7,30-49,0,5,946.0,2023
3,22-29,4,5,1247.0,2023
2,50+,0,3,923.0,2023
4,30-49,0,5,1057.0,2023
7,50+,3,1,5603.0,2023
4,50+,4,1,2236.0,2023
2,50+,2,4,445.0,2023
8,50+,4,1,2027.0,2023
3,30-49,0,15,518.0,2023
5,22-29,-1,1,5021.0,2023
5,50+,4,2,146.0,2023
9,30-49,0,14,1126.0,2023
4,30-49,3,5,2990.0,2023
1,22-29,0,1,5765.0,2023
6,30-49,3,2,39.0,2023
2,30-49,2,5,12843.0,2023
5,30-49,2,3,190.0,2023
1,50+,2,4,234.0,2023
5,22-29,1,1,18048.0,2023
9,50+,2,2,137.0,2023
4,30-49,5,3,38.0,2023
2,30-49,0,2,4986.0,2023
5,50+,2,3,116.0,2023
8,50+,1,2,986.0,2023
9,50+,5,2,33.0,2023
1,22-29,0,3,10.0,2023
1,50+,0,5,252.0,2023
3,30-49,2,5,7495.0,2023
9,30-49,0,4,640.0,2023
4,50+,0,15,216.0,2023
4,30-49,2,3,61.0,2023
1,22-29,5,3,,2023
2,22-29,0,13,859.0,2023
9,50+,0,14,1367.0,2023
7,50+,4,2,134.0,2023
7,30-49,3,1,6364.0,2023
7,22-29,1,3,17.0,2023
4,22-29,1,1,6412.0,2023
9,30-49,0,3,868.0,2023
9,22-29,3,3,15.0,2023
3,30-49,-1,1,17673.0,2023
4,22-29,1,2,1531.0,2023
6,50+,1,1,1975.0,2023
4,50+,3,2,104.0,2023
2,30-49,2,4,1053.0,2023
5,22-29,4,4,255.0,2023
5,50+,-1,4,111.0,2023
3,50+,5,3,49.0,2023
9,50+,1,3,71.0,2023
1,30-49,1,3,49.0,2023
6,50+,4,3,6.0,2023
3,50+,0,15,290.0,2023
6,50+,1,2,122.0,2023
7,50+,5,1,7207.0,2023
5,50+,4,1,3700.0,2023
8,22-29,0,1,39638.0,2023
5,30-49,0,12,343.0,2023
7,30-49,0,15,1914.0,2023
6,22-29,5,4,,2023
2,50+,5,3,104.0,2023
9,50+,0,13,40.0,2023
6,22-29,2,2,25.0,2023
1,22-29,2,2,11.0,2023
3,30-49,-1,2,626.0,2023
8,50+,5,3,17.0,2023
4,50+,3,1,3374.0,2023
2,30-49,5,5,5726.0,2023
8,30-49,2,2,218.0,2023
1,50+,5,1,7035.0,2023
1,30-49,-1,2,233.0,2023
3,22-29,0,12,18.0,2023
3,22-29,-1,2,316.0,2023
3,30-49,0,5,1817.0,2023
8,30-49,0,2,1350.0,2023
3,22-29,0,13,152.0,2023
3,22-29,5,1,421.0,2023
5,30-49,1,3,383.0,2023
9,22-29,5,4,37.0,2023
6,50+,2,2,49.0,2023
3,50+,3,3,35.0,2023
2,30-49,0,1,550283.0,2023
3,30-49,-1,4,408.0,2023
8,50+,0,4,204.0,2023
1,50+,1,3,39.0,2023
4,22-29,0,1,49121.0,2023
9,22-29,-1,4,47.0,2023
3,30-49,4,2,148.0,2023
7,22-29,4,4,70.0,2023
5,50+,3,2,226.0,2023
3,22-29,1,3,53.0,2023
6,22-29,2,1,290.0,2023
5,50+,0,15,1452.0,2023
6,30-49,0,3,792.0,2023
8,30-49,4,3,9.0,2023
6,22-29,0,3,113.0,2023
3,50+,0,5,873.0,2023
7,50+,1,5,1314.0,2023
2,30-49,1,2,4766.0,2023
6,30-49,3,1,755.0,2023
3,30-49,0,12,496.0,2023
3,30-49,5,1,7299.0,2023
6,30-49,2,3,28.0,2023
7,22-29,0,4,220.0,2023
5,50+,1,3,210.0,2023
9,30-49,5,4,63.0,2023
3,50+,-1,4,138.0,2023
7,30-49,5,2,159.0,2023
1,22-29,-1,4,25.0,2023
8,30-49,1,2,1407.0,2023
6,30-49,0,13,754.0,2023
8,50+,3,3,15.0,2023
4,30-49,-1,1,6278.0,2023
7,50+,0,2,667.0,2023
8,22-29,4,3,5.0,2023
2,22-29,4,5,1225.0,2023
6,22-29,5,5,136.0,2023
8,22-29,1,2,1024.0,2023
8,22-29,5,2,22.0,2023
6,50+,0,2,381.0,2023
1,50+,-1,2,193.0,2023
