ssyk4,year_month,n_ads
0110,2020-01,42
0110,2020-02,45
0110,2020-03,54
0110,2020-04,44
0110,2020-05,28
0110,2020-06,29
0110,2020-07,4
0110,2020-08,8
0110,2020-09,24
0110,2020-10,28
0110,2020-11,24
0110,2020-12,48
0110,2021-01,24
0110,2021-02,35
0110,2021-03,37
0110,2021-04,29
0110,2021-05,26
0110,2021-06,46
0110,2021-07,52
0110,2021-08,20
0110,2021-09,31
0110,2021-10,47
0110,2021-11,22
0110,2021-12,60
0110,2022-01,33
0110,2022-02,22
0110,2022-03,48
0110,2022-04,44
0110,2022-05,34
0110,2022-06,33
0110,2022-07,12
0110,2022-08,30
0110,2022-09,33
0110,2022-10,42
0110,2022-11,20
0110,2022-12,41
0110,2023-01,26
0110,2023-02,35
0110,2023-03,58
0110,2023-04,39
0110,2023-05,49
0110,2023-06,55
0110,2023-07,22
0110,2023-08,19
0110,2023-09,37
0110,2023-10,47
0110,2023-11,31
0110,2023-12,62
0110,2024-01,20
0110,2024-02,31
0110,2024-03,42
0110,2024-04,37
0110,2024-05,37
0110,2024-06,35
0110,2024-07,23
0110,2024-08,21
0110,2024-09,38
0110,2024-10,53
0110,2024-11,59
0110,2024-12,71
0110,2025-01,42
0110,2025-02,38
0110,2025-03,55
0110,2025-04,42
0110,2025-05,37
0110,2025-06,41
0110,2025-07,20
0110,2025-08,18
0110,2025-09,38
0110,2025-10,35
0110,2025-11,49
0110,2025-12,79
0210,2020-01,16
0210,2020-02,11
0210,2020-03,22
0210,2020-04,11
0210,2020-05,16
0210,2020-06,19
0210,2020-07,11
0210,2020-08,3
0210,2020-09,16
0210,2020-10,15
0210,2020-11,12
0210,2020-12,19
0210,2021-01,7
0210,2021-02,17
0210,2021-03,22
0210,2021-04,8
0210,2021-05,15
0210,2021-06,17
0210,2021-07,23
0210,2021-08,14
0210,2021-09,11
0210,2021-10,14
0210,2021-11,21
0210,2021-12,32
0210,2022-01,14
0210,2022-02,12
0210,2022-03,34
0210,2022-04,26
0210,2022-05,29
0210,2022-06,30
0210,2022-07,23
0210,2022-08,20
0210,2022-09,33
0210,2022-10,41
0210,2022-11,20
0210,2022-12,39
0210,2023-01,22
0210,2023-02,23
0210,2023-03,35
0210,2023-04,22
0210,2023-05,42
0210,2023-06,28
0210,2023-07,13
0210,2023-08,22
0210,2023-09,29
0210,2023-10,34
0210,2023-11,31
0210,2023-12,38
0210,2024-01,11
0210,2024-02,23
0210,2024-03,51
0210,2024-04,27
0210,2024-05,25
0210,2024-06,22
0210,2024-07,3
0210,2024-08,18
0210,2024-09,43
0210,2024-10,38
0210,2024-11,28
0210,2024-12,53
0210,2025-01,47
0210,2025-02,30
0210,2025-03,53
0210,2025-04,31
0210,2025-05,25
0210,2025-06,33
0210,2025-07,12
0210,2025-08,21
0210,2025-09,47
0210,2025-10,39
0210,2025-11,31
0210,2025-12,44
0310,2020-01,20
0310,2020-02,20
0310,2020-03,31
0310,2020-04,14
0310,2020-05,5
0310,2020-06,7
0310,2020-07,4
0310,2020-08,4
0310,2020-09,3
0310,2020-10,14
0310,2020-11,8
0310,2020-12,11
0310,2021-01,3
0310,2021-02,11
0310,2021-03,23
0310,2021-04,26
0310,2021-05,16
0310,2021-06,16
0310,2021-07,5
0310,2021-08,3
0310,2021-09,12
0310,2021-10,12
0310,2021-11,5
0310,2021-12,25
0310,2022-01,8
0310,2022-02,25
0310,2022-03,33
0310,2022-04,22
0310,2022-05,22
0310,2022-06,36
0310,2022-07,7
0310,2022-08,22
0310,2022-09,33
0310,2022-10,19
0310,2022-11,34
0310,2022-12,34
0310,2023-01,22
0310,2023-02,47
0310,2023-03,42
0310,2023-04,23
0310,2023-05,38
0310,2023-06,22
0310,2023-07,13
0310,2023-08,20
0310,2023-09,24
0310,2023-10,30
0310,2023-11,21
0310,2023-12,39
0310,2024-01,16
0310,2024-02,31
0310,2024-03,30
0310,2024-04,32
0310,2024-05,40
0310,2024-06,23
0310,2024-07,9
0310,2024-08,6
0310,2024-09,23
0310,2024-10,21
0310,2024-11,25
0310,2024-12,37
0310,2025-01,19
0310,2025-02,47
0310,2025-03,53
0310,2025-04,65
0310,2025-05,40
0310,2025-06,30
0310,2025-07,9
0310,2025-08,18
0310,2025-09,41
0310,2025-10,32
0310,2025-11,34
0310,2025-12,44
1111,2020-03,1
1111,2021-02,1
1111,2021-05,1
1111,2021-07,1
1111,2021-11,1
1111,2021-12,2
1111,2022-01,1
1111,2022-04,1
1111,2022-05,2
1111,2022-06,2
1111,2022-07,2
1111,2022-08,5
1111,2022-09,11
1111,2022-10,1
1111,2022-11,1
1111,2023-01,2
1111,2023-02,2
1111,2023-04,2
1111,2023-05,1
1111,2023-11,2
1111,2024-01,1
1111,2024-07,1
1111,2024-09,1
1111,2025-01,1
1111,2025-09,1
1111,2025-12,2
1112,2020-01,7
1112,2020-02,20
1112,2020-03,10
1112,2020-04,7
1112,2020-05,6
1112,2020-06,5
1112,2020-07,1
1112,2020-08,9
1112,2020-09,7
1112,2020-10,8
1112,2020-11,8
1112,2020-12,10
1112,2021-01,2
1112,2021-02,5
1112,2021-03,13
1112,2021-04,10
1112,2021-05,11
1112,2021-06,4
1112,2021-07,1
1112,2021-08,7
1112,2021-09,11
1112,2021-10,8
1112,2021-11,5
1112,2021-12,6
1112,2022-01,4
1112,2022-02,9
1112,2022-03,15
1112,2022-04,19
1112,2022-05,41
1112,2022-06,6
1112,2022-07,7
1112,2022-08,11
1112,2022-09,18
1112,2022-10,14
1112,2022-11,12
1112,2022-12,17
1112,2023-01,8
1112,2023-02,13
1112,2023-03,18
1112,2023-04,14
1112,2023-05,20
1112,2023-06,9
1112,2023-07,6
1112,2023-08,8
1112,2023-09,19
1112,2023-10,13
1112,2023-11,15
1112,2023-12,7
1112,2024-01,6
1112,2024-02,21
1112,2024-03,17
1112,2024-04,5
1112,2024-05,25
1112,2024-06,14
1112,2024-07,5
1112,2024-08,10
1112,2024-09,16
1112,2024-10,9
1112,2024-11,15
1112,2024-12,14
1112,2025-01,9
1112,2025-02,20
1112,2025-03,9
1112,2025-04,12
1112,2025-05,10
1112,2025-06,12
1112,2025-07,7
1112,2025-08,4
1112,2025-09,15
1112,2025-10,13
1112,2025-11,7
1112,2025-12,14
1113,2020-01,26
1113,2020-02,39
1113,2020-03,24
1113,2020-04,32
1113,2020-05,18
1113,2020-06,14
1113,2020-07,15
1113,2020-08,21
1113,2020-09,30
1113,2020-10,23
1113,2020-11,18
1113,2020-12,15
1113,2021-01,25
1113,2021-02,29
1113,2021-03,34
1113,2021-04,16
1113,2021-05,20
1113,2021-06,22
1113,2021-07,14
1113,2021-08,18
1113,2021-09,20
1113,2021-10,28
1113,2021-11,19
1113,2021-12,26
1113,2022-01,22
1113,2022-02,32
1113,2022-03,34
1113,2022-04,17
1113,2022-05,23
1113,2022-06,26
1113,2022-07,12
1113,2022-08,19
1113,2022-09,16
1113,2022-10,30
1113,2022-11,27
1113,2022-12,30
1113,2023-01,22
1113,2023-02,19
1113,2023-03,25
1113,2023-04,29
1113,2023-05,19
1113,2023-06,23
1113,2023-07,19
1113,2023-08,16
1113,2023-09,16
1113,2023-10,17
1113,2023-11,17
1113,2023-12,15
1113,2024-01,19
1113,2024-02,26
1113,2024-03,27
1113,2024-04,24
1113,2024-05,22
1113,2024-06,21
1113,2024-07,18
1113,2024-08,17
1113,2024-09,21
1113,2024-10,49
1113,2024-11,38
1113,2024-12,34
1113,2025-01,36
1113,2025-02,27
1113,2025-03,28
1113,2025-04,25
1113,2025-05,23
1113,2025-06,23
1113,2025-07,14
1113,2025-08,30
1113,2025-09,28
1113,2025-10,35
1113,2025-11,23
1113,2025-12,22
1120,2020-01,79
1120,2020-02,65
1120,2020-03,89
1120,2020-04,76
1120,2020-05,67
1120,2020-06,44
1120,2020-07,48
1120,2020-08,50
1120,2020-09,76
1120,2020-10,64
1120,2020-11,67
1120,2020-12,74
1120,2021-01,69
1120,2021-02,87
1120,2021-03,92
1120,2021-04,119
1120,2021-05,87
1120,2021-06,87
1120,2021-07,66
1120,2021-08,83
1120,2021-09,126
1120,2021-10,114
1120,2021-11,105
1120,2021-12,131
1120,2022-01,94
1120,2022-02,117
1120,2022-03,124
1120,2022-04,112
1120,2022-05,100
1120,2022-06,125
1120,2022-07,84
1120,2022-08,101
1120,2022-09,112
1120,2022-10,95
1120,2022-11,97
1120,2022-12,96
1120,2023-01,103
1120,2023-02,82
1120,2023-03,113
1120,2023-04,93
1120,2023-05,91
1120,2023-06,76
1120,2023-07,74
1120,2023-08,69
1120,2023-09,89
1120,2023-10,79
1120,2023-11,103
1120,2023-12,102
1120,2024-01,81
1120,2024-02,98
1120,2024-03,99
1120,2024-04,112
1120,2024-05,147
1120,2024-06,113
1120,2024-07,76
1120,2024-08,67
1120,2024-09,98
1120,2024-10,104
1120,2024-11,104
1120,2024-12,93
1120,2025-01,103
1120,2025-02,104
1120,2025-03,101
1120,2025-04,90
1120,2025-05,82
1120,2025-06,113
1120,2025-07,61
1120,2025-08,61
1120,2025-09,92
1120,2025-10,92
1120,2025-11,76
1120,2025-12,84
1210,2020-01,156
1210,2020-02,172
1210,2020-03,163
1210,2020-04,111
1210,2020-05,96
1210,2020-06,85
1210,2020-07,64
1210,2020-08,84
1210,2020-09,120
1210,2020-10,129
1210,2020-11,99
1210,2020-12,132
1210,2021-01,85
1210,2021-02,140
1210,2021-03,163
1210,2021-04,125
1210,2021-05,145
1210,2021-06,135
1210,2021-07,117
1210,2021-08,122
1210,2021-09,162
1210,2021-10,175
1210,2021-11,191
1210,2021-12,205
1210,2022-01,203
1210,2022-02,191
1210,2022-03,217
1210,2022-04,167
1210,2022-05,187
1210,2022-06,170
1210,2022-07,120
1210,2022-08,161
1210,2022-09,180
1210,2022-10,176
1210,2022-11,220
1210,2022-12,160
1210,2023-01,172
1210,2023-02,161
1210,2023-03,163
1210,2023-04,146
1210,2023-05,203
1210,2023-06,124
1210,2023-07,97
1210,2023-08,124
1210,2023-09,150
1210,2023-10,143
1210,2023-11,138
1210,2023-12,160
1210,2024-01,120
1210,2024-02,159
1210,2024-03,151
1210,2024-04,151
1210,2024-05,161
1210,2024-06,110
1210,2024-07,102
1210,2024-08,121
1210,2024-09,140
1210,2024-10,164
1210,2024-11,157
1210,2024-12,116
1210,2025-01,117
1210,2025-02,115
1210,2025-03,142
1210,2025-04,125
1210,2025-05,115
1210,2025-06,93
1210,2025-07,80
1210,2025-08,102
1210,2025-09,87
1210,2025-10,136
1210,2025-11,85
1210,2025-12,94
1220,2020-01,44
1220,2020-02,60
1220,2020-03,35
1220,2020-04,35
1220,2020-05,28
1220,2020-06,32
1220,2020-07,22
1220,2020-08,23
1220,2020-09,42
1220,2020-10,53
1220,2020-11,44
1220,2020-12,57
1220,2021-01,29
1220,2021-02,66
1220,2021-03,64
1220,2021-04,78
1220,2021-05,66
1220,2021-06,69
1220,2021-07,49
1220,2021-08,57
1220,2021-09,116
1220,2021-10,82
1220,2021-11,94
1220,2021-12,89
1220,2022-01,66
1220,2022-02,115
1220,2022-03,127
1220,2022-04,95
1220,2022-05,90
1220,2022-06,74
1220,2022-07,61
1220,2022-08,83
1220,2022-09,83
1220,2022-10,75
1220,2022-11,88
1220,2022-12,82
1220,2023-01,116
1220,2023-02,95
1220,2023-03,118
1220,2023-04,68
1220,2023-05,82
1220,2023-06,82
1220,2023-07,42
1220,2023-08,44
1220,2023-09,68
1220,2023-10,70
1220,2023-11,51
1220,2023-12,57
1220,2024-01,56
1220,2024-02,70
1220,2024-03,42
1220,2024-04,54
1220,2024-05,39
1220,2024-06,29
1220,2024-07,48
1220,2024-08,51
1220,2024-09,66
1220,2024-10,50
1220,2024-11,55
1220,2024-12,68
1220,2025-01,40
1220,2025-02,57
1220,2025-03,53
1220,2025-04,58
1220,2025-05,49
1220,2025-06,36
1220,2025-07,38
1220,2025-08,35
1220,2025-09,43
1220,2025-10,46
1220,2025-11,41
1220,2025-12,35
1230,2020-01,161
1230,2020-02,183
1230,2020-03,185
1230,2020-04,126
1230,2020-05,136
1230,2020-06,124
1230,2020-07,89
1230,2020-08,93
1230,2020-09,131
1230,2020-10,182
1230,2020-11,160
1230,2020-12,187
1230,2021-01,121
1230,2021-02,156
1230,2021-03,214
1230,2021-04,183
1230,2021-05,171
1230,2021-06,158
1230,2021-07,116
1230,2021-08,115
1230,2021-09,179
1230,2021-10,252
1230,2021-11,211
1230,2021-12,293
1230,2022-01,174
1230,2022-02,267
1230,2022-03,295
1230,2022-04,295
1230,2022-05,329
1230,2022-06,195
1230,2022-07,139
1230,2022-08,171
1230,2022-09,249
1230,2022-10,227
1230,2022-11,239
1230,2022-12,251
1230,2023-01,228
1230,2023-02,246
1230,2023-03,268
1230,2023-04,214
1230,2023-05,278
1230,2023-06,197
1230,2023-07,109
1230,2023-08,159
1230,2023-09,217
1230,2023-10,210
1230,2023-11,186
1230,2023-12,213
1230,2024-01,173
1230,2024-02,173
1230,2024-03,226
1230,2024-04,161
1230,2024-05,201
1230,2024-06,123
1230,2024-07,129
1230,2024-08,140
1230,2024-09,188
1230,2024-10,232
1230,2024-11,203
1230,2024-12,224
1230,2025-01,183
1230,2025-02,250
1230,2025-03,227
1230,2025-04,250
1230,2025-05,229
1230,2025-06,131
1230,2025-07,126
1230,2025-08,159
1230,2025-09,219
1230,2025-10,247
1230,2025-11,261
1230,2025-12,258
1240,2020-01,30
1240,2020-02,16
1240,2020-03,17
1240,2020-04,13
1240,2020-05,14
1240,2020-06,15
1240,2020-07,6
1240,2020-08,7
1240,2020-09,14
1240,2020-10,15
1240,2020-11,15
1240,2020-12,18
1240,2021-01,12
1240,2021-02,12
1240,2021-03,25
1240,2021-04,25
1240,2021-05,31
1240,2021-06,27
1240,2021-07,14
1240,2021-08,18
1240,2021-09,28
1240,2021-10,22
1240,2021-11,30
1240,2021-12,34
1240,2022-01,25
1240,2022-02,25
1240,2022-03,27
1240,2022-04,19
1240,2022-05,34
1240,2022-06,22
1240,2022-07,20
1240,2022-08,16
1240,2022-09,28
1240,2022-10,22
1240,2022-11,19
1240,2022-12,19
1240,2023-01,17
1240,2023-02,14
1240,2023-03,23
1240,2023-04,14
1240,2023-05,25
1240,2023-06,23
1240,2023-07,14
1240,2023-08,12
1240,2023-09,15
1240,2023-10,18
1240,2023-11,23
1240,2023-12,22
1240,2024-01,10
1240,2024-02,20
1240,2024-03,20
1240,2024-04,17
1240,2024-05,16
1240,2024-06,15
1240,2024-07,9
1240,2024-08,15
1240,2024-09,13
1240,2024-10,26
1240,2024-11,14
1240,2024-12,20
1240,2025-01,13
1240,2025-02,10
1240,2025-03,24
1240,2025-04,27
1240,2025-05,17
1240,2025-06,10
1240,2025-07,7
1240,2025-08,16
1240,2025-09,13
1240,2025-10,17
1240,2025-11,12
1240,2025-12,12
1250,2020-01,184
1250,2020-02,208
1250,2020-03,174
1250,2020-04,80
1250,2020-05,96
1250,2020-06,107
1250,2020-07,87
1250,2020-08,107
1250,2020-09,144
1250,2020-10,168
1250,2020-11,183
1250,2020-12,152
1250,2021-01,131
1250,2021-02,209
1250,2021-03,258
1250,2021-04,225
1250,2021-05,241
1250,2021-06,212
1250,2021-07,161
1250,2021-08,182
1250,2021-09,485
1250,2021-10,371
1250,2021-11,332
1250,2021-12,332
1250,2022-01,461
1250,2022-02,396
1250,2022-03,464
1250,2022-04,316
1250,2022-05,333
1250,2022-06,312
1250,2022-07,244
1250,2022-08,300
1250,2022-09,308
1250,2022-10,354
1250,2022-11,368
1250,2022-12,363
1250,2023-01,385
1250,2023-02,332
1250,2023-03,308
1250,2023-04,375
1250,2023-05,291
1250,2023-06,253
1250,2023-07,161
1250,2023-08,198
1250,2023-09,251
1250,2023-10,277
1250,2023-11,223
1250,2023-12,215
1250,2024-01,198
1250,2024-02,225
1250,2024-03,189
1250,2024-04,193
1250,2024-05,202
1250,2024-06,202
1250,2024-07,192
1250,2024-08,139
1250,2024-09,217
1250,2024-10,232
1250,2024-11,174
1250,2024-12,198
1250,2025-01,247
1250,2025-02,292
1250,2025-03,252
1250,2025-04,185
1250,2025-05,194
1250,2025-06,169
1250,2025-07,138
1250,2025-08,148
1250,2025-09,192
1250,2025-10,182
1250,2025-11,161
1250,2025-12,181
1290,2020-01,119
1290,2020-02,113
1290,2020-03,93
1290,2020-04,77
1290,2020-05,73
1290,2020-06,76
1290,2020-07,63
1290,2020-08,59
1290,2020-09,108
1290,2020-10,109
1290,2020-11,102
1290,2020-12,118
1290,2021-01,79
1290,2021-02,110
1290,2021-03,172
1290,2021-04,156
1290,2021-05,180
1290,2021-06,131
1290,2021-07,100
1290,2021-08,108
1290,2021-09,180
1290,2021-10,172
1290,2021-11,196
1290,2021-12,223
1290,2022-01,142
1290,2022-02,178
1290,2022-03,200
1290,2022-04,207
1290,2022-05,205
1290,2022-06,184
1290,2022-07,146
1290,2022-08,163
1290,2022-09,204
1290,2022-10,227
1290,2022-11,160
1290,2022-12,169
1290,2023-01,142
1290,2023-02,182
1290,2023-03,212
1290,2023-04,136
1290,2023-05,170
1290,2023-06,139
1290,2023-07,91
1290,2023-08,144
1290,2023-09,159
1290,2023-10,164
1290,2023-11,170
1290,2023-12,147
1290,2024-01,111
1290,2024-02,159
1290,2024-03,145
1290,2024-04,157
1290,2024-05,147
1290,2024-06,134
1290,2024-07,192
1290,2024-08,172
1290,2024-09,137
1290,2024-10,156
1290,2024-11,188
1290,2024-12,148
1290,2025-01,124
1290,2025-02,147
1290,2025-03,142
1290,2025-04,150
1290,2025-05,123
1290,2025-06,97
1290,2025-07,104
1290,2025-08,105
1290,2025-09,127
1290,2025-10,143
1290,2025-11,133
1290,2025-12,141
1310,2020-01,48
1310,2020-02,73
1310,2020-03,53
1310,2020-04,53
1310,2020-05,34
1310,2020-06,21
1310,2020-07,33
1310,2020-08,28
1310,2020-09,46
1310,2020-10,58
1310,2020-11,61
1310,2020-12,74
1310,2021-01,48
1310,2021-02,49
1310,2021-03,51
1310,2021-04,62
1310,2021-05,55
1310,2021-06,62
1310,2021-07,58
1310,2021-08,50
1310,2021-09,64
1310,2021-10,81
1310,2021-11,95
1310,2021-12,154
1310,2022-01,111
1310,2022-02,95
1310,2022-03,97
1310,2022-04,98
1310,2022-05,91
1310,2022-06,99
1310,2022-07,64
1310,2022-08,80
1310,2022-09,90
1310,2022-10,106
1310,2022-11,93
1310,2022-12,90
1310,2023-01,74
1310,2023-02,65
1310,2023-03,91
1310,2023-04,60
1310,2023-05,97
1310,2023-06,60
1310,2023-07,44
1310,2023-08,54
1310,2023-09,63
1310,2023-10,92
1310,2023-11,63
1310,2023-12,58
1310,2024-01,61
1310,2024-02,58
1310,2024-03,59
1310,2024-04,56
1310,2024-05,72
1310,2024-06,57
1310,2024-07,62
1310,2024-08,36
1310,2024-09,59
1310,2024-10,73
1310,2024-11,64
1310,2024-12,67
1310,2025-01,59
1310,2025-02,59
1310,2025-03,83
1310,2025-04,63
1310,2025-05,95
1310,2025-06,51
1310,2025-07,40
1310,2025-08,44
1310,2025-09,52
1310,2025-10,44
1310,2025-11,51
1310,2025-12,59
1320,2020-01,101
1320,2020-02,104
1320,2020-03,99
1320,2020-04,63
1320,2020-05,49
1320,2020-06,58
1320,2020-07,51
1320,2020-08,50
1320,2020-09,74
1320,2020-10,100
1320,2020-11,62
1320,2020-12,98
1320,2021-01,90
1320,2021-02,114
1320,2021-03,141
1320,2021-04,117
1320,2021-05,142
1320,2021-06,126
1320,2021-07,81
1320,2021-08,90
1320,2021-09,130
1320,2021-10,186
1320,2021-11,179
1320,2021-12,165
1320,2022-01,150
1320,2022-02,173
1320,2022-03,221
1320,2022-04,162
1320,2022-05,194
1320,2022-06,169
1320,2022-07,121
1320,2022-08,127
1320,2022-09,146
1320,2022-10,155
1320,2022-11,133
1320,2022-12,129
1320,2023-01,120
1320,2023-02,156
1320,2023-03,228
1320,2023-04,127
1320,2023-05,206
1320,2023-06,128
1320,2023-07,109
1320,2023-08,127
1320,2023-09,133
1320,2023-10,124
1320,2023-11,124
1320,2023-12,114
1320,2024-01,81
1320,2024-02,87
1320,2024-03,119
1320,2024-04,130
1320,2024-05,92
1320,2024-06,89
1320,2024-07,69
1320,2024-08,95
1320,2024-09,90
1320,2024-10,94
1320,2024-11,113
1320,2024-12,101
1320,2025-01,83
1320,2025-02,106
1320,2025-03,100
1320,2025-04,110
1320,2025-05,99
1320,2025-06,90
1320,2025-07,86
1320,2025-08,73
1320,2025-09,87
1320,2025-10,87
1320,2025-11,61
1320,2025-12,81
1330,2020-01,35
1330,2020-02,37
1330,2020-03,22
1330,2020-04,28
1330,2020-05,21
1330,2020-06,17
1330,2020-07,14
1330,2020-08,18
1330,2020-09,27
1330,2020-10,23
1330,2020-11,40
1330,2020-12,41
1330,2021-01,26
1330,2021-02,30
1330,2021-03,48
1330,2021-04,35
1330,2021-05,47
1330,2021-06,34
1330,2021-07,24
1330,2021-08,45
1330,2021-09,58
1330,2021-10,40
1330,2021-11,61
1330,2021-12,66
1330,2022-01,54
1330,2022-02,56
1330,2022-03,61
1330,2022-04,52
1330,2022-05,57
1330,2022-06,38
1330,2022-07,31
1330,2022-08,35
1330,2022-09,56
1330,2022-10,47
1330,2022-11,47
1330,2022-12,36
1330,2023-01,32
1330,2023-02,35
1330,2023-03,36
1330,2023-04,32
1330,2023-05,42
1330,2023-06,37
1330,2023-07,32
1330,2023-08,29
1330,2023-09,42
1330,2023-10,54
1330,2023-11,34
1330,2023-12,38
1330,2024-01,40
1330,2024-02,42
1330,2024-03,59
1330,2024-04,26
1330,2024-05,40
1330,2024-06,39
1330,2024-07,42
1330,2024-08,32
1330,2024-09,48
1330,2024-10,41
1330,2024-11,36
1330,2024-12,35
1330,2025-01,18
1330,2025-02,35
1330,2025-03,45
1330,2025-04,40
1330,2025-05,51
1330,2025-06,23
1330,2025-07,23
1330,2025-08,20
1330,2025-09,38
1330,2025-10,31
1330,2025-11,27
1330,2025-12,51
1340,2020-01,17
1340,2020-02,13
1340,2020-03,11
1340,2020-04,12
1340,2020-05,17
1340,2020-06,6
1340,2020-07,8
1340,2020-08,14
1340,2020-09,12
1340,2020-10,11
1340,2020-11,27
1340,2020-12,15
1340,2021-01,13
1340,2021-02,15
1340,2021-03,11
1340,2021-04,11
1340,2021-05,20
1340,2021-06,13
1340,2021-07,12
1340,2021-08,9
1340,2021-09,12
1340,2021-10,19
1340,2021-11,26
1340,2021-12,25
1340,2022-01,21
1340,2022-02,18
1340,2022-03,31
1340,2022-04,19
1340,2022-05,10
1340,2022-06,19
1340,2022-07,15
1340,2022-08,12
1340,2022-09,20
1340,2022-10,27
1340,2022-11,22
1340,2022-12,31
1340,2023-01,27
1340,2023-02,26
1340,2023-03,21
1340,2023-04,11
1340,2023-05,21
1340,2023-06,17
1340,2023-07,14
1340,2023-08,8
1340,2023-09,11
1340,2023-10,20
1340,2023-11,16
1340,2023-12,29
1340,2024-01,22
1340,2024-02,16
1340,2024-03,27
1340,2024-04,21
1340,2024-05,15
1340,2024-06,8
1340,2024-07,19
1340,2024-08,15
1340,2024-09,16
1340,2024-10,19
1340,2024-11,17
1340,2024-12,26
1340,2025-01,20
1340,2025-02,15
1340,2025-03,23
1340,2025-04,16
1340,2025-05,17
1340,2025-06,17
1340,2025-07,16
1340,2025-08,15
1340,2025-09,20
1340,2025-10,16
1340,2025-11,14
1340,2025-12,19
1350,2020-01,39
1350,2020-02,43
1350,2020-03,44
1350,2020-04,30
1350,2020-05,23
1350,2020-06,19
1350,2020-07,20
1350,2020-08,15
1350,2020-09,27
1350,2020-10,54
1350,2020-11,32
1350,2020-12,37
1350,2021-01,11
1350,2021-02,22
1350,2021-03,31
1350,2021-04,29
1350,2021-05,47
1350,2021-06,36
1350,2021-07,13
1350,2021-08,24
1350,2021-09,46
1350,2021-10,42
1350,2021-11,30
1350,2021-12,67
1350,2022-01,43
1350,2022-02,42
1350,2022-03,74
1350,2022-04,43
1350,2022-05,47
1350,2022-06,45
1350,2022-07,27
1350,2022-08,28
1350,2022-09,61
1350,2022-10,51
1350,2022-11,45
1350,2022-12,45
1350,2023-01,42
1350,2023-02,35
1350,2023-03,52
1350,2023-04,26
1350,2023-05,52
1350,2023-06,46
1350,2023-07,32
1350,2023-08,27
1350,2023-09,43
1350,2023-10,44
1350,2023-11,46
1350,2023-12,33
1350,2024-01,29
1350,2024-02,33
1350,2024-03,38
1350,2024-04,31
1350,2024-05,33
1350,2024-06,27
1350,2024-07,16
1350,2024-08,35
1350,2024-09,48
1350,2024-10,56
1350,2024-11,53
1350,2024-12,64
1350,2025-01,41
1350,2025-02,51
1350,2025-03,40
1350,2025-04,52
1350,2025-05,33
1350,2025-06,44
1350,2025-07,35
1350,2025-08,23
1350,2025-09,41
1350,2025-10,62
1350,2025-11,46
1350,2025-12,43
1360,2020-01,91
1360,2020-02,119
1360,2020-03,125
1360,2020-04,94
1360,2020-05,72
1360,2020-06,87
1360,2020-07,54
1360,2020-08,45
1360,2020-09,73
1360,2020-10,90
1360,2020-11,85
1360,2020-12,64
1360,2021-01,72
1360,2021-02,72
1360,2021-03,104
1360,2021-04,113
1360,2021-05,102
1360,2021-06,121
1360,2021-07,118
1360,2021-08,74
1360,2021-09,127
1360,2021-10,106
1360,2021-11,124
1360,2021-12,184
1360,2022-01,165
1360,2022-02,153
1360,2022-03,179
1360,2022-04,166
1360,2022-05,152
1360,2022-06,147
1360,2022-07,98
1360,2022-08,116
1360,2022-09,125
1360,2022-10,127
1360,2022-11,145
1360,2022-12,168
1360,2023-01,131
1360,2023-02,111
1360,2023-03,214
1360,2023-04,89
1360,2023-05,119
1360,2023-06,128
1360,2023-07,74
1360,2023-08,109
1360,2023-09,107
1360,2023-10,97
1360,2023-11,106
1360,2023-12,92
1360,2024-01,105
1360,2024-02,125
1360,2024-03,118
1360,2024-04,127
1360,2024-05,136
1360,2024-06,127
1360,2024-07,81
1360,2024-08,68
1360,2024-09,96
1360,2024-10,117
1360,2024-11,131
1360,2024-12,94
1360,2025-01,90
1360,2025-02,115
1360,2025-03,103
1360,2025-04,120
1360,2025-05,104
1360,2025-06,94
1360,2025-07,109
1360,2025-08,75
1360,2025-09,125
1360,2025-10,115
1360,2025-11,119
1360,2025-12,123
1370,2020-01,123
1370,2020-02,115
1370,2020-03,127
1370,2020-04,81
1370,2020-05,59
1370,2020-06,79
1370,2020-07,51
1370,2020-08,66
1370,2020-09,100
1370,2020-10,109
1370,2020-11,95
1370,2020-12,107
1370,2021-01,113
1370,2021-02,145
1370,2021-03,162
1370,2021-04,145
1370,2021-05,152
1370,2021-06,163
1370,2021-07,142
1370,2021-08,137
1370,2021-09,161
1370,2021-10,176
1370,2021-11,200
1370,2021-12,236
1370,2022-01,224
1370,2022-02,263
1370,2022-03,279
1370,2022-04,192
1370,2022-05,230
1370,2022-06,213
1370,2022-07,179
1370,2022-08,180
1370,2022-09,250
1370,2022-10,235
1370,2022-11,242
1370,2022-12,250
1370,2023-01,202
1370,2023-02,237
1370,2023-03,258
1370,2023-04,214
1370,2023-05,235
1370,2023-06,216
1370,2023-07,227
1370,2023-08,232
1370,2023-09,229
1370,2023-10,232
1370,2023-11,245
1370,2023-12,303
1370,2024-01,236
1370,2024-02,276
1370,2024-03,249
1370,2024-04,212
1370,2024-05,203
1370,2024-06,172
1370,2024-07,137
1370,2024-08,147
1370,2024-09,192
1370,2024-10,199
1370,2024-11,261
1370,2024-12,203
1370,2025-01,200
1370,2025-02,187
1370,2025-03,182
1370,2025-04,218
1370,2025-05,191
1370,2025-06,163
1370,2025-07,130
1370,2025-08,135
1370,2025-09,161
1370,2025-10,185
1370,2025-11,154
1370,2025-12,161
1380,2020-01,12
1380,2020-02,2
1380,2020-03,4
1380,2020-04,3
1380,2020-05,2
1380,2020-06,6
1380,2020-07,2
1380,2020-08,3
1380,2020-09,3
1380,2020-10,6
1380,2020-11,7
1380,2020-12,12
1380,2021-01,4
1380,2021-02,6
1380,2021-03,5
1380,2021-04,9
1380,2021-05,1
1380,2021-08,5
1380,2021-09,5
1380,2021-10,1
1380,2021-11,9
1380,2021-12,3
1380,2022-01,3
1380,2022-02,8
1380,2022-03,12
1380,2022-04,8
1380,2022-05,3
1380,2022-06,6
1380,2022-07,1
1380,2022-08,2
1380,2022-09,2
1380,2022-10,16
1380,2022-11,7
1380,2022-12,8
1380,2023-01,5
1380,2023-02,3
1380,2023-03,2
1380,2023-04,1
1380,2023-05,8
1380,2023-06,8
1380,2023-07,9
1380,2023-08,7
1380,2023-09,15
1380,2023-10,6
1380,2023-11,17
1380,2023-12,6
1380,2024-01,6
1380,2024-02,11
1380,2024-03,7
1380,2024-04,5
1380,2024-05,2
1380,2024-06,1
1380,2024-07,5
1380,2024-08,17
1380,2024-09,8
1380,2024-10,6
1380,2024-11,5
1380,2024-12,6
1380,2025-01,8
1380,2025-02,8
1380,2025-03,6
1380,2025-04,10
1380,2025-05,5
1380,2025-06,7
1380,2025-07,4
1380,2025-08,9
1380,2025-09,8
1380,2025-10,6
1380,2025-11,4
1380,2025-12,4
1410,2020-01,130
1410,2020-02,186
1410,2020-03,180
1410,2020-04,205
1410,2020-05,182
1410,2020-06,142
1410,2020-07,70
1410,2020-08,56
1410,2020-09,122
1410,2020-10,148
1410,2020-11,153
1410,2020-12,151
1410,2021-01,118
1410,2021-02,159
1410,2021-03,224
1410,2021-04,210
1410,2021-05,261
1410,2021-06,172
1410,2021-07,75
1410,2021-08,103
1410,2021-09,167
1410,2021-10,169
1410,2021-11,205
1410,2021-12,204
1410,2022-01,158
1410,2022-02,215
1410,2022-03,269
1410,2022-04,270
1410,2022-05,312
1410,2022-06,223
1410,2022-07,111
1410,2022-08,169
1410,2022-09,224
1410,2022-10,201
1410,2022-11,195
1410,2022-12,206
1410,2023-01,179
1410,2023-02,185
1410,2023-03,277
1410,2023-04,180
1410,2023-05,296
1410,2023-06,179
1410,2023-07,87
1410,2023-08,116
1410,2023-09,138
1410,2023-10,145
1410,2023-11,246
1410,2023-12,299
1410,2024-01,203
1410,2024-02,165
1410,2024-03,185
1410,2024-04,194
1410,2024-05,327
1410,2024-06,266
1410,2024-07,225
1410,2024-08,103
1410,2024-09,139
1410,2024-10,167
1410,2024-11,133
1410,2024-12,156
1410,2025-01,124
1410,2025-02,162
1410,2025-03,233
1410,2025-04,198
1410,2025-05,202
1410,2025-06,131
1410,2025-07,65
1410,2025-08,96
1410,2025-09,142
1410,2025-10,153
1410,2025-11,144
1410,2025-12,157
1420,2020-01,29
1420,2020-02,28
1420,2020-03,35
1420,2020-04,31
1420,2020-05,31
1420,2020-06,19
1420,2020-07,6
1420,2020-08,15
1420,2020-09,15
1420,2020-10,14
1420,2020-11,28
1420,2020-12,12
1420,2021-01,14
1420,2021-02,25
1420,2021-03,36
1420,2021-04,26
1420,2021-05,30
1420,2021-06,20
1420,2021-07,12
1420,2021-08,16
1420,2021-09,33
1420,2021-10,35
1420,2021-11,33
1420,2021-12,21
1420,2022-01,19
1420,2022-02,26
1420,2022-03,34
1420,2022-04,39
1420,2022-05,38
1420,2022-06,15
1420,2022-07,11
1420,2022-08,12
1420,2022-09,31
1420,2022-10,31
1420,2022-11,29
1420,2022-12,24
1420,2023-01,24
1420,2023-02,30
1420,2023-03,23
1420,2023-04,26
1420,2023-05,36
1420,2023-06,16
1420,2023-07,5
1420,2023-08,8
1420,2023-09,11
1420,2023-10,17
1420,2023-11,13
1420,2023-12,11
1420,2024-01,14
1420,2024-02,16
1420,2024-03,22
1420,2024-04,14
1420,2024-05,21
1420,2024-06,9
1420,2024-07,4
1420,2024-08,7
1420,2024-09,9
1420,2024-10,14
1420,2024-11,7
1420,2024-12,7
1420,2025-01,12
1420,2025-02,16
1420,2025-03,15
1420,2025-04,18
1420,2025-05,17
1420,2025-06,5
1420,2025-07,2
1420,2025-08,12
1420,2025-09,11
1420,2025-10,11
1420,2025-11,11
1420,2025-12,14
1490,2020-02,3
1490,2020-03,1
1490,2020-05,15
1490,2020-06,2
1490,2020-07,3
1490,2020-08,3
1490,2020-09,6
1490,2020-10,2
1490,2020-11,1
1490,2020-12,1
1490,2021-01,5
1490,2021-02,4
1490,2021-03,28
1490,2021-04,39
1490,2021-05,2
1490,2021-06,5
1490,2021-07,2
1490,2021-08,2
1490,2021-09,2
1490,2021-10,1
1490,2021-11,3
1490,2021-12,1
1490,2022-01,2
1490,2022-02,4
1490,2022-03,3
1490,2022-04,4
1490,2022-05,5
1490,2022-06,8
1490,2022-07,2
1490,2022-08,2
1490,2022-09,7
1490,2022-10,2
1490,2022-11,10
1490,2022-12,5
1490,2023-01,4
1490,2023-02,6
1490,2023-03,10
1490,2023-04,2
1490,2023-05,5
1490,2023-06,1
1490,2023-08,3
1490,2023-10,7
1490,2023-11,2
1490,2023-12,3
1490,2024-01,3
1490,2024-02,3
1490,2024-03,2
1490,2024-04,2
1490,2024-06,4
1490,2024-07,1
1490,2024-08,4
1490,2024-09,9
1490,2024-10,4
1490,2024-11,4
1490,2024-12,4
1490,2025-01,9
1490,2025-02,9
1490,2025-03,2
1490,2025-04,1
1490,2025-05,4
1490,2025-06,3
1490,2025-07,5
1490,2025-08,5
1490,2025-09,6
1490,2025-11,2
1490,2025-12,3
1510,2020-01,213
1510,2020-02,217
1510,2020-03,180
1510,2020-04,142
1510,2020-05,179
1510,2020-06,184
1510,2020-07,113
1510,2020-08,116
1510,2020-09,209
1510,2020-10,236
1510,2020-11,194
1510,2020-12,216
1510,2021-01,191
1510,2021-02,200
1510,2021-03,262
1510,2021-04,235
1510,2021-05,237
1510,2021-06,178
1510,2021-07,139
1510,2021-08,163
1510,2021-09,272
1510,2021-10,253
1510,2021-11,343
1510,2021-12,330
1510,2022-01,288
1510,2022-02,333
1510,2022-03,365
1510,2022-04,283
1510,2022-05,335
1510,2022-06,243
1510,2022-07,176
1510,2022-08,222
1510,2022-09,345
1510,2022-10,301
1510,2022-11,264
1510,2022-12,291
1510,2023-01,262
1510,2023-02,295
1510,2023-03,324
1510,2023-04,205
1510,2023-05,311
1510,2023-06,191
1510,2023-07,110
1510,2023-08,165
1510,2023-09,229
1510,2023-10,250
1510,2023-11,222
1510,2023-12,212
1510,2024-01,203
1510,2024-02,224
1510,2024-03,182
1510,2024-04,217
1510,2024-05,170
1510,2024-06,151
1510,2024-07,103
1510,2024-08,152
1510,2024-09,177
1510,2024-10,241
1510,2024-11,221
1510,2024-12,235
1510,2025-01,242
1510,2025-02,206
1510,2025-03,250
1510,2025-04,212
1510,2025-05,195
1510,2025-06,135
1510,2025-07,124
1510,2025-08,159
1510,2025-09,225
1510,2025-10,222
1510,2025-11,195
1510,2025-12,257
1520,2020-01,103
1520,2020-02,108
1520,2020-03,113
1520,2020-04,105
1520,2020-05,72
1520,2020-06,68
1520,2020-07,56
1520,2020-08,68
1520,2020-09,81
1520,2020-10,103
1520,2020-11,86
1520,2020-12,108
1520,2021-01,95
1520,2021-02,121
1520,2021-03,135
1520,2021-04,102
1520,2021-05,119
1520,2021-06,91
1520,2021-07,65
1520,2021-08,57
1520,2021-09,138
1520,2021-10,143
1520,2021-11,133
1520,2021-12,154
1520,2022-01,134
1520,2022-02,170
1520,2022-03,168
1520,2022-04,155
1520,2022-05,176
1520,2022-06,129
1520,2022-07,105
1520,2022-08,143
1520,2022-09,175
1520,2022-10,187
1520,2022-11,150
1520,2022-12,147
1520,2023-01,155
1520,2023-02,166
1520,2023-03,159
1520,2023-04,125
1520,2023-05,188
1520,2023-06,126
1520,2023-07,83
1520,2023-08,93
1520,2023-09,112
1520,2023-10,156
1520,2023-11,136
1520,2023-12,118
1520,2024-01,139
1520,2024-02,145
1520,2024-03,132
1520,2024-04,150
1520,2024-05,142
1520,2024-06,91
1520,2024-07,78
1520,2024-08,88
1520,2024-09,107
1520,2024-10,142
1520,2024-11,133
1520,2024-12,140
1520,2025-01,113
1520,2025-02,144
1520,2025-03,166
1520,2025-04,116
1520,2025-05,110
1520,2025-06,118
1520,2025-07,66
1520,2025-08,92
1520,2025-09,135
1520,2025-10,134
1520,2025-11,145
1520,2025-12,160
1530,2020-01,79
1530,2020-02,69
1530,2020-03,71
1530,2020-04,60
1530,2020-05,57
1530,2020-06,44
1530,2020-07,57
1530,2020-08,45
1530,2020-09,49
1530,2020-10,60
1530,2020-11,53
1530,2020-12,58
1530,2021-01,80
1530,2021-02,64
1530,2021-03,71
1530,2021-04,59
1530,2021-05,57
1530,2021-06,69
1530,2021-07,32
1530,2021-08,36
1530,2021-09,83
1530,2021-10,84
1530,2021-11,95
1530,2021-12,110
1530,2022-01,93
1530,2022-02,106
1530,2022-03,121
1530,2022-04,81
1530,2022-05,97
1530,2022-06,79
1530,2022-07,50
1530,2022-08,57
1530,2022-09,94
1530,2022-10,81
1530,2022-11,77
1530,2022-12,102
1530,2023-01,98
1530,2023-02,93
1530,2023-03,122
1530,2023-04,90
1530,2023-05,122
1530,2023-06,67
1530,2023-07,35
1530,2023-08,55
1530,2023-09,68
1530,2023-10,76
1530,2023-11,69
1530,2023-12,100
1530,2024-01,77
1530,2024-02,92
1530,2024-03,94
1530,2024-04,79
1530,2024-05,78
1530,2024-06,54
1530,2024-07,48
1530,2024-08,44
1530,2024-09,71
1530,2024-10,89
1530,2024-11,70
1530,2024-12,80
1530,2025-01,85
1530,2025-02,84
1530,2025-03,78
1530,2025-04,84
1530,2025-05,73
1530,2025-06,51
1530,2025-07,41
1530,2025-08,58
1530,2025-09,89
1530,2025-10,75
1530,2025-11,92
1530,2025-12,105
1540,2020-01,1
1540,2020-02,3
1540,2020-03,1
1540,2020-04,1
1540,2020-06,2
1540,2020-07,1
1540,2020-08,1
1540,2020-10,2
1540,2021-01,1
1540,2021-02,3
1540,2021-03,2
1540,2021-04,4
1540,2021-05,2
1540,2021-06,1
1540,2021-08,1
1540,2021-09,2
1540,2021-10,2
1540,2021-11,1
1540,2022-01,3
1540,2022-02,2
1540,2022-03,8
1540,2022-04,1
1540,2022-05,4
1540,2022-06,2
1540,2022-08,2
1540,2022-09,1
1540,2022-10,1
1540,2022-12,1
1540,2023-03,2
1540,2023-04,2
1540,2023-05,2
1540,2023-06,4
1540,2023-08,3
1540,2023-09,1
1540,2023-10,5
1540,2023-11,1
1540,2023-12,4
1540,2024-01,2
1540,2024-02,1
1540,2024-03,1
1540,2024-04,5
1540,2024-05,1
1540,2024-06,1
1540,2024-08,4
1540,2024-09,2
1540,2024-10,3
1540,2024-11,2
1540,2024-12,1
1540,2025-01,4
1540,2025-02,3
1540,2025-03,3
1540,2025-04,1
1540,2025-05,1
1540,2025-06,3
1540,2025-07,2
1540,2025-08,2
1540,2025-09,3
1540,2025-10,3
1540,2025-11,3
1540,2025-12,1
1590,2020-01,77
1590,2020-02,69
1590,2020-03,60
1590,2020-04,66
1590,2020-05,53
1590,2020-06,33
1590,2020-07,26
1590,2020-08,38
1590,2020-09,64
1590,2020-10,76
1590,2020-11,81
1590,2020-12,72
1590,2021-01,63
1590,2021-02,64
1590,2021-03,75
1590,2021-04,88
1590,2021-05,62
1590,2021-06,59
1590,2021-07,40
1590,2021-08,54
1590,2021-09,75
1590,2021-10,84
1590,2021-11,83
1590,2021-12,101
1590,2022-01,97
1590,2022-02,129
1590,2022-03,110
1590,2022-04,86
1590,2022-05,89
1590,2022-06,79
1590,2022-07,52
1590,2022-08,72
1590,2022-09,123
1590,2022-10,132
1590,2022-11,126
1590,2022-12,94
1590,2023-01,110
1590,2023-02,109
1590,2023-03,100
1590,2023-04,86
1590,2023-05,120
1590,2023-06,63
1590,2023-07,45
1590,2023-08,83
1590,2023-09,101
1590,2023-10,96
1590,2023-11,84
1590,2023-12,73
1590,2024-01,64
1590,2024-02,109
1590,2024-03,90
1590,2024-04,88
1590,2024-05,62
1590,2024-06,52
1590,2024-07,45
1590,2024-08,58
1590,2024-09,75
1590,2024-10,93
1590,2024-11,88
1590,2024-12,89
1590,2025-01,79
1590,2025-02,108
1590,2025-03,99
1590,2025-04,90
1590,2025-05,90
1590,2025-06,81
1590,2025-07,51
1590,2025-08,86
1590,2025-09,117
1590,2025-10,119
1590,2025-11,115
1590,2025-12,120
1610,2020-01,8
1610,2020-02,6
1610,2020-03,4
1610,2020-04,2
1610,2020-05,3
1610,2020-06,5
1610,2020-07,3
1610,2020-08,4
1610,2020-09,6
1610,2020-10,3
1610,2020-11,1
1610,2020-12,1
1610,2021-01,5
1610,2021-02,4
1610,2021-03,9
1610,2021-04,2
1610,2021-05,5
1610,2021-06,3
1610,2021-07,6
1610,2021-08,5
1610,2021-09,18
1610,2021-10,35
1610,2021-11,14
1610,2021-12,8
1610,2022-01,9
1610,2022-02,10
1610,2022-03,8
1610,2022-04,20
1610,2022-05,13
1610,2022-06,8
1610,2022-07,4
1610,2022-08,8
1610,2022-09,5
1610,2022-10,9
1610,2022-11,13
1610,2022-12,6
1610,2023-01,17
1610,2023-02,6
1610,2023-03,7
1610,2023-04,3
1610,2023-05,9
1610,2023-06,9
1610,2023-07,5
1610,2023-08,6
1610,2023-09,10
1610,2023-10,10
1610,2023-11,5
1610,2023-12,11
1610,2024-01,8
1610,2024-02,7
1610,2024-03,12
1610,2024-04,5
1610,2024-05,10
1610,2024-06,5
1610,2024-07,10
1610,2024-08,5
1610,2024-09,4
1610,2024-10,8
1610,2024-11,9
1610,2024-12,8
1610,2025-01,3
1610,2025-02,6
1610,2025-03,6
1610,2025-04,8
1610,2025-05,8
1610,2025-06,4
1610,2025-07,7
1610,2025-08,5
1610,2025-09,4
1610,2025-10,9
1610,2025-11,3
1610,2025-12,3
1710,2020-01,10
1710,2020-02,16
1710,2020-03,3
1710,2020-04,2
1710,2020-05,3
1710,2020-06,2
1710,2020-07,9
1710,2020-08,2
1710,2020-09,4
1710,2020-10,6
1710,2020-11,2
1710,2020-12,6
1710,2021-01,6
1710,2021-02,3
1710,2021-03,5
1710,2021-04,6
1710,2021-05,9
1710,2021-06,11
1710,2021-07,8
1710,2021-08,10
1710,2021-09,18
1710,2021-10,14
1710,2021-11,17
1710,2021-12,13
1710,2022-01,8
1710,2022-02,15
1710,2022-03,23
1710,2022-04,18
1710,2022-05,21
1710,2022-06,18
1710,2022-07,12
1710,2022-08,11
1710,2022-09,10
1710,2022-10,15
1710,2022-11,12
1710,2022-12,13
1710,2023-01,12
1710,2023-02,15
1710,2023-03,15
1710,2023-04,14
1710,2023-05,9
1710,2023-06,7
1710,2023-07,9
1710,2023-08,4
1710,2023-09,7
1710,2023-10,6
1710,2023-11,22
1710,2023-12,13
1710,2024-01,8
1710,2024-02,5
1710,2024-03,3
1710,2024-04,4
1710,2024-05,3
1710,2024-06,8
1710,2024-07,8
1710,2024-08,6
1710,2024-09,3
1710,2024-10,15
1710,2024-11,6
1710,2024-12,6
1710,2025-01,8
1710,2025-02,7
1710,2025-03,8
1710,2025-04,8
1710,2025-05,9
1710,2025-06,9
1710,2025-07,8
1710,2025-08,5
1710,2025-09,5
1710,2025-10,6
1710,2025-11,7
1710,2025-12,4
1720,2020-01,93
1720,2020-02,97
1720,2020-03,39
1720,2020-04,25
1720,2020-05,32
1720,2020-06,36
1720,2020-07,57
1720,2020-08,66
1720,2020-09,57
1720,2020-10,51
1720,2020-11,41
1720,2020-12,24
1720,2021-01,46
1720,2021-02,57
1720,2021-03,90
1720,2021-04,78
1720,2021-05,105
1720,2021-06,95
1720,2021-07,107
1720,2021-08,133
1720,2021-09,143
1720,2021-10,178
1720,2021-11,174
1720,2021-12,139
1720,2022-01,160
1720,2022-02,227
1720,2022-03,305
1720,2022-04,296
1720,2022-05,296
1720,2022-06,238
1720,2022-07,205
1720,2022-08,227
1720,2022-09,205
1720,2022-10,179
1720,2022-11,151
1720,2022-12,114
1720,2023-01,122
1720,2023-02,144
1720,2023-03,161
1720,2023-04,125
1720,2023-05,149
1720,2023-06,109
1720,2023-07,118
1720,2023-08,123
1720,2023-09,112
1720,2023-10,129
1720,2023-11,122
1720,2023-12,90
1720,2024-01,146
1720,2024-02,111
1720,2024-03,137
1720,2024-04,138
1720,2024-05,121
1720,2024-06,104
1720,2024-07,94
1720,2024-08,117
1720,2024-09,93
1720,2024-10,108
1720,2024-11,79
1720,2024-12,63
1720,2025-01,109
1720,2025-02,120
1720,2025-03,127
1720,2025-04,115
1720,2025-05,102
1720,2025-06,89
1720,2025-07,96
1720,2025-08,86
1720,2025-09,104
1720,2025-10,97
1720,2025-11,95
1720,2025-12,90
1730,2020-01,170
1730,2020-02,172
1730,2020-03,146
1730,2020-04,94
1730,2020-05,100
1730,2020-06,91
1730,2020-07,72
1730,2020-08,103
1730,2020-09,158
1730,2020-10,161
1730,2020-11,149
1730,2020-12,129
1730,2021-01,110
1730,2021-02,136
1730,2021-03,205
1730,2021-04,175
1730,2021-05,160
1730,2021-06,190
1730,2021-07,154
1730,2021-08,219
1730,2021-09,294
1730,2021-10,302
1730,2021-11,298
1730,2021-12,291
1730,2022-01,330
1730,2022-02,298
1730,2022-03,355
1730,2022-04,256
1730,2022-05,284
1730,2022-06,340
1730,2022-07,220
1730,2022-08,382
1730,2022-09,515
1730,2022-10,464
1730,2022-11,377
1730,2022-12,287
1730,2023-01,304
1730,2023-02,325
1730,2023-03,342
1730,2023-04,315
1730,2023-05,325
1730,2023-06,315
1730,2023-07,145
1730,2023-08,220
1730,2023-09,198
1730,2023-10,195
1730,2023-11,232
1730,2023-12,161
1730,2024-01,192
1730,2024-02,182
1730,2024-03,219
1730,2024-04,194
1730,2024-05,186
1730,2024-06,151
1730,2024-07,146
1730,2024-08,139
1730,2024-09,172
1730,2024-10,210
1730,2024-11,150
1730,2024-12,142
1730,2025-01,195
1730,2025-02,210
1730,2025-03,201
1730,2025-04,249
1730,2025-05,182
1730,2025-06,159
1730,2025-07,125
1730,2025-08,176
1730,2025-09,159
1730,2025-10,173
1730,2025-11,144
1730,2025-12,138
1740,2020-01,11
1740,2020-02,5
1740,2020-03,4
1740,2020-04,1
1740,2020-05,5
1740,2020-06,6
1740,2020-07,2
1740,2020-08,5
1740,2020-09,9
1740,2020-10,8
1740,2020-11,14
1740,2020-12,11
1740,2021-01,5
1740,2021-02,5
1740,2021-03,4
1740,2021-04,18
1740,2021-05,7
1740,2021-06,11
1740,2021-07,14
1740,2021-08,11
1740,2021-09,21
1740,2021-10,21
1740,2021-11,16
1740,2021-12,19
1740,2022-01,15
1740,2022-02,16
1740,2022-03,21
1740,2022-04,28
1740,2022-05,29
1740,2022-06,19
1740,2022-07,14
1740,2022-08,8
1740,2022-09,15
1740,2022-10,21
1740,2022-11,21
1740,2022-12,16
1740,2023-01,14
1740,2023-02,14
1740,2023-03,11
1740,2023-04,11
1740,2023-05,27
1740,2023-06,21
1740,2023-07,13
1740,2023-08,7
1740,2023-09,19
1740,2023-10,8
1740,2023-11,9
1740,2023-12,14
1740,2024-01,11
1740,2024-02,11
1740,2024-03,13
1740,2024-04,19
1740,2024-05,18
1740,2024-06,8
1740,2024-07,7
1740,2024-08,10
1740,2024-09,13
1740,2024-10,12
1740,2024-11,25
1740,2024-12,26
1740,2025-01,21
1740,2025-02,26
1740,2025-03,25
1740,2025-04,20
1740,2025-05,18
1740,2025-06,22
1740,2025-07,24
1740,2025-08,25
1740,2025-09,17
1740,2025-10,13
1740,2025-11,22
1740,2025-12,29
1790,2020-01,7
1790,2020-05,3
1790,2020-06,2
1790,2020-07,1
1790,2020-08,2
1790,2020-09,2
1790,2020-10,5
1790,2020-11,1
1790,2020-12,1
1790,2021-01,2
1790,2021-02,1
1790,2021-03,3
1790,2021-04,1
1790,2021-05,3
1790,2021-06,5
1790,2021-07,5
1790,2021-08,2
1790,2021-09,2
1790,2021-10,8
1790,2021-11,11
1790,2021-12,9
1790,2022-01,10
1790,2022-02,7
1790,2022-03,4
1790,2022-04,4
1790,2022-05,2
1790,2022-06,7
1790,2022-07,1
1790,2022-08,4
1790,2022-09,15
1790,2022-10,9
1790,2022-11,7
1790,2022-12,5
1790,2023-01,2
1790,2023-02,2
1790,2023-03,3
1790,2023-04,3
1790,2023-05,15
1790,2023-06,7
1790,2023-07,2
1790,2023-08,4
1790,2023-09,6
1790,2023-10,5
1790,2023-11,8
1790,2023-12,26
1790,2024-01,19
1790,2024-02,6
1790,2024-03,17
1790,2024-04,15
1790,2024-05,14
1790,2024-06,12
1790,2024-07,4
1790,2024-08,7
1790,2024-09,2
1790,2024-10,10
1790,2024-11,7
1790,2024-12,9
1790,2025-01,6
1790,2025-02,7
1790,2025-03,4
1790,2025-04,5
1790,2025-05,6
1790,2025-06,7
1790,2025-07,1
1790,2025-08,1
1790,2025-09,7
1790,2025-10,14
1790,2025-11,6
1790,2025-12,3
2111,2020-01,24
2111,2020-02,42
2111,2020-03,39
2111,2020-04,16
2111,2020-05,29
2111,2020-06,29
2111,2020-07,14
2111,2020-08,24
2111,2020-09,23
2111,2020-10,28
2111,2020-11,30
2111,2020-12,24
2111,2021-01,25
2111,2021-02,26
2111,2021-03,41
2111,2021-04,26
2111,2021-05,31
2111,2021-06,36
2111,2021-07,12
2111,2021-08,15
2111,2021-09,27
2111,2021-10,29
2111,2021-11,31
2111,2021-12,27
2111,2022-01,27
2111,2022-02,33
2111,2022-03,59
2111,2022-04,34
2111,2022-05,40
2111,2022-06,31
2111,2022-07,13
2111,2022-08,25
2111,2022-09,43
2111,2022-10,47
2111,2022-11,35
2111,2022-12,39
2111,2023-01,34
2111,2023-02,41
2111,2023-03,44
2111,2023-04,38
2111,2023-05,66
2111,2023-06,38
2111,2023-07,19
2111,2023-08,29
2111,2023-09,26
2111,2023-10,25
2111,2023-11,31
2111,2023-12,37
2111,2024-01,27
2111,2024-02,32
2111,2024-03,57
2111,2024-04,45
2111,2024-05,31
2111,2024-06,32
2111,2024-07,19
2111,2024-08,34
2111,2024-09,45
2111,2024-10,38
2111,2024-11,39
2111,2024-12,50
2111,2025-01,42
2111,2025-02,53
2111,2025-03,60
2111,2025-04,41
2111,2025-05,38
2111,2025-06,43
2111,2025-07,22
2111,2025-08,22
2111,2025-09,39
2111,2025-10,27
2111,2025-11,37
2111,2025-12,37
2112,2020-02,4
2112,2020-03,7
2112,2020-06,3
2112,2020-08,1
2112,2020-10,6
2112,2020-11,2
2112,2020-12,3
2112,2021-01,2
2112,2021-02,2
2112,2021-04,1
2112,2021-05,3
2112,2021-07,4
2112,2021-09,3
2112,2021-10,2
2112,2021-11,3
2112,2021-12,2
2112,2022-01,2
2112,2022-02,4
2112,2022-03,4
2112,2022-04,2
2112,2022-05,1
2112,2022-06,4
2112,2022-07,3
2112,2022-08,2
2112,2022-09,5
2112,2022-10,3
2112,2022-11,2
2112,2022-12,2
2112,2023-01,2
2112,2023-02,1
2112,2023-04,4
2112,2023-06,5
2112,2023-07,1
2112,2023-08,1
2112,2023-09,4
2112,2023-10,1
2112,2023-11,2
2112,2023-12,2
2112,2024-01,3
2112,2024-02,1
2112,2024-03,2
2112,2024-04,4
2112,2024-05,4
2112,2024-07,2
2112,2024-08,7
2112,2024-10,2
2112,2024-12,2
2112,2025-01,3
2112,2025-02,3
2112,2025-03,3
2112,2025-04,3
2112,2025-05,1
2112,2025-06,3
2112,2025-07,1
2112,2025-09,1
2112,2025-10,3
2112,2025-11,2
2112,2025-12,3
2113,2020-01,78
2113,2020-02,101
2113,2020-03,96
2113,2020-04,68
2113,2020-05,79
2113,2020-06,85
2113,2020-07,40
2113,2020-08,50
2113,2020-09,68
2113,2020-10,84
2113,2020-11,86
2113,2020-12,96
2113,2021-01,85
2113,2021-02,97
2113,2021-03,107
2113,2021-04,88
2113,2021-05,90
2113,2021-06,76
2113,2021-07,62
2113,2021-08,71
2113,2021-09,90
2113,2021-10,94
2113,2021-11,117
2113,2021-12,117
2113,2022-01,108
2113,2022-02,130
2113,2022-03,135
2113,2022-04,117
2113,2022-05,116
2113,2022-06,116
2113,2022-07,66
2113,2022-08,72
2113,2022-09,94
2113,2022-10,122
2113,2022-11,99
2113,2022-12,103
2113,2023-01,121
2113,2023-02,99
2113,2023-03,109
2113,2023-04,89
2113,2023-05,133
2113,2023-06,67
2113,2023-07,58
2113,2023-08,61
2113,2023-09,77
2113,2023-10,88
2113,2023-11,76
2113,2023-12,80
2113,2024-01,73
2113,2024-02,70
2113,2024-03,72
2113,2024-04,77
2113,2024-05,77
2113,2024-06,60
2113,2024-07,46
2113,2024-08,35
2113,2024-09,57
2113,2024-10,67
2113,2024-11,51
2113,2024-12,52
2113,2025-01,67
2113,2025-02,78
2113,2025-03,57
2113,2025-04,82
2113,2025-05,67
2113,2025-06,55
2113,2025-07,40
2113,2025-08,55
2113,2025-09,52
2113,2025-10,55
2113,2025-11,42
2113,2025-12,65
2114,2020-01,19
2114,2020-02,13
2114,2020-03,22
2114,2020-04,8
2114,2020-05,4
2114,2020-06,9
2114,2020-07,3
2114,2020-08,3
2114,2020-09,8
2114,2020-10,13
2114,2020-11,15
2114,2020-12,12
2114,2021-01,6
2114,2021-02,15
2114,2021-03,19
2114,2021-04,11
2114,2021-05,13
2114,2021-06,13
2114,2021-07,8
2114,2021-08,3
2114,2021-09,25
2114,2021-10,14
2114,2021-11,13
2114,2021-12,31
2114,2022-01,14
2114,2022-02,25
2114,2022-03,21
2114,2022-04,16
2114,2022-05,31
2114,2022-06,29
2114,2022-07,14
2114,2022-08,10
2114,2022-09,27
2114,2022-10,18
2114,2022-11,24
2114,2022-12,46
2114,2023-01,15
2114,2023-02,19
2114,2023-03,24
2114,2023-04,15
2114,2023-05,28
2114,2023-06,31
2114,2023-07,21
2114,2023-08,15
2114,2023-09,16
2114,2023-10,23
2114,2023-11,23
2114,2023-12,23
2114,2024-01,32
2114,2024-02,19
2114,2024-03,21
2114,2024-04,16
2114,2024-05,26
2114,2024-06,23
2114,2024-07,9
2114,2024-08,15
2114,2024-09,12
2114,2024-10,13
2114,2024-11,13
2114,2024-12,28
2114,2025-01,11
2114,2025-02,13
2114,2025-03,23
2114,2025-04,22
2114,2025-05,20
2114,2025-06,10
2114,2025-07,7
2114,2025-08,9
2114,2025-09,18
2114,2025-10,16
2114,2025-11,8
2114,2025-12,22
2121,2020-01,6
2121,2020-02,9
2121,2020-03,5
2121,2020-04,5
2121,2020-05,10
2121,2020-06,1
2121,2020-07,2
2121,2020-08,3
2121,2020-09,12
2121,2020-10,6
2121,2020-11,10
2121,2020-12,10
2121,2021-01,6
2121,2021-02,6
2121,2021-03,27
2121,2021-04,16
2121,2021-05,9
2121,2021-06,4
2121,2021-07,8
2121,2021-08,4
2121,2021-09,11
2121,2021-10,14
2121,2021-11,12
2121,2021-12,12
2121,2022-01,12
2121,2022-02,10
2121,2022-03,10
2121,2022-04,11
2121,2022-05,12
2121,2022-06,8
2121,2022-07,2
2121,2022-08,13
2121,2022-09,9
2121,2022-10,9
2121,2022-11,16
2121,2022-12,15
2121,2023-01,13
2121,2023-02,18
2121,2023-03,8
2121,2023-04,8
2121,2023-05,13
2121,2023-06,11
2121,2023-07,2
2121,2023-08,8
2121,2023-09,8
2121,2023-10,8
2121,2023-11,10
2121,2023-12,11
2121,2024-01,11
2121,2024-02,7
2121,2024-03,12
2121,2024-04,16
2121,2024-05,10
2121,2024-06,3
2121,2024-07,5
2121,2024-08,4
2121,2024-09,8
2121,2024-10,11
2121,2024-11,13
2121,2024-12,11
2121,2025-01,5
2121,2025-02,3
2121,2025-03,8
2121,2025-04,13
2121,2025-05,7
2121,2025-06,5
2121,2025-07,1
2121,2025-08,1
2121,2025-09,3
2121,2025-10,9
2121,2025-11,6
2121,2025-12,7
2122,2020-01,26
2122,2020-02,23
2122,2020-03,19
2122,2020-04,17
2122,2020-05,12
2122,2020-06,16
2122,2020-07,3
2122,2020-08,12
2122,2020-09,15
2122,2020-10,13
2122,2020-11,18
2122,2020-12,12
2122,2021-01,10
2122,2021-02,22
2122,2021-03,19
2122,2021-04,20
2122,2021-05,19
2122,2021-06,9
2122,2021-07,7
2122,2021-08,13
2122,2021-09,25
2122,2021-10,25
2122,2021-11,17
2122,2021-12,19
2122,2022-01,13
2122,2022-02,35
2122,2022-03,28
2122,2022-04,27
2122,2022-05,27
2122,2022-06,14
2122,2022-07,10
2122,2022-08,27
2122,2022-09,23
2122,2022-10,29
2122,2022-11,25
2122,2022-12,32
2122,2023-01,20
2122,2023-02,25
2122,2023-03,16
2122,2023-04,10
2122,2023-05,33
2122,2023-06,11
2122,2023-07,5
2122,2023-08,15
2122,2023-09,19
2122,2023-10,17
2122,2023-11,13
2122,2023-12,12
2122,2024-01,11
2122,2024-02,20
2122,2024-03,25
2122,2024-04,19
2122,2024-05,13
2122,2024-06,9
2122,2024-07,11
2122,2024-08,16
2122,2024-09,20
2122,2024-10,12
2122,2024-11,23
2122,2024-12,21
2122,2025-01,18
2122,2025-02,7
2122,2025-03,14
2122,2025-04,16
2122,2025-05,10
2122,2025-06,8
2122,2025-07,3
2122,2025-08,8
2122,2025-09,12
2122,2025-10,26
2122,2025-11,12
2122,2025-12,12
2131,2020-01,108
2131,2020-02,118
2131,2020-03,117
2131,2020-04,66
2131,2020-05,89
2131,2020-06,99
2131,2020-07,28
2131,2020-08,55
2131,2020-09,69
2131,2020-10,101
2131,2020-11,104
2131,2020-12,116
2131,2021-01,109
2131,2021-02,113
2131,2021-03,142
2131,2021-04,120
2131,2021-05,118
2131,2021-06,105
2131,2021-07,70
2131,2021-08,62
2131,2021-09,101
2131,2021-10,116
2131,2021-11,119
2131,2021-12,169
2131,2022-01,142
2131,2022-02,175
2131,2022-03,154
2131,2022-04,125
2131,2022-05,131
2131,2022-06,135
2131,2022-07,55
2131,2022-08,65
2131,2022-09,101
2131,2022-10,128
2131,2022-11,127
2131,2022-12,133
2131,2023-01,102
2131,2023-02,90
2131,2023-03,125
2131,2023-04,93
2131,2023-05,118
2131,2023-06,93
2131,2023-07,56
2131,2023-08,45
2131,2023-09,60
2131,2023-10,84
2131,2023-11,69
2131,2023-12,87
2131,2024-01,82
2131,2024-02,83
2131,2024-03,75
2131,2024-04,92
2131,2024-05,107
2131,2024-06,62
2131,2024-07,43
2131,2024-08,41
2131,2024-09,74
2131,2024-10,74
2131,2024-11,76
2131,2024-12,68
2131,2025-01,74
2131,2025-02,83
2131,2025-03,87
2131,2025-04,76
2131,2025-05,55
2131,2025-06,72
2131,2025-07,43
2131,2025-08,45
2131,2025-09,67
2131,2025-10,62
2131,2025-11,63
2131,2025-12,67
2132,2020-01,22
2132,2020-02,26
2132,2020-03,24
2132,2020-04,14
2132,2020-05,11
2132,2020-06,14
2132,2020-07,13
2132,2020-08,4
2132,2020-09,10
2132,2020-10,21
2132,2020-11,17
2132,2020-12,19
2132,2021-01,12
2132,2021-02,16
2132,2021-03,38
2132,2021-04,24
2132,2021-05,22
2132,2021-06,12
2132,2021-07,8
2132,2021-08,9
2132,2021-09,13
2132,2021-10,6
2132,2021-11,20
2132,2021-12,30
2132,2022-01,17
2132,2022-02,36
2132,2022-03,27
2132,2022-04,19
2132,2022-05,31
2132,2022-06,28
2132,2022-07,16
2132,2022-08,13
2132,2022-09,14
2132,2022-10,13
2132,2022-11,18
2132,2022-12,19
2132,2023-01,12
2132,2023-02,20
2132,2023-03,40
2132,2023-04,10
2132,2023-05,22
2132,2023-06,24
2132,2023-07,10
2132,2023-08,4
2132,2023-09,12
2132,2023-10,14
2132,2023-11,18
2132,2023-12,20
2132,2024-01,18
2132,2024-02,27
2132,2024-03,14
2132,2024-04,31
2132,2024-05,17
2132,2024-06,25
2132,2024-07,5
2132,2024-08,7
2132,2024-09,12
2132,2024-10,20
2132,2024-11,18
2132,2024-12,11
2132,2025-01,21
2132,2025-02,17
2132,2025-03,21
2132,2025-04,22
2132,2025-05,16
2132,2025-06,13
2132,2025-07,13
2132,2025-08,9
2132,2025-09,13
2132,2025-10,12
2132,2025-11,6
2132,2025-12,15
2133,2020-01,71
2133,2020-02,77
2133,2020-03,66
2133,2020-04,42
2133,2020-05,55
2133,2020-06,62
2133,2020-07,42
2133,2020-08,41
2133,2020-09,43
2133,2020-10,40
2133,2020-11,69
2133,2020-12,51
2133,2021-01,54
2133,2021-02,55
2133,2021-03,78
2133,2021-04,72
2133,2021-05,75
2133,2021-06,74
2133,2021-07,27
2133,2021-08,41
2133,2021-09,63
2133,2021-10,63
2133,2021-11,71
2133,2021-12,71
2133,2022-01,55
2133,2022-02,62
2133,2022-03,72
2133,2022-04,64
2133,2022-05,60
2133,2022-06,53
2133,2022-07,20
2133,2022-08,48
2133,2022-09,59
2133,2022-10,61
2133,2022-11,54
2133,2022-12,53
2133,2023-01,72
2133,2023-02,59
2133,2023-03,56
2133,2023-04,48
2133,2023-05,83
2133,2023-06,55
2133,2023-07,31
2133,2023-08,40
2133,2023-09,36
2133,2023-10,38
2133,2023-11,57
2133,2023-12,43
2133,2024-01,52
2133,2024-02,45
2133,2024-03,29
2133,2024-04,39
2133,2024-05,55
2133,2024-06,34
2133,2024-07,20
2133,2024-08,27
2133,2024-09,29
2133,2024-10,39
2133,2024-11,40
2133,2024-12,33
2133,2025-01,45
2133,2025-02,44
2133,2025-03,31
2133,2025-04,47
2133,2025-05,35
2133,2025-06,30
2133,2025-07,22
2133,2025-08,19
2133,2025-09,15
2133,2025-10,21
2133,2025-11,32
2133,2025-12,37
2134,2020-01,50
2134,2020-02,23
2134,2020-03,51
2134,2020-04,23
2134,2020-05,45
2134,2020-06,24
2134,2020-07,12
2134,2020-08,12
2134,2020-09,55
2134,2020-10,29
2134,2020-11,23
2134,2020-12,58
2134,2021-01,29
2134,2021-02,42
2134,2021-03,100
2134,2021-04,37
2134,2021-05,80
2134,2021-06,81
2134,2021-07,64
2134,2021-08,23
2134,2021-09,90
2134,2021-10,48
2134,2021-11,63
2134,2021-12,60
2134,2022-01,78
2134,2022-02,38
2134,2022-03,31
2134,2022-04,27
2134,2022-05,37
2134,2022-06,87
2134,2022-07,12
2134,2022-08,86
2134,2022-09,24
2134,2022-10,33
2134,2022-11,29
2134,2022-12,39
2134,2023-01,29
2134,2023-02,46
2134,2023-03,36
2134,2023-04,16
2134,2023-05,37
2134,2023-06,21
2134,2023-07,15
2134,2023-08,19
2134,2023-09,21
2134,2023-10,15
2134,2023-11,12
2134,2023-12,26
2134,2024-01,21
2134,2024-02,25
2134,2024-03,26
2134,2024-04,29
2134,2024-05,31
2134,2024-06,19
2134,2024-07,13
2134,2024-08,20
2134,2024-09,16
2134,2024-10,26
2134,2024-11,28
2134,2024-12,28
2134,2025-01,27
2134,2025-02,18
2134,2025-03,27
2134,2025-04,23
2134,2025-05,15
2134,2025-06,18
2134,2025-07,5
2134,2025-08,24
2134,2025-09,13
2134,2025-10,19
2134,2025-11,25
2134,2025-12,25
2135,2020-01,18
2135,2020-02,22
2135,2020-03,15
2135,2020-04,10
2135,2020-05,31
2135,2020-06,19
2135,2020-07,6
2135,2020-08,6
2135,2020-09,14
2135,2020-10,13
2135,2020-11,14
2135,2020-12,47
2135,2021-01,20
2135,2021-02,25
2135,2021-03,46
2135,2021-04,29
2135,2021-05,43
2135,2021-06,23
2135,2021-07,12
2135,2021-08,9
2135,2021-09,16
2135,2021-10,21
2135,2021-11,27
2135,2021-12,53
2135,2022-01,29
2135,2022-02,46
2135,2022-03,36
2135,2022-04,25
2135,2022-05,35
2135,2022-06,23
2135,2022-07,19
2135,2022-08,38
2135,2022-09,41
2135,2022-10,33
2135,2022-11,31
2135,2022-12,40
2135,2023-01,42
2135,2023-02,60
2135,2023-03,59
2135,2023-04,33
2135,2023-05,53
2135,2023-06,31
2135,2023-07,33
2135,2023-08,27
2135,2023-09,35
2135,2023-10,30
2135,2023-11,34
2135,2023-12,33
2135,2024-01,33
2135,2024-02,37
2135,2024-03,25
2135,2024-04,14
2135,2024-05,10
2135,2024-06,12
2135,2024-07,32
2135,2024-08,26
2135,2024-09,20
2135,2024-10,49
2135,2024-11,44
2135,2024-12,64
2135,2025-01,44
2135,2025-02,66
2135,2025-03,33
2135,2025-04,30
2135,2025-05,32
2135,2025-06,22
2135,2025-07,21
2135,2025-08,28
2135,2025-09,34
2135,2025-10,41
2135,2025-11,19
2135,2025-12,16
2141,2020-01,110
2141,2020-02,127
2141,2020-03,94
2141,2020-04,40
2141,2020-05,48
2141,2020-06,44
2141,2020-07,32
2141,2020-08,30
2141,2020-09,85
2141,2020-10,83
2141,2020-11,90
2141,2020-12,111
2141,2021-01,83
2141,2021-02,112
2141,2021-03,159
2141,2021-04,145
2141,2021-05,133
2141,2021-06,130
2141,2021-07,87
2141,2021-08,119
2141,2021-09,163
2141,2021-10,181
2141,2021-11,172
2141,2021-12,175
2141,2022-01,193
2141,2022-02,204
2141,2022-03,237
2141,2022-04,215
2141,2022-05,190
2141,2022-06,147
2141,2022-07,140
2141,2022-08,152
2141,2022-09,191
2141,2022-10,172
2141,2022-11,160
2141,2022-12,171
2141,2023-01,157
2141,2023-02,155
2141,2023-03,161
2141,2023-04,118
2141,2023-05,179
2141,2023-06,166
2141,2023-07,121
2141,2023-08,124
2141,2023-09,160
2141,2023-10,190
2141,2023-11,208
2141,2023-12,159
2141,2024-01,161
2141,2024-02,177
2141,2024-03,168
2141,2024-04,189
2141,2024-05,155
2141,2024-06,124
2141,2024-07,109
2141,2024-08,122
2141,2024-09,137
2141,2024-10,159
2141,2024-11,141
2141,2024-12,131
2141,2025-01,210
2141,2025-02,137
2141,2025-03,142
2141,2025-04,136
2141,2025-05,111
2141,2025-06,115
2141,2025-07,91
2141,2025-08,108
2141,2025-09,155
2141,2025-10,117
2141,2025-11,120
2141,2025-12,143
2142,2020-01,342
2142,2020-02,340
2142,2020-03,368
2142,2020-04,322
2142,2020-05,249
2142,2020-06,206
2142,2020-07,180
2142,2020-08,199
2142,2020-09,307
2142,2020-10,317
2142,2020-11,294
2142,2020-12,336
2142,2021-01,238
2142,2021-02,297
2142,2021-03,381
2142,2021-04,410
2142,2021-05,439
2142,2021-06,395
2142,2021-07,327
2142,2021-08,343
2142,2021-09,468
2142,2021-10,552
2142,2021-11,581
2142,2021-12,568
2142,2022-01,499
2142,2022-02,567
2142,2022-03,771
2142,2022-04,622
2142,2022-05,715
2142,2022-06,545
2142,2022-07,527
2142,2022-08,686
2142,2022-09,588
2142,2022-10,523
2142,2022-11,532
2142,2022-12,578
2142,2023-01,577
2142,2023-02,530
2142,2023-03,653
2142,2023-04,449
2142,2023-05,511
2142,2023-06,435
2142,2023-07,318
2142,2023-08,356
2142,2023-09,426
2142,2023-10,435
2142,2023-11,308
2142,2023-12,182
2142,2024-01,134
2142,2024-02,229
2142,2024-03,155
2142,2024-04,179
2142,2024-05,165
2142,2024-06,155
2142,2024-07,134
2142,2024-08,151
2142,2024-09,160
2142,2024-10,170
2142,2024-11,147
2142,2024-12,135
2142,2025-01,113
2142,2025-02,180
2142,2025-03,110
2142,2025-04,119
2142,2025-05,124
2142,2025-06,149
2142,2025-07,83
2142,2025-08,124
2142,2025-09,148
2142,2025-10,178
2142,2025-11,134
2142,2025-12,150
2143,2020-01,211
2143,2020-02,270
2143,2020-03,213
2143,2020-04,134
2143,2020-05,117
2143,2020-06,115
2143,2020-07,83
2143,2020-08,94
2143,2020-09,172
2143,2020-10,187
2143,2020-11,232
2143,2020-12,275
2143,2021-01,169
2143,2021-02,267
2143,2021-03,296
2143,2021-04,263
2143,2021-05,293
2143,2021-06,315
2143,2021-07,173
2143,2021-08,217
2143,2021-09,337
2143,2021-10,320
2143,2021-11,346
2143,2021-12,426
2143,2022-01,370
2143,2022-02,425
2143,2022-03,529
2143,2022-04,407
2143,2022-05,469
2143,2022-06,431
2143,2022-07,306
2143,2022-08,392
2143,2022-09,402
2143,2022-10,439
2143,2022-11,398
2143,2022-12,468
2143,2023-01,395
2143,2023-02,471
2143,2023-03,512
2143,2023-04,371
2143,2023-05,462
2143,2023-06,372
2143,2023-07,332
2143,2023-08,463
2143,2023-09,477
2143,2023-10,526
2143,2023-11,493
2143,2023-12,575
2143,2024-01,451
2143,2024-02,452
2143,2024-03,488
2143,2024-04,498
2143,2024-05,434
2143,2024-06,426
2143,2024-07,452
2143,2024-08,401
2143,2024-09,473
2143,2024-10,494
2143,2024-11,402
2143,2024-12,397
2143,2025-01,375
2143,2025-02,352
2143,2025-03,337
2143,2025-04,364
2143,2025-05,340
2143,2025-06,268
2143,2025-07,234
2143,2025-08,240
2143,2025-09,305
2143,2025-10,364
2143,2025-11,295
2143,2025-12,366
2144,2020-01,379
2144,2020-02,379
2144,2020-03,327
2144,2020-04,125
2144,2020-05,109
2144,2020-06,121
2144,2020-07,113
2144,2020-08,106
2144,2020-09,164
2144,2020-10,224
2144,2020-11,289
2144,2020-12,330
2144,2021-01,260
2144,2021-02,351
2144,2021-03,384
2144,2021-04,418
2144,2021-05,407
2144,2021-06,411
2144,2021-07,236
2144,2021-08,291
2144,2021-09,431
2144,2021-10,517
2144,2021-11,463
2144,2021-12,543
2144,2022-01,494
2144,2022-02,525
2144,2022-03,637
2144,2022-04,489
2144,2022-05,617
2144,2022-06,541
2144,2022-07,376
2144,2022-08,463
2144,2022-09,579
2144,2022-10,548
2144,2022-11,529
2144,2022-12,563
2144,2023-01,513
2144,2023-02,504
2144,2023-03,564
2144,2023-04,415
2144,2023-05,564
2144,2023-06,489
2144,2023-07,295
2144,2023-08,383
2144,2023-09,426
2144,2023-10,503
2144,2023-11,587
2144,2023-12,535
2144,2024-01,513
2144,2024-02,440
2144,2024-03,439
2144,2024-04,514
2144,2024-05,468
2144,2024-06,435
2144,2024-07,405
2144,2024-08,414
2144,2024-09,471
2144,2024-10,484
2144,2024-11,419
2144,2024-12,454
2144,2025-01,396
2144,2025-02,433
2144,2025-03,449
2144,2025-04,417
2144,2025-05,329
2144,2025-06,314
2144,2025-07,226
2144,2025-08,303
2144,2025-09,334
2144,2025-10,377
2144,2025-11,302
2144,2025-12,380
2145,2020-01,61
2145,2020-02,61
2145,2020-03,45
2145,2020-04,42
2145,2020-05,39
2145,2020-06,44
2145,2020-07,39
2145,2020-08,38
2145,2020-09,44
2145,2020-10,49
2145,2020-11,65
2145,2020-12,76
2145,2021-01,50
2145,2021-02,75
2145,2021-03,87
2145,2021-04,86
2145,2021-05,64
2145,2021-06,61
2145,2021-07,57
2145,2021-08,49
2145,2021-09,84
2145,2021-10,106
2145,2021-11,101
2145,2021-12,135
2145,2022-01,111
2145,2022-02,124
2145,2022-03,120
2145,2022-04,88
2145,2022-05,114
2145,2022-06,65
2145,2022-07,53
2145,2022-08,101
2145,2022-09,96
2145,2022-10,77
2145,2022-11,89
2145,2022-12,95
2145,2023-01,91
2145,2023-02,68
2145,2023-03,73
2145,2023-04,52
2145,2023-05,83
2145,2023-06,55
2145,2023-07,55
2145,2023-08,44
2145,2023-09,68
2145,2023-10,75
2145,2023-11,56
2145,2023-12,43
2145,2024-01,46
2145,2024-02,43
2145,2024-03,52
2145,2024-04,50
2145,2024-05,62
2145,2024-06,59
2145,2024-07,31
2145,2024-08,47
2145,2024-09,60
2145,2024-10,59
2145,2024-11,59
2145,2024-12,59
2145,2025-01,52
2145,2025-02,54
2145,2025-03,48
2145,2025-04,58
2145,2025-05,44
2145,2025-06,63
2145,2025-07,31
2145,2025-08,41
2145,2025-09,45
2145,2025-10,52
2145,2025-11,53
2145,2025-12,45
2146,2020-01,12
2146,2020-02,16
2146,2020-03,10
2146,2020-04,6
2146,2020-05,10
2146,2020-06,11
2146,2020-07,14
2146,2020-08,8
2146,2020-09,8
2146,2020-10,17
2146,2020-11,19
2146,2020-12,19
2146,2021-01,10
2146,2021-02,9
2146,2021-03,19
2146,2021-04,28
2146,2021-05,41
2146,2021-06,14
2146,2021-07,12
2146,2021-08,11
2146,2021-09,24
2146,2021-10,32
2146,2021-11,15
2146,2021-12,45
2146,2022-01,31
2146,2022-02,40
2146,2022-03,45
2146,2022-04,35
2146,2022-05,40
2146,2022-06,42
2146,2022-07,13
2146,2022-08,19
2146,2022-09,14
2146,2022-10,40
2146,2022-11,26
2146,2022-12,40
2146,2023-01,37
2146,2023-02,25
2146,2023-03,27
2146,2023-04,43
2146,2023-05,27
2146,2023-06,31
2146,2023-07,25
2146,2023-08,20
2146,2023-09,17
2146,2023-10,20
2146,2023-11,19
2146,2023-12,27
2146,2024-01,19
2146,2024-02,23
2146,2024-03,26
2146,2024-04,39
2146,2024-05,42
2146,2024-06,40
2146,2024-07,23
2146,2024-08,28
2146,2024-09,44
2146,2024-10,39
2146,2024-11,49
2146,2024-12,35
2146,2025-01,31
2146,2025-02,30
2146,2025-03,23
2146,2025-04,33
2146,2025-05,22
2146,2025-06,32
2146,2025-07,29
2146,2025-08,32
2146,2025-09,25
2146,2025-10,40
2146,2025-11,17
2146,2025-12,21
2149,2020-01,94
2149,2020-02,84
2149,2020-03,67
2149,2020-04,54
2149,2020-05,46
2149,2020-06,41
2149,2020-07,39
2149,2020-08,34
2149,2020-09,64
2149,2020-10,55
2149,2020-11,73
2149,2020-12,93
2149,2021-01,66
2149,2021-02,92
2149,2021-03,92
2149,2021-04,77
2149,2021-05,124
2149,2021-06,95
2149,2021-07,84
2149,2021-08,56
2149,2021-09,113
2149,2021-10,134
2149,2021-11,127
2149,2021-12,150
2149,2022-01,150
2149,2022-02,178
2149,2022-03,216
2149,2022-04,206
2149,2022-05,237
2149,2022-06,171
2149,2022-07,124
2149,2022-08,147
2149,2022-09,166
2149,2022-10,170
2149,2022-11,167
2149,2022-12,141
2149,2023-01,157
2149,2023-02,173
2149,2023-03,201
2149,2023-04,131
2149,2023-05,217
2149,2023-06,159
2149,2023-07,152
2149,2023-08,172
2149,2023-09,152
2149,2023-10,210
2149,2023-11,158
2149,2023-12,164
2149,2024-01,137
2149,2024-02,154
2149,2024-03,227
2149,2024-04,177
2149,2024-05,194
2149,2024-06,175
2149,2024-07,100
2149,2024-08,141
2149,2024-09,174
2149,2024-10,177
2149,2024-11,196
2149,2024-12,148
2149,2025-01,141
2149,2025-02,128
2149,2025-03,125
2149,2025-04,137
2149,2025-05,104
2149,2025-06,97
2149,2025-07,99
2149,2025-08,102
2149,2025-09,122
2149,2025-10,126
2149,2025-11,89
2149,2025-12,106
2161,2020-01,12
2161,2020-02,27
2161,2020-03,11
2161,2020-04,4
2161,2020-05,14
2161,2020-06,12
2161,2020-07,9
2161,2020-08,17
2161,2020-09,16
2161,2020-10,14
2161,2020-11,15
2161,2020-12,21
2161,2021-01,17
2161,2021-02,10
2161,2021-03,17
2161,2021-04,24
2161,2021-05,23
2161,2021-06,30
2161,2021-07,14
2161,2021-08,16
2161,2021-09,32
2161,2021-10,26
2161,2021-11,23
2161,2021-12,19
2161,2022-01,35
2161,2022-02,28
2161,2022-03,29
2161,2022-04,17
2161,2022-05,20
2161,2022-06,19
2161,2022-07,15
2161,2022-08,11
2161,2022-09,23
2161,2022-10,9
2161,2022-11,14
2161,2022-12,3
2161,2023-01,4
2161,2023-02,12
2161,2023-03,6
2161,2023-04,10
2161,2023-05,14
2161,2023-06,10
2161,2023-07,13
2161,2023-08,10
2161,2023-09,8
2161,2023-10,19
2161,2023-11,12
2161,2023-12,5
2161,2024-01,7
2161,2024-02,11
2161,2024-03,13
2161,2024-04,6
2161,2024-05,9
2161,2024-06,12
2161,2024-07,7
2161,2024-08,7
2161,2024-09,14
2161,2024-10,11
2161,2024-11,5
2161,2024-12,8
2161,2025-01,8
2161,2025-02,11
2161,2025-03,10
2161,2025-04,19
2161,2025-05,7
2161,2025-06,13
2161,2025-07,4
2161,2025-08,5
2161,2025-09,9
2161,2025-10,9
2161,2025-11,10
2161,2025-12,18
2162,2020-01,9
2162,2020-02,13
2162,2020-03,8
2162,2020-04,3
2162,2020-05,4
2162,2020-06,3
2162,2020-07,6
2162,2020-08,2
2162,2020-09,3
2162,2020-10,6
2162,2020-11,10
2162,2020-12,7
2162,2021-01,4
2162,2021-02,9
2162,2021-03,7
2162,2021-04,7
2162,2021-05,12
2162,2021-06,7
2162,2021-07,9
2162,2021-08,3
2162,2021-09,12
2162,2021-10,6
2162,2021-11,8
2162,2021-12,23
2162,2022-01,9
2162,2022-02,11
2162,2022-03,16
2162,2022-04,11
2162,2022-05,7
2162,2022-06,5
2162,2022-07,7
2162,2022-08,8
2162,2022-09,5
2162,2022-10,7
2162,2022-11,4
2162,2022-12,16
2162,2023-01,4
2162,2023-02,7
2162,2023-03,13
2162,2023-04,5
2162,2023-05,7
2162,2023-06,7
2162,2023-07,5
2162,2023-08,7
2162,2023-09,2
2162,2023-10,8
2162,2023-11,7
2162,2023-12,6
2162,2024-01,11
2162,2024-02,3
2162,2024-03,3
2162,2024-04,11
2162,2024-05,5
2162,2024-06,2
2162,2024-07,2
2162,2024-08,2
2162,2024-09,4
2162,2024-10,9
2162,2024-11,3
2162,2024-12,6
2162,2025-01,3
2162,2025-02,5
2162,2025-03,4
2162,2025-04,5
2162,2025-05,4
2162,2025-06,5
2162,2025-07,6
2162,2025-08,4
2162,2025-09,8
2162,2025-10,3
2162,2025-11,7
2162,2025-12,8
2163,2020-01,20
2163,2020-02,21
2163,2020-03,27
2163,2020-04,6
2163,2020-05,22
2163,2020-06,15
2163,2020-07,3
2163,2020-08,8
2163,2020-09,12
2163,2020-10,28
2163,2020-11,28
2163,2020-12,33
2163,2021-01,23
2163,2021-02,32
2163,2021-03,36
2163,2021-04,31
2163,2021-05,24
2163,2021-06,27
2163,2021-07,14
2163,2021-08,27
2163,2021-09,15
2163,2021-10,27
2163,2021-11,35
2163,2021-12,64
2163,2022-01,13
2163,2022-02,24
2163,2022-03,32
2163,2022-04,28
2163,2022-05,24
2163,2022-06,17
2163,2022-07,17
2163,2022-08,15
2163,2022-09,18
2163,2022-10,12
2163,2022-11,12
2163,2022-12,24
2163,2023-01,13
2163,2023-02,16
2163,2023-03,22
2163,2023-04,13
2163,2023-05,23
2163,2023-06,23
2163,2023-07,6
2163,2023-08,15
2163,2023-09,19
2163,2023-10,14
2163,2023-11,13
2163,2023-12,12
2163,2024-01,15
2163,2024-02,16
2163,2024-03,18
2163,2024-04,19
2163,2024-05,14
2163,2024-06,11
2163,2024-07,10
2163,2024-08,11
2163,2024-09,12
2163,2024-10,17
2163,2024-11,14
2163,2024-12,21
2163,2025-01,7
2163,2025-02,16
2163,2025-03,18
2163,2025-04,16
2163,2025-05,19
2163,2025-06,14
2163,2025-07,9
2163,2025-08,10
2163,2025-09,13
2163,2025-10,16
2163,2025-11,14
2163,2025-12,19
2164,2020-01,31
2164,2020-02,31
2164,2020-03,23
2164,2020-04,30
2164,2020-05,31
2164,2020-06,18
2164,2020-07,16
2164,2020-08,15
2164,2020-09,18
2164,2020-10,39
2164,2020-11,31
2164,2020-12,20
2164,2021-01,27
2164,2021-02,28
2164,2021-03,47
2164,2021-04,57
2164,2021-05,43
2164,2021-06,38
2164,2021-07,17
2164,2021-08,16
2164,2021-09,41
2164,2021-10,42
2164,2021-11,38
2164,2021-12,78
2164,2022-01,30
2164,2022-02,79
2164,2022-03,58
2164,2022-04,46
2164,2022-05,45
2164,2022-06,31
2164,2022-07,19
2164,2022-08,39
2164,2022-09,29
2164,2022-10,37
2164,2022-11,26
2164,2022-12,67
2164,2023-01,26
2164,2023-02,51
2164,2023-03,33
2164,2023-04,21
2164,2023-05,33
2164,2023-06,29
2164,2023-07,22
2164,2023-08,13
2164,2023-09,14
2164,2023-10,24
2164,2023-11,24
2164,2023-12,28
2164,2024-01,14
2164,2024-02,23
2164,2024-03,22
2164,2024-04,25
2164,2024-05,17
2164,2024-06,12
2164,2024-07,9
2164,2024-08,14
2164,2024-09,19
2164,2024-10,25
2164,2024-11,17
2164,2024-12,17
2164,2025-01,29
2164,2025-02,18
2164,2025-03,21
2164,2025-04,20
2164,2025-05,16
2164,2025-06,13
2164,2025-07,14
2164,2025-08,15
2164,2025-09,26
2164,2025-10,15
2164,2025-11,16
2164,2025-12,22
2171,2020-01,6
2171,2020-02,4
2171,2020-03,2
2171,2020-04,1
2171,2020-05,2
2171,2020-06,6
2171,2020-07,4
2171,2020-08,1
2171,2020-09,1
2171,2020-10,1
2171,2020-11,3
2171,2020-12,2
2171,2021-01,6
2171,2021-02,9
2171,2021-03,4
2171,2021-04,8
2171,2021-05,6
2171,2021-06,9
2171,2021-07,14
2171,2021-08,10
2171,2021-09,17
2171,2021-10,25
2171,2021-11,28
2171,2021-12,28
2171,2022-01,24
2171,2022-02,11
2171,2022-03,11
2171,2022-04,14
2171,2022-05,14
2171,2022-06,20
2171,2022-07,33
2171,2022-08,9
2171,2022-09,22
2171,2022-10,5
2171,2022-11,18
2171,2022-12,10
2171,2023-01,18
2171,2023-02,3
2171,2023-03,8
2171,2023-04,6
2171,2023-05,9
2171,2023-06,12
2171,2023-07,4
2171,2023-08,10
2171,2023-09,13
2171,2023-10,19
2171,2023-11,8
2171,2023-12,14
2171,2024-01,5
2171,2024-02,14
2171,2024-03,4
2171,2024-04,7
2171,2024-05,1
2171,2024-06,10
2171,2024-07,5
2171,2024-08,3
2171,2024-09,7
2171,2024-10,6
2171,2024-11,12
2171,2024-12,4
2171,2025-01,5
2171,2025-02,7
2171,2025-03,11
2171,2025-04,11
2171,2025-05,11
2171,2025-06,3
2171,2025-08,8
2171,2025-09,15
2171,2025-10,9
2171,2025-11,7
2171,2025-12,4
2172,2020-01,29
2172,2020-02,44
2172,2020-03,38
2172,2020-04,11
2172,2020-05,16
2172,2020-06,21
2172,2020-07,13
2172,2020-08,21
2172,2020-09,24
2172,2020-10,49
2172,2020-11,43
2172,2020-12,27
2172,2021-01,29
2172,2021-02,41
2172,2021-03,30
2172,2021-04,37
2172,2021-05,38
2172,2021-06,36
2172,2021-07,19
2172,2021-08,51
2172,2021-09,50
2172,2021-10,38
2172,2021-11,47
2172,2021-12,55
2172,2022-01,48
2172,2022-02,49
2172,2022-03,69
2172,2022-04,58
2172,2022-05,53
2172,2022-06,34
2172,2022-07,25
2172,2022-08,32
2172,2022-09,47
2172,2022-10,41
2172,2022-11,35
2172,2022-12,18
2172,2023-01,20
2172,2023-02,31
2172,2023-03,27
2172,2023-04,40
2172,2023-05,26
2172,2023-06,24
2172,2023-07,18
2172,2023-08,20
2172,2023-09,23
2172,2023-10,19
2172,2023-11,32
2172,2023-12,15
2172,2024-01,17
2172,2024-02,23
2172,2024-03,26
2172,2024-04,34
2172,2024-05,38
2172,2024-06,23
2172,2024-07,12
2172,2024-08,20
2172,2024-09,18
2172,2024-10,21
2172,2024-11,16
2172,2024-12,18
2172,2025-01,26
2172,2025-02,27
2172,2025-03,24
2172,2025-04,21
2172,2025-05,18
2172,2025-06,11
2172,2025-07,16
2172,2025-08,15
2172,2025-09,23
2172,2025-10,33
2172,2025-11,19
2172,2025-12,17
2173,2020-01,47
2173,2020-02,65
2173,2020-03,53
2173,2020-04,33
2173,2020-05,30
2173,2020-06,47
2173,2020-07,30
2173,2020-08,21
2173,2020-09,51
2173,2020-10,48
2173,2020-11,49
2173,2020-12,37
2173,2021-01,44
2173,2021-02,32
2173,2021-03,63
2173,2021-04,61
2173,2021-05,56
2173,2021-06,60
2173,2021-07,59
2173,2021-08,59
2173,2021-09,68
2173,2021-10,76
2173,2021-11,67
2173,2021-12,73
2173,2022-01,67
2173,2022-02,82
2173,2022-03,92
2173,2022-04,70
2173,2022-05,78
2173,2022-06,71
2173,2022-07,48
2173,2022-08,56
2173,2022-09,67
2173,2022-10,66
2173,2022-11,62
2173,2022-12,67
2173,2023-01,80
2173,2023-02,61
2173,2023-03,58
2173,2023-04,35
2173,2023-05,44
2173,2023-06,38
2173,2023-07,31
2173,2023-08,38
2173,2023-09,40
2173,2023-10,55
2173,2023-11,47
2173,2023-12,23
2173,2024-01,55
2173,2024-02,39
2173,2024-03,31
2173,2024-04,23
2173,2024-05,33
2173,2024-06,36
2173,2024-07,37
2173,2024-08,33
2173,2024-09,37
2173,2024-10,27
2173,2024-11,36
2173,2024-12,33
2173,2025-01,43
2173,2025-02,25
2173,2025-03,34
2173,2025-04,33
2173,2025-05,34
2173,2025-06,34
2173,2025-07,18
2173,2025-08,24
2173,2025-09,25
2173,2025-10,27
2173,2025-11,30
2173,2025-12,30
2179,2020-01,34
2179,2020-02,30
2179,2020-03,18
2179,2020-04,11
2179,2020-05,6
2179,2020-06,18
2179,2020-07,13
2179,2020-08,11
2179,2020-09,14
2179,2020-10,21
2179,2020-11,22
2179,2020-12,25
2179,2021-01,13
2179,2021-02,25
2179,2021-03,35
2179,2021-04,35
2179,2021-05,52
2179,2021-06,46
2179,2021-07,33
2179,2021-08,42
2179,2021-09,53
2179,2021-10,45
2179,2021-11,57
2179,2021-12,58
2179,2022-01,57
2179,2022-02,62
2179,2022-03,53
2179,2022-04,50
2179,2022-05,68
2179,2022-06,80
2179,2022-07,38
2179,2022-08,60
2179,2022-09,44
2179,2022-10,30
2179,2022-11,37
2179,2022-12,27
2179,2023-01,26
2179,2023-02,41
2179,2023-03,28
2179,2023-04,25
2179,2023-05,36
2179,2023-06,32
2179,2023-07,9
2179,2023-08,40
2179,2023-09,35
2179,2023-10,39
2179,2023-11,45
2179,2023-12,18
2179,2024-01,26
2179,2024-02,17
2179,2024-03,27
2179,2024-04,24
2179,2024-05,26
2179,2024-06,27
2179,2024-07,22
2179,2024-08,11
2179,2024-09,40
2179,2024-10,29
2179,2024-11,26
2179,2024-12,22
2179,2025-01,28
2179,2025-02,22
2179,2025-03,21
2179,2025-04,20
2179,2025-05,18
2179,2025-06,14
2179,2025-07,13
2179,2025-08,10
2179,2025-09,30
2179,2025-10,20
2179,2025-11,12
2179,2025-12,21
2181,2020-01,31
2181,2020-02,31
2181,2020-03,41
2181,2020-04,30
2181,2020-05,22
2181,2020-06,24
2181,2020-07,11
2181,2020-08,19
2181,2020-09,17
2181,2020-10,26
2181,2020-11,33
2181,2020-12,30
2181,2021-01,29
2181,2021-02,51
2181,2021-03,30
2181,2021-04,41
2181,2021-05,36
2181,2021-06,33
2181,2021-07,26
2181,2021-08,27
2181,2021-09,49
2181,2021-10,54
2181,2021-11,37
2181,2021-12,48
2181,2022-01,39
2181,2022-02,42
2181,2022-03,60
2181,2022-04,50
2181,2022-05,73
2181,2022-06,53
2181,2022-07,48
2181,2022-08,54
2181,2022-09,56
2181,2022-10,52
2181,2022-11,40
2181,2022-12,80
2181,2023-01,54
2181,2023-02,43
2181,2023-03,76
2181,2023-04,47
2181,2023-05,65
2181,2023-06,50
2181,2023-07,37
2181,2023-08,36
2181,2023-09,56
2181,2023-10,41
2181,2023-11,33
2181,2023-12,45
2181,2024-01,53
2181,2024-02,42
2181,2024-03,72
2181,2024-04,67
2181,2024-05,45
2181,2024-06,47
2181,2024-07,53
2181,2024-08,44
2181,2024-09,52
2181,2024-10,47
2181,2024-11,44
2181,2024-12,37
2181,2025-01,41
2181,2025-02,34
2181,2025-03,37
2181,2025-04,59
2181,2025-05,48
2181,2025-06,54
2181,2025-07,38
2181,2025-08,39
2181,2025-09,40
2181,2025-10,45
2181,2025-11,34
2181,2025-12,61
2182,2020-01,47
2182,2020-02,56
2182,2020-03,46
2182,2020-04,25
2182,2020-05,34
2182,2020-06,30
2182,2020-07,16
2182,2020-08,28
2182,2020-09,51
2182,2020-10,60
2182,2020-11,46
2182,2020-12,47
2182,2021-01,44
2182,2021-02,62
2182,2021-03,80
2182,2021-04,48
2182,2021-05,71
2182,2021-06,52
2182,2021-07,28
2182,2021-08,37
2182,2021-09,47
2182,2021-10,31
2182,2021-11,61
2182,2021-12,75
2182,2022-01,51
2182,2022-02,76
2182,2022-03,73
2182,2022-04,66
2182,2022-05,62
2182,2022-06,62
2182,2022-07,45
2182,2022-08,39
2182,2022-09,71
2182,2022-10,64
2182,2022-11,46
2182,2022-12,64
2182,2023-01,44
2182,2023-02,49
2182,2023-03,65
2182,2023-04,35
2182,2023-05,65
2182,2023-06,41
2182,2023-07,26
2182,2023-08,31
2182,2023-09,22
2182,2023-10,42
2182,2023-11,29
2182,2023-12,29
2182,2024-01,26
2182,2024-02,40
2182,2024-03,64
2182,2024-04,46
2182,2024-05,39
2182,2024-06,31
2182,2024-07,26
2182,2024-08,38
2182,2024-09,32
2182,2024-10,64
2182,2024-11,40
2182,2024-12,64
2182,2025-01,44
2182,2025-02,63
2182,2025-03,49
2182,2025-04,51
2182,2025-05,50
2182,2025-06,40
2182,2025-07,34
2182,2025-08,22
2182,2025-09,52
2182,2025-10,52
2182,2025-11,51
2182,2025-12,52
2183,2020-01,77
2183,2020-02,141
2183,2020-03,89
2183,2020-04,74
2183,2020-05,65
2183,2020-06,66
2183,2020-07,52
2183,2020-08,39
2183,2020-09,48
2183,2020-10,81
2183,2020-11,90
2183,2020-12,131
2183,2021-01,73
2183,2021-02,101
2183,2021-03,91
2183,2021-04,110
2183,2021-05,123
2183,2021-06,77
2183,2021-07,65
2183,2021-08,57
2183,2021-09,97
2183,2021-10,112
2183,2021-11,118
2183,2021-12,202
2183,2022-01,121
2183,2022-02,160
2183,2022-03,200
2183,2022-04,153
2183,2022-05,165
2183,2022-06,153
2183,2022-07,107
2183,2022-08,121
2183,2022-09,133
2183,2022-10,152
2183,2022-11,115
2183,2022-12,159
2183,2023-01,119
2183,2023-02,137
2183,2023-03,170
2183,2023-04,113
2183,2023-05,171
2183,2023-06,116
2183,2023-07,93
2183,2023-08,110
2183,2023-09,98
2183,2023-10,131
2183,2023-11,127
2183,2023-12,122
2183,2024-01,121
2183,2024-02,137
2183,2024-03,123
2183,2024-04,115
2183,2024-05,124
2183,2024-06,110
2183,2024-07,106
2183,2024-08,99
2183,2024-09,83
2183,2024-10,124
2183,2024-11,91
2183,2024-12,125
2183,2025-01,98
2183,2025-02,122
2183,2025-03,114
2183,2025-04,97
2183,2025-05,68
2183,2025-06,93
2183,2025-07,65
2183,2025-08,62
2183,2025-09,97
2183,2025-10,91
2183,2025-11,89
2183,2025-12,124
2211,2020-01,376
2211,2020-02,317
2211,2020-03,293
2211,2020-04,224
2211,2020-05,258
2211,2020-06,270
2211,2020-07,201
2211,2020-08,221
2211,2020-09,380
2211,2020-10,561
2211,2020-11,1015
2211,2020-12,984
2211,2021-01,670
2211,2021-02,1145
2211,2021-03,1326
2211,2021-04,1184
2211,2021-05,775
2211,2021-06,452
2211,2021-07,285
2211,2021-08,329
2211,2021-09,657
2211,2021-10,398
2211,2021-11,827
2211,2021-12,667
2211,2022-01,840
2211,2022-02,1165
2211,2022-03,767
2211,2022-04,657
2211,2022-05,761
2211,2022-06,810
2211,2022-07,428
2211,2022-08,692
2211,2022-09,1029
2211,2022-10,1053
2211,2022-11,1019
2211,2022-12,918
2211,2023-01,1136
2211,2023-02,1212
2211,2023-03,1377
2211,2023-04,1137
2211,2023-05,1606
2211,2023-06,1390
2211,2023-07,1048
2211,2023-08,1231
2211,2023-09,1261
2211,2023-10,1134
2211,2023-11,970
2211,2023-12,492
2211,2024-01,636
2211,2024-02,587
2211,2024-03,601
2211,2024-04,631
2211,2024-05,870
2211,2024-06,689
2211,2024-07,419
2211,2024-08,612
2211,2024-09,591
2211,2024-10,669
2211,2024-11,469
2211,2024-12,492
2211,2025-01,576
2211,2025-02,498
2211,2025-03,469
2211,2025-04,444
2211,2025-05,461
2211,2025-06,351
2211,2025-07,293
2211,2025-08,329
2211,2025-09,637
2211,2025-10,616
2211,2025-11,569
2211,2025-12,667
2212,2020-01,78
2212,2020-02,96
2212,2020-03,59
2212,2020-04,49
2212,2020-05,69
2212,2020-06,62
2212,2020-07,26
2212,2020-08,42
2212,2020-09,60
2212,2020-10,87
2212,2020-11,82
2212,2020-12,58
2212,2021-01,63
2212,2021-02,51
2212,2021-03,63
2212,2021-04,67
2212,2021-05,69
2212,2021-06,52
2212,2021-07,30
2212,2021-08,37
2212,2021-09,72
2212,2021-10,84
2212,2021-11,121
2212,2021-12,74
2212,2022-01,66
2212,2022-02,88
2212,2022-03,101
2212,2022-04,87
2212,2022-05,108
2212,2022-06,102
2212,2022-07,56
2212,2022-08,80
2212,2022-09,116
2212,2022-10,124
2212,2022-11,115
2212,2022-12,87
2212,2023-01,80
2212,2023-02,102
2212,2023-03,123
2212,2023-04,133
2212,2023-05,159
2212,2023-06,135
2212,2023-07,73
2212,2023-08,107
2212,2023-09,121
2212,2023-10,190
2212,2023-11,100
2212,2023-12,52
2212,2024-01,104
2212,2024-02,89
2212,2024-03,100
2212,2024-04,98
2212,2024-05,82
2212,2024-06,58
2212,2024-07,39
2212,2024-08,74
2212,2024-09,84
2212,2024-10,123
2212,2024-11,94
2212,2024-12,74
2212,2025-01,107
2212,2025-02,97
2212,2025-03,100
2212,2025-04,88
2212,2025-05,75
2212,2025-06,51
2212,2025-07,37
2212,2025-08,68
2212,2025-09,110
2212,2025-10,97
2212,2025-11,134
2212,2025-12,84
2213,2020-01,28
2213,2020-02,41
2213,2020-03,2
2213,2020-04,1
2213,2020-05,1
2213,2020-06,1
2213,2020-07,1
2213,2020-08,9
2213,2020-09,22
2213,2020-12,1
2213,2021-01,9
2213,2021-02,32
2213,2021-04,1
2213,2021-05,4
2213,2021-06,3
2213,2021-07,2
2213,2021-08,5
2213,2021-09,32
2213,2021-10,2
2213,2021-11,3
2213,2021-12,2
2213,2022-01,19
2213,2022-02,17
2213,2022-05,6
2213,2022-06,2
2213,2022-08,4
2213,2022-09,38
2213,2022-10,1
2213,2022-11,4
2213,2022-12,4
2213,2023-01,23
2213,2023-02,22
2213,2023-03,3
2213,2023-04,2
2213,2023-05,4
2213,2023-06,1
2213,2023-07,1
2213,2023-08,11
2213,2023-09,25
2213,2023-10,8
2213,2023-11,17
2213,2024-01,20
2213,2024-02,20
2213,2024-03,4
2213,2024-04,3
2213,2024-05,2
2213,2024-07,2
2213,2024-08,15
2213,2024-09,32
2213,2024-10,8
2213,2024-11,16
2213,2024-12,7
2213,2025-01,32
2213,2025-02,20
2213,2025-03,2
2213,2025-04,3
2213,2025-05,2
2213,2025-06,2
2213,2025-07,1
2213,2025-08,13
2213,2025-09,31
2213,2025-10,7
2213,2025-11,5
2213,2025-12,5
2219,2020-01,281
2219,2020-02,306
2219,2020-03,440
2219,2020-04,251
2219,2020-05,283
2219,2020-06,243
2219,2020-07,158
2219,2020-08,133
2219,2020-09,802
2219,2020-10,572
2219,2020-11,472
2219,2020-12,509
2219,2021-01,308
2219,2021-02,557
2219,2021-03,959
2219,2021-04,649
2219,2021-05,288
2219,2021-06,127
2219,2021-07,103
2219,2021-08,112
2219,2021-09,192
2219,2021-10,188
2219,2021-11,437
2219,2021-12,256
2219,2022-01,355
2219,2022-02,372
2219,2022-03,346
2219,2022-04,277
2219,2022-05,411
2219,2022-06,394
2219,2022-07,297
2219,2022-08,309
2219,2022-09,570
2219,2022-10,427
2219,2022-11,363
2219,2022-12,465
2219,2023-01,574
2219,2023-02,430
2219,2023-03,497
2219,2023-04,710
2219,2023-05,888
2219,2023-06,442
2219,2023-07,447
2219,2023-08,473
2219,2023-09,394
2219,2023-10,422
2219,2023-11,384
2219,2023-12,302
2219,2024-01,257
2219,2024-02,442
2219,2024-03,239
2219,2024-04,346
2219,2024-05,185
2219,2024-06,122
2219,2024-07,83
2219,2024-08,120
2219,2024-09,140
2219,2024-10,174
2219,2024-11,165
2219,2024-12,116
2219,2025-01,162
2219,2025-02,153
2219,2025-03,135
2219,2025-04,139
2219,2025-05,97
2219,2025-06,130
2219,2025-07,103
2219,2025-08,97
2219,2025-09,162
2219,2025-10,157
2219,2025-11,188
2219,2025-12,160
2221,2020-01,2443
2221,2020-02,2969
2221,2020-03,3247
2221,2020-04,3350
2221,2020-05,3539
2221,2020-06,3341
2221,2020-07,2203
2221,2020-08,2231
2221,2020-09,2417
2221,2020-10,2766
2221,2020-11,3877
2221,2020-12,2689
2221,2021-01,3311
2221,2021-02,3463
2221,2021-03,5191
2221,2021-04,5802
2221,2021-05,4357
2221,2021-06,3268
2221,2021-07,1683
2221,2021-08,2442
2221,2021-09,3424
2221,2021-10,3316
2221,2021-11,4677
2221,2021-12,4042
2221,2022-01,4746
2221,2022-02,5873
2221,2022-03,6258
2221,2022-04,5805
2221,2022-05,8122
2221,2022-06,6259
2221,2022-07,2801
2221,2022-08,4997
2221,2022-09,5425
2221,2022-10,6561
2221,2022-11,5884
2221,2022-12,6136
2221,2023-01,8065
2221,2023-02,8267
2221,2023-03,9100
2221,2023-04,10194
2221,2023-05,15432
2221,2023-06,7407
2221,2023-07,4943
2221,2023-08,5692
2221,2023-09,6127
2221,2023-10,4995
2221,2023-11,4507
2221,2023-12,3147
2221,2024-01,4740
2221,2024-02,4727
2221,2024-03,3806
2221,2024-04,5497
2221,2024-05,3970
2221,2024-06,3149
2221,2024-07,1761
2221,2024-08,2298
2221,2024-09,2130
2221,2024-10,2197
2221,2024-11,2169
2221,2024-12,1793
2221,2025-01,2551
2221,2025-02,2797
2221,2025-03,3041
2221,2025-04,2495
2221,2025-05,2510
2221,2025-06,1771
2221,2025-07,1119
2221,2025-08,1597
2221,2025-09,1978
2221,2025-10,2005
2221,2025-11,2124
2221,2025-12,1972
2222,2020-01,142
2222,2020-02,160
2222,2020-03,140
2222,2020-04,136
2222,2020-05,138
2222,2020-06,129
2222,2020-07,50
2222,2020-08,57
2222,2020-09,102
2222,2020-10,113
2222,2020-11,147
2222,2020-12,112
2222,2021-01,152
2222,2021-02,203
2222,2021-03,244
2222,2021-04,206
2222,2021-05,195
2222,2021-06,141
2222,2021-07,76
2222,2021-08,108
2222,2021-09,150
2222,2021-10,167
2222,2021-11,230
2222,2021-12,178
2222,2022-01,194
2222,2022-02,327
2222,2022-03,389
2222,2022-04,264
2222,2022-05,521
2222,2022-06,291
2222,2022-07,115
2222,2022-08,221
2222,2022-09,265
2222,2022-10,301
2222,2022-11,242
2222,2022-12,230
2222,2023-01,325
2222,2023-02,302
2222,2023-03,682
2222,2023-04,943
2222,2023-05,553
2222,2023-06,390
2222,2023-07,152
2222,2023-08,158
2222,2023-09,193
2222,2023-10,163
2222,2023-11,150
2222,2023-12,57
2222,2024-01,150
2222,2024-02,73
2222,2024-03,63
2222,2024-04,224
2222,2024-05,170
2222,2024-06,125
2222,2024-07,67
2222,2024-08,57
2222,2024-09,88
2222,2024-10,95
2222,2024-11,99
2222,2024-12,86
2222,2025-01,101
2222,2025-02,129
2222,2025-03,162
2222,2025-04,104
2222,2025-05,80
2222,2025-06,69
2222,2025-07,58
2222,2025-08,70
2222,2025-09,68
2222,2025-10,78
2222,2025-11,89
2222,2025-12,100
2223,2020-01,73
2223,2020-02,113
2223,2020-03,120
2223,2020-04,89
2223,2020-05,67
2223,2020-06,118
2223,2020-07,58
2223,2020-08,72
2223,2020-09,103
2223,2020-10,87
2223,2020-11,124
2223,2020-12,98
2223,2021-01,89
2223,2021-02,103
2223,2021-03,163
2223,2021-04,161
2223,2021-05,148
2223,2021-06,107
2223,2021-07,46
2223,2021-08,100
2223,2021-09,140
2223,2021-10,230
2223,2021-11,137
2223,2021-12,147
2223,2022-01,157
2223,2022-02,319
2223,2022-03,244
2223,2022-04,157
2223,2022-05,264
2223,2022-06,161
2223,2022-07,101
2223,2022-08,192
2223,2022-09,213
2223,2022-10,210
2223,2022-11,259
2223,2022-12,273
2223,2023-01,346
2223,2023-02,332
2223,2023-03,452
2223,2023-04,603
2223,2023-05,392
2223,2023-06,287
2223,2023-07,184
2223,2023-08,247
2223,2023-09,196
2223,2023-10,149
2223,2023-11,148
2223,2023-12,169
2223,2024-01,145
2223,2024-02,116
2223,2024-03,87
2223,2024-04,257
2223,2024-05,109
2223,2024-06,71
2223,2024-07,40
2223,2024-08,41
2223,2024-09,97
2223,2024-10,105
2223,2024-11,77
2223,2024-12,41
2223,2025-01,90
2223,2025-02,92
2223,2025-03,122
2223,2025-04,63
2223,2025-05,64
2223,2025-06,43
2223,2025-07,26
2223,2025-08,33
2223,2025-09,65
2223,2025-10,61
2223,2025-11,48
2223,2025-12,45
2224,2020-01,227
2224,2020-02,247
2224,2020-03,209
2224,2020-04,151
2224,2020-05,170
2224,2020-06,147
2224,2020-07,105
2224,2020-08,134
2224,2020-09,201
2224,2020-10,205
2224,2020-11,217
2224,2020-12,197
2224,2021-01,198
2224,2021-02,252
2224,2021-03,315
2224,2021-04,280
2224,2021-05,221
2224,2021-06,163
2224,2021-07,118
2224,2021-08,180
2224,2021-09,234
2224,2021-10,233
2224,2021-11,243
2224,2021-12,258
2224,2022-01,292
2224,2022-02,259
2224,2022-03,305
2224,2022-04,217
2224,2022-05,295
2224,2022-06,245
2224,2022-07,135
2224,2022-08,205
2224,2022-09,269
2224,2022-10,244
2224,2022-11,231
2224,2022-12,293
2224,2023-01,341
2224,2023-02,328
2224,2023-03,431
2224,2023-04,411
2224,2023-05,461
2224,2023-06,291
2224,2023-07,269
2224,2023-08,248
2224,2023-09,212
2224,2023-10,253
2224,2023-11,276
2224,2023-12,227
2224,2024-01,291
2224,2024-02,185
2224,2024-03,179
2224,2024-04,249
2224,2024-05,190
2224,2024-06,182
2224,2024-07,135
2224,2024-08,107
2224,2024-09,138
2224,2024-10,185
2224,2024-11,121
2224,2024-12,125
2224,2025-01,168
2224,2025-02,183
2224,2025-03,189
2224,2025-04,150
2224,2025-05,155
2224,2025-06,136
2224,2025-07,91
2224,2025-08,104
2224,2025-09,142
2224,2025-10,146
2224,2025-11,130
2224,2025-12,158
2225,2020-01,130
2225,2020-02,125
2225,2020-03,130
2225,2020-04,110
2225,2020-05,139
2225,2020-06,91
2225,2020-07,68
2225,2020-08,78
2225,2020-09,105
2225,2020-10,99
2225,2020-11,94
2225,2020-12,99
2225,2021-01,86
2225,2021-02,165
2225,2021-03,128
2225,2021-04,142
2225,2021-05,147
2225,2021-06,96
2225,2021-07,47
2225,2021-08,89
2225,2021-09,128
2225,2021-10,124
2225,2021-11,116
2225,2021-12,98
2225,2022-01,134
2225,2022-02,182
2225,2022-03,208
2225,2022-04,192
2225,2022-05,203
2225,2022-06,193
2225,2022-07,118
2225,2022-08,163
2225,2022-09,198
2225,2022-10,291
2225,2022-11,199
2225,2022-12,171
2225,2023-01,365
2225,2023-02,233
2225,2023-03,336
2225,2023-04,391
2225,2023-05,326
2225,2023-06,228
2225,2023-07,134
2225,2023-08,243
2225,2023-09,180
2225,2023-10,219
2225,2023-11,157
2225,2023-12,137
2225,2024-01,177
2225,2024-02,110
2225,2024-03,142
2225,2024-04,282
2225,2024-05,245
2225,2024-06,145
2225,2024-07,92
2225,2024-08,113
2225,2024-09,152
2225,2024-10,139
2225,2024-11,72
2225,2024-12,75
2225,2025-01,140
2225,2025-02,105
2225,2025-03,87
2225,2025-04,83
2225,2025-05,65
2225,2025-06,49
2225,2025-07,56
2225,2025-08,64
2225,2025-09,91
2225,2025-10,97
2225,2025-11,75
2225,2025-12,95
2226,2020-01,44
2226,2020-02,70
2226,2020-03,51
2226,2020-04,87
2226,2020-05,58
2226,2020-06,67
2226,2020-07,23
2226,2020-08,13
2226,2020-09,39
2226,2020-10,50
2226,2020-11,58
2226,2020-12,58
2226,2021-01,28
2226,2021-02,89
2226,2021-03,128
2226,2021-04,65
2226,2021-05,61
2226,2021-06,50
2226,2021-07,21
2226,2021-08,35
2226,2021-09,49
2226,2021-10,46
2226,2021-11,148
2226,2021-12,77
2226,2022-01,49
2226,2022-02,108
2226,2022-03,81
2226,2022-04,75
2226,2022-05,105
2226,2022-06,90
2226,2022-07,27
2226,2022-08,48
2226,2022-09,57
2226,2022-10,61
2226,2022-11,50
2226,2022-12,67
2226,2023-01,73
2226,2023-02,74
2226,2023-03,126
2226,2023-04,135
2226,2023-05,212
2226,2023-06,191
2226,2023-07,83
2226,2023-08,106
2226,2023-09,118
2226,2023-10,105
2226,2023-11,129
2226,2023-12,103
2226,2024-01,123
2226,2024-02,154
2226,2024-03,68
2226,2024-04,223
2226,2024-05,190
2226,2024-06,77
2226,2024-07,33
2226,2024-08,45
2226,2024-09,69
2226,2024-10,41
2226,2024-11,100
2226,2024-12,47
2226,2025-01,128
2226,2025-02,71
2226,2025-03,114
2226,2025-04,83
2226,2025-05,93
2226,2025-06,69
2226,2025-07,52
2226,2025-08,64
2226,2025-09,46
2226,2025-10,49
2226,2025-11,72
2226,2025-12,79
2227,2020-01,131
2227,2020-02,100
2227,2020-03,197
2227,2020-04,258
2227,2020-05,167
2227,2020-06,82
2227,2020-07,53
2227,2020-08,85
2227,2020-09,74
2227,2020-10,87
2227,2020-11,87
2227,2020-12,78
2227,2021-01,99
2227,2021-02,109
2227,2021-03,147
2227,2021-04,107
2227,2021-05,93
2227,2021-06,76
2227,2021-07,48
2227,2021-08,72
2227,2021-09,99
2227,2021-10,94
2227,2021-11,85
2227,2021-12,80
2227,2022-01,129
2227,2022-02,120
2227,2022-03,117
2227,2022-04,91
2227,2022-05,395
2227,2022-06,80
2227,2022-07,63
2227,2022-08,91
2227,2022-09,84
2227,2022-10,88
2227,2022-11,85
2227,2022-12,91
2227,2023-01,133
2227,2023-02,128
2227,2023-03,127
2227,2023-04,92
2227,2023-05,91
2227,2023-06,73
2227,2023-07,44
2227,2023-08,73
2227,2023-09,59
2227,2023-10,68
2227,2023-11,52
2227,2023-12,50
2227,2024-01,73
2227,2024-02,79
2227,2024-03,69
2227,2024-04,86
2227,2024-05,60
2227,2024-06,43
2227,2024-07,42
2227,2024-08,35
2227,2024-09,41
2227,2024-10,45
2227,2024-11,25
2227,2024-12,78
2227,2025-01,50
2227,2025-02,57
2227,2025-03,71
2227,2025-04,68
2227,2025-05,52
2227,2025-06,39
2227,2025-07,28
2227,2025-08,34
2227,2025-09,47
2227,2025-10,47
2227,2025-11,28
2227,2025-12,38
2228,2020-01,86
2228,2020-02,123
2228,2020-03,157
2228,2020-04,147
2228,2020-05,128
2228,2020-06,130
2228,2020-07,51
2228,2020-08,51
2228,2020-09,78
2228,2020-10,78
2228,2020-11,157
2228,2020-12,125
2228,2021-01,122
2228,2021-02,153
2228,2021-03,207
2228,2021-04,141
2228,2021-05,119
2228,2021-06,407
2228,2021-07,53
2228,2021-08,79
2228,2021-09,155
2228,2021-10,128
2228,2021-11,148
2228,2021-12,121
2228,2022-01,148
2228,2022-02,185
2228,2022-03,173
2228,2022-04,126
2228,2022-05,155
2228,2022-06,122
2228,2022-07,51
2228,2022-08,69
2228,2022-09,120
2228,2022-10,100
2228,2022-11,141
2228,2022-12,162
2228,2023-01,281
2228,2023-02,276
2228,2023-03,436
2228,2023-04,693
2228,2023-05,412
2228,2023-06,275
2228,2023-07,193
2228,2023-08,219
2228,2023-09,231
2228,2023-10,161
2228,2023-11,163
2228,2023-12,74
2228,2024-01,150
2228,2024-02,105
2228,2024-03,67
2228,2024-04,204
2228,2024-05,157
2228,2024-06,100
2228,2024-07,53
2228,2024-08,59
2228,2024-09,151
2228,2024-10,127
2228,2024-11,116
2228,2024-12,101
2228,2025-01,106
2228,2025-02,104
2228,2025-03,142
2228,2025-04,74
2228,2025-05,55
2228,2025-06,41
2228,2025-07,55
2228,2025-08,51
2228,2025-09,75
2228,2025-10,89
2228,2025-11,61
2228,2025-12,81
2231,2020-01,127
2231,2020-02,173
2231,2020-03,148
2231,2020-04,79
2231,2020-05,60
2231,2020-06,87
2231,2020-07,72
2231,2020-08,81
2231,2020-09,147
2231,2020-10,150
2231,2020-11,164
2231,2020-12,103
2231,2021-01,96
2231,2021-02,118
2231,2021-03,144
2231,2021-04,159
2231,2021-05,91
2231,2021-06,73
2231,2021-07,52
2231,2021-08,84
2231,2021-09,160
2231,2021-10,132
2231,2021-11,152
2231,2021-12,138
2231,2022-01,146
2231,2022-02,232
2231,2022-03,216
2231,2022-04,152
2231,2022-05,244
2231,2022-06,149
2231,2022-07,95
2231,2022-08,200
2231,2022-09,218
2231,2022-10,253
2231,2022-11,259
2231,2022-12,286
2231,2023-01,391
2231,2023-02,319
2231,2023-03,412
2231,2023-04,591
2231,2023-05,344
2231,2023-06,304
2231,2023-07,184
2231,2023-08,193
2231,2023-09,264
2231,2023-10,229
2231,2023-11,197
2231,2023-12,188
2231,2024-01,198
2231,2024-02,170
2231,2024-03,111
2231,2024-04,260
2231,2024-05,129
2231,2024-06,106
2231,2024-07,78
2231,2024-08,102
2231,2024-09,122
2231,2024-10,166
2231,2024-11,210
2231,2024-12,88
2231,2025-01,175
2231,2025-02,182
2231,2025-03,171
2231,2025-04,104
2231,2025-05,90
2231,2025-06,81
2231,2025-07,73
2231,2025-08,79
2231,2025-09,121
2231,2025-10,116
2231,2025-11,86
2231,2025-12,89
2232,2020-01,102
2232,2020-02,112
2232,2020-03,106
2232,2020-04,73
2232,2020-05,78
2232,2020-06,77
2232,2020-07,70
2232,2020-08,93
2232,2020-09,147
2232,2020-10,108
2232,2020-11,88
2232,2020-12,60
2232,2021-01,93
2232,2021-02,74
2232,2021-03,119
2232,2021-04,149
2232,2021-05,122
2232,2021-06,105
2232,2021-07,57
2232,2021-08,95
2232,2021-09,163
2232,2021-10,146
2232,2021-11,192
2232,2021-12,144
2232,2022-01,183
2232,2022-02,160
2232,2022-03,157
2232,2022-04,131
2232,2022-05,173
2232,2022-06,144
2232,2022-07,85
2232,2022-08,146
2232,2022-09,233
2232,2022-10,206
2232,2022-11,148
2232,2022-12,107
2232,2023-01,228
2232,2023-02,198
2232,2023-03,207
2232,2023-04,254
2232,2023-05,265
2232,2023-06,249
2232,2023-07,151
2232,2023-08,158
2232,2023-09,183
2232,2023-10,179
2232,2023-11,91
2232,2023-12,65
2232,2024-01,150
2232,2024-02,86
2232,2024-03,83
2232,2024-04,145
2232,2024-05,109
2232,2024-06,88
2232,2024-07,45
2232,2024-08,60
2232,2024-09,72
2232,2024-10,81
2232,2024-11,71
2232,2024-12,55
2232,2025-01,59
2232,2025-02,62
2232,2025-03,91
2232,2025-04,71
2232,2025-05,69
2232,2025-06,41
2232,2025-07,31
2232,2025-08,69
2232,2025-09,59
2232,2025-10,81
2232,2025-11,53
2232,2025-12,61
2233,2020-01,86
2233,2020-02,90
2233,2020-03,93
2233,2020-04,107
2233,2020-05,148
2233,2020-06,149
2233,2020-07,51
2233,2020-08,101
2233,2020-09,110
2233,2020-10,121
2233,2020-11,84
2233,2020-12,66
2233,2021-01,74
2233,2021-02,70
2233,2021-03,124
2233,2021-04,150
2233,2021-05,186
2233,2021-06,155
2233,2021-07,59
2233,2021-08,159
2233,2021-09,166
2233,2021-10,183
2233,2021-11,153
2233,2021-12,129
2233,2022-01,110
2233,2022-02,117
2233,2022-03,177
2233,2022-04,168
2233,2022-05,206
2233,2022-06,177
2233,2022-07,67
2233,2022-08,161
2233,2022-09,131
2233,2022-10,144
2233,2022-11,118
2233,2022-12,109
2233,2023-01,116
2233,2023-02,110
2233,2023-03,169
2233,2023-04,99
2233,2023-05,199
2233,2023-06,151
2233,2023-07,70
2233,2023-08,92
2233,2023-09,88
2233,2023-10,113
2233,2023-11,86
2233,2023-12,74
2233,2024-01,79
2233,2024-02,72
2233,2024-03,94
2233,2024-04,87
2233,2024-05,93
2233,2024-06,73
2233,2024-07,39
2233,2024-08,72
2233,2024-09,79
2233,2024-10,68
2233,2024-11,62
2233,2024-12,49
2233,2025-01,46
2233,2025-02,47
2233,2025-03,66
2233,2025-04,112
2233,2025-05,111
2233,2025-06,91
2233,2025-07,41
2233,2025-08,81
2233,2025-09,59
2233,2025-10,77
2233,2025-11,65
2233,2025-12,85
2234,2020-01,14
2234,2020-02,6
2234,2020-03,9
2234,2020-04,5
2234,2020-05,2
2234,2020-06,5
2234,2020-07,5
2234,2020-08,3
2234,2020-09,8
2234,2020-10,10
2234,2020-11,14
2234,2020-12,12
2234,2021-01,8
2234,2021-02,15
2234,2021-03,10
2234,2021-04,21
2234,2021-05,20
2234,2021-06,17
2234,2021-07,10
2234,2021-08,12
2234,2021-09,19
2234,2021-10,31
2234,2021-11,18
2234,2021-12,28
2234,2022-01,20
2234,2022-02,18
2234,2022-03,28
2234,2022-04,22
2234,2022-05,24
2234,2022-06,19
2234,2022-07,10
2234,2022-08,7
2234,2022-09,14
2234,2022-10,13
2234,2022-11,16
2234,2022-12,23
2234,2023-01,15
2234,2023-02,20
2234,2023-03,18
2234,2023-04,7
2234,2023-05,16
2234,2023-06,9
2234,2023-07,8
2234,2023-08,14
2234,2023-09,12
2234,2023-10,8
2234,2023-11,8
2234,2023-12,10
2234,2024-01,17
2234,2024-02,8
2234,2024-03,10
2234,2024-04,7
2234,2024-05,14
2234,2024-06,8
2234,2024-07,6
2234,2024-08,4
2234,2024-09,5
2234,2024-10,4
2234,2024-11,7
2234,2024-12,11
2234,2025-01,8
2234,2025-02,16
2234,2025-03,9
2234,2025-04,18
2234,2025-05,13
2234,2025-06,13
2234,2025-07,8
2234,2025-08,4
2234,2025-09,10
2234,2025-10,6
2234,2025-11,9
2234,2025-12,15
2235,2020-01,65
2235,2020-02,34
2235,2020-03,44
2235,2020-04,45
2235,2020-05,42
2235,2020-06,39
2235,2020-07,23
2235,2020-08,22
2235,2020-09,68
2235,2020-10,60
2235,2020-11,73
2235,2020-12,57
2235,2021-01,39
2235,2021-02,73
2235,2021-03,83
2235,2021-04,85
2235,2021-05,63
2235,2021-06,68
2235,2021-07,22
2235,2021-08,295
2235,2021-09,280
2235,2021-10,80
2235,2021-11,166
2235,2021-12,82
2235,2022-01,101
2235,2022-02,97
2235,2022-03,102
2235,2022-04,84
2235,2022-05,117
2235,2022-06,97
2235,2022-07,57
2235,2022-08,57
2235,2022-09,138
2235,2022-10,152
2235,2022-11,140
2235,2022-12,120
2235,2023-01,223
2235,2023-02,141
2235,2023-03,182
2235,2023-04,155
2235,2023-05,274
2235,2023-06,190
2235,2023-07,83
2235,2023-08,150
2235,2023-09,140
2235,2023-10,203
2235,2023-11,106
2235,2023-12,59
2235,2024-01,112
2235,2024-02,51
2235,2024-03,69
2235,2024-04,161
2235,2024-05,80
2235,2024-06,63
2235,2024-07,52
2235,2024-08,68
2235,2024-09,103
2235,2024-10,83
2235,2024-11,51
2235,2024-12,58
2235,2025-01,55
2235,2025-02,66
2235,2025-03,81
2235,2025-04,38
2235,2025-05,21
2235,2025-06,29
2235,2025-07,23
2235,2025-08,18
2235,2025-09,38
2235,2025-10,34
2235,2025-11,33
2235,2025-12,61
2239,2020-01,11
2239,2020-02,31
2239,2020-03,34
2239,2020-04,29
2239,2020-05,27
2239,2020-06,15
2239,2020-07,18
2239,2020-08,19
2239,2020-09,21
2239,2020-10,23
2239,2020-11,31
2239,2020-12,33
2239,2021-01,20
2239,2021-02,27
2239,2021-03,28
2239,2021-04,35
2239,2021-05,26
2239,2021-06,18
2239,2021-07,11
2239,2021-08,14
2239,2021-09,25
2239,2021-10,26
2239,2021-11,24
2239,2021-12,25
2239,2022-01,29
2239,2022-02,47
2239,2022-03,47
2239,2022-04,44
2239,2022-05,34
2239,2022-06,27
2239,2022-07,20
2239,2022-08,14
2239,2022-09,38
2239,2022-10,44
2239,2022-11,25
2239,2022-12,33
2239,2023-01,29
2239,2023-02,26
2239,2023-03,42
2239,2023-04,36
2239,2023-05,46
2239,2023-06,27
2239,2023-07,15
2239,2023-08,32
2239,2023-09,18
2239,2023-10,36
2239,2023-11,54
2239,2023-12,22
2239,2024-01,30
2239,2024-02,22
2239,2024-03,23
2239,2024-04,21
2239,2024-05,13
2239,2024-06,14
2239,2024-07,9
2239,2024-08,10
2239,2024-09,17
2239,2024-10,18
2239,2024-11,17
2239,2024-12,18
2239,2025-01,20
2239,2025-02,15
2239,2025-03,17
2239,2025-04,16
2239,2025-05,16
2239,2025-06,11
2239,2025-07,8
2239,2025-08,15
2239,2025-09,23
2239,2025-10,21
2239,2025-11,26
2239,2025-12,20
2241,2020-01,250
2241,2020-02,295
2241,2020-03,269
2241,2020-04,210
2241,2020-05,225
2241,2020-06,195
2241,2020-07,133
2241,2020-08,141
2241,2020-09,210
2241,2020-10,244
2241,2020-11,268
2241,2020-12,237
2241,2021-01,242
2241,2021-02,226
2241,2021-03,305
2241,2021-04,340
2241,2021-05,311
2241,2021-06,285
2241,2021-07,140
2241,2021-08,228
2241,2021-09,365
2241,2021-10,327
2241,2021-11,386
2241,2021-12,341
2241,2022-01,294
2241,2022-02,369
2241,2022-03,412
2241,2022-04,351
2241,2022-05,468
2241,2022-06,443
2241,2022-07,201
2241,2022-08,347
2241,2022-09,408
2241,2022-10,337
2241,2022-11,367
2241,2022-12,292
2241,2023-01,281
2241,2023-02,287
2241,2023-03,332
2241,2023-04,260
2241,2023-05,352
2241,2023-06,208
2241,2023-07,117
2241,2023-08,219
2241,2023-09,224
2241,2023-10,325
2241,2023-11,249
2241,2023-12,225
2241,2024-01,277
2241,2024-02,279
2241,2024-03,284
2241,2024-04,261
2241,2024-05,297
2241,2024-06,212
2241,2024-07,107
2241,2024-08,243
2241,2024-09,279
2241,2024-10,322
2241,2024-11,210
2241,2024-12,256
2241,2025-01,266
2241,2025-02,337
2241,2025-03,228
2241,2025-04,243
2241,2025-05,204
2241,2025-06,156
2241,2025-07,105
2241,2025-08,166
2241,2025-09,208
2241,2025-10,280
2241,2025-11,210
2241,2025-12,263
2242,2020-01,14
2242,2020-02,12
2242,2020-03,11
2242,2020-04,12
2242,2020-05,26
2242,2020-06,20
2242,2020-07,3
2242,2020-08,8
2242,2020-09,14
2242,2020-10,11
2242,2020-11,14
2242,2020-12,16
2242,2021-01,6
2242,2021-02,8
2242,2021-03,15
2242,2021-04,16
2242,2021-05,13
2242,2021-06,17
2242,2021-07,5
2242,2021-08,11
2242,2021-09,19
2242,2021-10,25
2242,2021-11,22
2242,2021-12,13
2242,2022-01,9
2242,2022-02,19
2242,2022-03,16
2242,2022-04,23
2242,2022-05,15
2242,2022-06,27
2242,2022-07,15
2242,2022-08,17
2242,2022-09,15
2242,2022-10,21
2242,2022-11,17
2242,2022-12,23
2242,2023-01,16
2242,2023-02,18
2242,2023-03,29
2242,2023-04,13
2242,2023-05,20
2242,2023-06,14
2242,2023-07,12
2242,2023-08,11
2242,2023-09,20
2242,2023-10,35
2242,2023-11,16
2242,2023-12,10
2242,2024-01,17
2242,2024-02,18
2242,2024-03,13
2242,2024-04,9
2242,2024-05,8
2242,2024-06,24
2242,2024-07,5
2242,2024-08,21
2242,2024-09,18
2242,2024-10,15
2242,2024-11,24
2242,2024-12,17
2242,2025-01,21
2242,2025-02,11
2242,2025-03,7
2242,2025-04,8
2242,2025-05,10
2242,2025-06,12
2242,2025-07,7
2242,2025-08,33
2242,2025-09,10
2242,2025-10,22
2242,2025-11,9
2242,2025-12,9
2250,2020-01,40
2250,2020-02,47
2250,2020-03,29
2250,2020-04,22
2250,2020-05,23
2250,2020-06,28
2250,2020-07,23
2250,2020-08,27
2250,2020-09,44
2250,2020-10,33
2250,2020-11,46
2250,2020-12,45
2250,2021-01,54
2250,2021-02,40
2250,2021-03,66
2250,2021-04,63
2250,2021-05,32
2250,2021-06,49
2250,2021-07,27
2250,2021-08,41
2250,2021-09,47
2250,2021-10,57
2250,2021-11,47
2250,2021-12,58
2250,2022-01,57
2250,2022-02,63
2250,2022-03,56
2250,2022-04,54
2250,2022-05,47
2250,2022-06,47
2250,2022-07,36
2250,2022-08,28
2250,2022-09,44
2250,2022-10,52
2250,2022-11,59
2250,2022-12,48
2250,2023-01,41
2250,2023-02,32
2250,2023-03,35
2250,2023-04,27
2250,2023-05,39
2250,2023-06,26
2250,2023-07,25
2250,2023-08,28
2250,2023-09,27
2250,2023-10,38
2250,2023-11,34
2250,2023-12,41
2250,2024-01,36
2250,2024-02,43
2250,2024-03,26
2250,2024-04,38
2250,2024-05,24
2250,2024-06,34
2250,2024-07,27
2250,2024-08,28
2250,2024-09,29
2250,2024-10,25
2250,2024-11,30
2250,2024-12,23
2250,2025-01,34
2250,2025-02,37
2250,2025-03,32
2250,2025-04,31
2250,2025-05,37
2250,2025-06,34
2250,2025-07,25
2250,2025-08,25
2250,2025-09,36
2250,2025-10,33
2250,2025-11,37
2250,2025-12,38
2260,2020-01,205
2260,2020-02,172
2260,2020-03,120
2260,2020-04,51
2260,2020-05,69
2260,2020-06,125
2260,2020-07,52
2260,2020-08,92
2260,2020-09,138
2260,2020-10,134
2260,2020-11,115
2260,2020-12,105
2260,2021-01,154
2260,2021-02,131
2260,2021-03,155
2260,2021-04,155
2260,2021-05,156
2260,2021-06,125
2260,2021-07,69
2260,2021-08,142
2260,2021-09,181
2260,2021-10,173
2260,2021-11,174
2260,2021-12,122
2260,2022-01,172
2260,2022-02,187
2260,2022-03,203
2260,2022-04,150
2260,2022-05,173
2260,2022-06,143
2260,2022-07,82
2260,2022-08,152
2260,2022-09,167
2260,2022-10,185
2260,2022-11,188
2260,2022-12,143
2260,2023-01,168
2260,2023-02,151
2260,2023-03,144
2260,2023-04,125
2260,2023-05,168
2260,2023-06,103
2260,2023-07,77
2260,2023-08,121
2260,2023-09,140
2260,2023-10,127
2260,2023-11,143
2260,2023-12,95
2260,2024-01,140
2260,2024-02,168
2260,2024-03,147
2260,2024-04,118
2260,2024-05,134
2260,2024-06,106
2260,2024-07,71
2260,2024-08,125
2260,2024-09,124
2260,2024-10,144
2260,2024-11,142
2260,2024-12,111
2260,2025-01,134
2260,2025-02,132
2260,2025-03,151
2260,2025-04,142
2260,2025-05,115
2260,2025-06,109
2260,2025-07,75
2260,2025-08,99
2260,2025-09,158
2260,2025-10,131
2260,2025-11,125
2260,2025-12,122
2271,2020-01,4
2271,2020-02,9
2271,2020-03,3
2271,2020-07,1
2271,2020-08,4
2271,2020-10,4
2271,2020-11,5
2271,2020-12,4
2271,2021-01,3
2271,2021-02,1
2271,2021-03,6
2271,2021-04,1
2271,2021-05,4
2271,2021-06,8
2271,2021-07,6
2271,2021-08,4
2271,2021-09,10
2271,2021-10,2
2271,2021-11,8
2271,2021-12,1
2271,2022-01,8
2271,2022-02,6
2271,2022-03,5
2271,2022-04,7
2271,2022-05,6
2271,2022-06,12
2271,2022-07,5
2271,2022-08,9
2271,2022-09,2
2271,2022-10,9
2271,2022-11,5
2271,2022-12,7
2271,2023-01,8
2271,2023-02,9
2271,2023-03,12
2271,2023-04,5
2271,2023-05,14
2271,2023-06,5
2271,2023-08,3
2271,2023-09,4
2271,2023-10,10
2271,2023-11,4
2271,2023-12,8
2271,2024-01,2
2271,2024-02,3
2271,2024-03,8
2271,2024-04,5
2271,2024-05,4
2271,2024-06,14
2271,2024-07,5
2271,2024-08,2
2271,2024-09,2
2271,2024-11,1
2271,2024-12,2
2271,2025-01,2
2271,2025-03,11
2271,2025-04,2
2271,2025-05,3
2271,2025-06,3
2271,2025-07,7
2271,2025-08,6
2271,2025-09,6
2271,2025-10,8
2271,2025-11,13
2271,2025-12,9
2272,2020-01,309
2272,2020-02,325
2272,2020-03,257
2272,2020-04,165
2272,2020-05,178
2272,2020-06,162
2272,2020-07,122
2272,2020-08,124
2272,2020-09,204
2272,2020-10,201
2272,2020-11,210
2272,2020-12,206
2272,2021-01,223
2272,2021-02,310
2272,2021-03,322
2272,2021-04,260
2272,2021-05,312
2272,2021-06,248
2272,2021-07,194
2272,2021-08,269
2272,2021-09,361
2272,2021-10,368
2272,2021-11,433
2272,2021-12,388
2272,2022-01,368
2272,2022-02,401
2272,2022-03,436
2272,2022-04,387
2272,2022-05,450
2272,2022-06,375
2272,2022-07,209
2272,2022-08,377
2272,2022-09,359
2272,2022-10,338
2272,2022-11,369
2272,2022-12,340
2272,2023-01,368
2272,2023-02,421
2272,2023-03,491
2272,2023-04,360
2272,2023-05,477
2272,2023-06,240
2272,2023-07,180
2272,2023-08,303
2272,2023-09,291
2272,2023-10,311
2272,2023-11,257
2272,2023-12,233
2272,2024-01,315
2272,2024-02,259
2272,2024-03,278
2272,2024-04,378
2272,2024-05,221
2272,2024-06,182
2272,2024-07,148
2272,2024-08,186
2272,2024-09,196
2272,2024-10,228
2272,2024-11,194
2272,2024-12,199
2272,2025-01,263
2272,2025-02,229
2272,2025-03,260
2272,2025-04,230
2272,2025-05,197
2272,2025-06,211
2272,2025-07,128
2272,2025-08,212
2272,2025-09,235
2272,2025-10,276
2272,2025-11,250
2272,2025-12,254
2273,2020-01,293
2273,2020-02,288
2273,2020-03,238
2273,2020-04,193
2273,2020-05,185
2273,2020-06,146
2273,2020-07,126
2273,2020-08,125
2273,2020-09,209
2273,2020-10,169
2273,2020-11,212
2273,2020-12,200
2273,2021-01,254
2273,2021-02,314
2273,2021-03,359
2273,2021-04,333
2273,2021-05,321
2273,2021-06,282
2273,2021-07,167
2273,2021-08,219
2273,2021-09,328
2273,2021-10,323
2273,2021-11,334
2273,2021-12,331
2273,2022-01,340
2273,2022-02,360
2273,2022-03,425
2273,2022-04,375
2273,2022-05,408
2273,2022-06,311
2273,2022-07,200
2273,2022-08,265
2273,2022-09,379
2273,2022-10,359
2273,2022-11,333
2273,2022-12,336
2273,2023-01,372
2273,2023-02,405
2273,2023-03,538
2273,2023-04,351
2273,2023-05,469
2273,2023-06,266
2273,2023-07,193
2273,2023-08,356
2273,2023-09,300
2273,2023-10,395
2273,2023-11,358
2273,2023-12,322
2273,2024-01,424
2273,2024-02,361
2273,2024-03,327
2273,2024-04,411
2273,2024-05,285
2273,2024-06,188
2273,2024-07,167
2273,2024-08,214
2273,2024-09,208
2273,2024-10,236
2273,2024-11,211
2273,2024-12,221
2273,2025-01,278
2273,2025-02,269
2273,2025-03,253
2273,2025-04,233
2273,2025-05,209
2273,2025-06,163
2273,2025-07,134
2273,2025-08,173
2273,2025-09,230
2273,2025-10,242
2273,2025-11,224
2273,2025-12,228
2281,2020-01,53
2281,2020-02,57
2281,2020-03,93
2281,2020-04,60
2281,2020-05,31
2281,2020-06,30
2281,2020-07,30
2281,2020-08,30
2281,2020-09,34
2281,2020-10,45
2281,2020-11,63
2281,2020-12,35
2281,2021-01,53
2281,2021-02,76
2281,2021-03,81
2281,2021-04,66
2281,2021-05,84
2281,2021-06,61
2281,2021-07,42
2281,2021-08,45
2281,2021-09,82
2281,2021-10,51
2281,2021-11,69
2281,2021-12,77
2281,2022-01,98
2281,2022-02,103
2281,2022-03,154
2281,2022-04,144
2281,2022-05,185
2281,2022-06,159
2281,2022-07,281
2281,2022-08,166
2281,2022-09,196
2281,2022-10,111
2281,2022-11,126
2281,2022-12,105
2281,2023-01,154
2281,2023-02,128
2281,2023-03,172
2281,2023-04,118
2281,2023-05,136
2281,2023-06,96
2281,2023-07,87
2281,2023-08,72
2281,2023-09,97
2281,2023-10,95
2281,2023-11,207
2281,2023-12,105
2281,2024-01,117
2281,2024-02,269
2281,2024-03,143
2281,2024-04,157
2281,2024-05,220
2281,2024-06,134
2281,2024-07,220
2281,2024-08,84
2281,2024-09,142
2281,2024-10,154
2281,2024-11,162
2281,2024-12,133
2281,2025-01,175
2281,2025-02,282
2281,2025-03,337
2281,2025-04,248
2281,2025-05,286
2281,2025-06,193
2281,2025-07,116
2281,2025-08,126
2281,2025-09,146
2281,2025-10,155
2281,2025-11,106
2281,2025-12,127
2282,2020-01,47
2282,2020-02,45
2282,2020-03,31
2282,2020-04,30
2282,2020-05,24
2282,2020-06,27
2282,2020-07,23
2282,2020-08,26
2282,2020-09,26
2282,2020-10,35
2282,2020-11,46
2282,2020-12,36
2282,2021-01,36
2282,2021-02,47
2282,2021-03,54
2282,2021-04,42
2282,2021-05,54
2282,2021-06,35
2282,2021-07,35
2282,2021-08,38
2282,2021-09,61
2282,2021-10,49
2282,2021-11,65
2282,2021-12,51
2282,2022-01,46
2282,2022-02,70
2282,2022-03,59
2282,2022-04,49
2282,2022-05,63
2282,2022-06,70
2282,2022-07,31
2282,2022-08,67
2282,2022-09,75
2282,2022-10,60
2282,2022-11,58
2282,2022-12,61
2282,2023-01,58
2282,2023-02,50
2282,2023-03,76
2282,2023-04,43
2282,2023-05,60
2282,2023-06,43
2282,2023-07,27
2282,2023-08,47
2282,2023-09,34
2282,2023-10,51
2282,2023-11,34
2282,2023-12,23
2282,2024-01,31
2282,2024-02,36
2282,2024-03,29
2282,2024-04,23
2282,2024-05,24
2282,2024-06,23
2282,2024-07,22
2282,2024-08,27
2282,2024-09,37
2282,2024-10,37
2282,2024-11,45
2282,2024-12,45
2282,2025-01,57
2282,2025-02,37
2282,2025-03,49
2282,2025-04,39
2282,2025-05,30
2282,2025-06,31
2282,2025-07,13
2282,2025-08,37
2282,2025-09,24
2282,2025-10,41
2282,2025-11,27
2282,2025-12,44
2283,2020-01,38
2283,2020-02,43
2283,2020-03,45
2283,2020-04,28
2283,2020-05,42
2283,2020-06,28
2283,2020-07,21
2283,2020-08,20
2283,2020-09,31
2283,2020-10,38
2283,2020-11,35
2283,2020-12,33
2283,2021-01,33
2283,2021-02,54
2283,2021-03,43
2283,2021-04,45
2283,2021-05,62
2283,2021-06,39
2283,2021-07,28
2283,2021-08,41
2283,2021-09,48
2283,2021-10,46
2283,2021-11,80
2283,2021-12,51
2283,2022-01,54
2283,2022-02,65
2283,2022-03,89
2283,2022-04,67
2283,2022-05,72
2283,2022-06,86
2283,2022-07,34
2283,2022-08,74
2283,2022-09,65
2283,2022-10,66
2283,2022-11,78
2283,2022-12,61
2283,2023-01,70
2283,2023-02,70
2283,2023-03,95
2283,2023-04,53
2283,2023-05,71
2283,2023-06,66
2283,2023-07,29
2283,2023-08,52
2283,2023-09,67
2283,2023-10,70
2283,2023-11,56
2283,2023-12,33
2283,2024-01,54
2283,2024-02,60
2283,2024-03,44
2283,2024-04,40
2283,2024-05,54
2283,2024-06,45
2283,2024-07,24
2283,2024-08,43
2283,2024-09,50
2283,2024-10,61
2283,2024-11,32
2283,2024-12,35
2283,2025-01,51
2283,2025-02,37
2283,2025-03,40
2283,2025-04,32
2283,2025-05,37
2283,2025-06,33
2283,2025-07,22
2283,2025-08,18
2283,2025-09,32
2283,2025-10,35
2283,2025-11,53
2283,2025-12,53
2284,2020-01,53
2284,2020-02,43
2284,2020-03,37
2284,2020-04,31
2284,2020-05,35
2284,2020-06,39
2284,2020-07,38
2284,2020-08,66
2284,2020-09,37
2284,2020-10,65
2284,2020-11,40
2284,2020-12,23
2284,2021-01,56
2284,2021-02,50
2284,2021-03,50
2284,2021-04,54
2284,2021-05,57
2284,2021-06,54
2284,2021-07,59
2284,2021-08,57
2284,2021-09,91
2284,2021-10,81
2284,2021-11,97
2284,2021-12,62
2284,2022-01,80
2284,2022-02,84
2284,2022-03,92
2284,2022-04,94
2284,2022-05,92
2284,2022-06,66
2284,2022-07,77
2284,2022-08,120
2284,2022-09,45
2284,2022-10,79
2284,2022-11,79
2284,2022-12,38
2284,2023-01,57
2284,2023-02,68
2284,2023-03,57
2284,2023-04,34
2284,2023-05,62
2284,2023-06,55
2284,2023-07,15
2284,2023-08,47
2284,2023-09,31
2284,2023-10,49
2284,2023-11,39
2284,2023-12,26
2284,2024-01,48
2284,2024-02,53
2284,2024-03,47
2284,2024-04,62
2284,2024-05,42
2284,2024-06,51
2284,2024-07,42
2284,2024-08,59
2284,2024-09,68
2284,2024-10,63
2284,2024-11,89
2284,2024-12,60
2284,2025-01,51
2284,2025-02,68
2284,2025-03,83
2284,2025-04,61
2284,2025-05,54
2284,2025-06,60
2284,2025-07,35
2284,2025-08,62
2284,2025-09,77
2284,2025-10,54
2284,2025-11,63
2284,2025-12,81
2289,2020-01,2
2289,2020-02,1
2289,2020-03,1
2289,2020-04,1
2289,2020-09,2
2289,2021-04,1
2289,2021-06,2
2289,2021-10,1
2289,2021-11,1
2289,2021-12,2
2289,2022-01,1
2289,2022-03,4
2289,2022-04,2
2289,2022-05,2
2289,2022-06,1
2289,2022-09,2
2289,2022-10,1
2289,2022-11,1
2289,2022-12,2
2289,2023-01,1
2289,2023-04,1
2289,2023-05,5
2289,2023-06,1
2289,2023-07,1
2289,2023-10,3
2289,2023-12,1
2289,2024-01,1
2289,2024-03,1
2289,2024-06,1
2289,2025-02,2
2289,2025-05,2
2289,2025-09,2
2289,2025-11,1
2289,2025-12,1
2311,2020-01,14
2311,2020-02,16
2311,2020-03,21
2311,2020-04,18
2311,2020-05,11
2311,2020-06,22
2311,2020-07,11
2311,2020-08,1
2311,2020-09,13
2311,2020-10,7
2311,2020-11,16
2311,2020-12,9
2311,2021-01,14
2311,2021-02,13
2311,2021-03,27
2311,2021-04,22
2311,2021-05,21
2311,2021-06,23
2311,2021-07,12
2311,2021-08,9
2311,2021-09,19
2311,2021-10,17
2311,2021-11,16
2311,2021-12,24
2311,2022-01,12
2311,2022-02,14
2311,2022-03,22
2311,2022-04,28
2311,2022-05,13
2311,2022-06,32
2311,2022-07,5
2311,2022-08,7
2311,2022-09,11
2311,2022-10,18
2311,2022-11,19
2311,2022-12,23
2311,2023-01,9
2311,2023-02,15
2311,2023-03,12
2311,2023-04,14
2311,2023-05,19
2311,2023-06,28
2311,2023-07,12
2311,2023-08,2
2311,2023-09,25
2311,2023-10,12
2311,2023-11,20
2311,2023-12,11
2311,2024-01,8
2311,2024-02,19
2311,2024-03,10
2311,2024-04,18
2311,2024-05,14
2311,2024-06,12
2311,2024-07,3
2311,2024-08,5
2311,2024-09,11
2311,2024-10,10
2311,2024-11,12
2311,2024-12,30
2311,2025-01,11
2311,2025-02,15
2311,2025-03,16
2311,2025-04,13
2311,2025-05,15
2311,2025-06,29
2311,2025-07,4
2311,2025-08,2
2311,2025-09,22
2311,2025-10,17
2311,2025-11,8
2311,2025-12,16
2312,2020-01,100
2312,2020-02,110
2312,2020-03,173
2312,2020-04,142
2312,2020-05,145
2312,2020-06,134
2312,2020-07,29
2312,2020-08,25
2312,2020-09,85
2312,2020-10,116
2312,2020-11,182
2312,2020-12,168
2312,2021-01,69
2312,2021-02,119
2312,2021-03,169
2312,2021-04,150
2312,2021-05,171
2312,2021-06,145
2312,2021-07,43
2312,2021-08,43
2312,2021-09,92
2312,2021-10,145
2312,2021-11,158
2312,2021-12,153
2312,2022-01,63
2312,2022-02,143
2312,2022-03,194
2312,2022-04,181
2312,2022-05,170
2312,2022-06,222
2312,2022-07,49
2312,2022-08,41
2312,2022-09,109
2312,2022-10,155
2312,2022-11,169
2312,2022-12,137
2312,2023-01,101
2312,2023-02,124
2312,2023-03,119
2312,2023-04,122
2312,2023-05,157
2312,2023-06,170
2312,2023-07,35
2312,2023-08,36
2312,2023-09,89
2312,2023-10,124
2312,2023-11,149
2312,2023-12,121
2312,2024-01,72
2312,2024-02,73
2312,2024-03,100
2312,2024-04,118
2312,2024-05,123
2312,2024-06,135
2312,2024-07,31
2312,2024-08,23
2312,2024-09,71
2312,2024-10,105
2312,2024-11,105
2312,2024-12,107
2312,2025-01,68
2312,2025-02,97
2312,2025-03,87
2312,2025-04,148
2312,2025-05,124
2312,2025-06,160
2312,2025-07,42
2312,2025-08,30
2312,2025-09,74
2312,2025-10,70
2312,2025-11,81
2312,2025-12,67
2313,2020-01,142
2313,2020-02,138
2313,2020-03,125
2313,2020-04,132
2313,2020-05,118
2313,2020-06,164
2313,2020-07,51
2313,2020-08,85
2313,2020-09,120
2313,2020-10,160
2313,2020-11,163
2313,2020-12,160
2313,2021-01,115
2313,2021-02,143
2313,2021-03,145
2313,2021-04,169
2313,2021-05,178
2313,2021-06,171
2313,2021-07,57
2313,2021-08,82
2313,2021-09,142
2313,2021-10,117
2313,2021-11,156
2313,2021-12,211
2313,2022-01,134
2313,2022-02,151
2313,2022-03,208
2313,2022-04,142
2313,2022-05,162
2313,2022-06,173
2313,2022-07,69
2313,2022-08,92
2313,2022-09,144
2313,2022-10,137
2313,2022-11,173
2313,2022-12,163
2313,2023-01,137
2313,2023-02,157
2313,2023-03,171
2313,2023-04,113
2313,2023-05,209
2313,2023-06,163
2313,2023-07,41
2313,2023-08,92
2313,2023-09,126
2313,2023-10,128
2313,2023-11,140
2313,2023-12,151
2313,2024-01,132
2313,2024-02,129
2313,2024-03,121
2313,2024-04,130
2313,2024-05,159
2313,2024-06,151
2313,2024-07,44
2313,2024-08,71
2313,2024-09,113
2313,2024-10,132
2313,2024-11,139
2313,2024-12,128
2313,2025-01,104
2313,2025-02,104
2313,2025-03,103
2313,2025-04,131
2313,2025-05,151
2313,2025-06,167
2313,2025-07,43
2313,2025-08,62
2313,2025-09,132
2313,2025-10,138
2313,2025-11,155
2313,2025-12,137
2314,2020-01,160
2314,2020-02,264
2314,2020-03,196
2314,2020-04,122
2314,2020-05,130
2314,2020-06,157
2314,2020-07,43
2314,2020-08,64
2314,2020-09,106
2314,2020-10,100
2314,2020-11,132
2314,2020-12,178
2314,2021-01,111
2314,2021-02,149
2314,2021-03,190
2314,2021-04,137
2314,2021-05,176
2314,2021-06,141
2314,2021-07,47
2314,2021-08,72
2314,2021-09,115
2314,2021-10,108
2314,2021-11,112
2314,2021-12,161
2314,2022-01,135
2314,2022-02,202
2314,2022-03,213
2314,2022-04,149
2314,2022-05,165
2314,2022-06,204
2314,2022-07,50
2314,2022-08,61
2314,2022-09,165
2314,2022-10,151
2314,2022-11,123
2314,2022-12,176
2314,2023-01,205
2314,2023-02,250
2314,2023-03,274
2314,2023-04,168
2314,2023-05,306
2314,2023-06,251
2314,2023-07,63
2314,2023-08,101
2314,2023-09,164
2314,2023-10,165
2314,2023-11,169
2314,2023-12,249
2314,2024-01,155
2314,2024-02,190
2314,2024-03,191
2314,2024-04,204
2314,2024-05,225
2314,2024-06,202
2314,2024-07,77
2314,2024-08,71
2314,2024-09,134
2314,2024-10,165
2314,2024-11,149
2314,2024-12,222
2314,2025-01,188
2314,2025-02,157
2314,2025-03,238
2314,2025-04,169
2314,2025-05,156
2314,2025-06,188
2314,2025-07,30
2314,2025-08,53
2314,2025-09,122
2314,2025-10,112
2314,2025-11,174
2314,2025-12,242
2319,2020-01,51
2319,2020-02,78
2319,2020-03,105
2319,2020-04,101
2319,2020-05,111
2319,2020-06,110
2319,2020-07,33
2319,2020-08,28
2319,2020-09,45
2319,2020-10,67
2319,2020-11,140
2319,2020-12,103
2319,2021-01,38
2319,2021-02,57
2319,2021-03,110
2319,2021-04,162
2319,2021-05,164
2319,2021-06,106
2319,2021-07,35
2319,2021-08,31
2319,2021-09,76
2319,2021-10,103
2319,2021-11,135
2319,2021-12,118
2319,2022-01,57
2319,2022-02,88
2319,2022-03,109
2319,2022-04,176
2319,2022-05,159
2319,2022-06,123
2319,2022-07,37
2319,2022-08,29
2319,2022-09,65
2319,2022-10,98
2319,2022-11,177
2319,2022-12,66
2319,2023-01,47
2319,2023-02,95
2319,2023-03,109
2319,2023-04,99
2319,2023-05,167
2319,2023-06,101
2319,2023-07,11
2319,2023-08,24
2319,2023-09,61
2319,2023-10,80
2319,2023-11,97
2319,2023-12,59
2319,2024-01,42
2319,2024-02,48
2319,2024-03,64
2319,2024-04,107
2319,2024-05,110
2319,2024-06,59
2319,2024-07,16
2319,2024-08,18
2319,2024-09,37
2319,2024-10,76
2319,2024-11,62
2319,2024-12,69
2319,2025-01,28
2319,2025-02,36
2319,2025-03,75
2319,2025-04,112
2319,2025-05,68
2319,2025-06,68
2319,2025-07,10
2319,2025-08,19
2319,2025-09,34
2319,2025-10,79
2319,2025-11,62
2319,2025-12,46
2320,2020-01,87
2320,2020-02,84
2320,2020-03,142
2320,2020-04,216
2320,2020-05,195
2320,2020-06,173
2320,2020-07,76
2320,2020-08,109
2320,2020-09,153
2320,2020-10,182
2320,2020-11,153
2320,2020-12,110
2320,2021-01,87
2320,2021-02,113
2320,2021-03,198
2320,2021-04,268
2320,2021-05,311
2320,2021-06,228
2320,2021-07,130
2320,2021-08,170
2320,2021-09,166
2320,2021-10,168
2320,2021-11,174
2320,2021-12,152
2320,2022-01,127
2320,2022-02,142
2320,2022-03,236
2320,2022-04,249
2320,2022-05,284
2320,2022-06,218
2320,2022-07,77
2320,2022-08,118
2320,2022-09,123
2320,2022-10,146
2320,2022-11,121
2320,2022-12,118
2320,2023-01,114
2320,2023-02,100
2320,2023-03,207
2320,2023-04,174
2320,2023-05,292
2320,2023-06,204
2320,2023-07,54
2320,2023-08,122
2320,2023-09,106
2320,2023-10,137
2320,2023-11,120
2320,2023-12,81
2320,2024-01,105
2320,2024-02,127
2320,2024-03,191
2320,2024-04,225
2320,2024-05,243
2320,2024-06,163
2320,2024-07,78
2320,2024-08,93
2320,2024-09,95
2320,2024-10,99
2320,2024-11,117
2320,2024-12,103
2320,2025-01,107
2320,2025-02,137
2320,2025-03,253
2320,2025-04,254
2320,2025-05,255
2320,2025-06,172
2320,2025-07,93
2320,2025-08,90
2320,2025-09,144
2320,2025-10,132
2320,2025-11,129
2320,2025-12,122
2330,2020-01,254
2330,2020-02,336
2330,2020-03,504
2330,2020-04,744
2330,2020-05,667
2330,2020-06,575
2330,2020-07,158
2330,2020-08,274
2330,2020-09,259
2330,2020-10,316
2330,2020-11,290
2330,2020-12,237
2330,2021-01,167
2330,2021-02,255
2330,2021-03,516
2330,2021-04,814
2330,2021-05,880
2330,2021-06,594
2330,2021-07,212
2330,2021-08,363
2330,2021-09,391
2330,2021-10,361
2330,2021-11,427
2330,2021-12,381
2330,2022-01,326
2330,2022-02,342
2330,2022-03,668
2330,2022-04,877
2330,2022-05,982
2330,2022-06,782
2330,2022-07,252
2330,2022-08,427
2330,2022-09,361
2330,2022-10,369
2330,2022-11,356
2330,2022-12,299
2330,2023-01,252
2330,2023-02,298
2330,2023-03,559
2330,2023-04,569
2330,2023-05,899
2330,2023-06,557
2330,2023-07,183
2330,2023-08,329
2330,2023-09,573
2330,2023-10,316
2330,2023-11,350
2330,2023-12,262
2330,2024-01,314
2330,2024-02,236
2330,2024-03,462
2330,2024-04,720
2330,2024-05,699
2330,2024-06,504
2330,2024-07,231
2330,2024-08,397
2330,2024-09,1197
2330,2024-10,332
2330,2024-11,250
2330,2024-12,282
2330,2025-01,232
2330,2025-02,273
2330,2025-03,571
2330,2025-04,802
2330,2025-05,765
2330,2025-06,499
2330,2025-07,199
2330,2025-08,281
2330,2025-09,317
2330,2025-10,334
2330,2025-11,256
2330,2025-12,209
2341,2020-01,1027
2341,2020-02,1192
2341,2020-03,2350
2341,2020-04,3055
2341,2020-05,3025
2341,2020-06,2302
2341,2020-07,613
2341,2020-08,890
2341,2020-09,1037
2341,2020-10,1416
2341,2020-11,1321
2341,2020-12,986
2341,2021-01,695
2341,2021-02,960
2341,2021-03,2740
2341,2021-04,3232
2341,2021-05,3207
2341,2021-06,2594
2341,2021-07,672
2341,2021-08,1394
2341,2021-09,1443
2341,2021-10,1610
2341,2021-11,1724
2341,2021-12,1457
2341,2022-01,1126
2341,2022-02,1299
2341,2022-03,3097
2341,2022-04,3424
2341,2022-05,4131
2341,2022-06,3392
2341,2022-07,940
2341,2022-08,1787
2341,2022-09,1663
2341,2022-10,1832
2341,2022-11,1710
2341,2022-12,1400
2341,2023-01,1123
2341,2023-02,1198
2341,2023-03,2752
2341,2023-04,2443
2341,2023-05,3708
2341,2023-06,2449
2341,2023-07,786
2341,2023-08,1325
2341,2023-09,1622
2341,2023-10,1704
2341,2023-11,1200
2341,2023-12,882
2341,2024-01,1081
2341,2024-02,1053
2341,2024-03,2245
2341,2024-04,2699
2341,2024-05,2589
2341,2024-06,1761
2341,2024-07,804
2341,2024-08,1705
2341,2024-09,2020
2341,2024-10,1356
2341,2024-11,1231
2341,2024-12,879
2341,2025-01,822
2341,2025-02,981
2341,2025-03,2270
2341,2025-04,2621
2341,2025-05,2478
2341,2025-06,1855
2341,2025-07,564
2341,2025-08,944
2341,2025-09,1089
2341,2025-10,1311
2341,2025-11,1058
2341,2025-12,955
2342,2020-01,202
2342,2020-02,243
2342,2020-03,444
2342,2020-04,554
2342,2020-05,442
2342,2020-06,348
2342,2020-07,108
2342,2020-08,184
2342,2020-09,189
2342,2020-10,258
2342,2020-11,298
2342,2020-12,200
2342,2021-01,113
2342,2021-02,193
2342,2021-03,450
2342,2021-04,560
2342,2021-05,511
2342,2021-06,359
2342,2021-07,89
2342,2021-08,260
2342,2021-09,299
2342,2021-10,348
2342,2021-11,423
2342,2021-12,292
2342,2022-01,214
2342,2022-02,251
2342,2022-03,602
2342,2022-04,709
2342,2022-05,785
2342,2022-06,563
2342,2022-07,165
2342,2022-08,390
2342,2022-09,414
2342,2022-10,473
2342,2022-11,475
2342,2022-12,323
2342,2023-01,274
2342,2023-02,269
2342,2023-03,596
2342,2023-04,480
2342,2023-05,715
2342,2023-06,423
2342,2023-07,160
2342,2023-08,280
2342,2023-09,268
2342,2023-10,313
2342,2023-11,311
2342,2023-12,208
2342,2024-01,169
2342,2024-02,238
2342,2024-03,432
2342,2024-04,584
2342,2024-05,456
2342,2024-06,323
2342,2024-07,119
2342,2024-08,237
2342,2024-09,231
2342,2024-10,327
2342,2024-11,293
2342,2024-12,234
2342,2025-01,189
2342,2025-02,245
2342,2025-03,485
2342,2025-04,494
2342,2025-05,462
2342,2025-06,342
2342,2025-07,102
2342,2025-08,232
2342,2025-09,260
2342,2025-10,326
2342,2025-11,300
2342,2025-12,215
2343,2020-01,561
2343,2020-02,441
2343,2020-03,601
2343,2020-04,684
2343,2020-05,676
2343,2020-06,543
2343,2020-07,164
2343,2020-08,407
2343,2020-09,561
2343,2020-10,735
2343,2020-11,733
2343,2020-12,427
2343,2021-01,407
2343,2021-02,394
2343,2021-03,709
2343,2021-04,775
2343,2021-05,795
2343,2021-06,663
2343,2021-07,190
2343,2021-08,500
2343,2021-09,656
2343,2021-10,776
2343,2021-11,801
2343,2021-12,565
2343,2022-01,576
2343,2022-02,422
2343,2022-03,793
2343,2022-04,827
2343,2022-05,1140
2343,2022-06,776
2343,2022-07,268
2343,2022-08,691
2343,2022-09,668
2343,2022-10,949
2343,2022-11,833
2343,2022-12,636
2343,2023-01,556
2343,2023-02,465
2343,2023-03,731
2343,2023-04,613
2343,2023-05,896
2343,2023-06,606
2343,2023-07,224
2343,2023-08,464
2343,2023-09,751
2343,2023-10,624
2343,2023-11,516
2343,2023-12,318
2343,2024-01,412
2343,2024-02,268
2343,2024-03,376
2343,2024-04,397
2343,2024-05,437
2343,2024-06,285
2343,2024-07,126
2343,2024-08,362
2343,2024-09,291
2343,2024-10,401
2343,2024-11,366
2343,2024-12,252
2343,2025-01,256
2343,2025-02,198
2343,2025-03,318
2343,2025-04,322
2343,2025-05,369
2343,2025-06,283
2343,2025-07,88
2343,2025-08,294
2343,2025-09,343
2343,2025-10,388
2343,2025-11,396
2343,2025-12,277
2351,2020-01,179
2351,2020-02,312
2351,2020-03,270
2351,2020-04,351
2351,2020-05,434
2351,2020-06,403
2351,2020-07,107
2351,2020-08,189
2351,2020-09,211
2351,2020-10,290
2351,2020-11,249
2351,2020-12,191
2351,2021-01,179
2351,2021-02,254
2351,2021-03,434
2351,2021-04,464
2351,2021-05,586
2351,2021-06,477
2351,2021-07,159
2351,2021-08,312
2351,2021-09,301
2351,2021-10,348
2351,2021-11,323
2351,2021-12,309
2351,2022-01,241
2351,2022-02,318
2351,2022-03,571
2351,2022-04,593
2351,2022-05,814
2351,2022-06,625
2351,2022-07,179
2351,2022-08,387
2351,2022-09,379
2351,2022-10,404
2351,2022-11,323
2351,2022-12,273
2351,2023-01,272
2351,2023-02,236
2351,2023-03,443
2351,2023-04,340
2351,2023-05,568
2351,2023-06,394
2351,2023-07,116
2351,2023-08,251
2351,2023-09,236
2351,2023-10,239
2351,2023-11,236
2351,2023-12,189
2351,2024-01,173
2351,2024-02,212
2351,2024-03,305
2351,2024-04,394
2351,2024-05,434
2351,2024-06,350
2351,2024-07,147
2351,2024-08,316
2351,2024-09,211
2351,2024-10,266
2351,2024-11,214
2351,2024-12,226
2351,2025-01,200
2351,2025-02,215
2351,2025-03,425
2351,2025-04,485
2351,2025-05,498
2351,2025-06,388
2351,2025-07,143
2351,2025-08,235
2351,2025-09,277
2351,2025-10,286
2351,2025-11,261
2351,2025-12,225
2352,2020-01,74
2352,2020-02,78
2352,2020-03,61
2352,2020-04,72
2352,2020-05,81
2352,2020-06,96
2352,2020-07,42
2352,2020-08,48
2352,2020-09,90
2352,2020-10,70
2352,2020-11,120
2352,2020-12,95
2352,2021-01,84
2352,2021-02,105
2352,2021-03,124
2352,2021-04,107
2352,2021-05,114
2352,2021-06,111
2352,2021-07,35
2352,2021-08,84
2352,2021-09,92
2352,2021-10,83
2352,2021-11,80
2352,2021-12,106
2352,2022-01,65
2352,2022-02,66
2352,2022-03,110
2352,2022-04,143
2352,2022-05,145
2352,2022-06,133
2352,2022-07,41
2352,2022-08,80
2352,2022-09,110
2352,2022-10,95
2352,2022-11,115
2352,2022-12,69
2352,2023-01,78
2352,2023-02,79
2352,2023-03,91
2352,2023-04,82
2352,2023-05,96
2352,2023-06,101
2352,2023-07,35
2352,2023-08,82
2352,2023-09,55
2352,2023-10,67
2352,2023-11,54
2352,2023-12,39
2352,2024-01,59
2352,2024-02,39
2352,2024-03,50
2352,2024-04,74
2352,2024-05,73
2352,2024-06,69
2352,2024-07,34
2352,2024-08,40
2352,2024-09,48
2352,2024-10,54
2352,2024-11,47
2352,2024-12,66
2352,2025-01,60
2352,2025-02,77
2352,2025-03,85
2352,2025-04,95
2352,2025-05,92
2352,2025-06,63
2352,2025-07,40
2352,2025-08,54
2352,2025-09,71
2352,2025-10,70
2352,2025-11,49
2352,2025-12,72
2359,2020-01,101
2359,2020-02,78
2359,2020-03,84
2359,2020-04,150
2359,2020-05,167
2359,2020-06,118
2359,2020-07,51
2359,2020-08,52
2359,2020-09,69
2359,2020-10,86
2359,2020-11,81
2359,2020-12,66
2359,2021-01,48
2359,2021-02,50
2359,2021-03,120
2359,2021-04,156
2359,2021-05,182
2359,2021-06,154
2359,2021-07,68
2359,2021-08,78
2359,2021-09,83
2359,2021-10,102
2359,2021-11,160
2359,2021-12,106
2359,2022-01,86
2359,2022-02,117
2359,2022-03,197
2359,2022-04,223
2359,2022-05,276
2359,2022-06,232
2359,2022-07,69
2359,2022-08,133
2359,2022-09,113
2359,2022-10,100
2359,2022-11,138
2359,2022-12,132
2359,2023-01,91
2359,2023-02,93
2359,2023-03,129
2359,2023-04,163
2359,2023-05,250
2359,2023-06,167
2359,2023-07,64
2359,2023-08,106
2359,2023-09,73
2359,2023-10,99
2359,2023-11,91
2359,2023-12,77
2359,2024-01,64
2359,2024-02,89
2359,2024-03,127
2359,2024-04,156
2359,2024-05,181
2359,2024-06,109
2359,2024-07,54
2359,2024-08,111
2359,2024-09,85
2359,2024-10,78
2359,2024-11,88
2359,2024-12,67
2359,2025-01,68
2359,2025-02,70
2359,2025-03,95
2359,2025-04,165
2359,2025-05,199
2359,2025-06,123
2359,2025-07,63
2359,2025-08,65
2359,2025-09,69
2359,2025-10,115
2359,2025-11,96
2359,2025-12,123
2411,2020-01,46
2411,2020-02,31
2411,2020-03,32
2411,2020-04,15
2411,2020-05,16
2411,2020-06,16
2411,2020-07,19
2411,2020-08,15
2411,2020-09,22
2411,2020-10,26
2411,2020-11,29
2411,2020-12,26
2411,2021-01,24
2411,2021-02,31
2411,2021-03,49
2411,2021-04,60
2411,2021-05,62
2411,2021-06,27
2411,2021-07,15
2411,2021-08,45
2411,2021-09,58
2411,2021-10,53
2411,2021-11,53
2411,2021-12,37
2411,2022-01,36
2411,2022-02,54
2411,2022-03,62
2411,2022-04,73
2411,2022-05,91
2411,2022-06,42
2411,2022-07,32
2411,2022-08,56
2411,2022-09,107
2411,2022-10,73
2411,2022-11,65
2411,2022-12,69
2411,2023-01,45
2411,2023-02,81
2411,2023-03,49
2411,2023-04,39
2411,2023-05,74
2411,2023-06,40
2411,2023-07,22
2411,2023-08,68
2411,2023-09,54
2411,2023-10,108
2411,2023-11,30
2411,2023-12,54
2411,2024-01,49
2411,2024-02,40
2411,2024-03,57
2411,2024-04,63
2411,2024-05,45
2411,2024-06,35
2411,2024-07,21
2411,2024-08,24
2411,2024-09,46
2411,2024-10,50
2411,2024-11,27
2411,2024-12,31
2411,2025-01,40
2411,2025-02,44
2411,2025-03,49
2411,2025-04,28
2411,2025-05,37
2411,2025-06,21
2411,2025-07,16
2411,2025-08,77
2411,2025-09,47
2411,2025-10,79
2411,2025-11,32
2411,2025-12,38
2412,2020-01,343
2412,2020-02,360
2412,2020-03,307
2412,2020-04,204
2412,2020-05,203
2412,2020-06,188
2412,2020-07,142
2412,2020-08,185
2412,2020-09,235
2412,2020-10,277
2412,2020-11,294
2412,2020-12,256
2412,2021-01,243
2412,2021-02,349
2412,2021-03,401
2412,2021-04,383
2412,2021-05,364
2412,2021-06,327
2412,2021-07,238
2412,2021-08,286
2412,2021-09,391
2412,2021-10,453
2412,2021-11,410
2412,2021-12,422
2412,2022-01,454
2412,2022-02,477
2412,2022-03,531
2412,2022-04,494
2412,2022-05,506
2412,2022-06,421
2412,2022-07,308
2412,2022-08,448
2412,2022-09,511
2412,2022-10,417
2412,2022-11,470
2412,2022-12,457
2412,2023-01,409
2412,2023-02,434
2412,2023-03,537
2412,2023-04,392
2412,2023-05,531
2412,2023-06,372
2412,2023-07,225
2412,2023-08,307
2412,2023-09,384
2412,2023-10,388
2412,2023-11,359
2412,2023-12,334
2412,2024-01,357
2412,2024-02,451
2412,2024-03,362
2412,2024-04,344
2412,2024-05,362
2412,2024-06,240
2412,2024-07,229
2412,2024-08,272
2412,2024-09,304
2412,2024-10,382
2412,2024-11,385
2412,2024-12,315
2412,2025-01,317
2412,2025-02,400
2412,2025-03,303
2412,2025-04,325
2412,2025-05,324
2412,2025-06,229
2412,2025-07,208
2412,2025-08,228
2412,2025-09,280
2412,2025-10,329
2412,2025-11,249
2412,2025-12,298
2413,2020-01,51
2413,2020-02,73
2413,2020-03,44
2413,2020-04,38
2413,2020-05,34
2413,2020-06,39
2413,2020-07,42
2413,2020-08,33
2413,2020-09,49
2413,2020-10,52
2413,2020-11,48
2413,2020-12,57
2413,2021-01,67
2413,2021-02,74
2413,2021-03,91
2413,2021-04,91
2413,2021-05,81
2413,2021-06,70
2413,2021-07,73
2413,2021-08,72
2413,2021-09,117
2413,2021-10,146
2413,2021-11,125
2413,2021-12,112
2413,2022-01,91
2413,2022-02,101
2413,2022-03,144
2413,2022-04,110
2413,2022-05,96
2413,2022-06,105
2413,2022-07,80
2413,2022-08,88
2413,2022-09,89
2413,2022-10,86
2413,2022-11,91
2413,2022-12,95
2413,2023-01,112
2413,2023-02,106
2413,2023-03,104
2413,2023-04,84
2413,2023-05,106
2413,2023-06,83
2413,2023-07,56
2413,2023-08,91
2413,2023-09,98
2413,2023-10,103
2413,2023-11,127
2413,2023-12,129
2413,2024-01,88
2413,2024-02,119
2413,2024-03,99
2413,2024-04,102
2413,2024-05,72
2413,2024-06,66
2413,2024-07,57
2413,2024-08,48
2413,2024-09,72
2413,2024-10,83
2413,2024-11,80
2413,2024-12,71
2413,2025-01,60
2413,2025-02,50
2413,2025-03,53
2413,2025-04,93
2413,2025-05,98
2413,2025-06,36
2413,2025-07,42
2413,2025-08,83
2413,2025-09,73
2413,2025-10,80
2413,2025-11,52
2413,2025-12,72
2414,2020-01,6
2414,2020-02,3
2414,2020-03,3
2414,2020-04,2
2414,2020-05,2
2414,2020-06,1
2414,2020-07,2
2414,2020-08,3
2414,2020-10,4
2414,2020-11,1
2414,2020-12,4
2414,2021-01,3
2414,2021-02,2
2414,2021-03,1
2414,2021-04,4
2414,2021-05,3
2414,2021-06,5
2414,2021-07,1
2414,2021-08,5
2414,2021-09,8
2414,2021-10,5
2414,2021-11,5
2414,2021-12,4
2414,2022-01,3
2414,2022-02,6
2414,2022-03,7
2414,2022-04,4
2414,2022-05,11
2414,2022-06,3
2414,2022-07,3
2414,2022-08,7
2414,2022-09,4
2414,2022-10,4
2414,2022-11,7
2414,2022-12,5
2414,2023-01,4
2414,2023-02,4
2414,2023-03,8
2414,2023-04,1
2414,2023-05,11
2414,2023-06,3
2414,2023-08,4
2414,2023-09,7
2414,2023-10,5
2414,2023-11,2
2414,2023-12,6
2414,2024-01,4
2414,2024-02,1
2414,2024-05,3
2414,2024-06,2
2414,2024-08,8
2414,2024-09,2
2414,2024-10,4
2414,2024-11,5
2414,2024-12,2
2414,2025-01,1
2414,2025-02,1
2414,2025-03,1
2414,2025-04,5
2414,2025-05,3
2414,2025-06,4
2414,2025-07,3
2414,2025-08,2
2414,2025-09,1
2414,2025-10,1
2414,2025-11,1
2414,2025-12,5
2415,2020-01,17
2415,2020-02,12
2415,2020-03,14
2415,2020-04,10
2415,2020-05,9
2415,2020-06,6
2415,2020-07,8
2415,2020-08,8
2415,2020-09,9
2415,2020-10,8
2415,2020-11,15
2415,2020-12,16
2415,2021-01,6
2415,2021-02,15
2415,2021-03,9
2415,2021-04,16
2415,2021-05,25
2415,2021-06,9
2415,2021-07,7
2415,2021-08,16
2415,2021-09,14
2415,2021-10,18
2415,2021-11,25
2415,2021-12,27
2415,2022-01,18
2415,2022-02,27
2415,2022-03,33
2415,2022-04,18
2415,2022-05,35
2415,2022-06,19
2415,2022-07,8
2415,2022-08,15
2415,2022-09,16
2415,2022-10,24
2415,2022-11,14
2415,2022-12,27
2415,2023-01,19
2415,2023-02,22
2415,2023-03,26
2415,2023-04,22
2415,2023-05,20
2415,2023-06,24
2415,2023-07,12
2415,2023-08,19
2415,2023-09,13
2415,2023-10,14
2415,2023-11,13
2415,2023-12,14
2415,2024-01,9
2415,2024-02,22
2415,2024-03,17
2415,2024-04,21
2415,2024-05,20
2415,2024-06,13
2415,2024-07,10
2415,2024-08,5
2415,2024-09,10
2415,2024-10,19
2415,2024-11,9
2415,2024-12,18
2415,2025-01,7
2415,2025-02,9
2415,2025-03,8
2415,2025-04,12
2415,2025-05,16
2415,2025-06,2
2415,2025-07,2
2415,2025-08,4
2415,2025-09,13
2415,2025-10,7
2415,2025-11,11
2415,2025-12,11
2419,2020-01,51
2419,2020-02,43
2419,2020-03,48
2419,2020-04,32
2419,2020-05,36
2419,2020-06,51
2419,2020-07,26
2419,2020-08,30
2419,2020-09,31
2419,2020-10,37
2419,2020-11,41
2419,2020-12,52
2419,2021-01,58
2419,2021-02,49
2419,2021-03,48
2419,2021-04,60
2419,2021-05,66
2419,2021-06,33
2419,2021-07,16
2419,2021-08,43
2419,2021-09,57
2419,2021-10,64
2419,2021-11,64
2419,2021-12,70
2419,2022-01,60
2419,2022-02,62
2419,2022-03,105
2419,2022-04,92
2419,2022-05,84
2419,2022-06,65
2419,2022-07,43
2419,2022-08,38
2419,2022-09,64
2419,2022-10,69
2419,2022-11,61
2419,2022-12,60
2419,2023-01,40
2419,2023-02,42
2419,2023-03,58
2419,2023-04,40
2419,2023-05,70
2419,2023-06,45
2419,2023-07,27
2419,2023-08,49
2419,2023-09,40
2419,2023-10,42
2419,2023-11,49
2419,2023-12,42
2419,2024-01,51
2419,2024-02,51
2419,2024-03,41
2419,2024-04,42
2419,2024-05,53
2419,2024-06,47
2419,2024-07,26
2419,2024-08,25
2419,2024-09,34
2419,2024-10,48
2419,2024-11,55
2419,2024-12,38
2419,2025-01,42
2419,2025-02,48
2419,2025-03,47
2419,2025-04,48
2419,2025-05,47
2419,2025-06,29
2419,2025-07,19
2419,2025-08,23
2419,2025-09,35
2419,2025-10,38
2419,2025-11,38
2419,2025-12,48
2421,2020-01,242
2421,2020-02,284
2421,2020-03,245
2421,2020-04,180
2421,2020-05,154
2421,2020-06,161
2421,2020-07,137
2421,2020-08,136
2421,2020-09,210
2421,2020-10,231
2421,2020-11,247
2421,2020-12,270
2421,2021-01,212
2421,2021-02,325
2421,2021-03,323
2421,2021-04,389
2421,2021-05,411
2421,2021-06,304
2421,2021-07,267
2421,2021-08,298
2421,2021-09,412
2421,2021-10,485
2421,2021-11,539
2421,2021-12,553
2421,2022-01,457
2421,2022-02,545
2421,2022-03,641
2421,2022-04,537
2421,2022-05,621
2421,2022-06,506
2421,2022-07,375
2421,2022-08,469
2421,2022-09,499
2421,2022-10,514
2421,2022-11,539
2421,2022-12,573
2421,2023-01,606
2421,2023-02,469
2421,2023-03,613
2421,2023-04,386
2421,2023-05,1099
2421,2023-06,476
2421,2023-07,308
2421,2023-08,378
2421,2023-09,557
2421,2023-10,434
2421,2023-11,512
2421,2023-12,713
2421,2024-01,487
2421,2024-02,511
2421,2024-03,402
2421,2024-04,425
2421,2024-05,335
2421,2024-06,254
2421,2024-07,253
2421,2024-08,272
2421,2024-09,278
2421,2024-10,350
2421,2024-11,312
2421,2024-12,330
2421,2025-01,296
2421,2025-02,316
2421,2025-03,353
2421,2025-04,384
2421,2025-05,370
2421,2025-06,281
2421,2025-07,202
2421,2025-08,220
2421,2025-09,333
2421,2025-10,393
2421,2025-11,340
2421,2025-12,461
2422,2020-01,344
2422,2020-02,396
2422,2020-03,403
2422,2020-04,286
2422,2020-05,307
2422,2020-06,281
2422,2020-07,204
2422,2020-08,176
2422,2020-09,296
2422,2020-10,378
2422,2020-11,360
2422,2020-12,456
2422,2021-01,295
2422,2021-02,431
2422,2021-03,519
2422,2021-04,449
2422,2021-05,491
2422,2021-06,408
2422,2021-07,243
2422,2021-08,269
2422,2021-09,469
2422,2021-10,488
2422,2021-11,503
2422,2021-12,616
2422,2022-01,466
2422,2022-02,650
2422,2022-03,706
2422,2022-04,558
2422,2022-05,719
2422,2022-06,481
2422,2022-07,341
2422,2022-08,407
2422,2022-09,525
2422,2022-10,599
2422,2022-11,557
2422,2022-12,634
2422,2023-01,525
2422,2023-02,604
2422,2023-03,650
2422,2023-04,519
2422,2023-05,635
2422,2023-06,384
2422,2023-07,255
2422,2023-08,375
2422,2023-09,395
2422,2023-10,454
2422,2023-11,475
2422,2023-12,462
2422,2024-01,422
2422,2024-02,506
2422,2024-03,489
2422,2024-04,458
2422,2024-05,474
2422,2024-06,295
2422,2024-07,267
2422,2024-08,251
2422,2024-09,407
2422,2024-10,492
2422,2024-11,445
2422,2024-12,454
2422,2025-01,442
2422,2025-02,543
2422,2025-03,587
2422,2025-04,654
2422,2025-05,507
2422,2025-06,376
2422,2025-07,283
2422,2025-08,340
2422,2025-09,526
2422,2025-10,632
2422,2025-11,546
2422,2025-12,623
2423,2020-01,533
2423,2020-02,525
2423,2020-03,365
2423,2020-04,169
2423,2020-05,211
2423,2020-06,182
2423,2020-07,163
2423,2020-08,219
2423,2020-09,306
2423,2020-10,402
2423,2020-11,387
2423,2020-12,443
2423,2021-01,402
2423,2021-02,554
2423,2021-03,593
2423,2021-04,682
2423,2021-05,738
2423,2021-06,531
2423,2021-07,453
2423,2021-08,605
2423,2021-09,937
2423,2021-10,987
2423,2021-11,1079
2423,2021-12,1061
2423,2022-01,952
2423,2022-02,1232
2423,2022-03,1261
2423,2022-04,1028
2423,2022-05,1193
2423,2022-06,947
2423,2022-07,650
2423,2022-08,795
2423,2022-09,946
2423,2022-10,898
2423,2022-11,891
2423,2022-12,845
2423,2023-01,842
2423,2023-02,852
2423,2023-03,903
2423,2023-04,666
2423,2023-05,773
2423,2023-06,524
2423,2023-07,366
2423,2023-08,509
2423,2023-09,471
2423,2023-10,424
2423,2023-11,453
2423,2023-12,405
2423,2024-01,411
2423,2024-02,448
2423,2024-03,394
2423,2024-04,442
2423,2024-05,482
2423,2024-06,366
2423,2024-07,327
2423,2024-08,314
2423,2024-09,388
2423,2024-10,408
2423,2024-11,395
2423,2024-12,415
2423,2025-01,420
2423,2025-02,489
2423,2025-03,457
2423,2025-04,461
2423,2025-05,362
2423,2025-06,293
2423,2025-07,303
2423,2025-08,258
2423,2025-09,337
2423,2025-10,452
2423,2025-11,403
2423,2025-12,415
2431,2020-01,461
2431,2020-02,430
2431,2020-03,311
2431,2020-04,159
2431,2020-05,181
2431,2020-06,202
2431,2020-07,146
2431,2020-08,211
2431,2020-09,281
2431,2020-10,342
2431,2020-11,363
2431,2020-12,335
2431,2021-01,335
2431,2021-02,386
2431,2021-03,444
2431,2021-04,478
2431,2021-05,504
2431,2021-06,500
2431,2021-07,339
2431,2021-08,456
2431,2021-09,637
2431,2021-10,649
2431,2021-11,618
2431,2021-12,631
2431,2022-01,622
2431,2022-02,740
2431,2022-03,859
2431,2022-04,601
2431,2022-05,717
2431,2022-06,614
2431,2022-07,440
2431,2022-08,482
2431,2022-09,540
2431,2022-10,526
2431,2022-11,414
2431,2022-12,459
2431,2023-01,459
2431,2023-02,402
2431,2023-03,464
2431,2023-04,445
2431,2023-05,494
2431,2023-06,347
2431,2023-07,301
2431,2023-08,376
2431,2023-09,311
2431,2023-10,419
2431,2023-11,416
2431,2023-12,424
2431,2024-01,372
2431,2024-02,403
2431,2024-03,303
2431,2024-04,324
2431,2024-05,303
2431,2024-06,293
2431,2024-07,257
2431,2024-08,227
2431,2024-09,266
2431,2024-10,323
2431,2024-11,290
2431,2024-12,297
2431,2025-01,256
2431,2025-02,294
2431,2025-03,342
2431,2025-04,282
2431,2025-05,267
2431,2025-06,222
2431,2025-07,155
2431,2025-08,179
2431,2025-09,253
2431,2025-10,296
2431,2025-11,210
2431,2025-12,198
2432,2020-01,193
2432,2020-02,187
2432,2020-03,136
2432,2020-04,134
2432,2020-05,116
2432,2020-06,117
2432,2020-07,77
2432,2020-08,95
2432,2020-09,112
2432,2020-10,146
2432,2020-11,137
2432,2020-12,162
2432,2021-01,124
2432,2021-02,205
2432,2021-03,207
2432,2021-04,198
2432,2021-05,214
2432,2021-06,220
2432,2021-07,158
2432,2021-08,197
2432,2021-09,273
2432,2021-10,284
2432,2021-11,337
2432,2021-12,349
2432,2022-01,248
2432,2022-02,369
2432,2022-03,565
2432,2022-04,384
2432,2022-05,361
2432,2022-06,340
2432,2022-07,230
2432,2022-08,350
2432,2022-09,349
2432,2022-10,333
2432,2022-11,253
2432,2022-12,317
2432,2023-01,192
2432,2023-02,249
2432,2023-03,333
2432,2023-04,260
2432,2023-05,355
2432,2023-06,242
2432,2023-07,123
2432,2023-08,165
2432,2023-09,203
2432,2023-10,211
2432,2023-11,200
2432,2023-12,202
2432,2024-01,176
2432,2024-02,223
2432,2024-03,195
2432,2024-04,182
2432,2024-05,179
2432,2024-06,142
2432,2024-07,109
2432,2024-08,124
2432,2024-09,153
2432,2024-10,153
2432,2024-11,162
2432,2024-12,191
2432,2025-01,148
2432,2025-02,151
2432,2025-03,171
2432,2025-04,200
2432,2025-05,166
2432,2025-06,160
2432,2025-07,112
2432,2025-08,108
2432,2025-09,145
2432,2025-10,169
2432,2025-11,126
2432,2025-12,190
2511,2020-01,399
2511,2020-02,364
2511,2020-03,320
2511,2020-04,181
2511,2020-05,206
2511,2020-06,195
2511,2020-07,131
2511,2020-08,188
2511,2020-09,257
2511,2020-10,241
2511,2020-11,288
2511,2020-12,266
2511,2021-01,260
2511,2021-02,305
2511,2021-03,305
2511,2021-04,364
2511,2021-05,403
2511,2021-06,374
2511,2021-07,271
2511,2021-08,348
2511,2021-09,448
2511,2021-10,433
2511,2021-11,457
2511,2021-12,484
2511,2022-01,401
2511,2022-02,499
2511,2022-03,562
2511,2022-04,515
2511,2022-05,473
2511,2022-06,444
2511,2022-07,412
2511,2022-08,444
2511,2022-09,525
2511,2022-10,601
2511,2022-11,596
2511,2022-12,613
2511,2023-01,541
2511,2023-02,547
2511,2023-03,793
2511,2023-04,478
2511,2023-05,1200
2511,2023-06,446
2511,2023-07,343
2511,2023-08,474
2511,2023-09,482
2511,2023-10,491
2511,2023-11,444
2511,2023-12,393
2511,2024-01,409
2511,2024-02,441
2511,2024-03,404
2511,2024-04,425
2511,2024-05,440
2511,2024-06,325
2511,2024-07,242
2511,2024-08,331
2511,2024-09,456
2511,2024-10,482
2511,2024-11,450
2511,2024-12,402
2511,2025-01,433
2511,2025-02,413
2511,2025-03,397
2511,2025-04,483
2511,2025-05,471
2511,2025-06,283
2511,2025-07,217
2511,2025-08,203
2511,2025-09,344
2511,2025-10,330
2511,2025-11,263
2511,2025-12,345
2512,2020-01,2250
2512,2020-02,2085
2512,2020-03,1856
2512,2020-04,1118
2512,2020-05,1082
2512,2020-06,1058
2512,2020-07,748
2512,2020-08,938
2512,2020-09,1372
2512,2020-10,1560
2512,2020-11,1830
2512,2020-12,1798
2512,2021-01,1695
2512,2021-02,2154
2512,2021-03,2386
2512,2021-04,2338
2512,2021-05,2439
2512,2021-06,2256
2512,2021-07,1574
2512,2021-08,1997
2512,2021-09,2970
2512,2021-10,3022
2512,2021-11,3065
2512,2021-12,3151
2512,2022-01,2543
2512,2022-02,3222
2512,2022-03,3519
2512,2022-04,2915
2512,2022-05,3102
2512,2022-06,2806
2512,2022-07,1854
2512,2022-08,2304
2512,2022-09,2977
2512,2022-10,2981
2512,2022-11,3102
2512,2022-12,3091
2512,2023-01,3061
2512,2023-02,2438
2512,2023-03,3084
2512,2023-04,2560
2512,2023-05,3173
2512,2023-06,2644
2512,2023-07,1817
2512,2023-08,2285
2512,2023-09,2115
2512,2023-10,2052
2512,2023-11,2260
2512,2023-12,1997
2512,2024-01,1983
2512,2024-02,1903
2512,2024-03,1858
2512,2024-04,1905
2512,2024-05,1771
2512,2024-06,1909
2512,2024-07,1173
2512,2024-08,1535
2512,2024-09,1842
2512,2024-10,1930
2512,2024-11,2000
2512,2024-12,1656
2512,2025-01,1725
2512,2025-02,1523
2512,2025-03,1470
2512,2025-04,1665
2512,2025-05,1581
2512,2025-06,1276
2512,2025-07,1031
2512,2025-08,1115
2512,2025-09,1793
2512,2025-10,1882
2512,2025-11,1707
2512,2025-12,1472
2513,2020-01,20
2513,2020-02,31
2513,2020-03,52
2513,2020-04,31
2513,2020-05,23
2513,2020-06,44
2513,2020-07,10
2513,2020-08,27
2513,2020-09,24
2513,2020-10,21
2513,2020-11,25
2513,2020-12,22
2513,2021-01,10
2513,2021-02,30
2513,2021-03,34
2513,2021-04,28
2513,2021-05,28
2513,2021-06,41
2513,2021-07,40
2513,2021-08,19
2513,2021-09,30
2513,2021-10,57
2513,2021-11,30
2513,2021-12,30
2513,2022-01,29
2513,2022-02,42
2513,2022-03,33
2513,2022-04,36
2513,2022-05,40
2513,2022-06,26
2513,2022-07,9
2513,2022-08,24
2513,2022-09,27
2513,2022-10,18
2513,2022-11,30
2513,2022-12,11
2513,2023-01,24
2513,2023-02,32
2513,2023-03,22
2513,2023-04,27
2513,2023-05,28
2513,2023-06,20
2513,2023-07,18
2513,2023-08,21
2513,2023-09,21
2513,2023-10,35
2513,2023-11,32
2513,2023-12,18
2513,2024-01,32
2513,2024-02,17
2513,2024-03,20
2513,2024-04,19
2513,2024-05,12
2513,2024-06,15
2513,2024-07,11
2513,2024-08,21
2513,2024-09,17
2513,2024-10,18
2513,2024-11,14
2513,2024-12,9
2513,2025-01,15
2513,2025-02,20
2513,2025-03,17
2513,2025-04,12
2513,2025-05,13
2513,2025-06,12
2513,2025-07,7
2513,2025-08,10
2513,2025-09,19
2513,2025-10,15
2513,2025-11,23
2513,2025-12,18
2514,2020-01,130
2514,2020-02,157
2514,2020-03,124
2514,2020-04,69
2514,2020-05,76
2514,2020-06,73
2514,2020-07,54
2514,2020-08,68
2514,2020-09,135
2514,2020-10,127
2514,2020-11,142
2514,2020-12,112
2514,2021-01,113
2514,2021-02,156
2514,2021-03,184
2514,2021-04,164
2514,2021-05,180
2514,2021-06,176
2514,2021-07,78
2514,2021-08,149
2514,2021-09,224
2514,2021-10,185
2514,2021-11,190
2514,2021-12,216
2514,2022-01,212
2514,2022-02,196
2514,2022-03,248
2514,2022-04,164
2514,2022-05,190
2514,2022-06,197
2514,2022-07,144
2514,2022-08,183
2514,2022-09,216
2514,2022-10,235
2514,2022-11,244
2514,2022-12,210
2514,2023-01,245
2514,2023-02,200
2514,2023-03,393
2514,2023-04,212
2514,2023-05,294
2514,2023-06,233
2514,2023-07,97
2514,2023-08,164
2514,2023-09,174
2514,2023-10,197
2514,2023-11,166
2514,2023-12,140
2514,2024-01,177
2514,2024-02,136
2514,2024-03,148
2514,2024-04,186
2514,2024-05,144
2514,2024-06,172
2514,2024-07,106
2514,2024-08,145
2514,2024-09,168
2514,2024-10,182
2514,2024-11,196
2514,2024-12,145
2514,2025-01,142
2514,2025-02,153
2514,2025-03,149
2514,2025-04,127
2514,2025-05,168
2514,2025-06,104
2514,2025-07,79
2514,2025-08,98
2514,2025-09,135
2514,2025-10,176
2514,2025-11,126
2514,2025-12,118
2515,2020-01,117
2515,2020-02,147
2515,2020-03,128
2515,2020-04,136
2515,2020-05,93
2515,2020-06,96
2515,2020-07,82
2515,2020-08,76
2515,2020-09,103
2515,2020-10,125
2515,2020-11,146
2515,2020-12,163
2515,2021-01,116
2515,2021-02,178
2515,2021-03,201
2515,2021-04,175
2515,2021-05,188
2515,2021-06,187
2515,2021-07,128
2515,2021-08,123
2515,2021-09,177
2515,2021-10,201
2515,2021-11,232
2515,2021-12,245
2515,2022-01,171
2515,2022-02,251
2515,2022-03,268
2515,2022-04,249
2515,2022-05,258
2515,2022-06,193
2515,2022-07,159
2515,2022-08,174
2515,2022-09,230
2515,2022-10,259
2515,2022-11,236
2515,2022-12,234
2515,2023-01,246
2515,2023-02,199
2515,2023-03,252
2515,2023-04,256
2515,2023-05,297
2515,2023-06,181
2515,2023-07,114
2515,2023-08,144
2515,2023-09,194
2515,2023-10,172
2515,2023-11,177
2515,2023-12,178
2515,2024-01,162
2515,2024-02,177
2515,2024-03,155
2515,2024-04,138
2515,2024-05,153
2515,2024-06,114
2515,2024-07,100
2515,2024-08,125
2515,2024-09,170
2515,2024-10,199
2515,2024-11,166
2515,2024-12,156
2515,2025-01,115
2515,2025-02,141
2515,2025-03,155
2515,2025-04,143
2515,2025-05,145
2515,2025-06,124
2515,2025-07,85
2515,2025-08,88
2515,2025-09,127
2515,2025-10,176
2515,2025-11,154
2515,2025-12,169
2516,2020-01,98
2516,2020-02,92
2516,2020-03,79
2516,2020-04,68
2516,2020-05,55
2516,2020-06,69
2516,2020-07,55
2516,2020-08,37
2516,2020-09,75
2516,2020-10,76
2516,2020-11,100
2516,2020-12,86
2516,2021-01,70
2516,2021-02,83
2516,2021-03,91
2516,2021-04,101
2516,2021-05,113
2516,2021-06,106
2516,2021-07,78
2516,2021-08,105
2516,2021-09,157
2516,2021-10,240
2516,2021-11,268
2516,2021-12,190
2516,2022-01,118
2516,2022-02,166
2516,2022-03,205
2516,2022-04,160
2516,2022-05,166
2516,2022-06,146
2516,2022-07,99
2516,2022-08,155
2516,2022-09,166
2516,2022-10,193
2516,2022-11,141
2516,2022-12,176
2516,2023-01,172
2516,2023-02,143
2516,2023-03,213
2516,2023-04,146
2516,2023-05,210
2516,2023-06,196
2516,2023-07,93
2516,2023-08,120
2516,2023-09,165
2516,2023-10,196
2516,2023-11,185
2516,2023-12,169
2516,2024-01,148
2516,2024-02,153
2516,2024-03,161
2516,2024-04,176
2516,2024-05,112
2516,2024-06,108
2516,2024-07,130
2516,2024-08,128
2516,2024-09,163
2516,2024-10,165
2516,2024-11,119
2516,2024-12,133
2516,2025-01,139
2516,2025-02,134
2516,2025-03,149
2516,2025-04,148
2516,2025-05,142
2516,2025-06,95
2516,2025-07,105
2516,2025-08,79
2516,2025-09,115
2516,2025-10,146
2516,2025-11,116
2516,2025-12,165
2519,2020-01,86
2519,2020-02,100
2519,2020-03,89
2519,2020-04,62
2519,2020-05,74
2519,2020-06,82
2519,2020-07,66
2519,2020-08,70
2519,2020-09,83
2519,2020-10,84
2519,2020-11,109
2519,2020-12,128
2519,2021-01,99
2519,2021-02,121
2519,2021-03,122
2519,2021-04,153
2519,2021-05,136
2519,2021-06,118
2519,2021-07,123
2519,2021-08,180
2519,2021-09,233
2519,2021-10,250
2519,2021-11,305
2519,2021-12,284
2519,2022-01,229
2519,2022-02,219
2519,2022-03,298
2519,2022-04,246
2519,2022-05,310
2519,2022-06,248
2519,2022-07,162
2519,2022-08,195
2519,2022-09,238
2519,2022-10,219
2519,2022-11,217
2519,2022-12,195
2519,2023-01,182
2519,2023-02,178
2519,2023-03,210
2519,2023-04,142
2519,2023-05,206
2519,2023-06,137
2519,2023-07,122
2519,2023-08,133
2519,2023-09,173
2519,2023-10,195
2519,2023-11,170
2519,2023-12,153
2519,2024-01,147
2519,2024-02,165
2519,2024-03,137
2519,2024-04,152
2519,2024-05,130
2519,2024-06,111
2519,2024-07,84
2519,2024-08,99
2519,2024-09,156
2519,2024-10,163
2519,2024-11,146
2519,2024-12,145
2519,2025-01,118
2519,2025-02,144
2519,2025-03,143
2519,2025-04,147
2519,2025-05,134
2519,2025-06,93
2519,2025-07,85
2519,2025-08,70
2519,2025-09,156
2519,2025-10,148
2519,2025-11,114
2519,2025-12,127
2611,2020-01,5
2611,2020-02,3
2611,2020-04,4
2611,2020-06,1
2611,2020-07,5
2611,2020-08,3
2611,2020-09,4
2611,2020-10,10
2611,2020-11,6
2611,2020-12,6
2611,2021-01,6
2611,2021-02,8
2611,2021-03,7
2611,2021-04,2
2611,2021-05,9
2611,2021-06,4
2611,2021-07,4
2611,2021-08,6
2611,2021-09,1
2611,2021-10,9
2611,2021-11,9
2611,2021-12,8
2611,2022-01,10
2611,2022-02,6
2611,2022-03,10
2611,2022-04,7
2611,2022-05,4
2611,2022-06,5
2611,2022-07,3
2611,2022-08,10
2611,2022-09,10
2611,2022-10,2
2611,2022-11,4
2611,2022-12,5
2611,2023-01,4
2611,2023-02,13
2611,2023-03,6
2611,2023-04,3
2611,2023-05,3
2611,2023-06,3
2611,2023-07,3
2611,2023-08,7
2611,2023-09,6
2611,2023-10,7
2611,2023-11,6
2611,2023-12,5
2611,2024-01,6
2611,2024-02,13
2611,2024-03,6
2611,2024-04,9
2611,2024-05,5
2611,2024-06,5
2611,2024-07,5
2611,2024-08,6
2611,2024-09,6
2611,2024-10,1
2611,2024-11,5
2611,2024-12,1
2611,2025-01,9
2611,2025-02,3
2611,2025-03,4
2611,2025-04,10
2611,2025-05,6
2611,2025-06,2
2611,2025-07,5
2611,2025-08,7
2611,2025-09,9
2611,2025-10,6
2611,2025-11,7
2611,2025-12,3
2612,2020-01,18
2612,2020-02,13
2612,2020-03,13
2612,2020-04,15
2612,2020-05,13
2612,2020-06,14
2612,2020-07,6
2612,2020-08,10
2612,2020-09,8
2612,2020-10,16
2612,2020-11,17
2612,2020-12,10
2612,2021-01,13
2612,2021-02,5
2612,2021-03,17
2612,2021-04,16
2612,2021-05,13
2612,2021-06,14
2612,2021-07,9
2612,2021-08,11
2612,2021-09,19
2612,2021-10,23
2612,2021-11,22
2612,2021-12,26
2612,2022-01,15
2612,2022-02,18
2612,2022-03,23
2612,2022-04,5
2612,2022-05,17
2612,2022-06,7
2612,2022-07,8
2612,2022-08,23
2612,2022-09,19
2612,2022-10,14
2612,2022-11,17
2612,2022-12,19
2612,2023-01,19
2612,2023-02,18
2612,2023-03,8
2612,2023-04,6
2612,2023-05,17
2612,2023-06,8
2612,2023-07,4
2612,2023-08,12
2612,2023-09,12
2612,2023-10,11
2612,2023-11,11
2612,2023-12,12
2612,2024-01,20
2612,2024-02,23
2612,2024-03,11
2612,2024-04,8
2612,2024-05,8
2612,2024-06,9
2612,2024-07,33
2612,2024-08,18
2612,2024-09,9
2612,2024-10,14
2612,2024-11,13
2612,2024-12,10
2612,2025-01,31
2612,2025-02,19
2612,2025-03,15
2612,2025-04,27
2612,2025-05,20
2612,2025-06,11
2612,2025-07,22
2612,2025-08,19
2612,2025-09,27
2612,2025-10,20
2612,2025-11,10
2612,2025-12,14
2613,2020-01,3
2613,2020-02,3
2613,2020-03,6
2613,2020-04,6
2613,2020-05,2
2613,2020-06,1
2613,2020-07,2
2613,2020-08,1
2613,2020-09,6
2613,2020-10,4
2613,2020-11,5
2613,2020-12,5
2613,2021-01,8
2613,2021-02,5
2613,2021-03,4
2613,2021-04,2
2613,2021-05,5
2613,2021-06,7
2613,2021-07,3
2613,2021-08,3
2613,2021-09,4
2613,2021-10,10
2613,2021-11,4
2613,2021-12,19
2613,2022-01,12
2613,2022-02,22
2613,2022-03,10
2613,2022-04,15
2613,2022-05,5
2613,2022-06,5
2613,2022-07,2
2613,2022-08,7
2613,2022-09,11
2613,2022-10,16
2613,2022-11,11
2613,2022-12,9
2613,2023-01,19
2613,2023-02,11
2613,2023-03,8
2613,2023-04,9
2613,2023-05,9
2613,2023-08,6
2613,2023-09,4
2613,2023-10,11
2613,2023-11,5
2613,2023-12,4
2613,2024-01,12
2613,2024-02,5
2613,2024-03,13
2613,2024-04,15
2613,2024-05,15
2613,2024-07,1
2613,2024-08,2
2613,2024-09,4
2613,2024-10,10
2613,2024-11,6
2613,2025-01,5
2613,2025-02,4
2613,2025-03,12
2613,2025-04,2
2613,2025-05,5
2613,2025-07,3
2613,2025-08,11
2613,2025-09,5
2613,2025-10,8
2613,2025-11,5
2614,2020-01,62
2614,2020-02,81
2614,2020-03,56
2614,2020-04,48
2614,2020-05,34
2614,2020-06,37
2614,2020-07,34
2614,2020-08,45
2614,2020-09,59
2614,2020-10,47
2614,2020-11,59
2614,2020-12,56
2614,2021-01,44
2614,2021-02,68
2614,2021-03,77
2614,2021-04,76
2614,2021-05,91
2614,2021-06,91
2614,2021-07,50
2614,2021-08,70
2614,2021-09,115
2614,2021-10,102
2614,2021-11,95
2614,2021-12,105
2614,2022-01,107
2614,2022-02,121
2614,2022-03,108
2614,2022-04,109
2614,2022-05,117
2614,2022-06,95
2614,2022-07,49
2614,2022-08,80
2614,2022-09,99
2614,2022-10,116
2614,2022-11,90
2614,2022-12,94
2614,2023-01,101
2614,2023-02,77
2614,2023-03,90
2614,2023-04,78
2614,2023-05,113
2614,2023-06,87
2614,2023-07,45
2614,2023-08,63
2614,2023-09,84
2614,2023-10,113
2614,2023-11,61
2614,2023-12,72
2614,2024-01,81
2614,2024-02,82
2614,2024-03,72
2614,2024-04,74
2614,2024-05,77
2614,2024-06,80
2614,2024-07,63
2614,2024-08,56
2614,2024-09,74
2614,2024-10,78
2614,2024-11,79
2614,2024-12,47
2614,2025-01,55
2614,2025-02,78
2614,2025-03,67
2614,2025-04,68
2614,2025-05,67
2614,2025-06,43
2614,2025-07,45
2614,2025-08,43
2614,2025-09,54
2614,2025-10,77
2614,2025-11,55
2614,2025-12,67
2615,2020-01,37
2615,2020-02,55
2615,2020-03,43
2615,2020-04,35
2615,2020-05,30
2615,2020-06,33
2615,2020-07,25
2615,2020-08,21
2615,2020-09,37
2615,2020-10,44
2615,2020-11,37
2615,2020-12,43
2615,2021-01,43
2615,2021-02,57
2615,2021-03,65
2615,2021-04,50
2615,2021-05,57
2615,2021-06,42
2615,2021-07,38
2615,2021-08,28
2615,2021-09,65
2615,2021-10,61
2615,2021-11,64
2615,2021-12,70
2615,2022-01,48
2615,2022-02,56
2615,2022-03,94
2615,2022-04,66
2615,2022-05,75
2615,2022-06,47
2615,2022-07,33
2615,2022-08,38
2615,2022-09,59
2615,2022-10,76
2615,2022-11,64
2615,2022-12,67
2615,2023-01,71
2615,2023-02,72
2615,2023-03,64
2615,2023-04,62
2615,2023-05,66
2615,2023-06,38
2615,2023-07,33
2615,2023-08,33
2615,2023-09,42
2615,2023-10,52
2615,2023-11,39
2615,2023-12,46
2615,2024-01,39
2615,2024-02,39
2615,2024-03,74
2615,2024-04,61
2615,2024-05,43
2615,2024-06,19
2615,2024-07,21
2615,2024-08,24
2615,2024-09,37
2615,2024-10,52
2615,2024-11,45
2615,2024-12,55
2615,2025-01,67
2615,2025-02,59
2615,2025-03,56
2615,2025-04,67
2615,2025-05,85
2615,2025-06,37
2615,2025-07,28
2615,2025-08,33
2615,2025-09,59
2615,2025-10,66
2615,2025-11,77
2615,2025-12,100
2619,2020-01,41
2619,2020-02,50
2619,2020-03,24
2619,2020-04,23
2619,2020-05,34
2619,2020-06,17
2619,2020-07,29
2619,2020-08,55
2619,2020-09,33
2619,2020-10,47
2619,2020-11,40
2619,2020-12,23
2619,2021-01,42
2619,2021-02,43
2619,2021-03,50
2619,2021-04,63
2619,2021-05,56
2619,2021-06,53
2619,2021-07,33
2619,2021-08,45
2619,2021-09,56
2619,2021-10,50
2619,2021-11,40
2619,2021-12,46
2619,2022-01,46
2619,2022-02,59
2619,2022-03,70
2619,2022-04,53
2619,2022-05,39
2619,2022-06,37
2619,2022-07,29
2619,2022-08,44
2619,2022-09,30
2619,2022-10,64
2619,2022-11,46
2619,2022-12,43
2619,2023-01,58
2619,2023-02,55
2619,2023-03,65
2619,2023-04,44
2619,2023-05,39
2619,2023-06,33
2619,2023-07,31
2619,2023-08,26
2619,2023-09,38
2619,2023-10,52
2619,2023-11,43
2619,2023-12,36
2619,2024-01,33
2619,2024-02,57
2619,2024-03,48
2619,2024-04,37
2619,2024-05,32
2619,2024-06,33
2619,2024-07,15
2619,2024-08,30
2619,2024-09,40
2619,2024-10,46
2619,2024-11,41
2619,2024-12,44
2619,2025-01,32
2619,2025-02,42
2619,2025-03,57
2619,2025-04,52
2619,2025-05,43
2619,2025-06,35
2619,2025-07,20
2619,2025-08,38
2619,2025-09,49
2619,2025-10,60
2619,2025-11,43
2619,2025-12,64
2621,2020-01,14
2621,2020-02,20
2621,2020-03,8
2621,2020-04,6
2621,2020-05,6
2621,2020-06,6
2621,2020-07,4
2621,2020-08,3
2621,2020-09,5
2621,2020-10,9
2621,2020-11,11
2621,2020-12,7
2621,2021-01,10
2621,2021-02,6
2621,2021-03,6
2621,2021-04,16
2621,2021-05,20
2621,2021-06,14
2621,2021-07,8
2621,2021-08,9
2621,2021-09,12
2621,2021-10,10
2621,2021-11,28
2621,2021-12,23
2621,2022-01,16
2621,2022-02,23
2621,2022-03,19
2621,2022-04,23
2621,2022-05,16
2621,2022-06,13
2621,2022-07,9
2621,2022-08,14
2621,2022-09,9
2621,2022-10,9
2621,2022-11,20
2621,2022-12,18
2621,2023-01,15
2621,2023-02,24
2621,2023-03,25
2621,2023-04,16
2621,2023-05,19
2621,2023-06,15
2621,2023-07,6
2621,2023-08,12
2621,2023-09,17
2621,2023-10,18
2621,2023-11,14
2621,2023-12,8
2621,2024-01,12
2621,2024-02,15
2621,2024-03,21
2621,2024-04,16
2621,2024-05,20
2621,2024-06,7
2621,2024-07,5
2621,2024-08,7
2621,2024-09,8
2621,2024-10,15
2621,2024-11,17
2621,2024-12,20
2621,2025-01,22
2621,2025-02,23
2621,2025-03,19
2621,2025-04,16
2621,2025-05,24
2621,2025-06,16
2621,2025-07,8
2621,2025-08,7
2621,2025-09,14
2621,2025-10,10
2621,2025-11,11
2621,2025-12,21
2622,2020-01,83
2622,2020-02,112
2622,2020-03,78
2622,2020-04,69
2622,2020-05,80
2622,2020-06,62
2622,2020-07,39
2622,2020-08,33
2622,2020-09,96
2622,2020-10,71
2622,2020-11,83
2622,2020-12,70
2622,2021-01,63
2622,2021-02,87
2622,2021-03,99
2622,2021-04,137
2622,2021-05,130
2622,2021-06,98
2622,2021-07,48
2622,2021-08,78
2622,2021-09,144
2622,2021-10,128
2622,2021-11,133
2622,2021-12,140
2622,2022-01,121
2622,2022-02,129
2622,2022-03,141
2622,2022-04,115
2622,2022-05,138
2622,2022-06,98
2622,2022-07,60
2622,2022-08,120
2622,2022-09,110
2622,2022-10,160
2622,2022-11,122
2622,2022-12,126
2622,2023-01,107
2622,2023-02,108
2622,2023-03,140
2622,2023-04,103
2622,2023-05,135
2622,2023-06,68
2622,2023-07,67
2622,2023-08,73
2622,2023-09,89
2622,2023-10,80
2622,2023-11,76
2622,2023-12,85
2622,2024-01,85
2622,2024-02,83
2622,2024-03,110
2622,2024-04,96
2622,2024-05,100
2622,2024-06,62
2622,2024-07,45
2622,2024-08,52
2622,2024-09,78
2622,2024-10,94
2622,2024-11,66
2622,2024-12,84
2622,2025-01,79
2622,2025-02,125
2622,2025-03,135
2622,2025-04,128
2622,2025-05,142
2622,2025-06,93
2622,2025-07,87
2622,2025-08,81
2622,2025-09,111
2622,2025-10,117
2622,2025-11,125
2622,2025-12,85
2623,2020-01,37
2623,2020-02,24
2623,2020-03,30
2623,2020-04,26
2623,2020-05,14
2623,2020-06,18
2623,2020-07,6
2623,2020-08,7
2623,2020-09,9
2623,2020-10,19
2623,2020-11,22
2623,2020-12,25
2623,2021-01,9
2623,2021-02,19
2623,2021-03,20
2623,2021-04,30
2623,2021-05,18
2623,2021-06,21
2623,2021-07,6
2623,2021-08,12
2623,2021-09,18
2623,2021-10,29
2623,2021-11,32
2623,2021-12,16
2623,2022-01,18
2623,2022-02,20
2623,2022-03,54
2623,2022-04,29
2623,2022-05,27
2623,2022-06,32
2623,2022-07,19
2623,2022-08,14
2623,2022-09,20
2623,2022-10,22
2623,2022-11,26
2623,2022-12,24
2623,2023-01,26
2623,2023-02,30
2623,2023-03,32
2623,2023-04,18
2623,2023-05,25
2623,2023-06,30
2623,2023-07,14
2623,2023-08,10
2623,2023-09,28
2623,2023-10,18
2623,2023-11,25
2623,2023-12,22
2623,2024-01,18
2623,2024-02,30
2623,2024-03,17
2623,2024-04,36
2623,2024-05,30
2623,2024-06,21
2623,2024-07,8
2623,2024-08,17
2623,2024-09,20
2623,2024-10,18
2623,2024-11,18
2623,2024-12,34
2623,2025-01,21
2623,2025-02,25
2623,2025-03,28
2623,2025-04,27
2623,2025-05,27
2623,2025-06,27
2623,2025-07,7
2623,2025-08,18
2623,2025-09,13
2623,2025-10,20
2623,2025-11,38
2623,2025-12,31
2641,2020-01,34
2641,2020-02,21
2641,2020-03,28
2641,2020-04,14
2641,2020-05,10
2641,2020-06,18
2641,2020-07,7
2641,2020-08,9
2641,2020-09,17
2641,2020-10,21
2641,2020-11,17
2641,2020-12,29
2641,2021-01,15
2641,2021-02,8
2641,2021-03,48
2641,2021-04,20
2641,2021-05,25
2641,2021-06,33
2641,2021-07,4
2641,2021-08,3
2641,2021-09,3
2641,2021-10,6
2641,2021-11,7
2641,2021-12,7
2641,2022-01,5
2641,2022-02,9
2641,2022-03,6
2641,2022-04,5
2641,2022-05,4
2641,2022-06,9
2641,2022-07,5
2641,2022-08,5
2641,2022-09,8
2641,2022-10,8
2641,2022-11,15
2641,2022-12,11
2641,2023-01,7
2641,2023-02,6
2641,2023-03,3
2641,2023-04,2
2641,2023-05,2
2641,2023-06,2
2641,2023-07,1
2641,2023-08,1
2641,2023-09,5
2641,2023-10,5
2641,2023-12,2
2641,2024-01,1
2641,2024-02,6
2641,2024-03,1
2641,2024-04,4
2641,2024-05,2
2641,2024-06,4
2641,2024-07,4
2641,2024-08,1
2641,2024-09,4
2641,2024-10,7
2641,2024-11,3
2641,2024-12,2
2641,2025-01,2
2641,2025-02,4
2641,2025-03,4
2641,2025-04,4
2641,2025-05,3
2641,2025-06,3
2641,2025-07,4
2641,2025-08,3
2641,2025-09,1
2641,2025-10,1
2641,2025-11,1
2641,2025-12,1
2642,2020-01,111
2642,2020-02,48
2642,2020-03,38
2642,2020-04,36
2642,2020-05,26
2642,2020-06,38
2642,2020-07,19
2642,2020-08,33
2642,2020-09,30
2642,2020-10,53
2642,2020-11,42
2642,2020-12,53
2642,2021-01,112
2642,2021-02,63
2642,2021-03,52
2642,2021-04,52
2642,2021-05,72
2642,2021-06,61
2642,2021-07,28
2642,2021-08,46
2642,2021-09,60
2642,2021-10,74
2642,2021-11,78
2642,2021-12,127
2642,2022-01,121
2642,2022-02,116
2642,2022-03,97
2642,2022-04,79
2642,2022-05,93
2642,2022-06,73
2642,2022-07,25
2642,2022-08,54
2642,2022-09,104
2642,2022-10,68
2642,2022-11,58
2642,2022-12,98
2642,2023-01,119
2642,2023-02,63
2642,2023-03,73
2642,2023-04,86
2642,2023-05,89
2642,2023-06,49
2642,2023-07,60
2642,2023-08,37
2642,2023-09,34
2642,2023-10,37
2642,2023-11,40
2642,2023-12,46
2642,2024-01,71
2642,2024-02,42
2642,2024-03,45
2642,2024-04,32
2642,2024-05,25
2642,2024-06,13
2642,2024-07,11
2642,2024-08,30
2642,2024-09,29
2642,2024-10,27
2642,2024-11,25
2642,2024-12,48
2642,2025-01,95
2642,2025-02,22
2642,2025-03,19
2642,2025-04,40
2642,2025-05,31
2642,2025-06,12
2642,2025-07,11
2642,2025-08,22
2642,2025-09,12
2642,2025-10,19
2642,2025-11,35
2642,2025-12,52
2643,2020-01,18
2643,2020-02,23
2643,2020-03,45
2643,2020-04,28
2643,2020-05,29
2643,2020-06,13
2643,2020-07,6
2643,2020-08,8
2643,2020-09,18
2643,2020-10,57
2643,2020-11,41
2643,2020-12,16
2643,2021-01,11
2643,2021-02,9
2643,2021-03,15
2643,2021-04,14
2643,2021-05,30
2643,2021-06,16
2643,2021-07,18
2643,2021-08,21
2643,2021-09,35
2643,2021-10,23
2643,2021-11,42
2643,2021-12,33
2643,2022-01,32
2643,2022-02,50
2643,2022-03,57
2643,2022-04,28
2643,2022-05,37
2643,2022-06,11
2643,2022-07,9
2643,2022-08,34
2643,2022-09,30
2643,2022-10,30
2643,2022-11,58
2643,2022-12,24
2643,2023-01,31
2643,2023-02,14
2643,2023-03,55
2643,2023-04,40
2643,2023-05,31
2643,2023-06,26
2643,2023-07,4
2643,2023-08,6
2643,2023-09,25
2643,2023-10,40
2643,2023-11,19
2643,2023-12,10
2643,2024-01,25
2643,2024-02,28
2643,2024-03,13
2643,2024-04,27
2643,2024-05,26
2643,2024-06,10
2643,2024-07,4
2643,2024-08,23
2643,2024-09,10
2643,2024-10,21
2643,2024-11,13
2643,2024-12,19
2643,2025-01,25
2643,2025-02,51
2643,2025-03,8
2643,2025-04,37
2643,2025-05,19
2643,2025-06,36
2643,2025-07,11
2643,2025-08,11
2643,2025-09,14
2643,2025-10,52
2643,2025-11,11
2643,2025-12,7
2651,2020-01,5
2651,2020-02,9
2651,2020-03,9
2651,2020-04,4
2651,2020-06,4
2651,2020-07,2
2651,2020-09,4
2651,2020-10,5
2651,2020-11,11
2651,2020-12,7
2651,2021-01,7
2651,2021-02,4
2651,2021-03,8
2651,2021-04,4
2651,2021-05,4
2651,2021-06,3
2651,2021-07,2
2651,2021-08,4
2651,2021-09,4
2651,2021-10,6
2651,2021-11,6
2651,2021-12,6
2651,2022-01,7
2651,2022-02,7
2651,2022-03,27
2651,2022-04,32
2651,2022-05,28
2651,2022-06,20
2651,2022-07,26
2651,2022-08,12
2651,2022-09,14
2651,2022-11,8
2651,2022-12,3
2651,2023-01,5
2651,2023-02,11
2651,2023-03,5
2651,2023-04,6
2651,2023-05,5
2651,2023-06,6
2651,2023-07,4
2651,2023-08,1
2651,2023-09,5
2651,2023-10,2
2651,2023-11,1
2651,2023-12,2
2651,2024-01,3
2651,2024-02,5
2651,2024-03,6
2651,2024-04,4
2651,2024-05,6
2651,2024-06,3
2651,2024-08,1
2651,2024-09,3
2651,2024-10,5
2651,2024-11,7
2651,2024-12,10
2651,2025-01,2
2651,2025-02,4
2651,2025-03,6
2651,2025-04,1
2651,2025-05,2
2651,2025-06,2
2651,2025-07,2
2651,2025-08,2
2651,2025-09,1
2651,2025-10,1
2651,2025-11,3
2651,2025-12,5
2652,2020-01,11
2652,2020-02,17
2652,2020-03,15
2652,2020-04,14
2652,2020-05,6
2652,2020-06,9
2652,2020-07,7
2652,2020-08,7
2652,2020-09,10
2652,2020-10,13
2652,2020-11,7
2652,2020-12,3
2652,2021-01,4
2652,2021-02,5
2652,2021-03,6
2652,2021-04,20
2652,2021-05,17
2652,2021-06,18
2652,2021-07,10
2652,2021-08,12
2652,2021-09,15
2652,2021-10,6
2652,2021-11,15
2652,2021-12,12
2652,2022-01,18
2652,2022-02,16
2652,2022-03,22
2652,2022-04,16
2652,2022-05,31
2652,2022-06,27
2652,2022-07,15
2652,2022-08,18
2652,2022-09,20
2652,2022-10,25
2652,2022-11,23
2652,2022-12,9
2652,2023-01,19
2652,2023-02,14
2652,2023-03,19
2652,2023-04,15
2652,2023-05,22
2652,2023-06,15
2652,2023-07,6
2652,2023-08,11
2652,2023-09,19
2652,2023-10,16
2652,2023-11,18
2652,2023-12,12
2652,2024-01,20
2652,2024-02,23
2652,2024-03,24
2652,2024-04,26
2652,2024-05,16
2652,2024-06,15
2652,2024-07,4
2652,2024-08,11
2652,2024-09,20
2652,2024-10,14
2652,2024-11,15
2652,2024-12,21
2652,2025-01,19
2652,2025-02,23
2652,2025-03,17
2652,2025-04,17
2652,2025-05,23
2652,2025-06,12
2652,2025-07,6
2652,2025-08,8
2652,2025-09,14
2652,2025-10,25
2652,2025-11,21
2652,2025-12,22
2653,2020-01,17
2653,2020-02,2
2653,2020-03,1
2653,2020-04,5
2653,2020-05,4
2653,2020-06,7
2653,2020-07,1
2653,2020-08,3
2653,2020-09,3
2653,2020-10,1
2653,2020-11,13
2653,2020-12,2
2653,2021-01,1
2653,2021-03,4
2653,2021-04,3
2653,2021-05,24
2653,2021-06,3
2653,2021-07,3
2653,2021-08,11
2653,2021-09,11
2653,2021-10,8
2653,2021-11,11
2653,2021-12,5
2653,2022-01,3
2653,2022-05,4
2653,2022-06,4
2653,2022-07,3
2653,2022-08,3
2653,2022-09,2
2653,2022-11,1
2653,2022-12,7
2653,2023-01,4
2653,2023-04,2
2653,2023-05,5
2653,2023-06,3
2653,2023-07,2
2653,2023-08,1
2653,2023-09,2
2653,2023-10,4
2653,2023-11,3
2653,2023-12,2
2653,2024-01,7
2653,2024-02,1
2653,2024-03,2
2653,2024-04,2
2653,2024-05,2
2653,2024-06,3
2653,2024-07,1
2653,2024-11,3
2653,2024-12,1
2653,2025-01,2
2653,2025-02,3
2653,2025-03,3
2653,2025-04,3
2653,2025-05,2
2653,2025-06,2
2653,2025-09,2
2653,2025-10,4
2653,2025-11,4
2653,2025-12,1
2654,2020-01,20
2654,2020-02,27
2654,2020-03,20
2654,2020-04,17
2654,2020-05,18
2654,2020-06,22
2654,2020-07,10
2654,2020-08,22
2654,2020-09,13
2654,2020-10,29
2654,2020-11,24
2654,2020-12,29
2654,2021-01,17
2654,2021-02,19
2654,2021-03,28
2654,2021-04,26
2654,2021-05,36
2654,2021-06,29
2654,2021-07,44
2654,2021-08,43
2654,2021-09,79
2654,2021-10,77
2654,2021-11,114
2654,2021-12,85
2654,2022-01,76
2654,2022-02,99
2654,2022-03,107
2654,2022-04,70
2654,2022-05,115
2654,2022-06,81
2654,2022-07,48
2654,2022-08,59
2654,2022-09,86
2654,2022-10,74
2654,2022-11,70
2654,2022-12,61
2654,2023-01,64
2654,2023-02,66
2654,2023-03,86
2654,2023-04,48
2654,2023-05,76
2654,2023-06,52
2654,2023-07,28
2654,2023-08,33
2654,2023-09,47
2654,2023-10,61
2654,2023-11,58
2654,2023-12,31
2654,2024-01,27
2654,2024-02,41
2654,2024-03,20
2654,2024-04,28
2654,2024-05,23
2654,2024-06,12
2654,2024-07,6
2654,2024-08,18
2654,2024-09,31
2654,2024-10,20
2654,2024-11,27
2654,2024-12,17
2654,2025-01,22
2654,2025-02,19
2654,2025-03,27
2654,2025-04,29
2654,2025-05,15
2654,2025-06,15
2654,2025-07,12
2654,2025-08,17
2654,2025-09,21
2654,2025-10,30
2654,2025-11,16
2654,2025-12,34
2655,2020-01,9
2655,2020-02,5
2655,2020-03,4
2655,2020-05,1
2655,2020-06,1
2655,2020-07,1
2655,2020-08,4
2655,2020-09,1
2655,2020-11,4
2655,2020-12,2
2655,2021-01,2
2655,2021-02,2
2655,2021-03,3
2655,2021-04,1
2655,2021-05,8
2655,2021-06,6
2655,2021-07,4
2655,2021-08,9
2655,2021-09,12
2655,2021-10,9
2655,2021-11,7
2655,2021-12,5
2655,2022-01,2
2655,2022-02,10
2655,2022-03,6
2655,2022-04,5
2655,2022-05,9
2655,2022-06,7
2655,2022-07,19
2655,2022-08,16
2655,2022-09,13
2655,2022-10,10
2655,2022-11,3
2655,2022-12,3
2655,2023-01,9
2655,2023-02,5
2655,2023-03,6
2655,2023-04,4
2655,2023-05,7
2655,2023-06,3
2655,2023-07,12
2655,2023-08,5
2655,2023-09,6
2655,2023-10,8
2655,2023-11,5
2655,2023-12,5
2655,2024-01,24
2655,2024-02,9
2655,2024-03,9
2655,2024-04,4
2655,2024-05,5
2655,2024-06,12
2655,2024-07,14
2655,2024-08,9
2655,2024-09,9
2655,2024-10,4
2655,2024-11,7
2655,2024-12,6
2655,2025-01,6
2655,2025-02,5
2655,2025-03,5
2655,2025-04,4
2655,2025-05,3
2655,2025-06,3
2655,2025-07,5
2655,2025-08,9
2655,2025-09,5
2655,2025-10,6
2655,2025-11,1
2655,2025-12,10
2661,2020-01,427
2661,2020-02,432
2661,2020-03,426
2661,2020-04,327
2661,2020-05,362
2661,2020-06,342
2661,2020-07,229
2661,2020-08,248
2661,2020-09,347
2661,2020-10,388
2661,2020-11,394
2661,2020-12,392
2661,2021-01,377
2661,2021-02,490
2661,2021-03,574
2661,2021-04,525
2661,2021-05,572
2661,2021-06,479
2661,2021-07,311
2661,2021-08,396
2661,2021-09,580
2661,2021-10,618
2661,2021-11,668
2661,2021-12,677
2661,2022-01,614
2661,2022-02,725
2661,2022-03,936
2661,2022-04,738
2661,2022-05,807
2661,2022-06,731
2661,2022-07,359
2661,2022-08,654
2661,2022-09,681
2661,2022-10,909
2661,2022-11,636
2661,2022-12,705
2661,2023-01,762
2661,2023-02,772
2661,2023-03,987
2661,2023-04,661
2661,2023-05,949
2661,2023-06,616
2661,2023-07,402
2661,2023-08,689
2661,2023-09,781
2661,2023-10,1395
2661,2023-11,1004
2661,2023-12,622
2661,2024-01,919
2661,2024-02,963
2661,2024-03,649
2661,2024-04,725
2661,2024-05,725
2661,2024-06,542
2661,2024-07,380
2661,2024-08,716
2661,2024-09,539
2661,2024-10,624
2661,2024-11,594
2661,2024-12,539
2661,2025-01,790
2661,2025-02,765
2661,2025-03,652
2661,2025-04,637
2661,2025-05,674
2661,2025-06,446
2661,2025-07,425
2661,2025-08,429
2661,2025-09,695
2661,2025-10,723
2661,2025-11,621
2661,2025-12,676
2662,2020-01,156
2662,2020-02,157
2662,2020-03,148
2662,2020-04,133
2662,2020-05,168
2662,2020-06,150
2662,2020-07,83
2662,2020-08,115
2662,2020-09,148
2662,2020-10,185
2662,2020-11,176
2662,2020-12,162
2662,2021-01,153
2662,2021-02,160
2662,2021-03,211
2662,2021-04,227
2662,2021-05,249
2662,2021-06,227
2662,2021-07,94
2662,2021-08,163
2662,2021-09,182
2662,2021-10,176
2662,2021-11,185
2662,2021-12,224
2662,2022-01,167
2662,2022-02,198
2662,2022-03,270
2662,2022-04,212
2662,2022-05,298
2662,2022-06,259
2662,2022-07,123
2662,2022-08,176
2662,2022-09,202
2662,2022-10,188
2662,2022-11,198
2662,2022-12,187
2662,2023-01,187
2662,2023-02,189
2662,2023-03,219
2662,2023-04,162
2662,2023-05,312
2662,2023-06,207
2662,2023-07,95
2662,2023-08,151
2662,2023-09,153
2662,2023-10,147
2662,2023-11,170
2662,2023-12,122
2662,2024-01,146
2662,2024-02,150
2662,2024-03,166
2662,2024-04,186
2662,2024-05,169
2662,2024-06,142
2662,2024-07,84
2662,2024-08,133
2662,2024-09,135
2662,2024-10,160
2662,2024-11,158
2662,2024-12,138
2662,2025-01,155
2662,2025-02,134
2662,2025-03,167
2662,2025-04,180
2662,2025-05,199
2662,2025-06,173
2662,2025-07,114
2662,2025-08,131
2662,2025-09,156
2662,2025-10,168
2662,2025-11,157
2662,2025-12,156
2663,2020-01,81
2663,2020-02,81
2663,2020-03,75
2663,2020-04,42
2663,2020-05,32
2663,2020-06,40
2663,2020-07,35
2663,2020-08,39
2663,2020-09,58
2663,2020-10,52
2663,2020-11,65
2663,2020-12,72
2663,2021-01,66
2663,2021-02,80
2663,2021-03,88
2663,2021-04,79
2663,2021-05,79
2663,2021-06,64
2663,2021-07,48
2663,2021-08,66
2663,2021-09,104
2663,2021-10,132
2663,2021-11,106
2663,2021-12,84
2663,2022-01,109
2663,2022-02,102
2663,2022-03,146
2663,2022-04,90
2663,2022-05,111
2663,2022-06,78
2663,2022-07,49
2663,2022-08,80
2663,2022-09,114
2663,2022-10,107
2663,2022-11,81
2663,2022-12,93
2663,2023-01,104
2663,2023-02,128
2663,2023-03,155
2663,2023-04,79
2663,2023-05,114
2663,2023-06,101
2663,2023-07,47
2663,2023-08,86
2663,2023-09,50
2663,2023-10,86
2663,2023-11,86
2663,2023-12,51
2663,2024-01,135
2663,2024-02,101
2663,2024-03,92
2663,2024-04,75
2663,2024-05,100
2663,2024-06,68
2663,2024-07,97
2663,2024-08,91
2663,2024-09,63
2663,2024-10,85
2663,2024-11,70
2663,2024-12,57
2663,2025-01,111
2663,2025-02,85
2663,2025-03,94
2663,2025-04,74
2663,2025-05,74
2663,2025-06,46
2663,2025-07,38
2663,2025-08,46
2663,2025-09,80
2663,2025-10,92
2663,2025-11,64
2663,2025-12,90
2669,2020-01,32
2669,2020-02,33
2669,2020-03,29
2669,2020-04,21
2669,2020-05,18
2669,2020-06,25
2669,2020-07,14
2669,2020-08,12
2669,2020-09,19
2669,2020-10,22
2669,2020-11,29
2669,2020-12,18
2669,2021-01,16
2669,2021-02,23
2669,2021-03,29
2669,2021-04,14
2669,2021-05,30
2669,2021-06,37
2669,2021-07,13
2669,2021-08,9
2669,2021-09,19
2669,2021-10,22
2669,2021-11,24
2669,2021-12,18
2669,2022-01,19
2669,2022-02,15
2669,2022-03,39
2669,2022-04,35
2669,2022-05,28
2669,2022-06,14
2669,2022-07,14
2669,2022-08,28
2669,2022-09,18
2669,2022-10,18
2669,2022-11,12
2669,2022-12,13
2669,2023-01,20
2669,2023-02,21
2669,2023-03,14
2669,2023-04,13
2669,2023-05,14
2669,2023-06,4
2669,2023-07,10
2669,2023-08,9
2669,2023-09,12
2669,2023-10,10
2669,2023-11,9
2669,2023-12,11
2669,2024-01,13
2669,2024-02,20
2669,2024-03,15
2669,2024-04,13
2669,2024-05,5
2669,2024-06,6
2669,2024-07,5
2669,2024-08,12
2669,2024-09,8
2669,2024-10,15
2669,2024-11,10
2669,2024-12,8
2669,2025-01,13
2669,2025-02,16
2669,2025-03,18
2669,2025-04,10
2669,2025-05,5
2669,2025-06,4
2669,2025-07,1
2669,2025-08,10
2669,2025-09,22
2669,2025-10,14
2669,2025-11,16
2669,2025-12,10
2671,2020-01,11
2671,2020-02,17
2671,2020-03,21
2671,2020-04,6
2671,2020-05,15
2671,2020-06,11
2671,2020-07,7
2671,2020-08,7
2671,2020-09,9
2671,2020-10,7
2671,2020-11,5
2671,2020-12,11
2671,2021-01,13
2671,2021-02,7
2671,2021-03,5
2671,2021-04,16
2671,2021-05,10
2671,2021-06,11
2671,2021-07,8
2671,2021-08,12
2671,2021-09,8
2671,2021-10,6
2671,2021-11,13
2671,2021-12,17
2671,2022-01,12
2671,2022-02,15
2671,2022-03,21
2671,2022-04,13
2671,2022-05,21
2671,2022-06,22
2671,2022-07,9
2671,2022-08,16
2671,2022-09,25
2671,2022-10,12
2671,2022-11,15
2671,2022-12,17
2671,2023-01,22
2671,2023-02,18
2671,2023-03,22
2671,2023-04,13
2671,2023-05,15
2671,2023-06,28
2671,2023-07,15
2671,2023-08,11
2671,2023-09,12
2671,2023-10,22
2671,2023-11,21
2671,2023-12,16
2671,2024-01,21
2671,2024-02,21
2671,2024-03,23
2671,2024-04,21
2671,2024-05,12
2671,2024-06,11
2671,2024-07,5
2671,2024-08,10
2671,2024-09,19
2671,2024-10,20
2671,2024-11,6
2671,2024-12,13
2671,2025-01,25
2671,2025-02,17
2671,2025-03,15
2671,2025-04,23
2671,2025-05,17
2671,2025-06,11
2671,2025-07,9
2671,2025-08,15
2671,2025-09,16
2671,2025-10,24
2671,2025-11,15
2671,2025-12,20
2672,2020-01,6
2672,2020-02,7
2672,2020-03,6
2672,2020-04,5
2672,2020-05,5
2672,2020-06,3
2672,2020-07,2
2672,2020-08,1
2672,2020-09,4
2672,2020-10,7
2672,2020-11,4
2672,2020-12,4
2672,2021-01,3
2672,2021-02,3
2672,2021-03,7
2672,2021-04,3
2672,2021-05,3
2672,2021-06,6
2672,2021-07,2
2672,2021-08,1
2672,2021-09,3
2672,2021-10,4
2672,2021-11,6
2672,2021-12,5
2672,2022-01,4
2672,2022-02,4
2672,2022-03,5
2672,2022-04,7
2672,2022-05,3
2672,2022-06,2
2672,2022-07,1
2672,2022-08,3
2672,2022-09,9
2672,2022-10,4
2672,2022-11,6
2672,2022-12,5
2672,2023-01,5
2672,2023-02,6
2672,2023-03,5
2672,2023-04,7
2672,2023-05,4
2672,2023-06,5
2672,2023-07,8
2672,2023-08,10
2672,2023-09,8
2672,2023-10,13
2672,2023-11,8
2672,2023-12,8
2672,2024-01,4
2672,2024-02,8
2672,2024-03,8
2672,2024-04,14
2672,2024-05,4
2672,2024-06,4
2672,2024-07,4
2672,2024-08,5
2672,2024-09,3
2672,2024-10,8
2672,2024-11,6
2672,2024-12,3
2672,2025-01,6
2672,2025-02,9
2672,2025-03,7
2672,2025-04,9
2672,2025-05,7
2672,2025-06,5
2672,2025-08,4
2672,2025-09,5
2672,2025-10,8
2672,2025-11,1
2672,2025-12,9
3111,2020-01,20
3111,2020-02,33
3111,2020-03,14
3111,2020-04,16
3111,2020-05,9
3111,2020-06,9
3111,2020-07,12
3111,2020-08,13
3111,2020-09,15
3111,2020-10,19
3111,2020-11,15
3111,2020-12,26
3111,2021-01,28
3111,2021-02,32
3111,2021-03,32
3111,2021-04,30
3111,2021-05,30
3111,2021-06,28
3111,2021-07,22
3111,2021-08,22
3111,2021-09,45
3111,2021-10,50
3111,2021-11,28
3111,2021-12,39
3111,2022-01,37
3111,2022-02,39
3111,2022-03,45
3111,2022-04,51
3111,2022-05,38
3111,2022-06,35
3111,2022-07,30
3111,2022-08,33
3111,2022-09,62
3111,2022-10,95
3111,2022-11,91
3111,2022-12,100
3111,2023-01,88
3111,2023-02,79
3111,2023-03,82
3111,2023-04,70
3111,2023-05,77
3111,2023-06,44
3111,2023-07,32
3111,2023-08,43
3111,2023-09,39
3111,2023-10,66
3111,2023-11,58
3111,2023-12,80
3111,2024-01,69
3111,2024-02,94
3111,2024-03,78
3111,2024-04,79
3111,2024-05,78
3111,2024-06,61
3111,2024-07,48
3111,2024-08,62
3111,2024-09,41
3111,2024-10,40
3111,2024-11,37
3111,2024-12,46
3111,2025-01,35
3111,2025-02,37
3111,2025-03,29
3111,2025-04,41
3111,2025-05,36
3111,2025-06,30
3111,2025-07,33
3111,2025-08,37
3111,2025-09,32
3111,2025-10,43
3111,2025-11,65
3111,2025-12,64
3112,2020-01,257
3112,2020-02,277
3112,2020-03,248
3112,2020-04,205
3112,2020-05,187
3112,2020-06,206
3112,2020-07,130
3112,2020-08,116
3112,2020-09,194
3112,2020-10,189
3112,2020-11,212
3112,2020-12,240
3112,2021-01,195
3112,2021-02,244
3112,2021-03,305
3112,2021-04,254
3112,2021-05,254
3112,2021-06,273
3112,2021-07,195
3112,2021-08,229
3112,2021-09,316
3112,2021-10,370
3112,2021-11,433
3112,2021-12,514
3112,2022-01,411
3112,2022-02,435
3112,2022-03,448
3112,2022-04,368
3112,2022-05,430
3112,2022-06,418
3112,2022-07,314
3112,2022-08,321
3112,2022-09,319
3112,2022-10,334
3112,2022-11,307
3112,2022-12,281
3112,2023-01,256
3112,2023-02,235
3112,2023-03,301
3112,2023-04,223
3112,2023-05,275
3112,2023-06,303
3112,2023-07,170
3112,2023-08,206
3112,2023-09,225
3112,2023-10,251
3112,2023-11,293
3112,2023-12,465
3112,2024-01,383
3112,2024-02,484
3112,2024-03,461
3112,2024-04,532
3112,2024-05,504
3112,2024-06,435
3112,2024-07,372
3112,2024-08,405
3112,2024-09,533
3112,2024-10,553
3112,2024-11,566
3112,2024-12,531
3112,2025-01,515
3112,2025-02,550
3112,2025-03,539
3112,2025-04,523
3112,2025-05,469
3112,2025-06,394
3112,2025-07,319
3112,2025-08,364
3112,2025-09,508
3112,2025-10,516
3112,2025-11,465
3112,2025-12,477
3113,2020-01,322
3113,2020-02,376
3113,2020-03,304
3113,2020-04,162
3113,2020-05,134
3113,2020-06,174
3113,2020-07,133
3113,2020-08,149
3113,2020-09,234
3113,2020-10,261
3113,2020-11,288
3113,2020-12,260
3113,2021-01,249
3113,2021-02,340
3113,2021-03,411
3113,2021-04,327
3113,2021-05,361
3113,2021-06,352
3113,2021-07,273
3113,2021-08,322
3113,2021-09,450
3113,2021-10,459
3113,2021-11,465
3113,2021-12,496
3113,2022-01,506
3113,2022-02,522
3113,2022-03,607
3113,2022-04,555
3113,2022-05,595
3113,2022-06,477
3113,2022-07,404
3113,2022-08,522
3113,2022-09,625
3113,2022-10,642
3113,2022-11,615
3113,2022-12,614
3113,2023-01,626
3113,2023-02,643
3113,2023-03,657
3113,2023-04,532
3113,2023-05,632
3113,2023-06,581
3113,2023-07,419
3113,2023-08,517
3113,2023-09,542
3113,2023-10,621
3113,2023-11,600
3113,2023-12,556
3113,2024-01,543
3113,2024-02,545
3113,2024-03,521
3113,2024-04,539
3113,2024-05,515
3113,2024-06,487
3113,2024-07,356
3113,2024-08,398
3113,2024-09,500
3113,2024-10,458
3113,2024-11,415
3113,2024-12,413
3113,2025-01,474
3113,2025-02,465
3113,2025-03,406
3113,2025-04,399
3113,2025-05,348
3113,2025-06,320
3113,2025-07,288
3113,2025-08,312
3113,2025-09,447
3113,2025-10,382
3113,2025-11,287
3113,2025-12,383
3114,2020-01,466
3114,2020-02,425
3114,2020-03,393
3114,2020-04,196
3114,2020-05,154
3114,2020-06,163
3114,2020-07,124
3114,2020-08,134
3114,2020-09,233
3114,2020-10,303
3114,2020-11,288
3114,2020-12,330
3114,2021-01,310
3114,2021-02,379
3114,2021-03,468
3114,2021-04,479
3114,2021-05,546
3114,2021-06,569
3114,2021-07,421
3114,2021-08,534
3114,2021-09,627
3114,2021-10,678
3114,2021-11,812
3114,2021-12,932
3114,2022-01,897
3114,2022-02,837
3114,2022-03,1134
3114,2022-04,952
3114,2022-05,908
3114,2022-06,866
3114,2022-07,577
3114,2022-08,739
3114,2022-09,911
3114,2022-10,881
3114,2022-11,908
3114,2022-12,822
3114,2023-01,823
3114,2023-02,875
3114,2023-03,1069
3114,2023-04,911
3114,2023-05,1157
3114,2023-06,1095
3114,2023-07,793
3114,2023-08,945
3114,2023-09,949
3114,2023-10,1016
3114,2023-11,986
3114,2023-12,773
3114,2024-01,927
3114,2024-02,904
3114,2024-03,889
3114,2024-04,897
3114,2024-05,776
3114,2024-06,686
3114,2024-07,586
3114,2024-08,637
3114,2024-09,740
3114,2024-10,817
3114,2024-11,682
3114,2024-12,623
3114,2025-01,635
3114,2025-02,677
3114,2025-03,733
3114,2025-04,692
3114,2025-05,642
3114,2025-06,569
3114,2025-07,396
3114,2025-08,456
3114,2025-09,541
3114,2025-10,579
3114,2025-11,517
3114,2025-12,537
3115,2020-01,59
3115,2020-02,59
3115,2020-03,51
3115,2020-04,40
3115,2020-05,36
3115,2020-06,39
3115,2020-07,29
3115,2020-08,30
3115,2020-09,42
3115,2020-10,64
3115,2020-11,87
3115,2020-12,49
3115,2021-01,53
3115,2021-02,66
3115,2021-03,74
3115,2021-04,79
3115,2021-05,99
3115,2021-06,64
3115,2021-07,72
3115,2021-08,54
3115,2021-09,94
3115,2021-10,99
3115,2021-11,85
3115,2021-12,89
3115,2022-01,88
3115,2022-02,79
3115,2022-03,102
3115,2022-04,73
3115,2022-05,92
3115,2022-06,90
3115,2022-07,63
3115,2022-08,51
3115,2022-09,82
3115,2022-10,102
3115,2022-11,93
3115,2022-12,100
3115,2023-01,68
3115,2023-02,62
3115,2023-03,93
3115,2023-04,74
3115,2023-05,94
3115,2023-06,90
3115,2023-07,59
3115,2023-08,84
3115,2023-09,75
3115,2023-10,101
3115,2023-11,64
3115,2023-12,47
3115,2024-01,56
3115,2024-02,72
3115,2024-03,78
3115,2024-04,74
3115,2024-05,80
3115,2024-06,77
3115,2024-07,61
3115,2024-08,64
3115,2024-09,85
3115,2024-10,83
3115,2024-11,56
3115,2024-12,74
3115,2025-01,91
3115,2025-02,68
3115,2025-03,57
3115,2025-04,55
3115,2025-05,72
3115,2025-06,55
3115,2025-07,35
3115,2025-08,56
3115,2025-09,79
3115,2025-10,75
3115,2025-11,47
3115,2025-12,58
3116,2020-01,10
3116,2020-02,43
3116,2020-03,23
3116,2020-04,13
3116,2020-05,12
3116,2020-06,9
3116,2020-07,15
3116,2020-08,11
3116,2020-09,17
3116,2020-10,29
3116,2020-11,34
3116,2020-12,23
3116,2021-01,20
3116,2021-02,20
3116,2021-03,19
3116,2021-04,32
3116,2021-05,38
3116,2021-06,30
3116,2021-07,20
3116,2021-08,25
3116,2021-09,35
3116,2021-10,28
3116,2021-11,28
3116,2021-12,51
3116,2022-01,51
3116,2022-02,78
3116,2022-03,94
3116,2022-04,50
3116,2022-05,54
3116,2022-06,43
3116,2022-07,43
3116,2022-08,41
3116,2022-09,47
3116,2022-10,40
3116,2022-11,41
3116,2022-12,49
3116,2023-01,52
3116,2023-02,40
3116,2023-03,52
3116,2023-04,42
3116,2023-05,44
3116,2023-06,37
3116,2023-07,30
3116,2023-08,35
3116,2023-09,36
3116,2023-10,51
3116,2023-11,43
3116,2023-12,42
3116,2024-01,52
3116,2024-02,63
3116,2024-03,52
3116,2024-04,50
3116,2024-05,52
3116,2024-06,34
3116,2024-07,33
3116,2024-08,44
3116,2024-09,36
3116,2024-10,66
3116,2024-11,48
3116,2024-12,54
3116,2025-01,58
3116,2025-02,62
3116,2025-03,50
3116,2025-04,33
3116,2025-05,58
3116,2025-06,30
3116,2025-07,22
3116,2025-08,24
3116,2025-09,41
3116,2025-10,35
3116,2025-11,36
3116,2025-12,37
3117,2020-01,46
3117,2020-02,53
3117,2020-03,41
3117,2020-04,29
3117,2020-05,39
3117,2020-06,29
3117,2020-07,19
3117,2020-08,28
3117,2020-09,49
3117,2020-10,46
3117,2020-11,52
3117,2020-12,47
3117,2021-01,55
3117,2021-02,43
3117,2021-03,57
3117,2021-04,75
3117,2021-05,39
3117,2021-06,40
3117,2021-07,26
3117,2021-08,35
3117,2021-09,61
3117,2021-10,56
3117,2021-11,61
3117,2021-12,79
3117,2022-01,50
3117,2022-02,54
3117,2022-03,88
3117,2022-04,57
3117,2022-05,63
3117,2022-06,32
3117,2022-07,27
3117,2022-08,28
3117,2022-09,46
3117,2022-10,46
3117,2022-11,28
3117,2022-12,26
3117,2023-01,43
3117,2023-02,58
3117,2023-03,68
3117,2023-04,37
3117,2023-05,35
3117,2023-06,36
3117,2023-07,23
3117,2023-08,32
3117,2023-09,34
3117,2023-10,29
3117,2023-11,20
3117,2023-12,25
3117,2024-01,19
3117,2024-02,30
3117,2024-03,33
3117,2024-04,33
3117,2024-05,23
3117,2024-06,22
3117,2024-07,17
3117,2024-08,22
3117,2024-09,26
3117,2024-10,27
3117,2024-11,27
3117,2024-12,24
3117,2025-01,29
3117,2025-02,33
3117,2025-03,46
3117,2025-04,27
3117,2025-05,41
3117,2025-06,25
3117,2025-07,27
3117,2025-08,34
3117,2025-09,29
3117,2025-10,26
3117,2025-11,24
3117,2025-12,53
3119,2020-01,50
3119,2020-02,51
3119,2020-03,45
3119,2020-04,22
3119,2020-05,23
3119,2020-06,20
3119,2020-07,27
3119,2020-08,27
3119,2020-09,43
3119,2020-10,35
3119,2020-11,48
3119,2020-12,41
3119,2021-01,38
3119,2021-02,62
3119,2021-03,44
3119,2021-04,35
3119,2021-05,50
3119,2021-06,66
3119,2021-07,39
3119,2021-08,36
3119,2021-09,86
3119,2021-10,78
3119,2021-11,65
3119,2021-12,67
3119,2022-01,56
3119,2022-02,61
3119,2022-03,90
3119,2022-04,80
3119,2022-05,94
3119,2022-06,70
3119,2022-07,36
3119,2022-08,69
3119,2022-09,62
3119,2022-10,58
3119,2022-11,75
3119,2022-12,63
3119,2023-01,83
3119,2023-02,70
3119,2023-03,87
3119,2023-04,62
3119,2023-05,69
3119,2023-06,63
3119,2023-07,47
3119,2023-08,64
3119,2023-09,74
3119,2023-10,89
3119,2023-11,57
3119,2023-12,59
3119,2024-01,67
3119,2024-02,63
3119,2024-03,72
3119,2024-04,96
3119,2024-05,73
3119,2024-06,42
3119,2024-07,32
3119,2024-08,51
3119,2024-09,61
3119,2024-10,57
3119,2024-11,54
3119,2024-12,39
3119,2025-01,53
3119,2025-02,65
3119,2025-03,74
3119,2025-04,66
3119,2025-05,58
3119,2025-06,58
3119,2025-07,56
3119,2025-08,45
3119,2025-09,67
3119,2025-10,63
3119,2025-11,66
3119,2025-12,72
3121,2020-01,186
3121,2020-02,195
3121,2020-03,121
3121,2020-04,105
3121,2020-05,90
3121,2020-06,98
3121,2020-07,74
3121,2020-08,76
3121,2020-09,113
3121,2020-10,94
3121,2020-11,86
3121,2020-12,88
3121,2021-01,84
3121,2021-02,113
3121,2021-03,149
3121,2021-04,134
3121,2021-05,163
3121,2021-06,132
3121,2021-07,86
3121,2021-08,100
3121,2021-09,151
3121,2021-10,207
3121,2021-11,187
3121,2021-12,204
3121,2022-01,183
3121,2022-02,226
3121,2022-03,247
3121,2022-04,226
3121,2022-05,291
3121,2022-06,201
3121,2022-07,121
3121,2022-08,192
3121,2022-09,205
3121,2022-10,202
3121,2022-11,188
3121,2022-12,164
3121,2023-01,140
3121,2023-02,165
3121,2023-03,180
3121,2023-04,123
3121,2023-05,149
3121,2023-06,114
3121,2023-07,88
3121,2023-08,98
3121,2023-09,95
3121,2023-10,77
3121,2023-11,92
3121,2023-12,84
3121,2024-01,82
3121,2024-02,108
3121,2024-03,131
3121,2024-04,160
3121,2024-05,157
3121,2024-06,147
3121,2024-07,106
3121,2024-08,121
3121,2024-09,116
3121,2024-10,112
3121,2024-11,159
3121,2024-12,119
3121,2025-01,126
3121,2025-02,171
3121,2025-03,143
3121,2025-04,149
3121,2025-05,158
3121,2025-06,102
3121,2025-07,75
3121,2025-08,98
3121,2025-09,159
3121,2025-10,129
3121,2025-11,96
3121,2025-12,118
3122,2020-01,39
3122,2020-02,45
3122,2020-03,48
3122,2020-04,29
3122,2020-05,23
3122,2020-06,44
3122,2020-07,24
3122,2020-08,28
3122,2020-09,32
3122,2020-10,33
3122,2020-11,38
3122,2020-12,35
3122,2021-01,32
3122,2021-02,37
3122,2021-03,55
3122,2021-04,40
3122,2021-05,47
3122,2021-06,39
3122,2021-07,45
3122,2021-08,42
3122,2021-09,83
3122,2021-10,86
3122,2021-11,82
3122,2021-12,114
3122,2022-01,79
3122,2022-02,89
3122,2022-03,177
3122,2022-04,150
3122,2022-05,151
3122,2022-06,112
3122,2022-07,102
3122,2022-08,97
3122,2022-09,67
3122,2022-10,141
3122,2022-11,132
3122,2022-12,88
3122,2023-01,80
3122,2023-02,52
3122,2023-03,104
3122,2023-04,60
3122,2023-05,85
3122,2023-06,76
3122,2023-07,45
3122,2023-08,54
3122,2023-09,83
3122,2023-10,66
3122,2023-11,83
3122,2023-12,64
3122,2024-01,49
3122,2024-02,46
3122,2024-03,53
3122,2024-04,47
3122,2024-05,66
3122,2024-06,69
3122,2024-07,30
3122,2024-08,50
3122,2024-09,75
3122,2024-10,68
3122,2024-11,66
3122,2024-12,32
3122,2025-01,65
3122,2025-02,66
3122,2025-03,56
3122,2025-04,56
3122,2025-05,46
3122,2025-06,48
3122,2025-07,34
3122,2025-08,49
3122,2025-09,52
3122,2025-10,53
3122,2025-11,38
3122,2025-12,32
3151,2020-01,9
3151,2020-02,9
3151,2020-03,4
3151,2020-04,1
3151,2020-05,1
3151,2020-06,2
3151,2020-07,3
3151,2020-08,4
3151,2020-09,2
3151,2020-10,1
3151,2020-11,4
3151,2020-12,2
3151,2021-01,2
3151,2021-02,1
3151,2021-03,8
3151,2021-04,3
3151,2021-05,7
3151,2021-06,3
3151,2021-07,1
3151,2021-08,6
3151,2021-09,7
3151,2021-10,3
3151,2021-11,3
3151,2021-12,12
3151,2022-01,7
3151,2022-02,9
3151,2022-03,9
3151,2022-04,7
3151,2022-05,7
3151,2022-06,3
3151,2022-07,5
3151,2022-08,7
3151,2022-09,6
3151,2022-10,9
3151,2022-11,11
3151,2022-12,7
3151,2023-01,6
3151,2023-02,7
3151,2023-03,3
3151,2023-04,11
3151,2023-05,25
3151,2023-06,4
3151,2023-07,3
3151,2023-08,6
3151,2023-09,1
3151,2023-10,5
3151,2023-11,5
3151,2023-12,9
3151,2024-01,11
3151,2024-02,4
3151,2024-03,13
3151,2024-04,7
3151,2024-05,8
3151,2024-06,6
3151,2024-07,13
3151,2024-08,6
3151,2024-09,7
3151,2024-10,8
3151,2024-11,16
3151,2024-12,8
3151,2025-01,5
3151,2025-02,8
3151,2025-03,7
3151,2025-04,5
3151,2025-05,14
3151,2025-06,9
3151,2025-07,9
3151,2025-08,7
3151,2025-09,10
3151,2025-10,6
3151,2025-11,5
3151,2025-12,2
3152,2020-01,9
3152,2020-02,17
3152,2020-03,4
3152,2020-04,10
3152,2020-05,3
3152,2020-06,6
3152,2020-07,2
3152,2020-08,1
3152,2020-09,3
3152,2020-10,6
3152,2020-11,6
3152,2020-12,10
3152,2021-01,5
3152,2021-02,7
3152,2021-03,7
3152,2021-04,5
3152,2021-05,5
3152,2021-06,8
3152,2021-07,4
3152,2021-09,8
3152,2021-10,5
3152,2021-11,3
3152,2021-12,15
3152,2022-01,11
3152,2022-02,10
3152,2022-03,18
3152,2022-04,11
3152,2022-05,11
3152,2022-06,8
3152,2022-07,12
3152,2022-08,6
3152,2022-09,7
3152,2022-10,8
3152,2022-11,2
3152,2022-12,12
3152,2023-01,15
3152,2023-02,6
3152,2023-03,26
3152,2023-04,12
3152,2023-05,23
3152,2023-06,4
3152,2023-07,8
3152,2023-08,4
3152,2023-09,5
3152,2023-10,7
3152,2023-11,6
3152,2023-12,10
3152,2024-01,10
3152,2024-02,5
3152,2024-03,7
3152,2024-04,7
3152,2024-05,14
3152,2024-06,7
3152,2024-07,7
3152,2024-08,4
3152,2024-09,8
3152,2024-10,16
3152,2024-11,11
3152,2024-12,14
3152,2025-01,17
3152,2025-02,8
3152,2025-03,10
3152,2025-04,12
3152,2025-05,6
3152,2025-06,8
3152,2025-07,6
3152,2025-08,3
3152,2025-09,8
3152,2025-10,13
3152,2025-11,4
3152,2025-12,18
3153,2020-01,3
3153,2020-05,1
3153,2020-06,2
3153,2020-07,1
3153,2020-09,4
3153,2020-10,3
3153,2020-11,2
3153,2020-12,1
3153,2021-01,2
3153,2021-03,1
3153,2021-04,3
3153,2021-05,1
3153,2021-06,6
3153,2021-07,1
3153,2021-08,2
3153,2021-09,2
3153,2021-10,4
3153,2021-11,1
3153,2021-12,4
3153,2022-01,2
3153,2022-02,1
3153,2022-03,2
3153,2022-05,2
3153,2022-06,2
3153,2022-07,1
3153,2022-09,2
3153,2022-10,1
3153,2022-12,1
3153,2023-01,3
3153,2023-02,5
3153,2023-04,2
3153,2023-05,1
3153,2023-06,2
3153,2023-07,2
3153,2023-08,2
3153,2023-10,1
3153,2023-11,1
3153,2023-12,1
3153,2024-02,3
3153,2024-06,1
3153,2024-07,1
3153,2024-08,2
3153,2024-09,3
3153,2024-12,3
3153,2025-02,3
3153,2025-03,2
3153,2025-05,1
3153,2025-06,2
3153,2025-09,2
3153,2025-10,1
3153,2025-11,1
3153,2025-12,3
3154,2020-01,2
3154,2020-02,2
3154,2020-04,1
3154,2020-06,1
3154,2020-09,1
3154,2020-11,1
3154,2021-01,1
3154,2021-02,2
3154,2021-04,1
3154,2021-05,1
3154,2021-06,2
3154,2021-07,1
3154,2021-08,1
3154,2021-10,3
3154,2021-11,3
3154,2021-12,1
3154,2022-01,2
3154,2022-02,2
3154,2022-03,4
3154,2022-04,3
3154,2022-05,5
3154,2022-06,3
3154,2022-07,2
3154,2022-08,1
3154,2022-09,2
3154,2022-10,4
3154,2022-11,4
3154,2023-01,5
3154,2023-02,1
3154,2023-03,4
3154,2023-04,3
3154,2023-05,3
3154,2023-06,1
3154,2023-08,2
3154,2023-10,1
3154,2023-12,1
3154,2024-01,1
3154,2024-03,1
3154,2024-04,5
3154,2024-05,1
3154,2024-06,5
3154,2024-07,1
3154,2024-09,5
3154,2024-10,2
3154,2024-11,4
3154,2024-12,3
3154,2025-01,1
3154,2025-02,7
3154,2025-03,3
3154,2025-04,4
3154,2025-05,4
3154,2025-06,6
3154,2025-07,1
3154,2025-08,6
3154,2025-09,13
3154,2025-10,6
3154,2025-11,7
3154,2025-12,5
3155,2020-01,10
3155,2020-02,13
3155,2020-03,18
3155,2020-04,12
3155,2020-05,6
3155,2020-06,3
3155,2020-07,1
3155,2020-08,9
3155,2020-09,10
3155,2020-10,5
3155,2020-11,12
3155,2020-12,13
3155,2021-01,4
3155,2021-02,11
3155,2021-03,10
3155,2021-04,11
3155,2021-05,8
3155,2021-06,6
3155,2021-07,5
3155,2021-08,4
3155,2021-09,12
3155,2021-10,5
3155,2021-11,7
3155,2021-12,10
3155,2022-01,9
3155,2022-02,4
3155,2022-03,14
3155,2022-04,8
3155,2022-05,11
3155,2022-06,6
3155,2022-07,7
3155,2022-08,6
3155,2022-09,10
3155,2022-10,17
3155,2022-11,13
3155,2022-12,15
3155,2023-01,11
3155,2023-02,16
3155,2023-03,12
3155,2023-04,14
3155,2023-05,15
3155,2023-06,11
3155,2023-07,7
3155,2023-08,14
3155,2023-09,6
3155,2023-10,13
3155,2023-11,4
3155,2023-12,13
3155,2024-01,10
3155,2024-02,11
3155,2024-03,3
3155,2024-04,3
3155,2024-05,5
3155,2024-06,6
3155,2024-07,5
3155,2024-08,7
3155,2024-09,8
3155,2024-10,11
3155,2024-11,4
3155,2024-12,15
3155,2025-01,14
3155,2025-02,15
3155,2025-03,14
3155,2025-04,12
3155,2025-05,11
3155,2025-06,15
3155,2025-07,15
3155,2025-08,6
3155,2025-09,11
3155,2025-10,12
3155,2025-11,9
3155,2025-12,16
3211,2020-01,15
3211,2020-02,29
3211,2020-03,12
3211,2020-04,17
3211,2020-05,13
3211,2020-06,11
3211,2020-07,7
3211,2020-08,8
3211,2020-09,18
3211,2020-10,16
3211,2020-11,23
3211,2020-12,21
3211,2021-01,12
3211,2021-02,15
3211,2021-03,14
3211,2021-04,15
3211,2021-05,25
3211,2021-06,23
3211,2021-07,20
3211,2021-08,15
3211,2021-09,22
3211,2021-10,20
3211,2021-11,25
3211,2021-12,27
3211,2022-01,26
3211,2022-02,24
3211,2022-03,27
3211,2022-04,19
3211,2022-05,26
3211,2022-06,18
3211,2022-07,14
3211,2022-08,12
3211,2022-09,27
3211,2022-10,29
3211,2022-11,18
3211,2022-12,26
3211,2023-01,17
3211,2023-02,19
3211,2023-03,21
3211,2023-04,19
3211,2023-05,19
3211,2023-06,15
3211,2023-07,8
3211,2023-08,17
3211,2023-09,5
3211,2023-10,11
3211,2023-11,14
3211,2023-12,12
3211,2024-01,10
3211,2024-02,13
3211,2024-03,12
3211,2024-04,15
3211,2024-05,10
3211,2024-06,21
3211,2024-07,19
3211,2024-08,18
3211,2024-09,11
3211,2024-10,11
3211,2024-11,17
3211,2024-12,11
3211,2025-01,18
3211,2025-02,16
3211,2025-03,14
3211,2025-04,17
3211,2025-05,24
3211,2025-06,20
3211,2025-07,13
3211,2025-08,17
3211,2025-09,16
3211,2025-10,20
3211,2025-11,13
3211,2025-12,11
3212,2020-01,161
3212,2020-02,121
3212,2020-03,115
3212,2020-04,63
3212,2020-05,80
3212,2020-06,81
3212,2020-07,46
3212,2020-08,68
3212,2020-09,87
3212,2020-10,111
3212,2020-11,108
3212,2020-12,88
3212,2021-01,109
3212,2021-02,143
3212,2021-03,106
3212,2021-04,81
3212,2021-05,94
3212,2021-06,89
3212,2021-07,73
3212,2021-08,74
3212,2021-09,112
3212,2021-10,128
3212,2021-11,113
3212,2021-12,143
3212,2022-01,151
3212,2022-02,153
3212,2022-03,115
3212,2022-04,123
3212,2022-05,109
3212,2022-06,107
3212,2022-07,81
3212,2022-08,87
3212,2022-09,127
3212,2022-10,106
3212,2022-11,122
3212,2022-12,129
3212,2023-01,147
3212,2023-02,134
3212,2023-03,119
3212,2023-04,103
3212,2023-05,132
3212,2023-06,68
3212,2023-07,44
3212,2023-08,77
3212,2023-09,78
3212,2023-10,95
3212,2023-11,98
3212,2023-12,95
3212,2024-01,85
3212,2024-02,124
3212,2024-03,62
3212,2024-04,99
3212,2024-05,58
3212,2024-06,73
3212,2024-07,52
3212,2024-08,54
3212,2024-09,65
3212,2024-10,76
3212,2024-11,81
3212,2024-12,96
3212,2025-01,104
3212,2025-02,103
3212,2025-03,81
3212,2025-04,73
3212,2025-05,68
3212,2025-06,61
3212,2025-07,24
3212,2025-08,41
3212,2025-09,49
3212,2025-10,75
3212,2025-11,77
3212,2025-12,101
3213,2020-01,93
3213,2020-02,87
3213,2020-03,111
3213,2020-04,66
3213,2020-05,28
3213,2020-06,61
3213,2020-07,49
3213,2020-08,65
3213,2020-09,54
3213,2020-10,46
3213,2020-11,39
3213,2020-12,42
3213,2021-01,50
3213,2021-02,81
3213,2021-03,63
3213,2021-04,82
3213,2021-05,64
3213,2021-06,54
3213,2021-07,44
3213,2021-08,52
3213,2021-09,58
3213,2021-10,77
3213,2021-11,80
3213,2021-12,80
3213,2022-01,131
3213,2022-02,111
3213,2022-03,165
3213,2022-04,92
3213,2022-05,109
3213,2022-06,106
3213,2022-07,124
3213,2022-08,105
3213,2022-09,139
3213,2022-10,126
3213,2022-11,99
3213,2022-12,118
3213,2023-01,142
3213,2023-02,117
3213,2023-03,136
3213,2023-04,125
3213,2023-05,172
3213,2023-06,76
3213,2023-07,80
3213,2023-08,94
3213,2023-09,105
3213,2023-10,57
3213,2023-11,50
3213,2023-12,52
3213,2024-01,110
3213,2024-02,158
3213,2024-03,184
3213,2024-04,156
3213,2024-05,250
3213,2024-06,80
3213,2024-07,165
3213,2024-08,59
3213,2024-09,62
3213,2024-10,67
3213,2024-11,57
3213,2024-12,64
3213,2025-01,135
3213,2025-02,114
3213,2025-03,103
3213,2025-04,92
3213,2025-05,84
3213,2025-06,63
3213,2025-07,38
3213,2025-08,61
3213,2025-09,83
3213,2025-10,75
3213,2025-11,84
3213,2025-12,52
3214,2020-01,14
3214,2020-02,19
3214,2020-03,17
3214,2020-04,7
3214,2020-05,4
3214,2020-06,11
3214,2020-07,3
3214,2020-08,12
3214,2020-09,17
3214,2020-10,19
3214,2020-11,7
3214,2020-12,6
3214,2021-01,16
3214,2021-02,20
3214,2021-03,14
3214,2021-04,11
3214,2021-05,21
3214,2021-06,18
3214,2021-07,12
3214,2021-08,10
3214,2021-09,25
3214,2021-10,18
3214,2021-11,27
3214,2021-12,14
3214,2022-01,27
3214,2022-02,22
3214,2022-03,18
3214,2022-04,16
3214,2022-05,29
3214,2022-06,17
3214,2022-07,16
3214,2022-08,24
3214,2022-09,20
3214,2022-10,17
3214,2022-11,13
3214,2022-12,20
3214,2023-01,19
3214,2023-02,16
3214,2023-03,17
3214,2023-04,14
3214,2023-05,17
3214,2023-06,19
3214,2023-07,17
3214,2023-08,20
3214,2023-09,18
3214,2023-10,14
3214,2023-11,32
3214,2023-12,24
3214,2024-01,17
3214,2024-02,9
3214,2024-03,19
3214,2024-04,24
3214,2024-05,14
3214,2024-06,18
3214,2024-07,6
3214,2024-08,24
3214,2024-09,14
3214,2024-10,18
3214,2024-11,21
3214,2024-12,14
3214,2025-01,17
3214,2025-02,27
3214,2025-03,16
3214,2025-04,11
3214,2025-05,13
3214,2025-06,11
3214,2025-07,18
3214,2025-08,15
3214,2025-09,17
3214,2025-10,14
3214,2025-11,7
3214,2025-12,12
3215,2020-01,43
3215,2020-02,66
3215,2020-03,48
3215,2020-04,34
3215,2020-05,29
3215,2020-06,26
3215,2020-07,17
3215,2020-08,27
3215,2020-09,39
3215,2020-10,37
3215,2020-11,51
3215,2020-12,48
3215,2021-01,55
3215,2021-02,27
3215,2021-03,69
3215,2021-04,59
3215,2021-05,54
3215,2021-06,43
3215,2021-07,40
3215,2021-08,35
3215,2021-09,60
3215,2021-10,63
3215,2021-11,70
3215,2021-12,75
3215,2022-01,84
3215,2022-02,107
3215,2022-03,105
3215,2022-04,99
3215,2022-05,106
3215,2022-06,73
3215,2022-07,51
3215,2022-08,62
3215,2022-09,67
3215,2022-10,77
3215,2022-11,62
3215,2022-12,70
3215,2023-01,93
3215,2023-02,107
3215,2023-03,76
3215,2023-04,55
3215,2023-05,101
3215,2023-06,54
3215,2023-07,43
3215,2023-08,59
3215,2023-09,40
3215,2023-10,57
3215,2023-11,48
3215,2023-12,67
3215,2024-01,65
3215,2024-02,100
3215,2024-03,59
3215,2024-04,73
3215,2024-05,82
3215,2024-06,70
3215,2024-07,41
3215,2024-08,75
3215,2024-09,72
3215,2024-10,62
3215,2024-11,53
3215,2024-12,68
3215,2025-01,63
3215,2025-02,71
3215,2025-03,62
3215,2025-04,64
3215,2025-05,52
3215,2025-06,55
3215,2025-07,31
3215,2025-08,41
3215,2025-09,37
3215,2025-10,45
3215,2025-11,51
3215,2025-12,53
3230,2020-01,2
3230,2020-03,3
3230,2020-05,1
3230,2020-06,1
3230,2020-07,2
3230,2020-08,3
3230,2020-09,5
3230,2020-10,1
3230,2020-12,1
3230,2021-01,2
3230,2021-03,3
3230,2021-04,1
3230,2021-05,1
3230,2021-08,1
3230,2021-09,2
3230,2021-10,2
3230,2021-12,2
3230,2022-02,1
3230,2022-03,1
3230,2022-06,1
3230,2022-08,1
3230,2023-02,2
3230,2023-04,1
3230,2023-06,1
3230,2023-11,1
3230,2024-02,1
3230,2024-04,1
3230,2024-05,1
3230,2024-07,1
3230,2024-10,2
3230,2024-12,1
3230,2025-09,2
3230,2025-10,1
3240,2020-01,16
3240,2020-02,21
3240,2020-03,9
3240,2020-04,7
3240,2020-05,9
3240,2020-06,11
3240,2020-07,14
3240,2020-08,16
3240,2020-09,25
3240,2020-10,25
3240,2020-11,24
3240,2020-12,14
3240,2021-01,28
3240,2021-02,17
3240,2021-03,27
3240,2021-04,18
3240,2021-05,23
3240,2021-06,16
3240,2021-07,9
3240,2021-08,25
3240,2021-09,21
3240,2021-10,24
3240,2021-11,39
3240,2021-12,25
3240,2022-01,26
3240,2022-02,27
3240,2022-03,39
3240,2022-04,22
3240,2022-05,26
3240,2022-06,23
3240,2022-07,18
3240,2022-08,8
3240,2022-09,18
3240,2022-10,21
3240,2022-11,48
3240,2022-12,23
3240,2023-01,14
3240,2023-02,17
3240,2023-03,25
3240,2023-04,8
3240,2023-05,23
3240,2023-06,12
3240,2023-07,9
3240,2023-08,13
3240,2023-09,14
3240,2023-10,24
3240,2023-11,18
3240,2023-12,16
3240,2024-01,18
3240,2024-02,16
3240,2024-03,12
3240,2024-04,18
3240,2024-05,13
3240,2024-06,19
3240,2024-07,11
3240,2024-08,15
3240,2024-09,4
3240,2024-10,18
3240,2024-11,16
3240,2024-12,20
3240,2025-01,12
3240,2025-02,16
3240,2025-03,15
3240,2025-04,15
3240,2025-05,19
3240,2025-06,5
3240,2025-07,17
3240,2025-08,12
3240,2025-09,13
3240,2025-10,14
3240,2025-11,31
3240,2025-12,19
3250,2020-01,138
3250,2020-02,93
3250,2020-03,72
3250,2020-04,22
3250,2020-05,22
3250,2020-06,55
3250,2020-07,27
3250,2020-08,61
3250,2020-09,98
3250,2020-10,79
3250,2020-11,78
3250,2020-12,52
3250,2021-01,94
3250,2021-02,58
3250,2021-03,83
3250,2021-04,75
3250,2021-05,86
3250,2021-06,90
3250,2021-07,39
3250,2021-08,92
3250,2021-09,122
3250,2021-10,107
3250,2021-11,97
3250,2021-12,72
3250,2022-01,123
3250,2022-02,107
3250,2022-03,120
3250,2022-04,103
3250,2022-05,124
3250,2022-06,100
3250,2022-07,56
3250,2022-08,118
3250,2022-09,111
3250,2022-10,89
3250,2022-11,106
3250,2022-12,91
3250,2023-01,105
3250,2023-02,112
3250,2023-03,119
3250,2023-04,93
3250,2023-05,120
3250,2023-06,78
3250,2023-07,56
3250,2023-08,117
3250,2023-09,113
3250,2023-10,80
3250,2023-11,109
3250,2023-12,61
3250,2024-01,106
3250,2024-02,95
3250,2024-03,98
3250,2024-04,109
3250,2024-05,104
3250,2024-06,74
3250,2024-07,77
3250,2024-08,96
3250,2024-09,97
3250,2024-10,100
3250,2024-11,96
3250,2024-12,65
3250,2025-01,124
3250,2025-02,98
3250,2025-03,100
3250,2025-04,91
3250,2025-05,86
3250,2025-06,67
3250,2025-07,51
3250,2025-08,64
3250,2025-09,87
3250,2025-10,98
3250,2025-11,97
3250,2025-12,89
3311,2020-04,1
3311,2020-06,1
3311,2020-08,2
3311,2020-09,2
3311,2020-10,3
3311,2020-12,1
3311,2021-01,1
3311,2021-02,1
3311,2021-03,1
3311,2021-06,2
3311,2021-08,2
3311,2021-09,1
3311,2021-10,3
3311,2021-11,2
3311,2022-03,2
3311,2022-04,4
3311,2022-05,2
3311,2022-06,2
3311,2022-07,1
3311,2022-10,1
3311,2022-11,1
3311,2023-01,3
3311,2023-02,3
3311,2023-03,2
3311,2023-04,2
3311,2023-05,2
3311,2023-06,3
3311,2023-12,1
3311,2024-01,1
3311,2024-02,2
3311,2024-03,1
3311,2024-08,1
3311,2024-09,2
3311,2024-10,1
3311,2024-11,1
3311,2024-12,1
3311,2025-02,1
3311,2025-04,1
3311,2025-06,1
3311,2025-08,1
3311,2025-09,1
3311,2025-10,2
3311,2025-11,1
3311,2025-12,1
3312,2020-01,42
3312,2020-02,32
3312,2020-03,47
3312,2020-04,24
3312,2020-05,7
3312,2020-06,17
3312,2020-07,10
3312,2020-08,13
3312,2020-09,19
3312,2020-10,11
3312,2020-11,9
3312,2020-12,14
3312,2021-01,10
3312,2021-02,23
3312,2021-03,25
3312,2021-04,24
3312,2021-05,37
3312,2021-06,45
3312,2021-07,28
3312,2021-08,58
3312,2021-09,63
3312,2021-10,82
3312,2021-11,78
3312,2021-12,57
3312,2022-01,60
3312,2022-02,80
3312,2022-03,102
3312,2022-04,72
3312,2022-05,83
3312,2022-06,70
3312,2022-07,51
3312,2022-08,71
3312,2022-09,79
3312,2022-10,61
3312,2022-11,57
3312,2022-12,48
3312,2023-01,70
3312,2023-02,69
3312,2023-03,71
3312,2023-04,55
3312,2023-05,122
3312,2023-06,100
3312,2023-07,57
3312,2023-08,69
3312,2023-09,98
3312,2023-10,86
3312,2023-11,55
3312,2023-12,51
3312,2024-01,50
3312,2024-02,53
3312,2024-03,53
3312,2024-04,51
3312,2024-05,38
3312,2024-06,25
3312,2024-07,18
3312,2024-08,33
3312,2024-09,29
3312,2024-10,40
3312,2024-11,41
3312,2024-12,40
3312,2025-01,36
3312,2025-02,32
3312,2025-03,36
3312,2025-04,42
3312,2025-05,47
3312,2025-06,33
3312,2025-07,19
3312,2025-08,40
3312,2025-09,35
3312,2025-10,51
3312,2025-11,44
3312,2025-12,47
3313,2020-01,523
3313,2020-02,500
3313,2020-03,460
3313,2020-04,320
3313,2020-05,271
3313,2020-06,265
3313,2020-07,197
3313,2020-08,245
3313,2020-09,358
3313,2020-10,374
3313,2020-11,366
3313,2020-12,360
3313,2021-01,319
3313,2021-02,430
3313,2021-03,467
3313,2021-04,415
3313,2021-05,472
3313,2021-06,424
3313,2021-07,297
3313,2021-08,394
3313,2021-09,578
3313,2021-10,562
3313,2021-11,613
3313,2021-12,628
3313,2022-01,618
3313,2022-02,691
3313,2022-03,872
3313,2022-04,726
3313,2022-05,819
3313,2022-06,696
3313,2022-07,468
3313,2022-08,653
3313,2022-09,763
3313,2022-10,851
3313,2022-11,741
3313,2022-12,706
3313,2023-01,663
3313,2023-02,606
3313,2023-03,728
3313,2023-04,524
3313,2023-05,858
3313,2023-06,592
3313,2023-07,478
3313,2023-08,593
3313,2023-09,571
3313,2023-10,591
3313,2023-11,573
3313,2023-12,463
3313,2024-01,456
3313,2024-02,544
3313,2024-03,492
3313,2024-04,447
3313,2024-05,495
3313,2024-06,348
3313,2024-07,332
3313,2024-08,367
3313,2024-09,503
3313,2024-10,404
3313,2024-11,359
3313,2024-12,330
3313,2025-01,346
3313,2025-02,369
3313,2025-03,433
3313,2025-04,370
3313,2025-05,349
3313,2025-06,298
3313,2025-07,233
3313,2025-08,278
3313,2025-09,352
3313,2025-10,373
3313,2025-11,265
3313,2025-12,321
3314,2020-01,32
3314,2020-02,37
3314,2020-03,23
3314,2020-04,9
3314,2020-05,13
3314,2020-06,10
3314,2020-07,12
3314,2020-08,13
3314,2020-09,15
3314,2020-10,26
3314,2020-11,22
3314,2020-12,27
3314,2021-01,17
3314,2021-02,27
3314,2021-03,20
3314,2021-04,30
3314,2021-05,13
3314,2021-06,23
3314,2021-07,17
3314,2021-08,21
3314,2021-09,38
3314,2021-10,36
3314,2021-11,38
3314,2021-12,25
3314,2022-01,45
3314,2022-02,69
3314,2022-03,55
3314,2022-04,41
3314,2022-05,73
3314,2022-06,50
3314,2022-07,33
3314,2022-08,31
3314,2022-09,45
3314,2022-10,56
3314,2022-11,36
3314,2022-12,54
3314,2023-01,52
3314,2023-02,39
3314,2023-03,63
3314,2023-04,37
3314,2023-05,56
3314,2023-06,60
3314,2023-07,233
3314,2023-08,149
3314,2023-09,63
3314,2023-10,58
3314,2023-11,42
3314,2023-12,76
3314,2024-01,72
3314,2024-02,87
3314,2024-03,30
3314,2024-04,64
3314,2024-05,106
3314,2024-06,54
3314,2024-07,40
3314,2024-08,63
3314,2024-09,55
3314,2024-10,61
3314,2024-11,37
3314,2024-12,43
3314,2025-01,62
3314,2025-02,49
3314,2025-03,37
3314,2025-04,41
3314,2025-05,49
3314,2025-06,20
3314,2025-07,27
3314,2025-08,31
3314,2025-09,45
3314,2025-10,61
3314,2025-11,47
3314,2025-12,28
3321,2020-01,32
3321,2020-02,49
3321,2020-03,36
3321,2020-04,23
3321,2020-05,24
3321,2020-06,17
3321,2020-07,13
3321,2020-08,12
3321,2020-09,17
3321,2020-10,28
3321,2020-11,16
3321,2020-12,19
3321,2021-01,9
3321,2021-02,21
3321,2021-03,30
3321,2021-04,39
3321,2021-05,38
3321,2021-06,30
3321,2021-07,30
3321,2021-08,42
3321,2021-09,155
3321,2021-10,137
3321,2021-11,79
3321,2021-12,67
3321,2022-01,84
3321,2022-02,83
3321,2022-03,124
3321,2022-04,137
3321,2022-05,148
3321,2022-06,117
3321,2022-07,105
3321,2022-08,192
3321,2022-09,184
3321,2022-10,243
3321,2022-11,314
3321,2022-12,316
3321,2023-01,364
3321,2023-02,364
3321,2023-03,437
3321,2023-04,372
3321,2023-05,465
3321,2023-06,421
3321,2023-07,370
3321,2023-08,437
3321,2023-09,397
3321,2023-10,420
3321,2023-11,347
3321,2023-12,330
3321,2024-01,421
3321,2024-02,316
3321,2024-03,340
3321,2024-04,307
3321,2024-05,326
3321,2024-06,250
3321,2024-07,338
3321,2024-08,322
3321,2024-09,280
3321,2024-10,314
3321,2024-11,124
3321,2024-12,38
3321,2025-01,51
3321,2025-02,36
3321,2025-03,46
3321,2025-04,27
3321,2025-05,25
3321,2025-06,28
3321,2025-07,14
3321,2025-08,31
3321,2025-09,33
3321,2025-10,29
3321,2025-11,26
3321,2025-12,22
3322,2020-01,2180
3322,2020-02,2143
3322,2020-03,1752
3322,2020-04,1054
3322,2020-05,1022
3322,2020-06,1317
3322,2020-07,1249
3322,2020-08,1547
3322,2020-09,1661
3322,2020-10,2038
3322,2020-11,1968
3322,2020-12,1644
3322,2021-01,2002
3322,2021-02,2371
3322,2021-03,2869
3322,2021-04,2767
3322,2021-05,2983
3322,2021-06,2685
3322,2021-07,2298
3322,2021-08,3187
3322,2021-09,4550
3322,2021-10,4090
3322,2021-11,3949
3322,2021-12,3216
3322,2022-01,4731
3322,2022-02,6848
3322,2022-03,4713
3322,2022-04,4215
3322,2022-05,4696
3322,2022-06,4032
3322,2022-07,3630
3322,2022-08,4959
3322,2022-09,4586
3322,2022-10,4957
3322,2022-11,5584
3322,2022-12,4608
3322,2023-01,5947
3322,2023-02,4813
3322,2023-03,5857
3322,2023-04,5567
3322,2023-05,6827
3322,2023-06,5164
3322,2023-07,3919
3322,2023-08,3515
3322,2023-09,3782
3322,2023-10,4394
3322,2023-11,4323
3322,2023-12,3931
3322,2024-01,5339
3322,2024-02,3447
3322,2024-03,4744
3322,2024-04,5425
3322,2024-05,3835
3322,2024-06,3349
3322,2024-07,2129
3322,2024-08,3057
3322,2024-09,2654
3322,2024-10,3311
3322,2024-11,2147
3322,2024-12,1711
3322,2025-01,2553
3322,2025-02,2588
3322,2025-03,2232
3322,2025-04,1804
3322,2025-05,1753
3322,2025-06,1412
3322,2025-07,1062
3322,2025-08,1491
3322,2025-09,1740
3322,2025-10,1831
3322,2025-11,1609
3322,2025-12,1397
3323,2020-01,262
3323,2020-02,304
3323,2020-03,242
3323,2020-04,164
3323,2020-05,155
3323,2020-06,110
3323,2020-07,95
3323,2020-08,122
3323,2020-09,196
3323,2020-10,224
3323,2020-11,307
3323,2020-12,282
3323,2021-01,216
3323,2021-02,269
3323,2021-03,343
3323,2021-04,386
3323,2021-05,402
3323,2021-06,307
3323,2021-07,243
3323,2021-08,319
3323,2021-09,432
3323,2021-10,515
3323,2021-11,419
3323,2021-12,558
3323,2022-01,523
3323,2022-02,519
3323,2022-03,589
3323,2022-04,547
3323,2022-05,533
3323,2022-06,430
3323,2022-07,284
3323,2022-08,399
3323,2022-09,438
3323,2022-10,497
3323,2022-11,466
3323,2022-12,460
3323,2023-01,484
3323,2023-02,400
3323,2023-03,470
3323,2023-04,412
3323,2023-05,536
3323,2023-06,398
3323,2023-07,338
3323,2023-08,423
3323,2023-09,397
3323,2023-10,417
3323,2023-11,380
3323,2023-12,374
3323,2024-01,409
3323,2024-02,391
3323,2024-03,362
3323,2024-04,392
3323,2024-05,332
3323,2024-06,313
3323,2024-07,254
3323,2024-08,278
3323,2024-09,321
3323,2024-10,417
3323,2024-11,315
3323,2024-12,323
3323,2025-01,323
3323,2025-02,363
3323,2025-03,336
3323,2025-04,348
3323,2025-05,225
3323,2025-06,232
3323,2025-07,203
3323,2025-08,273
3323,2025-09,338
3323,2025-10,394
3323,2025-11,330
3323,2025-12,302
3324,2020-01,76
3324,2020-02,92
3324,2020-03,68
3324,2020-04,35
3324,2020-05,30
3324,2020-06,19
3324,2020-07,22
3324,2020-08,32
3324,2020-09,65
3324,2020-10,56
3324,2020-11,47
3324,2020-12,52
3324,2021-01,51
3324,2021-02,94
3324,2021-03,110
3324,2021-04,111
3324,2021-05,154
3324,2021-06,116
3324,2021-07,93
3324,2021-08,97
3324,2021-09,177
3324,2021-10,133
3324,2021-11,163
3324,2021-12,147
3324,2022-01,153
3324,2022-02,166
3324,2022-03,199
3324,2022-04,145
3324,2022-05,180
3324,2022-06,145
3324,2022-07,89
3324,2022-08,114
3324,2022-09,171
3324,2022-10,139
3324,2022-11,129
3324,2022-12,106
3324,2023-01,130
3324,2023-02,134
3324,2023-03,140
3324,2023-04,106
3324,2023-05,132
3324,2023-06,100
3324,2023-07,55
3324,2023-08,79
3324,2023-09,92
3324,2023-10,90
3324,2023-11,76
3324,2023-12,67
3324,2024-01,102
3324,2024-02,82
3324,2024-03,100
3324,2024-04,113
3324,2024-05,75
3324,2024-06,72
3324,2024-07,43
3324,2024-08,73
3324,2024-09,93
3324,2024-10,102
3324,2024-11,88
3324,2024-12,54
3324,2025-01,96
3324,2025-02,90
3324,2025-03,75
3324,2025-04,72
3324,2025-05,63
3324,2025-06,52
3324,2025-07,37
3324,2025-08,45
3324,2025-09,75
3324,2025-10,50
3324,2025-11,53
3324,2025-12,72
3331,2020-01,35
3331,2020-02,29
3331,2020-03,26
3331,2020-04,10
3331,2020-05,18
3331,2020-06,9
3331,2020-07,6
3331,2020-08,11
3331,2020-09,16
3331,2020-10,16
3331,2020-11,28
3331,2020-12,16
3331,2021-01,15
3331,2021-02,33
3331,2021-03,45
3331,2021-04,61
3331,2021-05,60
3331,2021-06,52
3331,2021-07,39
3331,2021-08,28
3331,2021-09,34
3331,2021-10,65
3331,2021-11,56
3331,2021-12,70
3331,2022-01,77
3331,2022-02,93
3331,2022-03,91
3331,2022-04,77
3331,2022-05,100
3331,2022-06,69
3331,2022-07,50
3331,2022-08,62
3331,2022-09,77
3331,2022-10,50
3331,2022-11,43
3331,2022-12,58
3331,2023-01,51
3331,2023-02,51
3331,2023-03,94
3331,2023-04,70
3331,2023-05,73
3331,2023-06,44
3331,2023-07,25
3331,2023-08,40
3331,2023-09,36
3331,2023-10,48
3331,2023-11,29
3331,2023-12,34
3331,2024-01,51
3331,2024-02,57
3331,2024-03,59
3331,2024-04,44
3331,2024-05,42
3331,2024-06,20
3331,2024-07,26
3331,2024-08,33
3331,2024-09,25
3331,2024-10,47
3331,2024-11,20
3331,2024-12,25
3331,2025-01,40
3331,2025-02,57
3331,2025-03,54
3331,2025-04,46
3331,2025-05,21
3331,2025-06,23
3331,2025-07,19
3331,2025-08,18
3331,2025-09,26
3331,2025-10,33
3331,2025-11,27
3331,2025-12,31
3332,2020-01,12
3332,2020-02,17
3332,2020-03,3
3332,2020-04,3
3332,2020-05,2
3332,2020-06,3
3332,2020-07,4
3332,2020-08,5
3332,2020-09,2
3332,2020-10,5
3332,2020-11,4
3332,2020-12,2
3332,2021-01,3
3332,2021-02,6
3332,2021-03,5
3332,2021-04,3
3332,2021-05,2
3332,2021-06,9
3332,2021-07,1
3332,2021-11,1
3332,2022-01,1
3332,2022-02,1
3332,2022-04,3
3332,2022-05,3
3332,2022-06,1
3332,2022-07,1
3332,2022-08,2
3332,2022-09,4
3332,2022-10,4
3332,2022-11,2
3332,2022-12,2
3332,2023-01,3
3332,2023-02,2
3332,2023-03,4
3332,2023-04,9
3332,2023-05,1
3332,2023-06,3
3332,2023-07,3
3332,2023-08,1
3332,2023-11,4
3332,2023-12,10
3332,2024-01,14
3332,2024-02,18
3332,2024-03,8
3332,2024-04,15
3332,2024-05,9
3332,2024-06,8
3332,2024-07,6
3332,2024-08,9
3332,2024-09,4
3332,2024-10,16
3332,2024-11,10
3332,2024-12,11
3332,2025-01,6
3332,2025-02,17
3332,2025-03,8
3332,2025-04,5
3332,2025-05,8
3332,2025-06,4
3332,2025-07,11
3332,2025-08,6
3332,2025-09,5
3332,2025-10,12
3332,2025-11,6
3332,2025-12,12
3333,2020-01,273
3333,2020-02,324
3333,2020-03,282
3333,2020-04,100
3333,2020-05,152
3333,2020-06,218
3333,2020-07,147
3333,2020-08,143
3333,2020-09,305
3333,2020-10,284
3333,2020-11,355
3333,2020-12,304
3333,2021-01,311
3333,2021-02,394
3333,2021-03,325
3333,2021-04,294
3333,2021-05,245
3333,2021-06,155
3333,2021-07,182
3333,2021-08,208
3333,2021-09,419
3333,2021-10,322
3333,2021-11,547
3333,2021-12,418
3333,2022-01,386
3333,2022-02,508
3333,2022-03,628
3333,2022-04,424
3333,2022-05,401
3333,2022-06,286
3333,2022-07,380
3333,2022-08,248
3333,2022-09,449
3333,2022-10,506
3333,2022-11,404
3333,2022-12,423
3333,2023-01,435
3333,2023-02,435
3333,2023-03,421
3333,2023-04,362
3333,2023-05,560
3333,2023-06,291
3333,2023-07,218
3333,2023-08,357
3333,2023-09,600
3333,2023-10,579
3333,2023-11,526
3333,2023-12,381
3333,2024-01,404
3333,2024-02,365
3333,2024-03,314
3333,2024-04,406
3333,2024-05,229
3333,2024-06,298
3333,2024-07,198
3333,2024-08,260
3333,2024-09,272
3333,2024-10,360
3333,2024-11,285
3333,2024-12,259
3333,2025-01,381
3333,2025-02,298
3333,2025-03,352
3333,2025-04,307
3333,2025-05,236
3333,2025-06,227
3333,2025-07,231
3333,2025-08,273
3333,2025-09,286
3333,2025-10,317
3333,2025-11,310
3333,2025-12,248
3334,2020-01,22
3334,2020-02,12
3334,2020-03,11
3334,2020-04,10
3334,2020-05,17
3334,2020-06,10
3334,2020-07,5
3334,2020-08,33
3334,2020-09,9
3334,2020-10,6
3334,2020-11,11
3334,2020-12,11
3334,2021-01,7
3334,2021-02,14
3334,2021-03,18
3334,2021-04,16
3334,2021-05,20
3334,2021-06,12
3334,2021-07,35
3334,2021-08,28
3334,2021-09,23
3334,2021-10,15
3334,2021-11,22
3334,2021-12,22
3334,2022-01,24
3334,2022-02,58
3334,2022-03,37
3334,2022-04,49
3334,2022-05,37
3334,2022-06,14
3334,2022-07,28
3334,2022-08,42
3334,2022-09,16
3334,2022-10,42
3334,2022-11,46
3334,2022-12,18
3334,2023-01,36
3334,2023-02,20
3334,2023-03,18
3334,2023-04,26
3334,2023-05,31
3334,2023-06,11
3334,2023-07,17
3334,2023-08,18
3334,2023-09,14
3334,2023-10,26
3334,2023-11,20
3334,2023-12,42
3334,2024-01,27
3334,2024-02,33
3334,2024-03,27
3334,2024-04,50
3334,2024-05,35
3334,2024-06,13
3334,2024-07,13
3334,2024-08,10
3334,2024-09,16
3334,2024-10,19
3334,2024-11,18
3334,2024-12,7
3334,2025-01,14
3334,2025-02,10
3334,2025-03,8
3334,2025-04,13
3334,2025-05,15
3334,2025-06,30
3334,2025-07,7
3334,2025-08,13
3334,2025-09,12
3334,2025-10,22
3334,2025-11,4
3334,2025-12,7
3335,2020-01,75
3335,2020-02,79
3335,2020-03,64
3335,2020-04,63
3335,2020-05,36
3335,2020-06,43
3335,2020-07,33
3335,2020-08,33
3335,2020-09,83
3335,2020-10,74
3335,2020-11,73
3335,2020-12,67
3335,2021-01,48
3335,2021-02,64
3335,2021-03,81
3335,2021-04,66
3335,2021-05,74
3335,2021-06,58
3335,2021-07,56
3335,2021-08,51
3335,2021-09,96
3335,2021-10,79
3335,2021-11,108
3335,2021-12,117
3335,2022-01,95
3335,2022-02,92
3335,2022-03,128
3335,2022-04,107
3335,2022-05,134
3335,2022-06,115
3335,2022-07,94
3335,2022-08,120
3335,2022-09,118
3335,2022-10,114
3335,2022-11,90
3335,2022-12,86
3335,2023-01,74
3335,2023-02,84
3335,2023-03,122
3335,2023-04,85
3335,2023-05,92
3335,2023-06,69
3335,2023-07,64
3335,2023-08,63
3335,2023-09,66
3335,2023-10,78
3335,2023-11,79
3335,2023-12,97
3335,2024-01,63
3335,2024-02,85
3335,2024-03,96
3335,2024-04,71
3335,2024-05,57
3335,2024-06,63
3335,2024-07,51
3335,2024-08,64
3335,2024-09,68
3335,2024-10,75
3335,2024-11,74
3335,2024-12,85
3335,2025-01,67
3335,2025-02,88
3335,2025-03,109
3335,2025-04,101
3335,2025-05,77
3335,2025-06,55
3335,2025-07,60
3335,2025-08,59
3335,2025-09,84
3335,2025-10,88
3335,2025-11,97
3335,2025-12,94
3339,2020-01,105
3339,2020-02,131
3339,2020-03,71
3339,2020-04,41
3339,2020-05,49
3339,2020-06,52
3339,2020-07,50
3339,2020-08,47
3339,2020-09,81
3339,2020-10,86
3339,2020-11,72
3339,2020-12,114
3339,2021-01,86
3339,2021-02,97
3339,2021-03,114
3339,2021-04,185
3339,2021-05,156
3339,2021-06,169
3339,2021-07,130
3339,2021-08,210
3339,2021-09,273
3339,2021-10,260
3339,2021-11,313
3339,2021-12,240
3339,2022-01,265
3339,2022-02,307
3339,2022-03,349
3339,2022-04,285
3339,2022-05,353
3339,2022-06,305
3339,2022-07,186
3339,2022-08,282
3339,2022-09,367
3339,2022-10,417
3339,2022-11,367
3339,2022-12,349
3339,2023-01,378
3339,2023-02,340
3339,2023-03,481
3339,2023-04,461
3339,2023-05,638
3339,2023-06,476
3339,2023-07,497
3339,2023-08,591
3339,2023-09,380
3339,2023-10,404
3339,2023-11,397
3339,2023-12,381
3339,2024-01,369
3339,2024-02,356
3339,2024-03,281
3339,2024-04,317
3339,2024-05,319
3339,2024-06,314
3339,2024-07,173
3339,2024-08,275
3339,2024-09,313
3339,2024-10,277
3339,2024-11,324
3339,2024-12,260
3339,2025-01,308
3339,2025-02,243
3339,2025-03,238
3339,2025-04,248
3339,2025-05,300
3339,2025-06,174
3339,2025-07,131
3339,2025-08,250
3339,2025-09,300
3339,2025-10,306
3339,2025-11,211
3339,2025-12,164
3341,2020-01,31
3341,2020-02,16
3341,2020-03,20
3341,2020-04,8
3341,2020-05,11
3341,2020-06,6
3341,2020-07,5
3341,2020-08,14
3341,2020-09,16
3341,2020-10,21
3341,2020-11,19
3341,2020-12,11
3341,2021-01,16
3341,2021-02,19
3341,2021-03,34
3341,2021-04,28
3341,2021-05,19
3341,2021-06,26
3341,2021-07,20
3341,2021-08,24
3341,2021-09,39
3341,2021-10,45
3341,2021-11,49
3341,2021-12,42
3341,2022-01,39
3341,2022-02,26
3341,2022-03,49
3341,2022-04,48
3341,2022-05,76
3341,2022-06,51
3341,2022-07,35
3341,2022-08,34
3341,2022-09,25
3341,2022-10,41
3341,2022-11,24
3341,2022-12,23
3341,2023-01,31
3341,2023-02,33
3341,2023-03,19
3341,2023-04,15
3341,2023-05,21
3341,2023-06,26
3341,2023-07,14
3341,2023-08,25
3341,2023-09,15
3341,2023-10,23
3341,2023-11,33
3341,2023-12,24
3341,2024-01,19
3341,2024-02,23
3341,2024-03,22
3341,2024-04,21
3341,2024-05,16
3341,2024-06,22
3341,2024-07,13
3341,2024-08,10
3341,2024-09,7
3341,2024-10,15
3341,2024-11,13
3341,2024-12,16
3341,2025-01,17
3341,2025-02,12
3341,2025-03,12
3341,2025-04,14
3341,2025-05,9
3341,2025-06,5
3341,2025-07,13
3341,2025-08,15
3341,2025-09,20
3341,2025-10,22
3341,2025-11,13
3341,2025-12,16
3342,2020-01,19
3342,2020-02,24
3342,2020-03,19
3342,2020-04,18
3342,2020-05,19
3342,2020-06,13
3342,2020-07,9
3342,2020-08,14
3342,2020-09,15
3342,2020-10,24
3342,2020-11,15
3342,2020-12,27
3342,2021-01,16
3342,2021-02,28
3342,2021-03,24
3342,2021-04,30
3342,2021-05,26
3342,2021-06,19
3342,2021-07,8
3342,2021-08,27
3342,2021-09,36
3342,2021-10,43
3342,2021-11,24
3342,2021-12,33
3342,2022-01,26
3342,2022-02,34
3342,2022-03,57
3342,2022-04,29
3342,2022-05,35
3342,2022-06,19
3342,2022-07,16
3342,2022-08,41
3342,2022-09,42
3342,2022-10,34
3342,2022-11,29
3342,2022-12,27
3342,2023-01,39
3342,2023-02,34
3342,2023-03,42
3342,2023-04,24
3342,2023-05,36
3342,2023-06,23
3342,2023-07,22
3342,2023-08,30
3342,2023-09,37
3342,2023-10,45
3342,2023-11,31
3342,2023-12,42
3342,2024-01,26
3342,2024-02,30
3342,2024-03,25
3342,2024-04,25
3342,2024-05,26
3342,2024-06,12
3342,2024-07,12
3342,2024-08,18
3342,2024-09,33
3342,2024-10,24
3342,2024-11,21
3342,2024-12,28
3342,2025-01,24
3342,2025-02,25
3342,2025-03,21
3342,2025-04,28
3342,2025-05,19
3342,2025-06,9
3342,2025-07,11
3342,2025-08,20
3342,2025-09,20
3342,2025-10,22
3342,2025-11,27
3342,2025-12,16
3343,2020-01,49
3343,2020-02,46
3343,2020-03,39
3343,2020-04,25
3343,2020-05,21
3343,2020-06,15
3343,2020-07,19
3343,2020-08,22
3343,2020-09,24
3343,2020-10,30
3343,2020-11,30
3343,2020-12,28
3343,2021-01,30
3343,2021-02,28
3343,2021-03,33
3343,2021-04,35
3343,2021-05,59
3343,2021-06,38
3343,2021-07,19
3343,2021-08,29
3343,2021-09,46
3343,2021-10,66
3343,2021-11,60
3343,2021-12,68
3343,2022-01,56
3343,2022-02,69
3343,2022-03,101
3343,2022-04,57
3343,2022-05,101
3343,2022-06,73
3343,2022-07,50
3343,2022-08,59
3343,2022-09,69
3343,2022-10,84
3343,2022-11,53
3343,2022-12,63
3343,2023-01,74
3343,2023-02,81
3343,2023-03,75
3343,2023-04,35
3343,2023-05,78
3343,2023-06,47
3343,2023-07,41
3343,2023-08,38
3343,2023-09,39
3343,2023-10,54
3343,2023-11,62
3343,2023-12,31
3343,2024-01,45
3343,2024-02,52
3343,2024-03,46
3343,2024-04,58
3343,2024-05,38
3343,2024-06,25
3343,2024-07,26
3343,2024-08,22
3343,2024-09,40
3343,2024-10,37
3343,2024-11,41
3343,2024-12,40
3343,2025-01,36
3343,2025-02,42
3343,2025-03,35
3343,2025-04,51
3343,2025-05,35
3343,2025-06,32
3343,2025-07,17
3343,2025-08,38
3343,2025-09,39
3343,2025-10,38
3343,2025-11,41
3343,2025-12,25
3351,2020-01,9
3351,2020-02,7
3351,2020-03,5
3351,2020-04,6
3351,2020-05,1
3351,2020-06,21
3351,2020-07,6
3351,2020-08,2
3351,2020-09,9
3351,2020-10,2
3351,2020-11,1
3351,2020-12,2
3351,2021-01,2
3351,2021-02,16
3351,2021-03,7
3351,2021-04,6
3351,2021-05,8
3351,2021-06,14
3351,2021-07,2
3351,2021-08,6
3351,2021-09,5
3351,2021-10,8
3351,2021-11,7
3351,2021-12,16
3351,2022-01,38
3351,2022-02,15
3351,2022-03,11
3351,2022-04,8
3351,2022-05,15
3351,2022-06,33
3351,2022-07,5
3351,2022-08,3
3351,2022-09,20
3351,2022-10,6
3351,2022-11,10
3351,2022-12,32
3351,2023-01,11
3351,2023-02,16
3351,2023-03,15
3351,2023-04,9
3351,2023-05,5
3351,2023-06,24
3351,2023-07,4
3351,2023-08,8
3351,2023-09,18
3351,2023-10,8
3351,2023-11,12
3351,2023-12,25
3351,2024-01,4
3351,2024-02,14
3351,2024-03,11
3351,2024-04,6
3351,2024-05,9
3351,2024-06,5
3351,2024-07,6
3351,2024-08,9
3351,2024-09,22
3351,2024-10,8
3351,2024-11,9
3351,2024-12,13
3351,2025-01,7
3351,2025-02,17
3351,2025-03,16
3351,2025-04,10
3351,2025-05,5
3351,2025-06,2
3351,2025-07,3
3351,2025-08,12
3351,2025-09,8
3351,2025-10,3
3351,2025-11,4
3351,2025-12,6
3352,2020-01,63
3352,2020-02,47
3352,2020-03,20
3352,2020-04,37
3352,2020-05,26
3352,2020-06,10
3352,2020-07,6
3352,2020-08,12
3352,2020-09,13
3352,2020-10,8
3352,2020-11,10
3352,2020-12,21
3352,2021-01,47
3352,2021-02,43
3352,2021-03,23
3352,2021-04,33
3352,2021-05,30
3352,2021-06,13
3352,2021-07,5
3352,2021-08,26
3352,2021-09,37
3352,2021-10,14
3352,2021-11,11
3352,2021-12,17
3352,2022-01,53
3352,2022-02,70
3352,2022-03,26
3352,2022-04,58
3352,2022-05,45
3352,2022-06,12
3352,2022-07,5
3352,2022-08,21
3352,2022-09,23
3352,2022-10,32
3352,2022-11,23
3352,2022-12,25
3352,2023-01,64
3352,2023-02,17
3352,2023-03,76
3352,2023-04,83
3352,2023-05,66
3352,2023-06,9
3352,2023-07,8
3352,2023-08,13
3352,2023-09,21
3352,2023-10,9
3352,2023-11,3
3352,2023-12,3
3352,2024-01,6
3352,2024-02,7
3352,2024-03,14
3352,2024-05,4
3352,2024-06,2
3352,2024-07,2
3352,2024-08,3
3352,2024-09,3
3352,2024-10,2
3352,2024-12,17
3352,2025-01,32
3352,2025-02,36
3352,2025-03,7
3352,2025-04,17
3352,2025-05,16
3352,2025-06,14
3352,2025-08,8
3352,2025-09,7
3352,2025-10,7
3352,2025-11,33
3352,2025-12,40
3353,2020-01,15
3353,2020-02,17
3353,2020-03,19
3353,2020-04,36
3353,2020-05,11
3353,2020-06,16
3353,2020-07,8
3353,2020-08,9
3353,2020-09,20
3353,2020-10,8
3353,2020-11,59
3353,2020-12,17
3353,2021-01,21
3353,2021-02,40
3353,2021-03,50
3353,2021-04,58
3353,2021-05,34
3353,2021-06,31
3353,2021-07,25
3353,2021-08,41
3353,2021-09,54
3353,2021-10,37
3353,2021-11,37
3353,2021-12,42
3353,2022-01,35
3353,2022-02,47
3353,2022-03,59
3353,2022-04,30
3353,2022-05,14
3353,2022-06,24
3353,2022-07,28
3353,2022-08,29
3353,2022-09,83
3353,2022-10,35
3353,2022-11,36
3353,2022-12,70
3353,2023-01,51
3353,2023-02,51
3353,2023-03,26
3353,2023-04,48
3353,2023-05,53
3353,2023-06,6
3353,2023-07,4
3353,2023-08,1
3353,2023-09,6
3353,2023-10,4
3353,2023-11,4
3353,2023-12,3
3353,2024-01,1
3353,2024-02,54
3353,2024-03,51
3353,2024-04,4
3353,2024-05,8
3353,2024-06,4
3353,2024-07,5
3353,2024-08,13
3353,2024-09,1
3353,2024-10,18
3353,2024-11,148
3353,2024-12,23
3353,2025-01,27
3353,2025-02,69
3353,2025-03,106
3353,2025-04,55
3353,2025-05,30
3353,2025-06,11
3353,2025-07,19
3353,2025-08,37
3353,2025-09,47
3353,2025-10,58
3353,2025-11,24
3353,2025-12,38
3354,2020-01,100
3354,2020-02,73
3354,2020-03,70
3354,2020-04,61
3354,2020-05,40
3354,2020-06,32
3354,2020-07,37
3354,2020-08,37
3354,2020-09,53
3354,2020-10,75
3354,2020-11,85
3354,2020-12,80
3354,2021-01,79
3354,2021-02,88
3354,2021-03,106
3354,2021-04,104
3354,2021-05,84
3354,2021-06,73
3354,2021-07,55
3354,2021-08,68
3354,2021-09,137
3354,2021-10,99
3354,2021-11,83
3354,2021-12,145
3354,2022-01,110
3354,2022-02,130
3354,2022-03,148
3354,2022-04,129
3354,2022-05,215
3354,2022-06,149
3354,2022-07,138
3354,2022-08,131
3354,2022-09,203
3354,2022-10,246
3354,2022-11,290
3354,2022-12,303
3354,2023-01,313
3354,2023-02,383
3354,2023-03,340
3354,2023-04,223
3354,2023-05,370
3354,2023-06,191
3354,2023-07,199
3354,2023-08,217
3354,2023-09,225
3354,2023-10,204
3354,2023-11,232
3354,2023-12,224
3354,2024-01,182
3354,2024-02,283
3354,2024-03,229
3354,2024-04,233
3354,2024-05,242
3354,2024-06,162
3354,2024-07,100
3354,2024-08,152
3354,2024-09,182
3354,2024-10,221
3354,2024-11,162
3354,2024-12,183
3354,2025-01,260
3354,2025-02,275
3354,2025-03,194
3354,2025-04,185
3354,2025-05,145
3354,2025-06,139
3354,2025-07,85
3354,2025-08,181
3354,2025-09,196
3354,2025-10,182
3354,2025-11,170
3354,2025-12,182
3355,2020-01,38
3355,2020-02,46
3355,2020-03,37
3355,2020-04,23
3355,2020-05,29
3355,2020-06,30
3355,2020-07,20
3355,2020-08,28
3355,2020-09,35
3355,2020-10,51
3355,2020-11,36
3355,2020-12,53
3355,2021-01,28
3355,2021-02,42
3355,2021-03,49
3355,2021-04,52
3355,2021-05,64
3355,2021-06,49
3355,2021-07,30
3355,2021-08,44
3355,2021-09,57
3355,2021-10,68
3355,2021-11,68
3355,2021-12,73
3355,2022-01,60
3355,2022-02,99
3355,2022-03,86
3355,2022-04,77
3355,2022-05,91
3355,2022-06,76
3355,2022-07,46
3355,2022-08,55
3355,2022-09,84
3355,2022-10,80
3355,2022-11,56
3355,2022-12,67
3355,2023-01,65
3355,2023-02,49
3355,2023-03,82
3355,2023-04,57
3355,2023-05,59
3355,2023-06,49
3355,2023-07,42
3355,2023-08,41
3355,2023-09,66
3355,2023-10,61
3355,2023-11,46
3355,2023-12,44
3355,2024-01,48
3355,2024-02,55
3355,2024-03,52
3355,2024-04,55
3355,2024-05,51
3355,2024-06,48
3355,2024-07,34
3355,2024-08,35
3355,2024-09,63
3355,2024-10,99
3355,2024-11,54
3355,2024-12,50
3355,2025-01,53
3355,2025-02,57
3355,2025-03,62
3355,2025-04,51
3355,2025-05,42
3355,2025-06,41
3355,2025-07,30
3355,2025-08,41
3355,2025-09,71
3355,2025-10,65
3355,2025-11,58
3355,2025-12,52
3359,2020-01,174
3359,2020-02,232
3359,2020-03,139
3359,2020-04,124
3359,2020-05,124
3359,2020-06,123
3359,2020-07,84
3359,2020-08,69
3359,2020-09,139
3359,2020-10,147
3359,2020-11,155
3359,2020-12,127
3359,2021-01,129
3359,2021-02,187
3359,2021-03,161
3359,2021-04,186
3359,2021-05,201
3359,2021-06,173
3359,2021-07,98
3359,2021-08,103
3359,2021-09,206
3359,2021-10,215
3359,2021-11,234
3359,2021-12,224
3359,2022-01,201
3359,2022-02,309
3359,2022-03,285
3359,2022-04,258
3359,2022-05,336
3359,2022-06,251
3359,2022-07,137
3359,2022-08,204
3359,2022-09,286
3359,2022-10,239
3359,2022-11,247
3359,2022-12,234
3359,2023-01,231
3359,2023-02,239
3359,2023-03,329
3359,2023-04,197
3359,2023-05,291
3359,2023-06,208
3359,2023-07,111
3359,2023-08,148
3359,2023-09,149
3359,2023-10,168
3359,2023-11,191
3359,2023-12,134
3359,2024-01,169
3359,2024-02,181
3359,2024-03,167
3359,2024-04,174
3359,2024-05,168
3359,2024-06,172
3359,2024-07,95
3359,2024-08,132
3359,2024-09,150
3359,2024-10,191
3359,2024-11,148
3359,2024-12,152
3359,2025-01,150
3359,2025-02,180
3359,2025-03,187
3359,2025-04,193
3359,2025-05,190
3359,2025-06,135
3359,2025-07,93
3359,2025-08,133
3359,2025-09,169
3359,2025-10,210
3359,2025-11,188
3359,2025-12,213
3360,2020-01,11
3360,2020-02,9
3360,2020-03,9
3360,2020-04,6
3360,2020-05,5
3360,2020-06,6
3360,2020-07,6
3360,2020-08,3
3360,2020-09,5
3360,2020-10,3
3360,2020-11,6
3360,2020-12,3
3360,2021-01,2
3360,2021-02,6
3360,2021-03,11
3360,2021-04,2
3360,2021-05,6
3360,2021-06,12
3360,2021-07,3
3360,2021-08,6
3360,2021-09,10
3360,2021-10,8
3360,2021-11,14
3360,2021-12,8
3360,2022-01,6
3360,2022-02,20
3360,2022-03,6
3360,2022-04,5
3360,2022-05,11
3360,2022-06,4
3360,2022-07,2
3360,2022-08,3
3360,2022-09,19
3360,2022-10,19
3360,2022-11,15
3360,2022-12,9
3360,2023-01,7
3360,2023-02,18
3360,2023-03,14
3360,2023-04,8
3360,2023-05,19
3360,2023-06,7
3360,2023-07,1
3360,2023-08,6
3360,2023-09,26
3360,2023-10,7
3360,2023-11,13
3360,2023-12,14
3360,2024-01,15
3360,2024-02,16
3360,2024-03,15
3360,2024-04,20
3360,2024-05,10
3360,2024-06,2
3360,2024-07,2
3360,2024-08,13
3360,2024-09,25
3360,2024-10,18
3360,2024-11,11
3360,2024-12,8
3360,2025-01,7
3360,2025-02,7
3360,2025-03,10
3360,2025-04,8
3360,2025-05,13
3360,2025-06,5
3360,2025-07,2
3360,2025-08,4
3360,2025-09,10
3360,2025-10,15
3360,2025-11,12
3360,2025-12,7
3411,2020-01,305
3411,2020-02,262
3411,2020-03,270
3411,2020-04,155
3411,2020-05,175
3411,2020-06,160
3411,2020-07,120
3411,2020-08,164
3411,2020-09,212
3411,2020-10,198
3411,2020-11,194
3411,2020-12,215
3411,2021-01,224
3411,2021-02,262
3411,2021-03,309
3411,2021-04,288
3411,2021-05,321
3411,2021-06,251
3411,2021-07,193
3411,2021-08,226
3411,2021-09,383
3411,2021-10,329
3411,2021-11,337
3411,2021-12,356
3411,2022-01,381
3411,2022-02,402
3411,2022-03,512
3411,2022-04,436
3411,2022-05,460
3411,2022-06,361
3411,2022-07,195
3411,2022-08,371
3411,2022-09,457
3411,2022-10,451
3411,2022-11,447
3411,2022-12,377
3411,2023-01,486
3411,2023-02,432
3411,2023-03,584
3411,2023-04,393
3411,2023-05,450
3411,2023-06,298
3411,2023-07,198
3411,2023-08,477
3411,2023-09,339
3411,2023-10,397
3411,2023-11,363
3411,2023-12,302
3411,2024-01,442
3411,2024-02,424
3411,2024-03,431
3411,2024-04,455
3411,2024-05,311
3411,2024-06,196
3411,2024-07,179
3411,2024-08,318
3411,2024-09,334
3411,2024-10,336
3411,2024-11,334
3411,2024-12,299
3411,2025-01,586
3411,2025-02,541
3411,2025-03,431
3411,2025-04,373
3411,2025-05,402
3411,2025-06,271
3411,2025-07,222
3411,2025-08,311
3411,2025-09,517
3411,2025-10,528
3411,2025-11,533
3411,2025-12,437
3412,2020-07,1
3412,2021-05,1
3412,2021-07,1
3412,2021-08,1
3412,2021-09,1
3412,2021-11,3
3412,2022-04,2
3412,2022-05,4
3412,2022-06,1
3412,2022-08,2
3412,2022-09,1
3412,2022-10,1
3412,2023-04,1
3412,2023-05,2
3412,2023-06,1
3412,2023-08,2
3412,2023-10,1
3412,2024-02,1
3412,2024-04,1
3412,2024-05,1
3412,2024-06,2
3412,2024-07,2
3412,2024-10,1
3412,2024-11,1
3412,2025-01,1
3412,2025-02,1
3412,2025-04,1
3412,2025-06,1
3412,2025-08,1
3412,2025-09,1
3421,2020-01,2
3421,2020-05,1
3421,2020-09,1
3421,2020-10,1
3421,2020-12,1
3421,2021-02,1
3421,2021-03,1
3421,2021-10,1
3421,2021-12,2
3421,2022-12,1
3421,2023-04,1
3421,2023-10,1
3421,2023-11,1
3421,2024-03,2
3421,2024-11,2
3421,2025-03,1
3421,2025-06,1
3421,2025-12,2
3422,2020-01,293
3422,2020-02,192
3422,2020-03,172
3422,2020-04,289
3422,2020-05,369
3422,2020-06,261
3422,2020-07,128
3422,2020-08,126
3422,2020-09,122
3422,2020-10,129
3422,2020-11,346
3422,2020-12,268
3422,2021-01,211
3422,2021-02,149
3422,2021-03,149
3422,2021-04,250
3422,2021-05,524
3422,2021-06,449
3422,2021-07,217
3422,2021-08,416
3422,2021-09,268
3422,2021-10,443
3422,2021-11,788
3422,2021-12,635
3422,2022-01,561
3422,2022-02,274
3422,2022-03,660
3422,2022-04,704
3422,2022-05,900
3422,2022-06,741
3422,2022-07,339
3422,2022-08,653
3422,2022-09,302
3422,2022-10,633
3422,2022-11,512
3422,2022-12,561
3422,2023-01,448
3422,2023-02,181
3422,2023-03,280
3422,2023-04,341
3422,2023-05,546
3422,2023-06,494
3422,2023-07,432
3422,2023-08,418
3422,2023-09,164
3422,2023-10,153
3422,2023-11,227
3422,2023-12,180
3422,2024-01,172
3422,2024-02,118
3422,2024-03,156
3422,2024-04,167
3422,2024-05,173
3422,2024-06,371
3422,2024-07,111
3422,2024-08,294
3422,2024-09,188
3422,2024-10,236
3422,2024-11,282
3422,2024-12,232
3422,2025-01,223
3422,2025-02,198
3422,2025-03,139
3422,2025-04,98
3422,2025-05,153
3422,2025-06,154
3422,2025-07,84
3422,2025-08,153
3422,2025-09,135
3422,2025-10,168
3422,2025-11,260
3422,2025-12,177
3423,2020-01,125
3423,2020-02,75
3423,2020-03,75
3423,2020-04,48
3423,2020-05,68
3423,2020-06,93
3423,2020-07,52
3423,2020-08,46
3423,2020-09,45
3423,2020-10,54
3423,2020-11,37
3423,2020-12,56
3423,2021-01,50
3423,2021-02,50
3423,2021-03,82
3423,2021-04,76
3423,2021-05,97
3423,2021-06,105
3423,2021-07,55
3423,2021-08,71
3423,2021-09,99
3423,2021-10,104
3423,2021-11,113
3423,2021-12,122
3423,2022-01,86
3423,2022-02,146
3423,2022-03,188
3423,2022-04,184
3423,2022-05,279
3423,2022-06,146
3423,2022-07,71
3423,2022-08,135
3423,2022-09,137
3423,2022-10,118
3423,2022-11,124
3423,2022-12,277
3423,2023-01,202
3423,2023-02,166
3423,2023-03,213
3423,2023-04,140
3423,2023-05,197
3423,2023-06,275
3423,2023-07,126
3423,2023-08,86
3423,2023-09,85
3423,2023-10,89
3423,2023-11,90
3423,2023-12,96
3423,2024-01,109
3423,2024-02,140
3423,2024-03,115
3423,2024-04,100
3423,2024-05,132
3423,2024-06,91
3423,2024-07,71
3423,2024-08,87
3423,2024-09,83
3423,2024-10,89
3423,2024-11,99
3423,2024-12,128
3423,2025-01,112
3423,2025-02,110
3423,2025-03,159
3423,2025-04,95
3423,2025-05,137
3423,2025-06,107
3423,2025-07,44
3423,2025-08,77
3423,2025-09,116
3423,2025-10,102
3423,2025-11,82
3423,2025-12,134
3424,2020-01,10
3424,2020-02,13
3424,2020-03,10
3424,2020-04,2
3424,2020-05,4
3424,2020-06,3
3424,2020-07,5
3424,2020-08,5
3424,2020-09,6
3424,2020-10,3
3424,2020-11,7
3424,2020-12,9
3424,2021-01,6
3424,2021-02,11
3424,2021-03,13
3424,2021-04,13
3424,2021-05,11
3424,2021-06,11
3424,2021-07,5
3424,2021-08,8
3424,2021-09,25
3424,2021-10,12
3424,2021-11,20
3424,2021-12,24
3424,2022-01,19
3424,2022-02,17
3424,2022-03,27
3424,2022-04,14
3424,2022-05,17
3424,2022-06,20
3424,2022-07,11
3424,2022-08,12
3424,2022-09,16
3424,2022-10,19
3424,2022-11,12
3424,2022-12,8
3424,2023-01,12
3424,2023-02,20
3424,2023-03,17
3424,2023-04,9
3424,2023-05,14
3424,2023-06,13
3424,2023-07,7
3424,2023-08,8
3424,2023-09,9
3424,2023-10,12
3424,2023-11,13
3424,2023-12,8
3424,2024-01,8
3424,2024-02,20
3424,2024-03,16
3424,2024-04,9
3424,2024-05,8
3424,2024-06,3
3424,2024-07,4
3424,2024-08,8
3424,2024-09,9
3424,2024-10,16
3424,2024-11,11
3424,2024-12,7
3424,2025-01,9
3424,2025-02,8
3424,2025-03,8
3424,2025-04,13
3424,2025-05,10
3424,2025-06,4
3424,2025-07,3
3424,2025-08,15
3424,2025-09,16
3424,2025-10,17
3424,2025-11,13
3424,2025-12,19
3431,2020-01,48
3431,2020-02,39
3431,2020-03,22
3431,2020-04,43
3431,2020-05,7
3431,2020-06,31
3431,2020-07,23
3431,2020-08,24
3431,2020-09,10
3431,2020-10,18
3431,2020-11,14
3431,2020-12,6
3431,2021-01,8
3431,2021-02,18
3431,2021-03,45
3431,2021-04,14
3431,2021-05,33
3431,2021-06,29
3431,2021-07,17
3431,2021-08,26
3431,2021-09,33
3431,2021-10,29
3431,2021-11,64
3431,2021-12,40
3431,2022-01,22
3431,2022-02,74
3431,2022-03,49
3431,2022-04,47
3431,2022-05,32
3431,2022-06,48
3431,2022-07,18
3431,2022-08,63
3431,2022-09,31
3431,2022-10,17
3431,2022-11,15
3431,2022-12,6
3431,2023-01,41
3431,2023-02,36
3431,2023-03,25
3431,2023-04,13
3431,2023-05,19
3431,2023-06,16
3431,2023-07,16
3431,2023-08,11
3431,2023-09,12
3431,2023-10,35
3431,2023-11,9
3431,2023-12,7
3431,2024-01,17
3431,2024-02,20
3431,2024-03,17
3431,2024-04,25
3431,2024-05,30
3431,2024-06,22
3431,2024-07,16
3431,2024-08,25
3431,2024-09,10
3431,2024-10,11
3431,2024-11,13
3431,2024-12,9
3431,2025-01,21
3431,2025-02,20
3431,2025-03,16
3431,2025-04,13
3431,2025-05,15
3431,2025-06,12
3431,2025-07,9
3431,2025-08,5
3431,2025-09,13
3431,2025-10,6
3431,2025-11,6
3431,2025-12,6
3432,2020-01,17
3432,2020-02,16
3432,2020-03,10
3432,2020-04,4
3432,2020-05,2
3432,2020-06,6
3432,2020-07,8
3432,2020-08,29
3432,2020-09,16
3432,2020-10,13
3432,2020-11,6
3432,2020-12,9
3432,2021-01,16
3432,2021-02,6
3432,2021-03,13
3432,2021-04,16
3432,2021-05,14
3432,2021-06,15
3432,2021-07,15
3432,2021-08,26
3432,2021-09,48
3432,2021-10,29
3432,2021-11,25
3432,2021-12,36
3432,2022-01,21
3432,2022-02,24
3432,2022-03,25
3432,2022-04,34
3432,2022-05,22
3432,2022-06,24
3432,2022-07,17
3432,2022-08,22
3432,2022-09,35
3432,2022-10,37
3432,2022-11,22
3432,2022-12,30
3432,2023-01,26
3432,2023-02,14
3432,2023-03,24
3432,2023-04,13
3432,2023-05,21
3432,2023-06,15
3432,2023-07,19
3432,2023-08,26
3432,2023-09,10
3432,2023-10,11
3432,2023-11,12
3432,2023-12,13
3432,2024-01,13
3432,2024-02,14
3432,2024-03,19
3432,2024-04,15
3432,2024-05,26
3432,2024-06,15
3432,2024-07,11
3432,2024-08,13
3432,2024-09,14
3432,2024-10,7
3432,2024-11,23
3432,2024-12,16
3432,2025-01,23
3432,2025-02,25
3432,2025-03,54
3432,2025-04,18
3432,2025-05,12
3432,2025-06,9
3432,2025-07,18
3432,2025-08,22
3432,2025-09,14
3432,2025-10,16
3432,2025-11,17
3432,2025-12,12
3433,2020-01,12
3433,2020-02,11
3433,2020-03,8
3433,2020-04,10
3433,2020-05,8
3433,2020-06,7
3433,2020-07,8
3433,2020-08,9
3433,2020-09,12
3433,2020-10,10
3433,2020-11,14
3433,2020-12,12
3433,2021-01,17
3433,2021-02,19
3433,2021-03,24
3433,2021-04,10
3433,2021-05,29
3433,2021-06,25
3433,2021-07,6
3433,2021-08,9
3433,2021-09,12
3433,2021-10,9
3433,2021-11,13
3433,2021-12,14
3433,2022-01,20
3433,2022-02,15
3433,2022-03,34
3433,2022-04,20
3433,2022-05,18
3433,2022-06,15
3433,2022-07,12
3433,2022-08,6
3433,2022-09,23
3433,2022-10,15
3433,2022-11,20
3433,2022-12,14
3433,2023-01,19
3433,2023-02,12
3433,2023-03,15
3433,2023-04,10
3433,2023-05,8
3433,2023-06,8
3433,2023-07,3
3433,2023-08,3
3433,2023-09,6
3433,2023-10,5
3433,2023-11,17
3433,2023-12,19
3433,2024-01,43
3433,2024-02,30
3433,2024-03,22
3433,2024-04,24
3433,2024-05,24
3433,2024-06,14
3433,2024-07,42
3433,2024-08,16
3433,2024-09,14
3433,2024-10,17
3433,2024-11,12
3433,2024-12,14
3433,2025-01,22
3433,2025-02,17
3433,2025-03,24
3433,2025-04,14
3433,2025-05,16
3433,2025-06,13
3433,2025-07,18
3433,2025-08,19
3433,2025-09,32
3433,2025-10,18
3433,2025-11,21
3433,2025-12,21
3439,2020-01,9
3439,2020-02,11
3439,2020-03,11
3439,2020-04,7
3439,2020-05,5
3439,2020-06,9
3439,2020-07,7
3439,2020-08,7
3439,2020-09,9
3439,2020-10,13
3439,2020-11,3
3439,2020-12,4
3439,2021-01,4
3439,2021-02,4
3439,2021-03,6
3439,2021-04,5
3439,2021-05,16
3439,2021-06,17
3439,2021-07,14
3439,2021-08,11
3439,2021-09,12
3439,2021-10,14
3439,2021-11,18
3439,2021-12,10
3439,2022-01,13
3439,2022-02,18
3439,2022-03,28
3439,2022-04,11
3439,2022-05,19
3439,2022-06,19
3439,2022-07,10
3439,2022-08,15
3439,2022-09,11
3439,2022-10,12
3439,2022-11,19
3439,2022-12,16
3439,2023-01,17
3439,2023-02,15
3439,2023-03,21
3439,2023-04,14
3439,2023-05,10
3439,2023-06,13
3439,2023-07,12
3439,2023-08,9
3439,2023-09,7
3439,2023-10,16
3439,2023-11,14
3439,2023-12,6
3439,2024-01,25
3439,2024-02,19
3439,2024-03,23
3439,2024-04,20
3439,2024-05,29
3439,2024-06,21
3439,2024-07,13
3439,2024-08,11
3439,2024-09,12
3439,2024-10,10
3439,2024-11,11
3439,2024-12,6
3439,2025-01,19
3439,2025-02,15
3439,2025-03,11
3439,2025-04,21
3439,2025-05,10
3439,2025-06,9
3439,2025-07,10
3439,2025-08,16
3439,2025-09,22
3439,2025-10,9
3439,2025-11,13
3439,2025-12,23
3441,2020-01,39
3441,2020-02,38
3441,2020-03,23
3441,2020-04,19
3441,2020-05,21
3441,2020-06,43
3441,2020-07,32
3441,2020-08,37
3441,2020-09,46
3441,2020-10,49
3441,2020-11,40
3441,2020-12,22
3441,2021-01,33
3441,2021-02,29
3441,2021-03,61
3441,2021-04,54
3441,2021-05,33
3441,2021-06,30
3441,2021-07,34
3441,2021-08,19
3441,2021-09,44
3441,2021-10,40
3441,2021-11,25
3441,2021-12,30
3441,2022-01,38
3441,2022-02,42
3441,2022-03,48
3441,2022-04,25
3441,2022-05,41
3441,2022-06,30
3441,2022-07,20
3441,2022-08,26
3441,2022-09,28
3441,2022-10,12
3441,2022-11,19
3441,2022-12,33
3441,2023-01,19
3441,2023-02,27
3441,2023-03,28
3441,2023-04,19
3441,2023-05,17
3441,2023-06,23
3441,2023-07,23
3441,2023-08,27
3441,2023-09,11
3441,2023-10,18
3441,2023-11,17
3441,2023-12,10
3441,2024-01,30
3441,2024-02,28
3441,2024-03,32
3441,2024-04,34
3441,2024-05,25
3441,2024-06,32
3441,2024-07,19
3441,2024-08,20
3441,2024-09,17
3441,2024-10,34
3441,2024-11,27
3441,2024-12,19
3441,2025-01,39
3441,2025-02,39
3441,2025-03,54
3441,2025-04,40
3441,2025-05,37
3441,2025-06,23
3441,2025-07,55
3441,2025-08,28
3441,2025-09,46
3441,2025-10,50
3441,2025-11,23
3441,2025-12,39
3449,2020-01,194
3449,2020-02,180
3449,2020-03,163
3449,2020-04,76
3449,2020-05,137
3449,2020-06,128
3449,2020-07,85
3449,2020-08,115
3449,2020-09,131
3449,2020-10,130
3449,2020-11,113
3449,2020-12,143
3449,2021-01,108
3449,2021-02,131
3449,2021-03,115
3449,2021-04,122
3449,2021-05,170
3449,2021-06,141
3449,2021-07,70
3449,2021-08,156
3449,2021-09,171
3449,2021-10,197
3449,2021-11,198
3449,2021-12,179
3449,2022-01,171
3449,2022-02,192
3449,2022-03,229
3449,2022-04,151
3449,2022-05,194
3449,2022-06,207
3449,2022-07,105
3449,2022-08,189
3449,2022-09,186
3449,2022-10,203
3449,2022-11,226
3449,2022-12,178
3449,2023-01,210
3449,2023-02,170
3449,2023-03,188
3449,2023-04,148
3449,2023-05,220
3449,2023-06,165
3449,2023-07,100
3449,2023-08,207
3449,2023-09,196
3449,2023-10,172
3449,2023-11,171
3449,2023-12,88
3449,2024-01,108
3449,2024-02,136
3449,2024-03,86
3449,2024-04,113
3449,2024-05,147
3449,2024-06,139
3449,2024-07,50
3449,2024-08,133
3449,2024-09,133
3449,2024-10,100
3449,2024-11,132
3449,2024-12,104
3449,2025-01,115
3449,2025-02,116
3449,2025-03,132
3449,2025-04,151
3449,2025-05,178
3449,2025-06,92
3449,2025-07,78
3449,2025-08,102
3449,2025-09,136
3449,2025-10,107
3449,2025-11,120
3449,2025-12,88
3451,2020-01,111
3451,2020-02,118
3451,2020-03,83
3451,2020-04,19
3451,2020-05,39
3451,2020-06,39
3451,2020-07,47
3451,2020-08,54
3451,2020-09,46
3451,2020-10,54
3451,2020-11,22
3451,2020-12,31
3451,2021-01,36
3451,2021-02,58
3451,2021-03,101
3451,2021-04,101
3451,2021-05,92
3451,2021-06,93
3451,2021-07,86
3451,2021-08,124
3451,2021-09,117
3451,2021-10,152
3451,2021-11,132
3451,2021-12,113
3451,2022-01,118
3451,2022-02,170
3451,2022-03,214
3451,2022-04,171
3451,2022-05,200
3451,2022-06,127
3451,2022-07,86
3451,2022-08,145
3451,2022-09,141
3451,2022-10,109
3451,2022-11,80
3451,2022-12,77
3451,2023-01,130
3451,2023-02,106
3451,2023-03,150
3451,2023-04,113
3451,2023-05,161
3451,2023-06,106
3451,2023-07,83
3451,2023-08,103
3451,2023-09,110
3451,2023-10,86
3451,2023-11,104
3451,2023-12,59
3451,2024-01,99
3451,2024-02,111
3451,2024-03,116
3451,2024-04,93
3451,2024-05,106
3451,2024-06,165
3451,2024-07,91
3451,2024-08,99
3451,2024-09,109
3451,2024-10,73
3451,2024-11,62
3451,2024-12,43
3451,2025-01,94
3451,2025-02,115
3451,2025-03,135
3451,2025-04,126
3451,2025-05,103
3451,2025-06,90
3451,2025-07,101
3451,2025-08,106
3451,2025-09,100
3451,2025-10,67
3451,2025-11,57
3451,2025-12,70
3452,2020-01,13
3452,2020-02,19
3452,2020-03,13
3452,2020-04,8
3452,2020-05,13
3452,2020-06,8
3452,2020-07,4
3452,2020-08,4
3452,2020-09,10
3452,2020-10,9
3452,2020-11,21
3452,2020-12,17
3452,2021-01,13
3452,2021-02,8
3452,2021-03,12
3452,2021-04,19
3452,2021-05,24
3452,2021-06,21
3452,2021-07,19
3452,2021-08,23
3452,2021-09,16
3452,2021-10,17
3452,2021-11,22
3452,2021-12,20
3452,2022-01,16
3452,2022-02,23
3452,2022-03,40
3452,2022-04,18
3452,2022-05,33
3452,2022-06,25
3452,2022-07,11
3452,2022-08,20
3452,2022-09,29
3452,2022-10,18
3452,2022-11,16
3452,2022-12,16
3452,2023-01,15
3452,2023-02,12
3452,2023-03,25
3452,2023-04,19
3452,2023-05,16
3452,2023-06,15
3452,2023-07,12
3452,2023-08,15
3452,2023-09,19
3452,2023-10,22
3452,2023-11,14
3452,2023-12,16
3452,2024-01,19
3452,2024-02,7
3452,2024-03,16
3452,2024-04,13
3452,2024-05,6
3452,2024-06,6
3452,2024-07,4
3452,2024-08,13
3452,2024-09,10
3452,2024-10,15
3452,2024-11,8
3452,2024-12,13
3452,2025-01,15
3452,2025-02,15
3452,2025-03,16
3452,2025-04,16
3452,2025-05,21
3452,2025-06,7
3452,2025-07,8
3452,2025-08,11
3452,2025-09,18
3452,2025-10,8
3452,2025-11,10
3452,2025-12,19
3511,2020-01,186
3511,2020-02,227
3511,2020-03,257
3511,2020-04,152
3511,2020-05,136
3511,2020-06,139
3511,2020-07,98
3511,2020-08,151
3511,2020-09,174
3511,2020-10,201
3511,2020-11,223
3511,2020-12,227
3511,2021-01,187
3511,2021-02,209
3511,2021-03,276
3511,2021-04,265
3511,2021-05,293
3511,2021-06,240
3511,2021-07,142
3511,2021-08,206
3511,2021-09,329
3511,2021-10,313
3511,2021-11,363
3511,2021-12,327
3511,2022-01,269
3511,2022-02,413
3511,2022-03,389
3511,2022-04,444
3511,2022-05,423
3511,2022-06,380
3511,2022-07,266
3511,2022-08,328
3511,2022-09,434
3511,2022-10,427
3511,2022-11,465
3511,2022-12,388
3511,2023-01,365
3511,2023-02,389
3511,2023-03,447
3511,2023-04,266
3511,2023-05,914
3511,2023-06,469
3511,2023-07,161
3511,2023-08,242
3511,2023-09,342
3511,2023-10,314
3511,2023-11,306
3511,2023-12,274
3511,2024-01,260
3511,2024-02,318
3511,2024-03,240
3511,2024-04,235
3511,2024-05,222
3511,2024-06,186
3511,2024-07,163
3511,2024-08,189
3511,2024-09,236
3511,2024-10,235
3511,2024-11,167
3511,2024-12,198
3511,2025-01,222
3511,2025-02,206
3511,2025-03,255
3511,2025-04,209
3511,2025-05,204
3511,2025-06,162
3511,2025-07,110
3511,2025-08,155
3511,2025-09,189
3511,2025-10,205
3511,2025-11,177
3511,2025-12,196
3512,2020-01,374
3512,2020-02,345
3512,2020-03,313
3512,2020-04,202
3512,2020-05,148
3512,2020-06,158
3512,2020-07,106
3512,2020-08,195
3512,2020-09,286
3512,2020-10,322
3512,2020-11,303
3512,2020-12,256
3512,2021-01,253
3512,2021-02,353
3512,2021-03,407
3512,2021-04,415
3512,2021-05,428
3512,2021-06,379
3512,2021-07,233
3512,2021-08,390
3512,2021-09,567
3512,2021-10,574
3512,2021-11,494
3512,2021-12,549
3512,2022-01,503
3512,2022-02,601
3512,2022-03,696
3512,2022-04,672
3512,2022-05,710
3512,2022-06,524
3512,2022-07,352
3512,2022-08,578
3512,2022-09,645
3512,2022-10,629
3512,2022-11,574
3512,2022-12,521
3512,2023-01,564
3512,2023-02,557
3512,2023-03,623
3512,2023-04,463
3512,2023-05,662
3512,2023-06,455
3512,2023-07,270
3512,2023-08,367
3512,2023-09,376
3512,2023-10,419
3512,2023-11,379
3512,2023-12,262
3512,2024-01,282
3512,2024-02,349
3512,2024-03,330
3512,2024-04,345
3512,2024-05,264
3512,2024-06,250
3512,2024-07,217
3512,2024-08,248
3512,2024-09,249
3512,2024-10,239
3512,2024-11,255
3512,2024-12,181
3512,2025-01,281
3512,2025-02,238
3512,2025-03,328
3512,2025-04,264
3512,2025-05,265
3512,2025-06,222
3512,2025-07,113
3512,2025-08,209
3512,2025-09,242
3512,2025-10,231
3512,2025-11,230
3512,2025-12,211
3513,2020-01,153
3513,2020-02,117
3513,2020-03,98
3513,2020-04,77
3513,2020-05,76
3513,2020-06,70
3513,2020-07,47
3513,2020-08,71
3513,2020-09,97
3513,2020-10,106
3513,2020-11,88
3513,2020-12,114
3513,2021-01,119
3513,2021-02,121
3513,2021-03,192
3513,2021-04,150
3513,2021-05,124
3513,2021-06,110
3513,2021-07,83
3513,2021-08,113
3513,2021-09,186
3513,2021-10,178
3513,2021-11,200
3513,2021-12,184
3513,2022-01,113
3513,2022-02,180
3513,2022-03,186
3513,2022-04,199
3513,2022-05,193
3513,2022-06,172
3513,2022-07,120
3513,2022-08,149
3513,2022-09,195
3513,2022-10,182
3513,2022-11,188
3513,2022-12,184
3513,2023-01,192
3513,2023-02,167
3513,2023-03,218
3513,2023-04,139
3513,2023-05,209
3513,2023-06,152
3513,2023-07,80
3513,2023-08,154
3513,2023-09,160
3513,2023-10,177
3513,2023-11,199
3513,2023-12,147
3513,2024-01,164
3513,2024-02,268
3513,2024-03,283
3513,2024-04,155
3513,2024-05,151
3513,2024-06,106
3513,2024-07,82
3513,2024-08,95
3513,2024-09,131
3513,2024-10,143
3513,2024-11,127
3513,2024-12,123
3513,2025-01,152
3513,2025-02,155
3513,2025-03,148
3513,2025-04,169
3513,2025-05,191
3513,2025-06,131
3513,2025-07,85
3513,2025-08,127
3513,2025-09,128
3513,2025-10,141
3513,2025-11,117
3513,2025-12,100
3514,2020-01,92
3514,2020-02,91
3514,2020-03,75
3514,2020-04,78
3514,2020-05,61
3514,2020-06,51
3514,2020-07,41
3514,2020-08,41
3514,2020-09,75
3514,2020-10,68
3514,2020-11,80
3514,2020-12,80
3514,2021-01,84
3514,2021-02,73
3514,2021-03,102
3514,2021-04,117
3514,2021-05,96
3514,2021-06,99
3514,2021-07,46
3514,2021-08,73
3514,2021-09,111
3514,2021-10,125
3514,2021-11,119
3514,2021-12,113
3514,2022-01,121
3514,2022-02,157
3514,2022-03,187
3514,2022-04,151
3514,2022-05,151
3514,2022-06,121
3514,2022-07,100
3514,2022-08,124
3514,2022-09,141
3514,2022-10,187
3514,2022-11,150
3514,2022-12,133
3514,2023-01,175
3514,2023-02,147
3514,2023-03,126
3514,2023-04,120
3514,2023-05,159
3514,2023-06,130
3514,2023-07,104
3514,2023-08,135
3514,2023-09,124
3514,2023-10,175
3514,2023-11,119
3514,2023-12,128
3514,2024-01,104
3514,2024-02,103
3514,2024-03,86
3514,2024-04,89
3514,2024-05,89
3514,2024-06,73
3514,2024-07,56
3514,2024-08,66
3514,2024-09,66
3514,2024-10,98
3514,2024-11,81
3514,2024-12,83
3514,2025-01,61
3514,2025-02,92
3514,2025-03,80
3514,2025-04,86
3514,2025-05,76
3514,2025-06,65
3514,2025-07,46
3514,2025-08,51
3514,2025-09,79
3514,2025-10,80
3514,2025-11,66
3514,2025-12,100
3515,2020-01,27
3515,2020-02,29
3515,2020-03,32
3515,2020-04,22
3515,2020-05,16
3515,2020-06,12
3515,2020-07,11
3515,2020-08,12
3515,2020-09,35
3515,2020-10,36
3515,2020-11,44
3515,2020-12,51
3515,2021-01,27
3515,2021-02,39
3515,2021-03,44
3515,2021-04,55
3515,2021-05,35
3515,2021-06,26
3515,2021-07,28
3515,2021-08,31
3515,2021-09,36
3515,2021-10,48
3515,2021-11,56
3515,2021-12,39
3515,2022-01,29
3515,2022-02,50
3515,2022-03,42
3515,2022-04,32
3515,2022-05,44
3515,2022-06,47
3515,2022-07,21
3515,2022-08,31
3515,2022-09,31
3515,2022-10,26
3515,2022-11,37
3515,2022-12,20
3515,2023-01,34
3515,2023-02,20
3515,2023-03,43
3515,2023-04,25
3515,2023-05,34
3515,2023-06,30
3515,2023-07,24
3515,2023-08,30
3515,2023-09,20
3515,2023-10,35
3515,2023-11,26
3515,2023-12,36
3515,2024-01,25
3515,2024-02,21
3515,2024-03,13
3515,2024-04,21
3515,2024-05,19
3515,2024-06,20
3515,2024-07,7
3515,2024-08,11
3515,2024-09,28
3515,2024-10,23
3515,2024-11,21
3515,2024-12,16
3515,2025-01,11
3515,2025-02,21
3515,2025-03,11
3515,2025-04,13
3515,2025-05,16
3515,2025-06,7
3515,2025-07,10
3515,2025-08,7
3515,2025-09,9
3515,2025-10,15
3515,2025-11,7
3515,2025-12,12
3521,2020-01,10
3521,2020-02,7
3521,2020-03,8
3521,2020-04,4
3521,2020-05,5
3521,2020-08,3
3521,2020-09,2
3521,2020-10,5
3521,2020-11,5
3521,2020-12,8
3521,2021-01,10
3521,2021-02,11
3521,2021-03,10
3521,2021-04,9
3521,2021-05,17
3521,2021-06,11
3521,2021-07,9
3521,2021-08,6
3521,2021-09,13
3521,2021-10,12
3521,2021-11,14
3521,2021-12,14
3521,2022-01,11
3521,2022-02,19
3521,2022-03,7
3521,2022-04,13
3521,2022-05,10
3521,2022-06,13
3521,2022-07,10
3521,2022-08,12
3521,2022-09,12
3521,2022-10,19
3521,2022-11,19
3521,2022-12,11
3521,2023-01,17
3521,2023-02,21
3521,2023-03,16
3521,2023-04,18
3521,2023-05,10
3521,2023-06,7
3521,2023-07,9
3521,2023-08,15
3521,2023-09,12
3521,2023-10,19
3521,2023-11,5
3521,2023-12,10
3521,2024-01,6
3521,2024-02,11
3521,2024-03,10
3521,2024-04,16
3521,2024-05,6
3521,2024-06,12
3521,2024-07,12
3521,2024-08,8
3521,2024-09,10
3521,2024-10,18
3521,2024-11,5
3521,2024-12,10
3521,2025-01,9
3521,2025-02,3
3521,2025-03,5
3521,2025-04,13
3521,2025-05,10
3521,2025-06,9
3521,2025-07,4
3521,2025-08,5
3521,2025-09,12
3521,2025-10,11
3521,2025-11,17
3521,2025-12,11
3522,2020-01,20
3522,2020-02,33
3522,2020-03,22
3522,2020-04,10
3522,2020-05,13
3522,2020-06,20
3522,2020-07,4
3522,2020-08,9
3522,2020-09,18
3522,2020-10,11
3522,2020-11,20
3522,2020-12,17
3522,2021-01,16
3522,2021-02,14
3522,2021-03,11
3522,2021-04,20
3522,2021-05,20
3522,2021-06,14
3522,2021-07,14
3522,2021-08,22
3522,2021-09,23
3522,2021-10,34
3522,2021-11,32
3522,2021-12,24
3522,2022-01,29
3522,2022-02,52
3522,2022-03,45
3522,2022-04,45
3522,2022-05,34
3522,2022-06,49
3522,2022-07,24
3522,2022-08,27
3522,2022-09,40
3522,2022-10,35
3522,2022-11,36
3522,2022-12,33
3522,2023-01,30
3522,2023-02,32
3522,2023-03,37
3522,2023-04,25
3522,2023-05,36
3522,2023-06,17
3522,2023-07,7
3522,2023-08,13
3522,2023-09,16
3522,2023-10,21
3522,2023-11,16
3522,2023-12,30
3522,2024-01,26
3522,2024-02,17
3522,2024-03,26
3522,2024-04,18
3522,2024-05,23
3522,2024-06,21
3522,2024-07,11
3522,2024-08,19
3522,2024-09,22
3522,2024-10,23
3522,2024-11,31
3522,2024-12,30
3522,2025-01,15
3522,2025-02,17
3522,2025-03,21
3522,2025-04,16
3522,2025-05,18
3522,2025-06,22
3522,2025-07,6
3522,2025-08,8
3522,2025-09,21
3522,2025-10,20
3522,2025-11,14
3522,2025-12,11
4111,2020-01,558
4111,2020-02,576
4111,2020-03,451
4111,2020-04,247
4111,2020-05,273
4111,2020-06,241
4111,2020-07,185
4111,2020-08,188
4111,2020-09,306
4111,2020-10,309
4111,2020-11,311
4111,2020-12,225
4111,2021-01,294
4111,2021-02,403
4111,2021-03,475
4111,2021-04,473
4111,2021-05,469
4111,2021-06,434
4111,2021-07,238
4111,2021-08,334
4111,2021-09,519
4111,2021-10,583
4111,2021-11,564
4111,2021-12,551
4111,2022-01,601
4111,2022-02,623
4111,2022-03,872
4111,2022-04,687
4111,2022-05,749
4111,2022-06,660
4111,2022-07,400
4111,2022-08,572
4111,2022-09,701
4111,2022-10,698
4111,2022-11,662
4111,2022-12,555
4111,2023-01,633
4111,2023-02,618
4111,2023-03,801
4111,2023-04,650
4111,2023-05,736
4111,2023-06,581
4111,2023-07,339
4111,2023-08,404
4111,2023-09,441
4111,2023-10,441
4111,2023-11,406
4111,2023-12,331
4111,2024-01,413
4111,2024-02,420
4111,2024-03,447
4111,2024-04,442
4111,2024-05,418
4111,2024-06,316
4111,2024-07,270
4111,2024-08,289
4111,2024-09,365
4111,2024-10,304
4111,2024-11,296
4111,2024-12,211
4111,2025-01,278
4111,2025-02,326
4111,2025-03,347
4111,2025-04,332
4111,2025-05,255
4111,2025-06,212
4111,2025-07,139
4111,2025-08,183
4111,2025-09,250
4111,2025-10,233
4111,2025-11,212
4111,2025-12,200
4112,2020-01,281
4112,2020-02,347
4112,2020-03,233
4112,2020-04,180
4112,2020-05,161
4112,2020-06,163
4112,2020-07,111
4112,2020-08,112
4112,2020-09,215
4112,2020-10,203
4112,2020-11,179
4112,2020-12,154
4112,2021-01,169
4112,2021-02,224
4112,2021-03,253
4112,2021-04,285
4112,2021-05,274
4112,2021-06,246
4112,2021-07,183
4112,2021-08,258
4112,2021-09,402
4112,2021-10,384
4112,2021-11,416
4112,2021-12,411
4112,2022-01,458
4112,2022-02,531
4112,2022-03,638
4112,2022-04,404
4112,2022-05,457
4112,2022-06,421
4112,2022-07,323
4112,2022-08,434
4112,2022-09,418
4112,2022-10,432
4112,2022-11,457
4112,2022-12,393
4112,2023-01,443
4112,2023-02,489
4112,2023-03,473
4112,2023-04,369
4112,2023-05,466
4112,2023-06,346
4112,2023-07,236
4112,2023-08,280
4112,2023-09,296
4112,2023-10,265
4112,2023-11,312
4112,2023-12,269
4112,2024-01,310
4112,2024-02,302
4112,2024-03,323
4112,2024-04,260
4112,2024-05,261
4112,2024-06,186
4112,2024-07,153
4112,2024-08,190
4112,2024-09,221
4112,2024-10,261
4112,2024-11,224
4112,2024-12,243
4112,2025-01,216
4112,2025-02,247
4112,2025-03,263
4112,2025-04,205
4112,2025-05,182
4112,2025-06,146
4112,2025-07,132
4112,2025-08,167
4112,2025-09,227
4112,2025-10,261
4112,2025-11,203
4112,2025-12,207
4113,2020-01,153
4113,2020-02,124
4113,2020-03,134
4113,2020-04,62
4113,2020-05,52
4113,2020-06,60
4113,2020-07,57
4113,2020-08,85
4113,2020-09,109
4113,2020-10,112
4113,2020-11,93
4113,2020-12,91
4113,2021-01,95
4113,2021-02,122
4113,2021-03,167
4113,2021-04,178
4113,2021-05,145
4113,2021-06,197
4113,2021-07,130
4113,2021-08,158
4113,2021-09,284
4113,2021-10,281
4113,2021-11,233
4113,2021-12,206
4113,2022-01,245
4113,2022-02,270
4113,2022-03,329
4113,2022-04,246
4113,2022-05,271
4113,2022-06,244
4113,2022-07,181
4113,2022-08,243
4113,2022-09,297
4113,2022-10,307
4113,2022-11,255
4113,2022-12,216
4113,2023-01,300
4113,2023-02,261
4113,2023-03,332
4113,2023-04,194
4113,2023-05,298
4113,2023-06,275
4113,2023-07,217
4113,2023-08,215
4113,2023-09,213
4113,2023-10,164
4113,2023-11,118
4113,2023-12,137
4113,2024-01,146
4113,2024-02,157
4113,2024-03,169
4113,2024-04,173
4113,2024-05,132
4113,2024-06,136
4113,2024-07,104
4113,2024-08,109
4113,2024-09,107
4113,2024-10,118
4113,2024-11,97
4113,2024-12,92
4113,2025-01,117
4113,2025-02,113
4113,2025-03,101
4113,2025-04,86
4113,2025-05,76
4113,2025-06,92
4113,2025-07,61
4113,2025-08,87
4113,2025-09,88
4113,2025-10,98
4113,2025-11,100
4113,2025-12,116
4114,2020-01,163
4114,2020-02,145
4114,2020-03,96
4114,2020-04,40
4114,2020-05,44
4114,2020-06,47
4114,2020-07,44
4114,2020-08,52
4114,2020-09,100
4114,2020-10,81
4114,2020-11,97
4114,2020-12,92
4114,2021-01,95
4114,2021-02,113
4114,2021-03,114
4114,2021-04,139
4114,2021-05,116
4114,2021-06,101
4114,2021-07,65
4114,2021-08,107
4114,2021-09,142
4114,2021-10,172
4114,2021-11,149
4114,2021-12,152
4114,2022-01,145
4114,2022-02,153
4114,2022-03,178
4114,2022-04,155
4114,2022-05,171
4114,2022-06,156
4114,2022-07,80
4114,2022-08,133
4114,2022-09,134
4114,2022-10,120
4114,2022-11,134
4114,2022-12,129
4114,2023-01,133
4114,2023-02,113
4114,2023-03,149
4114,2023-04,106
4114,2023-05,133
4114,2023-06,112
4114,2023-07,82
4114,2023-08,82
4114,2023-09,91
4114,2023-10,120
4114,2023-11,83
4114,2023-12,70
4114,2024-01,95
4114,2024-02,77
4114,2024-03,69
4114,2024-04,119
4114,2024-05,101
4114,2024-06,91
4114,2024-07,60
4114,2024-08,72
4114,2024-09,88
4114,2024-10,68
4114,2024-11,57
4114,2024-12,85
4114,2025-01,80
4114,2025-02,76
4114,2025-03,86
4114,2025-04,83
4114,2025-05,70
4114,2025-06,62
4114,2025-07,45
4114,2025-08,77
4114,2025-09,145
4114,2025-10,73
4114,2025-11,61
4114,2025-12,60
4115,2020-01,66
4115,2020-02,62
4115,2020-03,75
4115,2020-04,40
4115,2020-05,24
4115,2020-06,20
4115,2020-07,18
4115,2020-08,25
4115,2020-09,39
4115,2020-10,39
4115,2020-11,34
4115,2020-12,45
4115,2021-01,47
4115,2021-02,77
4115,2021-03,79
4115,2021-04,84
4115,2021-05,64
4115,2021-06,74
4115,2021-07,47
4115,2021-08,52
4115,2021-09,95
4115,2021-10,118
4115,2021-11,99
4115,2021-12,118
4115,2022-01,109
4115,2022-02,121
4115,2022-03,154
4115,2022-04,169
4115,2022-05,123
4115,2022-06,99
4115,2022-07,60
4115,2022-08,84
4115,2022-09,122
4115,2022-10,120
4115,2022-11,99
4115,2022-12,101
4115,2023-01,92
4115,2023-02,81
4115,2023-03,106
4115,2023-04,116
4115,2023-05,137
4115,2023-06,62
4115,2023-07,70
4115,2023-08,68
4115,2023-09,71
4115,2023-10,54
4115,2023-11,75
4115,2023-12,38
4115,2024-01,55
4115,2024-02,55
4115,2024-03,61
4115,2024-04,57
4115,2024-05,53
4115,2024-06,38
4115,2024-07,46
4115,2024-08,37
4115,2024-09,44
4115,2024-10,43
4115,2024-11,46
4115,2024-12,35
4115,2025-01,58
4115,2025-02,53
4115,2025-03,58
4115,2025-04,74
4115,2025-05,49
4115,2025-06,36
4115,2025-07,24
4115,2025-08,38
4115,2025-09,36
4115,2025-10,34
4115,2025-11,27
4115,2025-12,50
4116,2020-01,27
4116,2020-02,14
4116,2020-03,25
4116,2020-04,20
4116,2020-05,25
4116,2020-06,22
4116,2020-07,14
4116,2020-08,16
4116,2020-09,22
4116,2020-10,31
4116,2020-11,27
4116,2020-12,33
4116,2021-01,29
4116,2021-02,32
4116,2021-03,44
4116,2021-04,36
4116,2021-05,48
4116,2021-06,31
4116,2021-07,12
4116,2021-08,33
4116,2021-09,45
4116,2021-10,29
4116,2021-11,41
4116,2021-12,49
4116,2022-01,38
4116,2022-02,47
4116,2022-03,56
4116,2022-04,40
4116,2022-05,92
4116,2022-06,62
4116,2022-07,19
4116,2022-08,31
4116,2022-09,47
4116,2022-10,35
4116,2022-11,42
4116,2022-12,38
4116,2023-01,39
4116,2023-02,32
4116,2023-03,32
4116,2023-04,26
4116,2023-05,40
4116,2023-06,36
4116,2023-07,8
4116,2023-08,26
4116,2023-09,23
4116,2023-10,30
4116,2023-11,24
4116,2023-12,25
4116,2024-01,40
4116,2024-02,22
4116,2024-03,25
4116,2024-04,36
4116,2024-05,37
4116,2024-06,30
4116,2024-07,11
4116,2024-08,22
4116,2024-09,26
4116,2024-10,24
4116,2024-11,26
4116,2024-12,17
4116,2025-01,32
4116,2025-02,34
4116,2025-03,26
4116,2025-04,31
4116,2025-05,24
4116,2025-06,18
4116,2025-07,12
4116,2025-08,27
4116,2025-09,26
4116,2025-10,25
4116,2025-11,21
4116,2025-12,22
4117,2020-01,272
4117,2020-02,311
4117,2020-03,211
4117,2020-04,126
4117,2020-05,131
4117,2020-06,131
4117,2020-07,82
4117,2020-08,119
4117,2020-09,163
4117,2020-10,181
4117,2020-11,204
4117,2020-12,247
4117,2021-01,218
4117,2021-02,211
4117,2021-03,227
4117,2021-04,224
4117,2021-05,263
4117,2021-06,209
4117,2021-07,132
4117,2021-08,176
4117,2021-09,252
4117,2021-10,319
4117,2021-11,346
4117,2021-12,346
4117,2022-01,337
4117,2022-02,414
4117,2022-03,431
4117,2022-04,300
4117,2022-05,396
4117,2022-06,276
4117,2022-07,202
4117,2022-08,307
4117,2022-09,373
4117,2022-10,362
4117,2022-11,350
4117,2022-12,329
4117,2023-01,426
4117,2023-02,390
4117,2023-03,405
4117,2023-04,251
4117,2023-05,358
4117,2023-06,263
4117,2023-07,137
4117,2023-08,245
4117,2023-09,254
4117,2023-10,230
4117,2023-11,174
4117,2023-12,146
4117,2024-01,178
4117,2024-02,189
4117,2024-03,186
4117,2024-04,168
4117,2024-05,136
4117,2024-06,89
4117,2024-07,83
4117,2024-08,119
4117,2024-09,150
4117,2024-10,140
4117,2024-11,141
4117,2024-12,148
4117,2025-01,178
4117,2025-02,152
4117,2025-03,171
4117,2025-04,132
4117,2025-05,139
4117,2025-06,98
4117,2025-07,77
4117,2025-08,91
4117,2025-09,124
4117,2025-10,143
4117,2025-11,170
4117,2025-12,167
4119,2020-01,730
4119,2020-02,753
4119,2020-03,633
4119,2020-04,344
4119,2020-05,316
4119,2020-06,374
4119,2020-07,249
4119,2020-08,300
4119,2020-09,430
4119,2020-10,638
4119,2020-11,488
4119,2020-12,436
4119,2021-01,450
4119,2021-02,581
4119,2021-03,635
4119,2021-04,643
4119,2021-05,720
4119,2021-06,661
4119,2021-07,404
4119,2021-08,477
4119,2021-09,734
4119,2021-10,886
4119,2021-11,919
4119,2021-12,854
4119,2022-01,830
4119,2022-02,1061
4119,2022-03,1331
4119,2022-04,1107
4119,2022-05,1130
4119,2022-06,972
4119,2022-07,624
4119,2022-08,848
4119,2022-09,1038
4119,2022-10,1070
4119,2022-11,865
4119,2022-12,804
4119,2023-01,823
4119,2023-02,902
4119,2023-03,1067
4119,2023-04,726
4119,2023-05,1007
4119,2023-06,728
4119,2023-07,391
4119,2023-08,560
4119,2023-09,640
4119,2023-10,592
4119,2023-11,608
4119,2023-12,553
4119,2024-01,631
4119,2024-02,668
4119,2024-03,580
4119,2024-04,703
4119,2024-05,632
4119,2024-06,448
4119,2024-07,394
4119,2024-08,448
4119,2024-09,483
4119,2024-10,561
4119,2024-11,427
4119,2024-12,446
4119,2025-01,508
4119,2025-02,497
4119,2025-03,502
4119,2025-04,508
4119,2025-05,496
4119,2025-06,394
4119,2025-07,292
4119,2025-08,357
4119,2025-09,478
4119,2025-10,513
4119,2025-11,414
4119,2025-12,460
4211,2020-01,42
4211,2020-02,18
4211,2020-03,16
4211,2020-04,3
4211,2020-05,9
4211,2020-06,8
4211,2020-07,18
4211,2020-08,16
4211,2020-09,24
4211,2020-10,27
4211,2020-11,2
4211,2021-01,1
4211,2021-02,6
4211,2021-03,3
4211,2021-04,9
4211,2021-05,11
4211,2021-06,39
4211,2021-07,39
4211,2021-08,52
4211,2021-09,74
4211,2021-10,50
4211,2021-11,49
4211,2021-12,10
4211,2022-01,36
4211,2022-02,37
4211,2022-03,67
4211,2022-04,45
4211,2022-05,49
4211,2022-06,59
4211,2022-07,56
4211,2022-08,64
4211,2022-09,51
4211,2022-10,40
4211,2022-11,33
4211,2022-12,31
4211,2023-01,38
4211,2023-02,31
4211,2023-03,48
4211,2023-04,43
4211,2023-05,38
4211,2023-06,49
4211,2023-07,36
4211,2023-08,39
4211,2023-09,35
4211,2023-10,29
4211,2023-11,40
4211,2023-12,9
4211,2024-01,30
4211,2024-02,32
4211,2024-03,37
4211,2024-04,58
4211,2024-05,42
4211,2024-06,41
4211,2024-07,24
4211,2024-08,60
4211,2024-09,26
4211,2024-10,33
4211,2024-11,26
4211,2024-12,29
4211,2025-01,52
4211,2025-02,24
4211,2025-03,22
4211,2025-04,62
4211,2025-05,67
4211,2025-06,32
4211,2025-07,62
4211,2025-08,54
4211,2025-09,28
4211,2025-10,49
4211,2025-11,44
4211,2025-12,11
4212,2020-01,30
4212,2020-02,23
4212,2020-03,20
4212,2020-04,11
4212,2020-05,7
4212,2020-06,11
4212,2020-07,12
4212,2020-08,15
4212,2020-09,20
4212,2020-10,9
4212,2020-11,7
4212,2020-12,11
4212,2021-01,23
4212,2021-02,21
4212,2021-03,24
4212,2021-04,23
4212,2021-05,15
4212,2021-06,13
4212,2021-07,11
4212,2021-08,17
4212,2021-09,27
4212,2021-10,28
4212,2021-11,42
4212,2021-12,38
4212,2022-01,41
4212,2022-02,42
4212,2022-03,54
4212,2022-04,37
4212,2022-05,62
4212,2022-06,37
4212,2022-07,24
4212,2022-08,55
4212,2022-09,50
4212,2022-10,56
4212,2022-11,44
4212,2022-12,48
4212,2023-01,37
4212,2023-02,51
4212,2023-03,26
4212,2023-04,25
4212,2023-05,36
4212,2023-06,13
4212,2023-07,12
4212,2023-08,34
4212,2023-09,33
4212,2023-10,34
4212,2023-11,26
4212,2023-12,11
4212,2024-01,8
4212,2024-02,14
4212,2024-03,30
4212,2024-04,32
4212,2024-05,12
4212,2024-06,8
4212,2024-07,12
4212,2024-08,10
4212,2024-09,10
4212,2024-10,36
4212,2024-11,9
4212,2024-12,5
4212,2025-01,13
4212,2025-02,21
4212,2025-03,14
4212,2025-04,12
4212,2025-05,6
4212,2025-06,3
4212,2025-07,5
4212,2025-08,7
4212,2025-09,12
4212,2025-10,29
4212,2025-11,8
4212,2025-12,9
4221,2020-01,56
4221,2020-02,63
4221,2020-03,20
4221,2020-04,12
4221,2020-05,5
4221,2020-06,3
4221,2020-07,4
4221,2020-08,7
4221,2020-09,18
4221,2020-10,10
4221,2020-11,16
4221,2020-12,11
4221,2021-01,21
4221,2021-02,20
4221,2021-03,24
4221,2021-04,27
4221,2021-05,23
4221,2021-06,27
4221,2021-07,21
4221,2021-08,23
4221,2021-09,30
4221,2021-10,38
4221,2021-11,42
4221,2021-12,40
4221,2022-01,55
4221,2022-02,74
4221,2022-03,92
4221,2022-04,52
4221,2022-05,70
4221,2022-06,42
4221,2022-07,40
4221,2022-08,36
4221,2022-09,52
4221,2022-10,44
4221,2022-11,47
4221,2022-12,45
4221,2023-01,53
4221,2023-02,93
4221,2023-03,129
4221,2023-04,53
4221,2023-05,156
4221,2023-06,106
4221,2023-07,209
4221,2023-08,182
4221,2023-09,174
4221,2023-10,105
4221,2023-11,136
4221,2023-12,180
4221,2024-01,196
4221,2024-02,205
4221,2024-03,60
4221,2024-04,59
4221,2024-05,25
4221,2024-06,15
4221,2024-07,11
4221,2024-08,20
4221,2024-09,23
4221,2024-10,28
4221,2024-11,18
4221,2024-12,16
4221,2025-01,39
4221,2025-02,37
4221,2025-03,24
4221,2025-04,24
4221,2025-05,20
4221,2025-06,16
4221,2025-07,16
4221,2025-08,28
4221,2025-09,24
4221,2025-10,31
4221,2025-11,16
4221,2025-12,18
4222,2020-01,1791
4222,2020-02,1618
4222,2020-03,1417
4222,2020-04,745
4222,2020-05,660
4222,2020-06,606
4222,2020-07,616
4222,2020-08,735
4222,2020-09,902
4222,2020-10,943
4222,2020-11,799
4222,2020-12,647
4222,2021-01,880
4222,2021-02,955
4222,2021-03,1116
4222,2021-04,1328
4222,2021-05,1291
4222,2021-06,1002
4222,2021-07,877
4222,2021-08,1188
4222,2021-09,1683
4222,2021-10,1988
4222,2021-11,2085
4222,2021-12,2049
4222,2022-01,2063
4222,2022-02,2170
4222,2022-03,2642
4222,2022-04,2329
4222,2022-05,2752
4222,2022-06,2235
4222,2022-07,1546
4222,2022-08,2224
4222,2022-09,2321
4222,2022-10,2517
4222,2022-11,2904
4222,2022-12,2670
4222,2023-01,2399
4222,2023-02,2842
4222,2023-03,3997
4222,2023-04,3628
4222,2023-05,3845
4222,2023-06,3124
4222,2023-07,2459
4222,2023-08,2662
4222,2023-09,2496
4222,2023-10,2753
4222,2023-11,2016
4222,2023-12,989
4222,2024-01,1458
4222,2024-02,1468
4222,2024-03,1622
4222,2024-04,1735
4222,2024-05,1694
4222,2024-06,1475
4222,2024-07,916
4222,2024-08,933
4222,2024-09,744
4222,2024-10,947
4222,2024-11,725
4222,2024-12,560
4222,2025-01,875
4222,2025-02,749
4222,2025-03,835
4222,2025-04,872
4222,2025-05,790
4222,2025-06,597
4222,2025-07,497
4222,2025-08,716
4222,2025-09,713
4222,2025-10,644
4222,2025-11,501
4222,2025-12,388
4223,2020-01,38
4223,2020-02,38
4223,2020-03,33
4223,2020-04,20
4223,2020-05,14
4223,2020-06,6
4223,2020-07,6
4223,2020-08,16
4223,2020-09,15
4223,2020-10,18
4223,2020-11,25
4223,2020-12,15
4223,2021-01,21
4223,2021-02,34
4223,2021-03,34
4223,2021-04,27
4223,2021-05,23
4223,2021-06,41
4223,2021-07,38
4223,2021-08,48
4223,2021-09,73
4223,2021-10,38
4223,2021-11,32
4223,2021-12,48
4223,2022-01,39
4223,2022-02,46
4223,2022-03,63
4223,2022-04,55
4223,2022-05,68
4223,2022-06,35
4223,2022-07,31
4223,2022-08,34
4223,2022-09,49
4223,2022-10,44
4223,2022-11,27
4223,2022-12,21
4223,2023-01,46
4223,2023-02,34
4223,2023-03,46
4223,2023-04,48
4223,2023-05,65
4223,2023-06,14
4223,2023-07,18
4223,2023-08,18
4223,2023-09,22
4223,2023-10,18
4223,2023-11,16
4223,2023-12,15
4223,2024-01,26
4223,2024-02,26
4223,2024-03,26
4223,2024-04,32
4223,2024-05,16
4223,2024-06,24
4223,2024-07,15
4223,2024-08,23
4223,2024-09,14
4223,2024-10,19
4223,2024-11,15
4223,2024-12,13
4223,2025-01,20
4223,2025-02,16
4223,2025-03,38
4223,2025-04,20
4223,2025-05,12
4223,2025-06,9
4223,2025-07,7
4223,2025-08,10
4223,2025-09,14
4223,2025-10,22
4223,2025-11,28
4223,2025-12,16
4224,2020-01,222
4224,2020-02,297
4224,2020-03,94
4224,2020-04,35
4224,2020-05,27
4224,2020-06,51
4224,2020-07,59
4224,2020-08,69
4224,2020-09,53
4224,2020-10,88
4224,2020-11,33
4224,2020-12,39
4224,2021-01,100
4224,2021-02,81
4224,2021-03,141
4224,2021-04,164
4224,2021-05,151
4224,2021-06,130
4224,2021-07,186
4224,2021-08,213
4224,2021-09,258
4224,2021-10,283
4224,2021-11,290
4224,2021-12,158
4224,2022-01,277
4224,2022-02,368
4224,2022-03,489
4224,2022-04,403
4224,2022-05,385
4224,2022-06,286
4224,2022-07,249
4224,2022-08,320
4224,2022-09,272
4224,2022-10,203
4224,2022-11,172
4224,2022-12,204
4224,2023-01,297
4224,2023-02,330
4224,2023-03,408
4224,2023-04,295
4224,2023-05,392
4224,2023-06,221
4224,2023-07,201
4224,2023-08,209
4224,2023-09,212
4224,2023-10,170
4224,2023-11,137
4224,2023-12,176
4224,2024-01,254
4224,2024-02,270
4224,2024-03,227
4224,2024-04,267
4224,2024-05,216
4224,2024-06,149
4224,2024-07,147
4224,2024-08,176
4224,2024-09,146
4224,2024-10,114
4224,2024-11,89
4224,2024-12,124
4224,2025-01,229
4224,2025-02,210
4224,2025-03,224
4224,2025-04,184
4224,2025-05,162
4224,2025-06,117
4224,2025-07,126
4224,2025-08,145
4224,2025-09,149
4224,2025-10,138
4224,2025-11,123
4224,2025-12,158
4225,2020-01,316
4225,2020-02,312
4225,2020-03,222
4225,2020-04,85
4225,2020-05,84
4225,2020-06,102
4225,2020-07,110
4225,2020-08,138
4225,2020-09,165
4225,2020-10,163
4225,2020-11,161
4225,2020-12,110
4225,2021-01,140
4225,2021-02,178
4225,2021-03,200
4225,2021-04,255
4225,2021-05,245
4225,2021-06,244
4225,2021-07,205
4225,2021-08,236
4225,2021-09,361
4225,2021-10,378
4225,2021-11,383
4225,2021-12,410
4225,2022-01,369
4225,2022-02,429
4225,2022-03,501
4225,2022-04,470
4225,2022-05,543
4225,2022-06,515
4225,2022-07,307
4225,2022-08,392
4225,2022-09,405
4225,2022-10,400
4225,2022-11,370
4225,2022-12,297
4225,2023-01,382
4225,2023-02,359
4225,2023-03,438
4225,2023-04,335
4225,2023-05,398
4225,2023-06,350
4225,2023-07,275
4225,2023-08,302
4225,2023-09,309
4225,2023-10,291
4225,2023-11,306
4225,2023-12,240
4225,2024-01,302
4225,2024-02,320
4225,2024-03,317
4225,2024-04,324
4225,2024-05,246
4225,2024-06,210
4225,2024-07,155
4225,2024-08,225
4225,2024-09,238
4225,2024-10,234
4225,2024-11,229
4225,2024-12,217
4225,2025-01,255
4225,2025-02,254
4225,2025-03,241
4225,2025-04,252
4225,2025-05,203
4225,2025-06,166
4225,2025-07,146
4225,2025-08,198
4225,2025-09,238
4225,2025-10,217
4225,2025-11,168
4225,2025-12,199
4226,2020-01,464
4226,2020-02,77
4226,2020-03,50
4226,2020-04,18
4226,2020-05,7
4226,2020-06,13
4226,2020-07,69
4226,2020-08,63
4226,2020-09,98
4226,2020-10,152
4226,2020-11,39
4226,2020-12,8
4226,2021-01,79
4226,2021-02,20
4226,2021-03,167
4226,2021-04,107
4226,2021-05,73
4226,2021-06,34
4226,2021-07,67
4226,2021-08,93
4226,2021-09,214
4226,2021-10,141
4226,2021-11,53
4226,2021-12,48
4226,2022-01,156
4226,2022-02,93
4226,2022-03,96
4226,2022-04,115
4226,2022-05,117
4226,2022-06,73
4226,2022-07,201
4226,2022-08,45
4226,2022-09,55
4226,2022-10,160
4226,2022-11,197
4226,2022-12,41
4226,2023-01,185
4226,2023-02,62
4226,2023-03,125
4226,2023-04,36
4226,2023-05,272
4226,2023-06,44
4226,2023-07,29
4226,2023-08,133
4226,2023-09,30
4226,2023-10,193
4226,2023-11,42
4226,2023-12,19
4226,2024-01,78
4226,2024-02,38
4226,2024-03,30
4226,2024-04,145
4226,2024-05,31
4226,2024-06,62
4226,2024-07,64
4226,2024-08,33
4226,2024-09,19
4226,2024-10,123
4226,2024-11,24
4226,2024-12,59
4226,2025-01,90
4226,2025-02,25
4226,2025-03,47
4226,2025-04,30
4226,2025-05,36
4226,2025-06,33
4226,2025-07,22
4226,2025-08,25
4226,2025-09,26
4226,2025-10,22
4226,2025-11,9
4226,2025-12,22
4321,2020-01,44
4321,2020-02,42
4321,2020-03,58
4321,2020-04,21
4321,2020-05,36
4321,2020-06,27
4321,2020-07,21
4321,2020-08,23
4321,2020-09,51
4321,2020-10,41
4321,2020-11,40
4321,2020-12,49
4321,2021-01,49
4321,2021-02,32
4321,2021-03,40
4321,2021-04,58
4321,2021-05,58
4321,2021-06,52
4321,2021-07,41
4321,2021-08,43
4321,2021-09,60
4321,2021-10,91
4321,2021-11,84
4321,2021-12,84
4321,2022-01,91
4321,2022-02,127
4321,2022-03,118
4321,2022-04,96
4321,2022-05,106
4321,2022-06,95
4321,2022-07,67
4321,2022-08,67
4321,2022-09,105
4321,2022-10,76
4321,2022-11,79
4321,2022-12,60
4321,2023-01,65
4321,2023-02,70
4321,2023-03,64
4321,2023-04,62
4321,2023-05,88
4321,2023-06,52
4321,2023-07,34
4321,2023-08,50
4321,2023-09,69
4321,2023-10,71
4321,2023-11,53
4321,2023-12,56
4321,2024-01,95
4321,2024-02,77
4321,2024-03,83
4321,2024-04,89
4321,2024-05,55
4321,2024-06,67
4321,2024-07,55
4321,2024-08,62
4321,2024-09,70
4321,2024-10,68
4321,2024-11,40
4321,2024-12,29
4321,2025-01,47
4321,2025-02,69
4321,2025-03,64
4321,2025-04,55
4321,2025-05,57
4321,2025-06,54
4321,2025-07,35
4321,2025-08,50
4321,2025-09,57
4321,2025-10,41
4321,2025-11,38
4321,2025-12,32
4322,2020-01,611
4322,2020-02,644
4322,2020-03,749
4322,2020-04,413
4322,2020-05,388
4322,2020-06,300
4322,2020-07,306
4322,2020-08,532
4322,2020-09,667
4322,2020-10,575
4322,2020-11,562
4322,2020-12,309
4322,2021-01,449
4322,2021-02,539
4322,2021-03,768
4322,2021-04,887
4322,2021-05,905
4322,2021-06,701
4322,2021-07,476
4322,2021-08,794
4322,2021-09,1135
4322,2021-10,1273
4322,2021-11,1192
4322,2021-12,1060
4322,2022-01,1260
4322,2022-02,1475
4322,2022-03,1789
4322,2022-04,1640
4322,2022-05,2127
4322,2022-06,1783
4322,2022-07,1144
4322,2022-08,1613
4322,2022-09,2123
4322,2022-10,1766
4322,2022-11,1358
4322,2022-12,1223
4322,2023-01,1343
4322,2023-02,1365
4322,2023-03,1548
4322,2023-04,1355
4322,2023-05,1861
4322,2023-06,1250
4322,2023-07,748
4322,2023-08,1265
4322,2023-09,1168
4322,2023-10,1046
4322,2023-11,900
4322,2023-12,696
4322,2024-01,951
4322,2024-02,1032
4322,2024-03,1109
4322,2024-04,1318
4322,2024-05,1174
4322,2024-06,756
4322,2024-07,576
4322,2024-08,822
4322,2024-09,950
4322,2024-10,1026
4322,2024-11,744
4322,2024-12,456
4322,2025-01,851
4322,2025-02,888
4322,2025-03,1105
4322,2025-04,1103
4322,2025-05,859
4322,2025-06,661
4322,2025-07,426
4322,2025-08,854
4322,2025-09,985
4322,2025-10,922
4322,2025-11,711
4322,2025-12,496
4323,2020-01,102
4323,2020-02,137
4323,2020-03,91
4323,2020-04,39
4323,2020-05,30
4323,2020-06,52
4323,2020-07,49
4323,2020-08,53
4323,2020-09,63
4323,2020-10,66
4323,2020-11,73
4323,2020-12,56
4323,2021-01,85
4323,2021-02,83
4323,2021-03,137
4323,2021-04,110
4323,2021-05,102
4323,2021-06,85
4323,2021-07,89
4323,2021-08,115
4323,2021-09,148
4323,2021-10,143
4323,2021-11,144
4323,2021-12,211
4323,2022-01,190
4323,2022-02,235
4323,2022-03,326
4323,2022-04,257
4323,2022-05,208
4323,2022-06,160
4323,2022-07,112
4323,2022-08,210
4323,2022-09,181
4323,2022-10,171
4323,2022-11,125
4323,2022-12,147
4323,2023-01,186
4323,2023-02,142
4323,2023-03,243
4323,2023-04,158
4323,2023-05,208
4323,2023-06,135
4323,2023-07,75
4323,2023-08,164
4323,2023-09,121
4323,2023-10,116
4323,2023-11,114
4323,2023-12,132
4323,2024-01,178
4323,2024-02,167
4323,2024-03,157
4323,2024-04,158
4323,2024-05,130
4323,2024-06,111
4323,2024-07,73
4323,2024-08,87
4323,2024-09,109
4323,2024-10,115
4323,2024-11,115
4323,2024-12,101
4323,2025-01,132
4323,2025-02,133
4323,2025-03,138
4323,2025-04,139
4323,2025-05,84
4323,2025-06,77
4323,2025-07,60
4323,2025-08,107
4323,2025-09,135
4323,2025-10,104
4323,2025-11,88
4323,2025-12,83
4410,2020-01,22
4410,2020-02,23
4410,2020-03,16
4410,2020-04,13
4410,2020-05,14
4410,2020-06,15
4410,2020-07,10
4410,2020-08,12
4410,2020-09,19
4410,2020-10,20
4410,2020-11,22
4410,2020-12,11
4410,2021-01,11
4410,2021-02,20
4410,2021-03,19
4410,2021-04,32
4410,2021-05,16
4410,2021-06,26
4410,2021-07,10
4410,2021-08,17
4410,2021-09,24
4410,2021-10,37
4410,2021-11,27
4410,2021-12,53
4410,2022-01,39
4410,2022-02,50
4410,2022-03,41
4410,2022-04,40
4410,2022-05,56
4410,2022-06,28
4410,2022-07,11
4410,2022-08,33
4410,2022-09,35
4410,2022-10,42
4410,2022-11,28
4410,2022-12,42
4410,2023-01,46
4410,2023-02,37
4410,2023-03,62
4410,2023-04,27
4410,2023-05,47
4410,2023-06,26
4410,2023-07,7
4410,2023-08,21
4410,2023-09,17
4410,2023-10,25
4410,2023-11,30
4410,2023-12,16
4410,2024-01,29
4410,2024-02,21
4410,2024-03,48
4410,2024-04,42
4410,2024-05,35
4410,2024-06,18
4410,2024-07,16
4410,2024-08,34
4410,2024-09,34
4410,2024-10,42
4410,2024-11,44
4410,2024-12,44
4410,2025-01,34
4410,2025-02,30
4410,2025-03,22
4410,2025-04,41
4410,2025-05,30
4410,2025-06,24
4410,2025-07,12
4410,2025-08,41
4410,2025-09,52
4410,2025-10,49
4410,2025-11,36
4410,2025-12,19
4420,2020-01,95
4420,2020-02,98
4420,2020-03,112
4420,2020-04,33
4420,2020-05,22
4420,2020-06,26
4420,2020-07,32
4420,2020-08,56
4420,2020-09,89
4420,2020-10,105
4420,2020-11,116
4420,2020-12,52
4420,2021-01,65
4420,2021-02,95
4420,2021-03,138
4420,2021-04,83
4420,2021-05,95
4420,2021-06,73
4420,2021-07,57
4420,2021-08,114
4420,2021-09,139
4420,2021-10,190
4420,2021-11,131
4420,2021-12,107
4420,2022-01,87
4420,2022-02,89
4420,2022-03,141
4420,2022-04,142
4420,2022-05,153
4420,2022-06,87
4420,2022-07,70
4420,2022-08,117
4420,2022-09,167
4420,2022-10,154
4420,2022-11,117
4420,2022-12,109
4420,2023-01,113
4420,2023-02,108
4420,2023-03,198
4420,2023-04,122
4420,2023-05,169
4420,2023-06,75
4420,2023-07,64
4420,2023-08,79
4420,2023-09,74
4420,2023-10,90
4420,2023-11,68
4420,2023-12,48
4420,2024-01,77
4420,2024-02,87
4420,2024-03,151
4420,2024-04,67
4420,2024-05,55
4420,2024-06,41
4420,2024-07,45
4420,2024-08,69
4420,2024-09,56
4420,2024-10,80
4420,2024-11,34
4420,2024-12,53
4420,2025-01,90
4420,2025-02,96
4420,2025-03,157
4420,2025-04,121
4420,2025-05,63
4420,2025-06,42
4420,2025-07,47
4420,2025-08,52
4420,2025-09,75
4420,2025-10,89
4420,2025-11,44
4420,2025-12,41
5111,2020-01,3
5111,2020-02,2
5111,2020-03,2
5111,2020-04,1
5111,2020-10,1
5111,2021-01,1
5111,2021-05,1
5111,2021-07,2
5111,2021-08,1
5111,2021-09,1
5111,2021-10,1
5111,2022-01,3
5111,2022-02,7
5111,2022-03,1
5111,2022-06,3
5111,2023-01,1
5111,2023-02,5
5111,2023-07,5
5111,2023-11,1
5111,2024-06,1
5111,2024-10,1
5111,2024-11,1
5111,2024-12,1
5111,2025-01,1
5111,2025-03,2
5111,2025-05,2
5111,2025-06,1
5111,2025-08,1
5112,2020-01,11
5112,2020-02,7
5112,2020-03,5
5112,2020-04,5
5112,2020-05,1
5112,2020-06,2
5112,2020-08,3
5112,2020-09,6
5112,2020-10,10
5112,2020-11,3
5112,2020-12,13
5112,2021-01,3
5112,2021-02,8
5112,2021-03,10
5112,2021-04,13
5112,2021-05,5
5112,2021-06,1
5112,2021-07,7
5112,2021-08,7
5112,2021-09,17
5112,2021-10,17
5112,2021-11,20
5112,2021-12,22
5112,2022-01,8
5112,2022-02,20
5112,2022-03,35
5112,2022-04,14
5112,2022-05,7
5112,2022-06,6
5112,2022-07,4
5112,2022-08,26
5112,2022-09,11
5112,2022-10,11
5112,2022-11,13
5112,2022-12,28
5112,2023-01,20
5112,2023-02,16
5112,2023-03,18
5112,2023-04,10
5112,2023-05,8
5112,2023-06,8
5112,2023-07,11
5112,2023-08,6
5112,2023-09,6
5112,2023-10,10
5112,2023-11,10
5112,2023-12,14
5112,2024-01,9
5112,2024-02,13
5112,2024-03,25
5112,2024-04,30
5112,2024-05,10
5112,2024-06,2
5112,2024-07,8
5112,2024-08,10
5112,2024-09,1
5112,2024-10,7
5112,2024-11,7
5112,2024-12,6
5112,2025-01,7
5112,2025-02,10
5112,2025-03,5
5112,2025-04,5
5112,2025-05,3
5112,2025-06,2
5112,2025-07,6
5112,2025-08,3
5112,2025-09,2
5112,2025-10,12
5112,2025-11,12
5112,2025-12,6
5113,2020-01,42
5113,2020-02,54
5113,2020-03,21
5113,2020-04,4
5113,2020-05,5
5113,2020-06,3
5113,2020-07,1
5113,2020-08,5
5113,2020-09,8
5113,2020-10,8
5113,2020-11,2
5113,2020-12,22
5113,2021-01,23
5113,2021-02,28
5113,2021-03,23
5113,2021-04,11
5113,2021-05,7
5113,2021-06,14
5113,2021-07,6
5113,2021-08,12
5113,2021-09,10
5113,2021-10,15
5113,2021-11,22
5113,2021-12,29
5113,2022-01,55
5113,2022-02,61
5113,2022-03,49
5113,2022-04,36
5113,2022-05,40
5113,2022-06,17
5113,2022-07,15
5113,2022-08,23
5113,2022-09,16
5113,2022-10,18
5113,2022-11,13
5113,2022-12,55
5113,2023-01,114
5113,2023-02,76
5113,2023-03,49
5113,2023-04,21
5113,2023-05,21
5113,2023-06,20
5113,2023-07,8
5113,2023-08,17
5113,2023-09,18
5113,2023-10,14
5113,2023-11,6
5113,2023-12,20
5113,2024-01,58
5113,2024-02,59
5113,2024-03,36
5113,2024-04,19
5113,2024-05,18
5113,2024-06,11
5113,2024-07,9
5113,2024-08,8
5113,2024-09,15
5113,2024-10,19
5113,2024-11,13
5113,2024-12,31
5113,2025-01,64
5113,2025-02,53
5113,2025-03,44
5113,2025-04,21
5113,2025-05,9
5113,2025-06,10
5113,2025-07,8
5113,2025-08,21
5113,2025-09,21
5113,2025-10,10
5113,2025-11,18
5113,2025-12,31
5120,2020-01,836
5120,2020-02,844
5120,2020-03,579
5120,2020-04,273
5120,2020-05,295
5120,2020-06,384
5120,2020-07,355
5120,2020-08,400
5120,2020-09,491
5120,2020-10,453
5120,2020-11,268
5120,2020-12,221
5120,2021-01,351
5120,2021-02,442
5120,2021-03,551
5120,2021-04,706
5120,2021-05,792
5120,2021-06,753
5120,2021-07,530
5120,2021-08,772
5120,2021-09,903
5120,2021-10,1087
5120,2021-11,889
5120,2021-12,711
5120,2022-01,795
5120,2022-02,1140
5120,2022-03,1636
5120,2022-04,1270
5120,2022-05,1283
5120,2022-06,964
5120,2022-07,797
5120,2022-08,1164
5120,2022-09,1016
5120,2022-10,813
5120,2022-11,744
5120,2022-12,611
5120,2023-01,966
5120,2023-02,891
5120,2023-03,1177
5120,2023-04,997
5120,2023-05,1138
5120,2023-06,742
5120,2023-07,609
5120,2023-08,780
5120,2023-09,759
5120,2023-10,717
5120,2023-11,605
5120,2023-12,396
5120,2024-01,786
5120,2024-02,795
5120,2024-03,807
5120,2024-04,839
5120,2024-05,749
5120,2024-06,627
5120,2024-07,528
5120,2024-08,663
5120,2024-09,637
5120,2024-10,608
5120,2024-11,515
5120,2024-12,394
5120,2025-01,748
5120,2025-02,705
5120,2025-03,789
5120,2025-04,747
5120,2025-05,678
5120,2025-06,527
5120,2025-07,440
5120,2025-08,603
5120,2025-09,614
5120,2025-10,563
5120,2025-11,491
5120,2025-12,391
5131,2020-01,559
5131,2020-02,620
5131,2020-03,277
5131,2020-04,66
5131,2020-05,120
5131,2020-06,198
5131,2020-07,217
5131,2020-08,230
5131,2020-09,226
5131,2020-10,194
5131,2020-11,66
5131,2020-12,30
5131,2021-01,122
5131,2021-02,218
5131,2021-03,262
5131,2021-04,357
5131,2021-05,486
5131,2021-06,484
5131,2021-07,506
5131,2021-08,577
5131,2021-09,604
5131,2021-10,652
5131,2021-11,661
5131,2021-12,328
5131,2022-01,427
5131,2022-02,859
5131,2022-03,1143
5131,2022-04,919
5131,2022-05,943
5131,2022-06,572
5131,2022-07,526
5131,2022-08,922
5131,2022-09,624
5131,2022-10,542
5131,2022-11,497
5131,2022-12,391
5131,2023-01,639
5131,2023-02,741
5131,2023-03,774
5131,2023-04,741
5131,2023-05,770
5131,2023-06,447
5131,2023-07,461
5131,2023-08,606
5131,2023-09,469
5131,2023-10,435
5131,2023-11,317
5131,2023-12,255
5131,2024-01,404
5131,2024-02,530
5131,2024-03,521
5131,2024-04,581
5131,2024-05,487
5131,2024-06,361
5131,2024-07,333
5131,2024-08,489
5131,2024-09,419
5131,2024-10,311
5131,2024-11,270
5131,2024-12,221
5131,2025-01,400
5131,2025-02,446
5131,2025-03,460
5131,2025-04,462
5131,2025-05,358
5131,2025-06,235
5131,2025-07,339
5131,2025-08,432
5131,2025-09,318
5131,2025-10,295
5131,2025-11,267
5131,2025-12,217
5132,2020-01,107
5132,2020-02,125
5132,2020-03,55
5132,2020-04,7
5132,2020-05,22
5132,2020-06,34
5132,2020-07,56
5132,2020-08,83
5132,2020-09,68
5132,2020-10,83
5132,2020-11,14
5132,2020-12,6
5132,2021-01,19
5132,2021-02,53
5132,2021-03,64
5132,2021-04,90
5132,2021-05,98
5132,2021-06,144
5132,2021-07,103
5132,2021-08,160
5132,2021-09,146
5132,2021-10,163
5132,2021-11,175
5132,2021-12,84
5132,2022-01,87
5132,2022-02,212
5132,2022-03,287
5132,2022-04,249
5132,2022-05,260
5132,2022-06,166
5132,2022-07,162
5132,2022-08,247
5132,2022-09,169
5132,2022-10,123
5132,2022-11,130
5132,2022-12,90
5132,2023-01,142
5132,2023-02,155
5132,2023-03,161
5132,2023-04,161
5132,2023-05,210
5132,2023-06,96
5132,2023-07,97
5132,2023-08,134
5132,2023-09,96
5132,2023-10,90
5132,2023-11,74
5132,2023-12,43
5132,2024-01,115
5132,2024-02,98
5132,2024-03,124
5132,2024-04,149
5132,2024-05,115
5132,2024-06,106
5132,2024-07,101
5132,2024-08,120
5132,2024-09,96
5132,2024-10,88
5132,2024-11,70
5132,2024-12,65
5132,2025-01,148
5132,2025-02,145
5132,2025-03,161
5132,2025-04,131
5132,2025-05,93
5132,2025-06,68
5132,2025-07,91
5132,2025-08,114
5132,2025-09,95
5132,2025-10,77
5132,2025-11,59
5132,2025-12,56
5141,2020-01,119
5141,2020-02,107
5141,2020-03,67
5141,2020-04,24
5141,2020-05,57
5141,2020-06,63
5141,2020-07,74
5141,2020-08,119
5141,2020-09,97
5141,2020-10,86
5141,2020-11,48
5141,2020-12,34
5141,2021-01,43
5141,2021-02,62
5141,2021-03,85
5141,2021-04,94
5141,2021-05,104
5141,2021-06,100
5141,2021-07,104
5141,2021-08,148
5141,2021-09,133
5141,2021-10,120
5141,2021-11,112
5141,2021-12,74
5141,2022-01,99
5141,2022-02,119
5141,2022-03,169
5141,2022-04,136
5141,2022-05,169
5141,2022-06,129
5141,2022-07,112
5141,2022-08,169
5141,2022-09,114
5141,2022-10,102
5141,2022-11,93
5141,2022-12,57
5141,2023-01,112
5141,2023-02,87
5141,2023-03,111
5141,2023-04,109
5141,2023-05,99
5141,2023-06,91
5141,2023-07,79
5141,2023-08,112
5141,2023-09,100
5141,2023-10,93
5141,2023-11,73
5141,2023-12,41
5141,2024-01,81
5141,2024-02,92
5141,2024-03,93
5141,2024-04,87
5141,2024-05,87
5141,2024-06,84
5141,2024-07,75
5141,2024-08,93
5141,2024-09,94
5141,2024-10,67
5141,2024-11,61
5141,2024-12,40
5141,2025-01,67
5141,2025-02,40
5141,2025-03,75
5141,2025-04,69
5141,2025-05,54
5141,2025-06,75
5141,2025-07,68
5141,2025-08,80
5141,2025-09,79
5141,2025-10,78
5141,2025-11,59
5141,2025-12,45
5142,2020-01,24
5142,2020-02,27
5142,2020-03,20
5142,2020-04,6
5142,2020-05,14
5142,2020-06,16
5142,2020-07,27
5142,2020-08,22
5142,2020-09,20
5142,2020-10,25
5142,2020-11,9
5142,2020-12,15
5142,2021-01,18
5142,2021-02,10
5142,2021-03,38
5142,2021-04,34
5142,2021-05,35
5142,2021-06,32
5142,2021-07,18
5142,2021-08,42
5142,2021-09,30
5142,2021-10,36
5142,2021-11,36
5142,2021-12,24
5142,2022-01,27
5142,2022-02,32
5142,2022-03,55
5142,2022-04,26
5142,2022-05,40
5142,2022-06,31
5142,2022-07,17
5142,2022-08,33
5142,2022-09,18
5142,2022-10,13
5142,2022-11,19
5142,2022-12,12
5142,2023-01,29
5142,2023-02,36
5142,2023-03,34
5142,2023-04,17
5142,2023-05,27
5142,2023-06,23
5142,2023-07,26
5142,2023-08,23
5142,2023-09,21
5142,2023-10,12
5142,2023-11,25
5142,2023-12,12
5142,2024-01,16
5142,2024-02,22
5142,2024-03,22
5142,2024-04,34
5142,2024-05,22
5142,2024-06,29
5142,2024-07,15
5142,2024-08,36
5142,2024-09,28
5142,2024-10,17
5142,2024-11,25
5142,2024-12,18
5142,2025-01,24
5142,2025-02,30
5142,2025-03,24
5142,2025-04,35
5142,2025-05,23
5142,2025-06,20
5142,2025-07,19
5142,2025-08,26
5142,2025-09,15
5142,2025-10,23
5142,2025-11,17
5142,2025-12,13
5143,2020-01,32
5143,2020-02,32
5143,2020-03,26
5143,2020-04,2
5143,2020-05,12
5143,2020-06,9
5143,2020-07,11
5143,2020-08,16
5143,2020-09,28
5143,2020-10,23
5143,2020-11,20
5143,2020-12,15
5143,2021-01,25
5143,2021-02,24
5143,2021-03,24
5143,2021-04,32
5143,2021-05,25
5143,2021-06,34
5143,2021-07,36
5143,2021-08,49
5143,2021-09,61
5143,2021-10,37
5143,2021-11,44
5143,2021-12,50
5143,2022-01,55
5143,2022-02,52
5143,2022-03,47
5143,2022-04,36
5143,2022-05,52
5143,2022-06,41
5143,2022-07,37
5143,2022-08,62
5143,2022-09,37
5143,2022-10,49
5143,2022-11,35
5143,2022-12,30
5143,2023-01,52
5143,2023-02,37
5143,2023-03,42
5143,2023-04,42
5143,2023-05,51
5143,2023-06,31
5143,2023-07,25
5143,2023-08,55
5143,2023-09,49
5143,2023-10,36
5143,2023-11,34
5143,2023-12,20
5143,2024-01,47
5143,2024-02,35
5143,2024-03,33
5143,2024-04,22
5143,2024-05,32
5143,2024-06,30
5143,2024-07,27
5143,2024-08,57
5143,2024-09,37
5143,2024-10,35
5143,2024-11,30
5143,2024-12,26
5143,2025-01,40
5143,2025-02,41
5143,2025-03,38
5143,2025-04,26
5143,2025-05,19
5143,2025-06,20
5143,2025-07,14
5143,2025-08,40
5143,2025-09,35
5143,2025-10,44
5143,2025-11,30
5143,2025-12,32
5144,2020-01,14
5144,2020-02,14
5144,2020-03,10
5144,2020-04,5
5144,2020-05,8
5144,2020-06,6
5144,2020-07,3
5144,2020-08,3
5144,2020-09,6
5144,2020-10,6
5144,2020-11,5
5144,2020-12,5
5144,2021-01,14
5144,2021-02,4
5144,2021-03,8
5144,2021-04,7
5144,2021-05,12
5144,2021-06,10
5144,2021-07,7
5144,2021-08,8
5144,2021-09,12
5144,2021-10,13
5144,2021-11,17
5144,2021-12,10
5144,2022-01,21
5144,2022-02,17
5144,2022-03,19
5144,2022-04,9
5144,2022-05,15
5144,2022-06,10
5144,2022-07,9
5144,2022-08,16
5144,2022-09,6
5144,2022-10,12
5144,2022-11,12
5144,2022-12,6
5144,2023-01,16
5144,2023-02,8
5144,2023-03,10
5144,2023-04,8
5144,2023-05,12
5144,2023-06,8
5144,2023-07,7
5144,2023-08,19
5144,2023-09,12
5144,2023-10,3
5144,2023-11,9
5144,2023-12,1
5144,2024-01,12
5144,2024-02,14
5144,2024-03,10
5144,2024-04,12
5144,2024-05,4
5144,2024-06,9
5144,2024-07,9
5144,2024-08,6
5144,2024-09,6
5144,2024-10,5
5144,2024-11,7
5144,2024-12,6
5144,2025-01,7
5144,2025-02,14
5144,2025-03,10
5144,2025-04,11
5144,2025-05,15
5144,2025-06,11
5144,2025-07,9
5144,2025-08,17
5144,2025-09,14
5144,2025-10,8
5144,2025-11,10
5144,2025-12,9
5149,2020-01,56
5149,2020-02,59
5149,2020-03,25
5149,2020-04,9
5149,2020-05,13
5149,2020-06,27
5149,2020-07,21
5149,2020-08,34
5149,2020-09,35
5149,2020-10,22
5149,2020-11,14
5149,2020-12,18
5149,2021-01,20
5149,2021-02,22
5149,2021-03,27
5149,2021-04,22
5149,2021-05,33
5149,2021-06,43
5149,2021-07,27
5149,2021-08,72
5149,2021-09,52
5149,2021-10,36
5149,2021-11,47
5149,2021-12,39
5149,2022-01,52
5149,2022-02,46
5149,2022-03,52
5149,2022-04,43
5149,2022-05,49
5149,2022-06,47
5149,2022-07,47
5149,2022-08,51
5149,2022-09,54
5149,2022-10,49
5149,2022-11,38
5149,2022-12,37
5149,2023-01,53
5149,2023-02,34
5149,2023-03,61
5149,2023-04,52
5149,2023-05,59
5149,2023-06,30
5149,2023-07,35
5149,2023-08,71
5149,2023-09,35
5149,2023-10,50
5149,2023-11,39
5149,2023-12,17
5149,2024-01,67
5149,2024-02,50
5149,2024-03,57
5149,2024-04,61
5149,2024-05,49
5149,2024-06,52
5149,2024-07,36
5149,2024-08,45
5149,2024-09,57
5149,2024-10,39
5149,2024-11,40
5149,2024-12,14
5149,2025-01,39
5149,2025-02,27
5149,2025-03,38
5149,2025-04,46
5149,2025-05,49
5149,2025-06,31
5149,2025-07,29
5149,2025-08,31
5149,2025-09,60
5149,2025-10,41
5149,2025-11,45
5149,2025-12,21
5151,2020-01,32
5151,2020-02,42
5151,2020-03,27
5151,2020-04,15
5151,2020-05,24
5151,2020-06,19
5151,2020-07,19
5151,2020-08,21
5151,2020-09,38
5151,2020-10,38
5151,2020-11,18
5151,2020-12,36
5151,2021-01,23
5151,2021-02,31
5151,2021-03,39
5151,2021-04,36
5151,2021-05,58
5151,2021-06,53
5151,2021-07,36
5151,2021-08,50
5151,2021-09,69
5151,2021-10,84
5151,2021-11,85
5151,2021-12,65
5151,2022-01,63
5151,2022-02,93
5151,2022-03,82
5151,2022-04,87
5151,2022-05,119
5151,2022-06,81
5151,2022-07,40
5151,2022-08,87
5151,2022-09,115
5151,2022-10,60
5151,2022-11,60
5151,2022-12,34
5151,2023-01,68
5151,2023-02,54
5151,2023-03,87
5151,2023-04,73
5151,2023-05,91
5151,2023-06,50
5151,2023-07,64
5151,2023-08,51
5151,2023-09,59
5151,2023-10,55
5151,2023-11,39
5151,2023-12,35
5151,2024-01,58
5151,2024-02,50
5151,2024-03,44
5151,2024-04,51
5151,2024-05,42
5151,2024-06,43
5151,2024-07,34
5151,2024-08,41
5151,2024-09,60
5151,2024-10,55
5151,2024-11,43
5151,2024-12,42
5151,2025-01,43
5151,2025-02,55
5151,2025-03,62
5151,2025-04,139
5151,2025-05,58
5151,2025-06,42
5151,2025-07,37
5151,2025-08,57
5151,2025-09,54
5151,2025-10,62
5151,2025-11,35
5151,2025-12,40
5152,2020-01,395
5152,2020-02,522
5152,2020-03,349
5152,2020-04,227
5152,2020-05,207
5152,2020-06,227
5152,2020-07,129
5152,2020-08,186
5152,2020-09,286
5152,2020-10,258
5152,2020-11,233
5152,2020-12,226
5152,2021-01,294
5152,2021-02,367
5152,2021-03,350
5152,2021-04,316
5152,2021-05,333
5152,2021-06,268
5152,2021-07,165
5152,2021-08,237
5152,2021-09,319
5152,2021-10,400
5152,2021-11,368
5152,2021-12,443
5152,2022-01,552
5152,2022-02,579
5152,2022-03,673
5152,2022-04,498
5152,2022-05,519
5152,2022-06,434
5152,2022-07,270
5152,2022-08,428
5152,2022-09,438
5152,2022-10,409
5152,2022-11,363
5152,2022-12,400
5152,2023-01,516
5152,2023-02,549
5152,2023-03,599
5152,2023-04,543
5152,2023-05,622
5152,2023-06,330
5152,2023-07,209
5152,2023-08,346
5152,2023-09,376
5152,2023-10,364
5152,2023-11,324
5152,2023-12,331
5152,2024-01,449
5152,2024-02,570
5152,2024-03,483
5152,2024-04,415
5152,2024-05,312
5152,2024-06,249
5152,2024-07,188
5152,2024-08,228
5152,2024-09,333
5152,2024-10,356
5152,2024-11,290
5152,2024-12,328
5152,2025-01,513
5152,2025-02,438
5152,2025-03,493
5152,2025-04,370
5152,2025-05,318
5152,2025-06,229
5152,2025-07,161
5152,2025-08,263
5152,2025-09,317
5152,2025-10,352
5152,2025-11,276
5152,2025-12,273
5161,2020-01,8
5161,2020-02,34
5161,2020-03,11
5161,2020-04,10
5161,2020-05,11
5161,2020-06,8
5161,2020-07,5
5161,2020-08,4
5161,2020-09,7
5161,2020-10,11
5161,2020-11,5
5161,2020-12,5
5161,2021-01,7
5161,2021-02,40
5161,2021-03,12
5161,2021-04,23
5161,2021-05,12
5161,2021-06,7
5161,2021-07,6
5161,2021-08,28
5161,2021-09,5
5161,2021-10,15
5161,2021-11,9
5161,2021-12,2
5161,2022-01,11
5161,2022-02,9
5161,2022-03,29
5161,2022-04,23
5161,2022-05,12
5161,2022-06,18
5161,2022-07,5
5161,2022-08,15
5161,2022-09,11
5161,2022-10,39
5161,2022-11,23
5161,2022-12,34
5161,2023-01,15
5161,2023-02,20
5161,2023-03,13
5161,2023-04,18
5161,2023-05,13
5161,2023-06,6
5161,2023-07,6
5161,2023-08,6
5161,2023-09,6
5161,2023-10,4
5161,2023-11,10
5161,2023-12,6
5161,2024-01,20
5161,2024-02,12
5161,2024-03,5
5161,2024-04,7
5161,2024-05,7
5161,2024-06,3
5161,2024-07,5
5161,2024-08,6
5161,2024-09,7
5161,2024-10,13
5161,2024-11,6
5161,2024-12,50
5161,2025-01,10
5161,2025-02,35
5161,2025-03,67
5161,2025-04,21
5161,2025-05,6
5161,2025-06,7
5161,2025-07,6
5161,2025-08,16
5161,2025-09,36
5161,2025-10,37
5161,2025-11,8
5161,2025-12,4
5169,2020-01,35
5169,2020-02,71
5169,2020-03,37
5169,2020-04,63
5169,2020-05,62
5169,2020-06,6
5169,2020-07,54
5169,2020-08,1
5169,2020-09,58
5169,2020-10,59
5169,2020-11,52
5169,2020-12,55
5169,2021-01,56
5169,2021-02,56
5169,2021-03,69
5169,2021-04,9
5169,2021-05,64
5169,2021-06,70
5169,2021-07,4
5169,2021-08,58
5169,2021-09,68
5169,2021-10,80
5169,2021-11,8
5169,2021-12,75
5169,2022-01,84
5169,2022-02,71
5169,2022-03,20
5169,2022-04,29
5169,2022-05,103
5169,2022-06,21
5169,2022-07,13
5169,2022-08,7
5169,2022-09,9
5169,2022-10,72
5169,2022-11,12
5169,2022-12,8
5169,2023-01,83
5169,2023-02,76
5169,2023-03,105
5169,2023-04,2
5169,2023-05,68
5169,2023-06,30
5169,2023-07,22
5169,2023-08,8
5169,2023-09,4
5169,2023-10,5
5169,2023-11,2
5169,2023-12,35
5169,2024-01,1
5169,2024-02,75
5169,2024-03,70
5169,2024-04,4
5169,2024-05,5
5169,2024-06,2
5169,2024-07,20
5169,2024-08,7
5169,2024-09,10
5169,2024-10,6
5169,2024-11,12
5169,2024-12,9
5169,2025-01,26
5169,2025-02,16
5169,2025-03,17
5169,2025-04,14
5169,2025-05,15
5169,2025-06,11
5169,2025-07,11
5169,2025-08,25
5169,2025-09,17
5169,2025-10,3
5169,2025-11,4
5169,2025-12,5
5221,2020-01,102
5221,2020-02,73
5221,2020-03,60
5221,2020-04,33
5221,2020-05,33
5221,2020-06,54
5221,2020-07,48
5221,2020-08,79
5221,2020-09,70
5221,2020-10,66
5221,2020-11,46
5221,2020-12,52
5221,2021-01,53
5221,2021-02,74
5221,2021-03,105
5221,2021-04,82
5221,2021-05,104
5221,2021-06,93
5221,2021-07,99
5221,2021-08,95
5221,2021-09,129
5221,2021-10,125
5221,2021-11,126
5221,2021-12,111
5221,2022-01,155
5221,2022-02,167
5221,2022-03,216
5221,2022-04,150
5221,2022-05,163
5221,2022-06,130
5221,2022-07,125
5221,2022-08,181
5221,2022-09,196
5221,2022-10,210
5221,2022-11,148
5221,2022-12,155
5221,2023-01,184
5221,2023-02,135
5221,2023-03,164
5221,2023-04,131
5221,2023-05,110
5221,2023-06,121
5221,2023-07,78
5221,2023-08,97
5221,2023-09,97
5221,2023-10,113
5221,2023-11,81
5221,2023-12,58
5221,2024-01,95
5221,2024-02,108
5221,2024-03,88
5221,2024-04,100
5221,2024-05,66
5221,2024-06,93
5221,2024-07,72
5221,2024-08,78
5221,2024-09,114
5221,2024-10,92
5221,2024-11,89
5221,2024-12,76
5221,2025-01,124
5221,2025-02,107
5221,2025-03,126
5221,2025-04,95
5221,2025-05,94
5221,2025-06,69
5221,2025-07,88
5221,2025-08,98
5221,2025-09,90
5221,2025-10,81
5221,2025-11,74
5221,2025-12,74
5222,2020-01,749
5222,2020-02,639
5222,2020-03,431
5222,2020-04,186
5222,2020-05,151
5222,2020-06,190
5222,2020-07,219
5222,2020-08,307
5222,2020-09,293
5222,2020-10,314
5222,2020-11,276
5222,2020-12,210
5222,2021-01,303
5222,2021-02,458
5222,2021-03,670
5222,2021-04,503
5222,2021-05,459
5222,2021-06,419
5222,2021-07,379
5222,2021-08,608
5222,2021-09,688
5222,2021-10,738
5222,2021-11,874
5222,2021-12,823
5222,2022-01,904
5222,2022-02,1114
5222,2022-03,1354
5222,2022-04,1112
5222,2022-05,1273
5222,2022-06,1004
5222,2022-07,916
5222,2022-08,1135
5222,2022-09,1075
5222,2022-10,1142
5222,2022-11,859
5222,2022-12,793
5222,2023-01,1038
5222,2023-02,1139
5222,2023-03,1372
5222,2023-04,1070
5222,2023-05,1255
5222,2023-06,830
5222,2023-07,706
5222,2023-08,892
5222,2023-09,754
5222,2023-10,709
5222,2023-11,658
5222,2023-12,492
5222,2024-01,947
5222,2024-02,913
5222,2024-03,879
5222,2024-04,1006
5222,2024-05,687
5222,2024-06,495
5222,2024-07,493
5222,2024-08,712
5222,2024-09,630
5222,2024-10,723
5222,2024-11,587
5222,2024-12,487
5222,2025-01,897
5222,2025-02,876
5222,2025-03,838
5222,2025-04,810
5222,2025-05,625
5222,2025-06,407
5222,2025-07,522
5222,2025-08,674
5222,2025-09,602
5222,2025-10,653
5222,2025-11,512
5222,2025-12,496
5223,2020-01,1372
5223,2020-02,1370
5223,2020-03,816
5223,2020-04,299
5223,2020-05,368
5223,2020-06,446
5223,2020-07,459
5223,2020-08,683
5223,2020-09,672
5223,2020-10,687
5223,2020-11,461
5223,2020-12,466
5223,2021-01,746
5223,2021-02,844
5223,2021-03,1101
5223,2021-04,1117
5223,2021-05,1073
5223,2021-06,887
5223,2021-07,707
5223,2021-08,1116
5223,2021-09,1310
5223,2021-10,1381
5223,2021-11,1233
5223,2021-12,1094
5223,2022-01,1545
5223,2022-02,1648
5223,2022-03,2249
5223,2022-04,1824
5223,2022-05,1786
5223,2022-06,1126
5223,2022-07,980
5223,2022-08,1678
5223,2022-09,1411
5223,2022-10,1319
5223,2022-11,1138
5223,2022-12,977
5223,2023-01,1359
5223,2023-02,1371
5223,2023-03,1950
5223,2023-04,1542
5223,2023-05,1530
5223,2023-06,928
5223,2023-07,1243
5223,2023-08,1494
5223,2023-09,1183
5223,2023-10,788
5223,2023-11,905
5223,2023-12,709
5223,2024-01,1117
5223,2024-02,1159
5223,2024-03,1241
5223,2024-04,1155
5223,2024-05,863
5223,2024-06,577
5223,2024-07,687
5223,2024-08,826
5223,2024-09,829
5223,2024-10,756
5223,2024-11,658
5223,2024-12,561
5223,2025-01,1040
5223,2025-02,1112
5223,2025-03,1265
5223,2025-04,1102
5223,2025-05,789
5223,2025-06,505
5223,2025-07,518
5223,2025-08,837
5223,2025-09,828
5223,2025-10,721
5223,2025-11,562
5223,2025-12,551
5224,2020-01,27
5224,2020-02,37
5224,2020-03,26
5224,2020-05,1
5224,2020-06,20
5224,2020-07,19
5224,2020-08,15
5224,2020-09,21
5224,2020-10,17
5224,2020-11,15
5224,2020-12,11
5224,2021-01,12
5224,2021-02,28
5224,2021-03,43
5224,2021-04,43
5224,2021-05,28
5224,2021-06,24
5224,2021-07,27
5224,2021-08,46
5224,2021-09,66
5224,2021-10,45
5224,2021-11,55
5224,2021-12,34
5224,2022-01,45
5224,2022-02,55
5224,2022-03,74
5224,2022-04,63
5224,2022-05,45
5224,2022-06,29
5224,2022-07,31
5224,2022-08,35
5224,2022-09,39
5224,2022-10,18
5224,2022-11,10
5224,2022-12,3
5224,2023-01,8
5224,2023-02,15
5224,2023-03,27
5224,2023-04,17
5224,2023-05,12
5224,2023-06,12
5224,2023-07,7
5224,2023-08,15
5224,2023-09,9
5224,2023-10,13
5224,2023-11,15
5224,2023-12,11
5224,2024-01,15
5224,2024-02,16
5224,2024-03,4
5224,2024-04,13
5224,2024-05,7
5224,2024-06,9
5224,2024-07,4
5224,2024-08,3
5224,2024-09,9
5224,2024-10,8
5224,2024-11,6
5224,2024-12,7
5224,2025-01,8
5224,2025-02,7
5224,2025-03,16
5224,2025-04,14
5224,2025-05,11
5224,2025-06,4
5224,2025-07,3
5224,2025-08,8
5224,2025-09,4
5224,2025-10,5
5224,2025-11,7
5224,2025-12,8
5225,2020-01,83
5225,2020-02,77
5225,2020-03,63
5225,2020-04,13
5225,2020-05,22
5225,2020-06,33
5225,2020-07,26
5225,2020-08,52
5225,2020-09,42
5225,2020-10,38
5225,2020-11,30
5225,2020-12,15
5225,2021-01,25
5225,2021-02,37
5225,2021-03,65
5225,2021-04,65
5225,2021-05,45
5225,2021-06,36
5225,2021-07,30
5225,2021-08,112
5225,2021-09,82
5225,2021-10,76
5225,2021-11,76
5225,2021-12,64
5225,2022-01,103
5225,2022-02,95
5225,2022-03,145
5225,2022-04,71
5225,2022-05,116
5225,2022-06,53
5225,2022-07,42
5225,2022-08,91
5225,2022-09,92
5225,2022-10,85
5225,2022-11,64
5225,2022-12,63
5225,2023-01,98
5225,2023-02,110
5225,2023-03,146
5225,2023-04,77
5225,2023-05,106
5225,2023-06,76
5225,2023-07,53
5225,2023-08,101
5225,2023-09,77
5225,2023-10,58
5225,2023-11,68
5225,2023-12,34
5225,2024-01,54
5225,2024-02,65
5225,2024-03,88
5225,2024-04,94
5225,2024-05,48
5225,2024-06,34
5225,2024-07,30
5225,2024-08,55
5225,2024-09,67
5225,2024-10,47
5225,2024-11,41
5225,2024-12,24
5225,2025-01,58
5225,2025-02,39
5225,2025-03,97
5225,2025-04,52
5225,2025-05,31
5225,2025-06,24
5225,2025-07,23
5225,2025-08,51
5225,2025-09,46
5225,2025-10,33
5225,2025-11,34
5225,2025-12,26
5226,2020-01,24
5226,2020-02,39
5226,2020-03,14
5226,2020-04,16
5226,2020-05,10
5226,2020-06,13
5226,2020-07,9
5226,2020-08,15
5226,2020-09,20
5226,2020-10,22
5226,2020-11,15
5226,2020-12,12
5226,2021-01,25
5226,2021-02,24
5226,2021-03,27
5226,2021-04,15
5226,2021-05,21
5226,2021-06,31
5226,2021-07,18
5226,2021-08,33
5226,2021-09,37
5226,2021-10,45
5226,2021-11,32
5226,2021-12,42
5226,2022-01,37
5226,2022-02,36
5226,2022-03,47
5226,2022-04,30
5226,2022-05,54
5226,2022-06,19
5226,2022-07,22
5226,2022-08,40
5226,2022-09,52
5226,2022-10,40
5226,2022-11,39
5226,2022-12,32
5226,2023-01,42
5226,2023-02,40
5226,2023-03,48
5226,2023-04,34
5226,2023-05,33
5226,2023-06,36
5226,2023-07,41
5226,2023-08,37
5226,2023-09,39
5226,2023-10,36
5226,2023-11,14
5226,2023-12,21
5226,2024-01,35
5226,2024-02,31
5226,2024-03,34
5226,2024-04,49
5226,2024-05,24
5226,2024-06,21
5226,2024-07,17
5226,2024-08,24
5226,2024-09,19
5226,2024-10,28
5226,2024-11,19
5226,2024-12,22
5226,2025-01,27
5226,2025-02,24
5226,2025-03,42
5226,2025-04,29
5226,2025-05,16
5226,2025-06,11
5226,2025-07,16
5226,2025-08,13
5226,2025-09,31
5226,2025-10,23
5226,2025-11,15
5226,2025-12,21
5227,2020-01,29
5227,2020-02,21
5227,2020-03,18
5227,2020-04,14
5227,2020-05,8
5227,2020-06,4
5227,2020-07,5
5227,2020-08,11
5227,2020-09,12
5227,2020-10,11
5227,2020-11,10
5227,2020-12,11
5227,2021-01,12
5227,2021-02,10
5227,2021-03,26
5227,2021-04,23
5227,2021-05,16
5227,2021-06,8
5227,2021-07,7
5227,2021-08,11
5227,2021-09,26
5227,2021-10,23
5227,2021-11,21
5227,2021-12,15
5227,2022-01,22
5227,2022-02,20
5227,2022-03,33
5227,2022-04,24
5227,2022-05,21
5227,2022-06,26
5227,2022-07,27
5227,2022-08,28
5227,2022-09,36
5227,2022-10,27
5227,2022-11,19
5227,2022-12,23
5227,2023-01,42
5227,2023-02,27
5227,2023-03,38
5227,2023-04,26
5227,2023-05,28
5227,2023-06,32
5227,2023-07,24
5227,2023-08,31
5227,2023-09,19
5227,2023-10,18
5227,2023-11,30
5227,2023-12,24
5227,2024-01,28
5227,2024-02,46
5227,2024-03,46
5227,2024-04,19
5227,2024-05,32
5227,2024-06,21
5227,2024-07,16
5227,2024-08,22
5227,2024-09,22
5227,2024-10,22
5227,2024-11,19
5227,2024-12,23
5227,2025-01,48
5227,2025-02,48
5227,2025-03,36
5227,2025-04,29
5227,2025-05,22
5227,2025-06,16
5227,2025-07,23
5227,2025-08,27
5227,2025-09,28
5227,2025-10,17
5227,2025-11,29
5227,2025-12,11
5230,2020-01,118
5230,2020-02,106
5230,2020-03,67
5230,2020-04,35
5230,2020-05,34
5230,2020-06,23
5230,2020-07,35
5230,2020-08,39
5230,2020-09,38
5230,2020-10,36
5230,2020-11,38
5230,2020-12,26
5230,2021-01,41
5230,2021-02,65
5230,2021-03,82
5230,2021-04,78
5230,2021-05,96
5230,2021-06,77
5230,2021-07,76
5230,2021-08,73
5230,2021-09,75
5230,2021-10,95
5230,2021-11,71
5230,2021-12,78
5230,2022-01,103
5230,2022-02,115
5230,2022-03,181
5230,2022-04,124
5230,2022-05,140
5230,2022-06,99
5230,2022-07,79
5230,2022-08,119
5230,2022-09,94
5230,2022-10,74
5230,2022-11,70
5230,2022-12,50
5230,2023-01,110
5230,2023-02,104
5230,2023-03,156
5230,2023-04,115
5230,2023-05,94
5230,2023-06,61
5230,2023-07,71
5230,2023-08,88
5230,2023-09,69
5230,2023-10,47
5230,2023-11,44
5230,2023-12,35
5230,2024-01,94
5230,2024-02,85
5230,2024-03,70
5230,2024-04,72
5230,2024-05,67
5230,2024-06,33
5230,2024-07,28
5230,2024-08,50
5230,2024-09,41
5230,2024-10,41
5230,2024-11,28
5230,2024-12,35
5230,2025-01,72
5230,2025-02,64
5230,2025-03,51
5230,2025-04,73
5230,2025-05,40
5230,2025-06,32
5230,2025-07,36
5230,2025-08,58
5230,2025-09,47
5230,2025-10,48
5230,2025-11,37
5230,2025-12,43
5241,2020-01,1433
5241,2020-02,1503
5241,2020-03,1035
5241,2020-04,529
5241,2020-05,318
5241,2020-06,474
5241,2020-07,136
5241,2020-08,577
5241,2020-09,722
5241,2020-10,641
5241,2020-11,385
5241,2020-12,189
5241,2021-01,270
5241,2021-02,351
5241,2021-03,317
5241,2021-04,455
5241,2021-05,422
5241,2021-06,406
5241,2021-07,349
5241,2021-08,760
5241,2021-09,946
5241,2021-10,822
5241,2021-11,1047
5241,2021-12,1035
5241,2022-01,1579
5241,2022-02,1973
5241,2022-03,2766
5241,2022-04,2579
5241,2022-05,3203
5241,2022-06,2888
5241,2022-07,3007
5241,2022-08,3165
5241,2022-09,3720
5241,2022-10,3677
5241,2022-11,5310
5241,2022-12,5456
5241,2023-01,5459
5241,2023-02,4966
5241,2023-03,5985
5241,2023-04,4558
5241,2023-05,4995
5241,2023-06,3017
5241,2023-07,3281
5241,2023-08,3150
5241,2023-09,2883
5241,2023-10,2793
5241,2023-11,2432
5241,2023-12,2063
5241,2024-01,2704
5241,2024-02,2301
5241,2024-03,1515
5241,2024-04,1735
5241,2024-05,1922
5241,2024-06,1706
5241,2024-07,1710
5241,2024-08,1605
5241,2024-09,1808
5241,2024-10,2295
5241,2024-11,1036
5241,2024-12,529
5241,2025-01,650
5241,2025-02,642
5241,2025-03,692
5241,2025-04,568
5241,2025-05,399
5241,2025-06,369
5241,2025-07,364
5241,2025-08,367
5241,2025-09,296
5241,2025-10,266
5241,2025-11,311
5241,2025-12,161
5242,2020-01,1359
5242,2020-02,1747
5242,2020-03,1059
5242,2020-04,857
5242,2020-05,811
5242,2020-06,692
5242,2020-07,801
5242,2020-08,1009
5242,2020-09,1027
5242,2020-10,1084
5242,2020-11,944
5242,2020-12,636
5242,2021-01,823
5242,2021-02,1024
5242,2021-03,1443
5242,2021-04,1743
5242,2021-05,1500
5242,2021-06,1409
5242,2021-07,1009
5242,2021-08,1273
5242,2021-09,2128
5242,2021-10,2515
5242,2021-11,2652
5242,2021-12,2392
5242,2022-01,1635
5242,2022-02,1483
5242,2022-03,1221
5242,2022-04,1118
5242,2022-05,1564
5242,2022-06,1141
5242,2022-07,1035
5242,2022-08,1714
5242,2022-09,1972
5242,2022-10,1369
5242,2022-11,1612
5242,2022-12,1409
5242,2023-01,1601
5242,2023-02,1647
5242,2023-03,2413
5242,2023-04,1717
5242,2023-05,2700
5242,2023-06,1916
5242,2023-07,2084
5242,2023-08,2001
5242,2023-09,2140
5242,2023-10,1783
5242,2023-11,1867
5242,2023-12,1717
5242,2024-01,2378
5242,2024-02,1833
5242,2024-03,1441
5242,2024-04,1650
5242,2024-05,2110
5242,2024-06,1546
5242,2024-07,1236
5242,2024-08,1695
5242,2024-09,1303
5242,2024-10,1714
5242,2024-11,1067
5242,2024-12,753
5242,2025-01,1121
5242,2025-02,1132
5242,2025-03,998
5242,2025-04,999
5242,2025-05,926
5242,2025-06,625
5242,2025-07,490
5242,2025-08,657
5242,2025-09,855
5242,2025-10,566
5242,2025-11,494
5242,2025-12,400
5311,2020-01,443
5311,2020-02,327
5311,2020-03,267
5311,2020-04,217
5311,2020-05,279
5311,2020-06,201
5311,2020-07,87
5311,2020-08,279
5311,2020-09,312
5311,2020-10,350
5311,2020-11,389
5311,2020-12,268
5311,2021-01,299
5311,2021-02,255
5311,2021-03,327
5311,2021-04,315
5311,2021-05,320
5311,2021-06,269
5311,2021-07,118
5311,2021-08,388
5311,2021-09,452
5311,2021-10,492
5311,2021-11,601
5311,2021-12,471
5311,2022-01,540
5311,2022-02,476
5311,2022-03,517
5311,2022-04,443
5311,2022-05,634
5311,2022-06,623
5311,2022-07,269
5311,2022-08,743
5311,2022-09,713
5311,2022-10,706
5311,2022-11,692
5311,2022-12,597
5311,2023-01,599
5311,2023-02,425
5311,2023-03,517
5311,2023-04,378
5311,2023-05,562
5311,2023-06,479
5311,2023-07,175
5311,2023-08,464
5311,2023-09,694
5311,2023-10,480
5311,2023-11,501
5311,2023-12,316
5311,2024-01,461
5311,2024-02,392
5311,2024-03,232
5311,2024-04,214
5311,2024-05,230
5311,2024-06,172
5311,2024-07,93
5311,2024-08,367
5311,2024-09,231
5311,2024-10,308
5311,2024-11,322
5311,2024-12,233
5311,2025-01,325
5311,2025-02,238
5311,2025-03,226
5311,2025-04,209
5311,2025-05,223
5311,2025-06,204
5311,2025-07,78
5311,2025-08,286
5311,2025-09,289
5311,2025-10,349
5311,2025-11,293
5311,2025-12,229
5312,2020-01,259
5312,2020-02,179
5312,2020-03,139
5312,2020-04,174
5312,2020-05,298
5312,2020-06,369
5312,2020-07,117
5312,2020-08,276
5312,2020-09,261
5312,2020-10,260
5312,2020-11,279
5312,2020-12,214
5312,2021-01,143
5312,2021-02,155
5312,2021-03,199
5312,2021-04,226
5312,2021-05,348
5312,2021-06,456
5312,2021-07,127
5312,2021-08,422
5312,2021-09,416
5312,2021-10,429
5312,2021-11,373
5312,2021-12,401
5312,2022-01,311
5312,2022-02,231
5312,2022-03,355
5312,2022-04,346
5312,2022-05,519
5312,2022-06,624
5312,2022-07,207
5312,2022-08,578
5312,2022-09,518
5312,2022-10,545
5312,2022-11,432
5312,2022-12,406
5312,2023-01,346
5312,2023-02,284
5312,2023-03,300
5312,2023-04,259
5312,2023-05,510
5312,2023-06,522
5312,2023-07,160
5312,2023-08,471
5312,2023-09,375
5312,2023-10,367
5312,2023-11,309
5312,2023-12,297
5312,2024-01,267
5312,2024-02,238
5312,2024-03,219
5312,2024-04,298
5312,2024-05,359
5312,2024-06,355
5312,2024-07,165
5312,2024-08,378
5312,2024-09,294
5312,2024-10,364
5312,2024-11,275
5312,2024-12,269
5312,2025-01,246
5312,2025-02,188
5312,2025-03,219
5312,2025-04,282
5312,2025-05,343
5312,2025-06,408
5312,2025-07,158
5312,2025-08,369
5312,2025-09,342
5312,2025-10,385
5312,2025-11,283
5312,2025-12,259
5321,2020-01,982
5321,2020-02,956
5321,2020-03,942
5321,2020-04,658
5321,2020-05,483
5321,2020-06,379
5321,2020-07,279
5321,2020-08,402
5321,2020-09,585
5321,2020-10,546
5321,2020-11,738
5321,2020-12,610
5321,2021-01,803
5321,2021-02,736
5321,2021-03,822
5321,2021-04,743
5321,2021-05,748
5321,2021-06,563
5321,2021-07,520
5321,2021-08,612
5321,2021-09,940
5321,2021-10,923
5321,2021-11,1059
5321,2021-12,1123
5321,2022-01,1474
5321,2022-02,1333
5321,2022-03,1531
5321,2022-04,1325
5321,2022-05,1682
5321,2022-06,1293
5321,2022-07,903
5321,2022-08,1168
5321,2022-09,1213
5321,2022-10,1057
5321,2022-11,1150
5321,2022-12,1154
5321,2023-01,1558
5321,2023-02,1372
5321,2023-03,1978
5321,2023-04,1385
5321,2023-05,3008
5321,2023-06,1671
5321,2023-07,1475
5321,2023-08,975
5321,2023-09,1619
5321,2023-10,1202
5321,2023-11,1221
5321,2023-12,1226
5321,2024-01,1462
5321,2024-02,1452
5321,2024-03,1142
5321,2024-04,1163
5321,2024-05,920
5321,2024-06,743
5321,2024-07,594
5321,2024-08,768
5321,2024-09,801
5321,2024-10,818
5321,2024-11,790
5321,2024-12,732
5321,2025-01,1310
5321,2025-02,1119
5321,2025-03,1229
5321,2025-04,1159
5321,2025-05,886
5321,2025-06,643
5321,2025-07,527
5321,2025-08,775
5321,2025-09,1022
5321,2025-10,1072
5321,2025-11,892
5321,2025-12,948
5323,2020-01,407
5323,2020-02,348
5323,2020-03,300
5323,2020-04,181
5323,2020-05,195
5323,2020-06,311
5323,2020-07,216
5323,2020-08,242
5323,2020-09,285
5323,2020-10,316
5323,2020-11,387
5323,2020-12,311
5323,2021-01,371
5323,2021-02,373
5323,2021-03,409
5323,2021-04,375
5323,2021-05,377
5323,2021-06,312
5323,2021-07,196
5323,2021-08,223
5323,2021-09,420
5323,2021-10,409
5323,2021-11,485
5323,2021-12,544
5323,2022-01,589
5323,2022-02,585
5323,2022-03,562
5323,2022-04,417
5323,2022-05,440
5323,2022-06,382
5323,2022-07,209
5323,2022-08,369
5323,2022-09,483
5323,2022-10,448
5323,2022-11,478
5323,2022-12,507
5323,2023-01,674
5323,2023-02,587
5323,2023-03,685
5323,2023-04,380
5323,2023-05,552
5323,2023-06,322
5323,2023-07,210
5323,2023-08,334
5323,2023-09,365
5323,2023-10,367
5323,2023-11,369
5323,2023-12,341
5323,2024-01,429
5323,2024-02,384
5323,2024-03,411
5323,2024-04,324
5323,2024-05,237
5323,2024-06,194
5323,2024-07,161
5323,2024-08,260
5323,2024-09,290
5323,2024-10,327
5323,2024-11,347
5323,2024-12,344
5323,2025-01,445
5323,2025-02,455
5323,2025-03,443
5323,2025-04,330
5323,2025-05,259
5323,2025-06,189
5323,2025-07,182
5323,2025-08,281
5323,2025-09,374
5323,2025-10,335
5323,2025-11,431
5323,2025-12,514
5325,2020-01,1
5325,2020-02,5
5325,2020-03,3
5325,2020-04,2
5325,2020-05,3
5325,2020-06,4
5325,2020-07,1
5325,2020-08,5
5325,2020-09,7
5325,2020-10,2
5325,2020-11,3
5325,2020-12,3
5325,2021-01,7
5325,2021-02,5
5325,2021-03,2
5325,2021-04,5
5325,2021-05,4
5325,2021-06,4
5325,2021-07,4
5325,2021-08,6
5325,2021-09,9
5325,2021-10,4
5325,2021-11,8
5325,2021-12,3
5325,2022-01,8
5325,2022-02,8
5325,2022-03,5
5325,2022-04,8
5325,2022-05,8
5325,2022-06,6
5325,2022-07,5
5325,2022-08,7
5325,2022-09,10
5325,2022-10,15
5325,2022-11,7
5325,2022-12,6
5325,2023-01,5
5325,2023-02,17
5325,2023-03,13
5325,2023-04,8
5325,2023-05,13
5325,2023-06,8
5325,2023-07,4
5325,2023-08,5
5325,2023-09,2
5325,2023-10,20
5325,2023-11,4
5325,2023-12,7
5325,2024-01,7
5325,2024-02,6
5325,2024-03,3
5325,2024-04,3
5325,2024-05,3
5325,2024-06,2
5325,2024-07,3
5325,2024-08,2
5325,2024-09,1
5325,2024-11,1
5325,2024-12,1
5325,2025-01,1
5325,2025-02,1
5325,2025-03,3
5325,2025-04,2
5325,2025-05,4
5325,2025-08,1
5325,2025-09,2
5325,2025-11,1
5325,2025-12,1
5326,2020-01,8
5326,2020-02,2
5326,2020-03,3
5326,2020-04,3
5326,2020-05,5
5326,2020-06,3
5326,2020-07,1
5326,2020-08,2
5326,2020-09,5
5326,2020-10,3
5326,2020-11,16
5326,2020-12,9
5326,2021-01,3
5326,2021-02,8
5326,2021-03,12
5326,2021-04,7
5326,2021-05,5
5326,2021-06,1
5326,2021-07,3
5326,2021-08,9
5326,2021-09,14
5326,2021-10,23
5326,2021-11,12
5326,2021-12,39
5326,2022-01,2
5326,2022-02,6
5326,2022-03,10
5326,2022-04,6
5326,2022-05,4
5326,2022-06,9
5326,2022-07,5
5326,2022-08,4
5326,2022-09,12
5326,2022-10,27
5326,2022-11,16
5326,2022-12,21
5326,2023-01,11
5326,2023-02,10
5326,2023-03,6
5326,2023-04,4
5326,2023-05,6
5326,2023-06,8
5326,2023-07,1
5326,2023-08,3
5326,2023-09,3
5326,2023-10,36
5326,2023-11,40
5326,2023-12,23
5326,2024-01,29
5326,2024-02,23
5326,2024-03,10
5326,2024-04,8
5326,2024-05,13
5326,2024-06,4
5326,2024-07,2
5326,2024-08,10
5326,2024-09,6
5326,2024-10,12
5326,2024-11,58
5326,2024-12,14
5326,2025-01,35
5326,2025-02,30
5326,2025-03,24
5326,2025-04,7
5326,2025-05,3
5326,2025-06,4
5326,2025-07,1
5326,2025-08,7
5326,2025-09,9
5326,2025-10,17
5326,2025-11,56
5326,2025-12,40
5330,2020-01,99
5330,2020-02,94
5330,2020-03,147
5330,2020-04,99
5330,2020-05,57
5330,2020-06,32
5330,2020-07,18
5330,2020-08,22
5330,2020-09,41
5330,2020-10,40
5330,2020-11,49
5330,2020-12,63
5330,2021-01,67
5330,2021-02,100
5330,2021-03,80
5330,2021-04,95
5330,2021-05,77
5330,2021-06,81
5330,2021-07,50
5330,2021-08,59
5330,2021-09,67
5330,2021-10,77
5330,2021-11,73
5330,2021-12,99
5330,2022-01,144
5330,2022-02,121
5330,2022-03,170
5330,2022-04,179
5330,2022-05,269
5330,2022-06,292
5330,2022-07,83
5330,2022-08,103
5330,2022-09,112
5330,2022-10,114
5330,2022-11,128
5330,2022-12,174
5330,2023-01,204
5330,2023-02,242
5330,2023-03,273
5330,2023-04,229
5330,2023-05,270
5330,2023-06,806
5330,2023-07,687
5330,2023-08,130
5330,2023-09,324
5330,2023-10,232
5330,2023-11,140
5330,2023-12,124
5330,2024-01,253
5330,2024-02,243
5330,2024-03,222
5330,2024-04,258
5330,2024-05,238
5330,2024-06,412
5330,2024-07,92
5330,2024-08,96
5330,2024-09,69
5330,2024-10,99
5330,2024-11,77
5330,2024-12,113
5330,2025-01,196
5330,2025-02,175
5330,2025-03,184
5330,2025-04,174
5330,2025-05,145
5330,2025-06,101
5330,2025-07,66
5330,2025-08,82
5330,2025-09,128
5330,2025-10,112
5330,2025-11,118
5330,2025-12,170
5341,2020-01,89
5341,2020-02,60
5341,2020-03,71
5341,2020-04,35
5341,2020-05,32
5341,2020-06,31
5341,2020-07,26
5341,2020-08,48
5341,2020-09,59
5341,2020-10,53
5341,2020-11,40
5341,2020-12,51
5341,2021-01,72
5341,2021-02,45
5341,2021-03,68
5341,2021-04,48
5341,2021-05,49
5341,2021-06,40
5341,2021-07,23
5341,2021-08,30
5341,2021-09,81
5341,2021-10,50
5341,2021-11,76
5341,2021-12,68
5341,2022-01,81
5341,2022-02,86
5341,2022-03,97
5341,2022-04,80
5341,2022-05,78
5341,2022-06,65
5341,2022-07,42
5341,2022-08,70
5341,2022-09,67
5341,2022-10,67
5341,2022-11,96
5341,2022-12,83
5341,2023-01,107
5341,2023-02,72
5341,2023-03,86
5341,2023-04,49
5341,2023-05,72
5341,2023-06,39
5341,2023-07,21
5341,2023-08,42
5341,2023-09,53
5341,2023-10,47
5341,2023-11,61
5341,2023-12,35
5341,2024-01,56
5341,2024-02,33
5341,2024-03,38
5341,2024-04,35
5341,2024-05,15
5341,2024-06,17
5341,2024-07,19
5341,2024-08,28
5341,2024-09,35
5341,2024-10,25
5341,2024-11,35
5341,2024-12,39
5341,2025-01,44
5341,2025-02,36
5341,2025-03,36
5341,2025-04,27
5341,2025-05,32
5341,2025-06,19
5341,2025-07,46
5341,2025-08,29
5341,2025-09,41
5341,2025-10,42
5341,2025-11,39
5341,2025-12,55
5342,2020-01,476
5342,2020-02,440
5342,2020-03,416
5342,2020-04,286
5342,2020-05,232
5342,2020-06,248
5342,2020-07,160
5342,2020-08,206
5342,2020-09,337
5342,2020-10,318
5342,2020-11,268
5342,2020-12,234
5342,2021-01,316
5342,2021-02,405
5342,2021-03,446
5342,2021-04,408
5342,2021-05,397
5342,2021-06,297
5342,2021-07,222
5342,2021-08,322
5342,2021-09,524
5342,2021-10,529
5342,2021-11,516
5342,2021-12,508
5342,2022-01,618
5342,2022-02,600
5342,2022-03,782
5342,2022-04,592
5342,2022-05,564
5342,2022-06,518
5342,2022-07,289
5342,2022-08,537
5342,2022-09,639
5342,2022-10,618
5342,2022-11,521
5342,2022-12,587
5342,2023-01,706
5342,2023-02,675
5342,2023-03,763
5342,2023-04,482
5342,2023-05,898
5342,2023-06,431
5342,2023-07,265
5342,2023-08,447
5342,2023-09,509
5342,2023-10,504
5342,2023-11,469
5342,2023-12,401
5342,2024-01,501
5342,2024-02,570
5342,2024-03,578
5342,2024-04,566
5342,2024-05,435
5342,2024-06,323
5342,2024-07,228
5342,2024-08,387
5342,2024-09,376
5342,2024-10,432
5342,2024-11,393
5342,2024-12,378
5342,2025-01,490
5342,2025-02,557
5342,2025-03,494
5342,2025-04,419
5342,2025-05,410
5342,2025-06,258
5342,2025-07,242
5342,2025-08,389
5342,2025-09,512
5342,2025-10,507
5342,2025-11,456
5342,2025-12,441
5343,2020-01,2067
5343,2020-02,2017
5343,2020-03,2207
5343,2020-04,1350
5343,2020-05,1153
5343,2020-06,1131
5343,2020-07,1083
5343,2020-08,1298
5343,2020-09,1385
5343,2020-10,1349
5343,2020-11,1248
5343,2020-12,1026
5343,2021-01,1282
5343,2021-02,1405
5343,2021-03,1790
5343,2021-04,1942
5343,2021-05,1963
5343,2021-06,1767
5343,2021-07,1598
5343,2021-08,1945
5343,2021-09,2164
5343,2021-10,2179
5343,2021-11,2250
5343,2021-12,1898
5343,2022-01,2617
5343,2022-02,2542
5343,2022-03,3373
5343,2022-04,3269
5343,2022-05,3503
5343,2022-06,2793
5343,2022-07,2455
5343,2022-08,2897
5343,2022-09,2950
5343,2022-10,2598
5343,2022-11,2552
5343,2022-12,2137
5343,2023-01,3016
5343,2023-02,2495
5343,2023-03,3823
5343,2023-04,2900
5343,2023-05,3974
5343,2023-06,2715
5343,2023-07,2059
5343,2023-08,2633
5343,2023-09,2792
5343,2023-10,2230
5343,2023-11,2170
5343,2023-12,1687
5343,2024-01,2679
5343,2024-02,2521
5343,2024-03,2790
5343,2024-04,3163
5343,2024-05,2638
5343,2024-06,2116
5343,2024-07,1786
5343,2024-08,2051
5343,2024-09,2172
5343,2024-10,2169
5343,2024-11,2081
5343,2024-12,1383
5343,2025-01,2423
5343,2025-02,2144
5343,2025-03,2613
5343,2025-04,2537
5343,2025-05,2412
5343,2025-06,1735
5343,2025-07,1850
5343,2025-08,2131
5343,2025-09,2253
5343,2025-10,2114
5343,2025-11,1940
5343,2025-12,1545
5349,2020-01,10
5349,2020-02,14
5349,2020-03,5
5349,2020-04,10
5349,2020-05,4
5349,2020-06,1
5349,2020-07,3
5349,2020-08,6
5349,2020-09,12
5349,2020-10,14
5349,2020-11,25
5349,2020-12,9
5349,2021-01,8
5349,2021-02,16
5349,2021-03,31
5349,2021-04,20
5349,2021-05,7
5349,2021-06,18
5349,2021-07,4
5349,2021-08,12
5349,2021-09,13
5349,2021-10,11
5349,2021-11,21
5349,2021-12,15
5349,2022-01,27
5349,2022-02,14
5349,2022-03,14
5349,2022-04,19
5349,2022-05,16
5349,2022-06,11
5349,2022-07,9
5349,2022-08,7
5349,2022-09,17
5349,2022-10,11
5349,2022-11,18
5349,2022-12,22
5349,2023-01,23
5349,2023-02,24
5349,2023-03,24
5349,2023-04,5
5349,2023-05,11
5349,2023-06,10
5349,2023-07,5
5349,2023-08,5
5349,2023-09,12
5349,2023-10,17
5349,2023-11,14
5349,2023-12,11
5349,2024-01,16
5349,2024-02,27
5349,2024-03,10
5349,2024-04,12
5349,2024-05,10
5349,2024-06,3
5349,2024-07,4
5349,2024-08,6
5349,2024-09,9
5349,2024-10,7
5349,2024-11,4
5349,2024-12,7
5349,2025-01,15
5349,2025-02,18
5349,2025-03,18
5349,2025-04,15
5349,2025-05,10
5349,2025-06,8
5349,2025-07,7
5349,2025-08,8
5349,2025-09,5
5349,2025-10,12
5349,2025-11,9
5349,2025-12,15
5350,2020-01,173
5350,2020-02,165
5350,2020-03,109
5350,2020-04,36
5350,2020-05,79
5350,2020-06,83
5350,2020-07,61
5350,2020-08,110
5350,2020-09,176
5350,2020-10,148
5350,2020-11,129
5350,2020-12,101
5350,2021-01,154
5350,2021-02,134
5350,2021-03,115
5350,2021-04,170
5350,2021-05,171
5350,2021-06,138
5350,2021-07,93
5350,2021-08,173
5350,2021-09,196
5350,2021-10,193
5350,2021-11,178
5350,2021-12,134
5350,2022-01,213
5350,2022-02,166
5350,2022-03,153
5350,2022-04,148
5350,2022-05,206
5350,2022-06,189
5350,2022-07,101
5350,2022-08,206
5350,2022-09,213
5350,2022-10,214
5350,2022-11,228
5350,2022-12,172
5350,2023-01,187
5350,2023-02,180
5350,2023-03,194
5350,2023-04,184
5350,2023-05,212
5350,2023-06,167
5350,2023-07,114
5350,2023-08,184
5350,2023-09,216
5350,2023-10,195
5350,2023-11,188
5350,2023-12,126
5350,2024-01,218
5350,2024-02,189
5350,2024-03,179
5350,2024-04,159
5350,2024-05,162
5350,2024-06,148
5350,2024-07,120
5350,2024-08,171
5350,2024-09,187
5350,2024-10,186
5350,2024-11,184
5350,2024-12,141
5350,2025-01,191
5350,2025-02,141
5350,2025-03,170
5350,2025-04,143
5350,2025-05,170
5350,2025-06,142
5350,2025-07,87
5350,2025-08,159
5350,2025-09,184
5350,2025-10,216
5350,2025-11,185
5350,2025-12,158
5411,2020-01,32
5411,2020-02,20
5411,2020-03,21
5411,2020-04,12
5411,2020-05,8
5411,2020-06,15
5411,2020-07,12
5411,2020-08,13
5411,2020-09,23
5411,2020-10,28
5411,2020-11,25
5411,2020-12,24
5411,2021-01,12
5411,2021-02,24
5411,2021-03,14
5411,2021-04,19
5411,2021-05,10
5411,2021-06,13
5411,2021-07,13
5411,2021-08,20
5411,2021-09,31
5411,2021-10,32
5411,2021-11,33
5411,2021-12,40
5411,2022-01,28
5411,2022-02,18
5411,2022-03,35
5411,2022-04,14
5411,2022-05,14
5411,2022-06,23
5411,2022-07,13
5411,2022-08,22
5411,2022-09,32
5411,2022-10,43
5411,2022-11,19
5411,2022-12,37
5411,2023-01,26
5411,2023-02,33
5411,2023-03,19
5411,2023-04,16
5411,2023-05,18
5411,2023-06,19
5411,2023-07,15
5411,2023-08,32
5411,2023-09,38
5411,2023-10,43
5411,2023-11,42
5411,2023-12,39
5411,2024-01,18
5411,2024-02,48
5411,2024-03,16
5411,2024-04,28
5411,2024-05,17
5411,2024-06,26
5411,2024-07,16
5411,2024-08,24
5411,2024-09,33
5411,2024-10,52
5411,2024-11,40
5411,2024-12,36
5411,2025-01,37
5411,2025-02,25
5411,2025-03,33
5411,2025-04,16
5411,2025-05,21
5411,2025-06,20
5411,2025-07,14
5411,2025-08,25
5411,2025-09,56
5411,2025-10,32
5411,2025-11,31
5411,2025-12,36
5412,2020-01,68
5412,2020-02,31
5412,2020-03,27
5412,2020-04,26
5412,2020-05,13
5412,2020-06,10
5412,2020-07,13
5412,2020-08,35
5412,2020-09,37
5412,2020-10,37
5412,2020-11,31
5412,2020-12,45
5412,2021-01,66
5412,2021-02,28
5412,2021-03,53
5412,2021-04,44
5412,2021-05,25
5412,2021-06,19
5412,2021-07,5
5412,2021-08,35
5412,2021-09,30
5412,2021-10,42
5412,2021-11,44
5412,2021-12,40
5412,2022-01,76
5412,2022-02,40
5412,2022-03,71
5412,2022-04,56
5412,2022-05,46
5412,2022-06,14
5412,2022-07,25
5412,2022-08,46
5412,2022-09,23
5412,2022-10,50
5412,2022-11,39
5412,2022-12,45
5412,2023-01,99
5412,2023-02,55
5412,2023-03,68
5412,2023-04,34
5412,2023-05,66
5412,2023-06,13
5412,2023-07,17
5412,2023-08,44
5412,2023-09,36
5412,2023-10,52
5412,2023-11,44
5412,2023-12,38
5412,2024-01,94
5412,2024-02,51
5412,2024-03,59
5412,2024-04,51
5412,2024-05,34
5412,2024-06,7
5412,2024-07,13
5412,2024-08,42
5412,2024-09,40
5412,2024-10,34
5412,2024-11,46
5412,2024-12,37
5412,2025-01,77
5412,2025-02,34
5412,2025-03,51
5412,2025-04,36
5412,2025-05,27
5412,2025-06,9
5412,2025-07,12
5412,2025-08,34
5412,2025-09,30
5412,2025-10,69
5412,2025-11,45
5412,2025-12,54
5413,2020-01,117
5413,2020-02,138
5413,2020-03,87
5413,2020-04,57
5413,2020-05,34
5413,2020-06,30
5413,2020-07,32
5413,2020-08,31
5413,2020-09,62
5413,2020-10,61
5413,2020-11,40
5413,2020-12,44
5413,2021-01,88
5413,2021-02,79
5413,2021-03,86
5413,2021-04,101
5413,2021-05,70
5413,2021-06,61
5413,2021-07,62
5413,2021-08,103
5413,2021-09,107
5413,2021-10,102
5413,2021-11,115
5413,2021-12,110
5413,2022-01,169
5413,2022-02,171
5413,2022-03,205
5413,2022-04,203
5413,2022-05,165
5413,2022-06,124
5413,2022-07,94
5413,2022-08,174
5413,2022-09,156
5413,2022-10,134
5413,2022-11,127
5413,2022-12,129
5413,2023-01,185
5413,2023-02,182
5413,2023-03,219
5413,2023-04,157
5413,2023-05,120
5413,2023-06,106
5413,2023-07,94
5413,2023-08,95
5413,2023-09,104
5413,2023-10,99
5413,2023-11,121
5413,2023-12,72
5413,2024-01,166
5413,2024-02,150
5413,2024-03,150
5413,2024-04,98
5413,2024-05,119
5413,2024-06,77
5413,2024-07,81
5413,2024-08,96
5413,2024-09,143
5413,2024-10,166
5413,2024-11,128
5413,2024-12,118
5413,2025-01,227
5413,2025-02,170
5413,2025-03,143
5413,2025-04,196
5413,2025-05,143
5413,2025-06,111
5413,2025-07,83
5413,2025-08,115
5413,2025-09,153
5413,2025-10,110
5413,2025-11,105
5413,2025-12,126
5414,2020-01,15
5414,2020-02,11
5414,2020-03,11
5414,2020-04,6
5414,2020-05,8
5414,2020-06,11
5414,2020-07,7
5414,2020-08,14
5414,2020-09,6
5414,2020-10,7
5414,2020-11,11
5414,2020-12,7
5414,2021-01,9
5414,2021-02,14
5414,2021-03,20
5414,2021-04,6
5414,2021-05,6
5414,2021-06,6
5414,2021-07,12
5414,2021-08,9
5414,2021-09,14
5414,2021-10,19
5414,2021-11,20
5414,2021-12,12
5414,2022-01,18
5414,2022-02,20
5414,2022-03,24
5414,2022-04,16
5414,2022-05,33
5414,2022-06,10
5414,2022-07,15
5414,2022-08,26
5414,2022-09,19
5414,2022-10,10
5414,2022-11,20
5414,2022-12,14
5414,2023-01,28
5414,2023-02,21
5414,2023-03,19
5414,2023-04,18
5414,2023-05,14
5414,2023-06,9
5414,2023-07,7
5414,2023-08,23
5414,2023-09,21
5414,2023-10,17
5414,2023-11,16
5414,2023-12,12
5414,2024-01,18
5414,2024-02,21
5414,2024-03,17
5414,2024-04,16
5414,2024-05,8
5414,2024-06,10
5414,2024-07,10
5414,2024-08,21
5414,2024-09,16
5414,2024-10,10
5414,2024-11,8
5414,2024-12,16
5414,2025-01,20
5414,2025-02,16
5414,2025-03,23
5414,2025-04,19
5414,2025-05,8
5414,2025-06,4
5414,2025-07,11
5414,2025-08,18
5414,2025-09,14
5414,2025-10,15
5414,2025-11,11
5414,2025-12,15
5419,2020-01,60
5419,2020-02,59
5419,2020-03,51
5419,2020-04,37
5419,2020-05,13
5419,2020-06,24
5419,2020-07,21
5419,2020-08,20
5419,2020-09,32
5419,2020-10,28
5419,2020-11,34
5419,2020-12,29
5419,2021-01,20
5419,2021-02,49
5419,2021-03,50
5419,2021-04,57
5419,2021-05,55
5419,2021-06,56
5419,2021-07,29
5419,2021-08,55
5419,2021-09,79
5419,2021-10,59
5419,2021-11,57
5419,2021-12,49
5419,2022-01,83
5419,2022-02,100
5419,2022-03,126
5419,2022-04,81
5419,2022-05,91
5419,2022-06,51
5419,2022-07,47
5419,2022-08,77
5419,2022-09,71
5419,2022-10,57
5419,2022-11,64
5419,2022-12,59
5419,2023-01,58
5419,2023-02,237
5419,2023-03,258
5419,2023-04,166
5419,2023-05,228
5419,2023-06,66
5419,2023-07,29
5419,2023-08,77
5419,2023-09,56
5419,2023-10,34
5419,2023-11,46
5419,2023-12,42
5419,2024-01,68
5419,2024-02,91
5419,2024-03,56
5419,2024-04,55
5419,2024-05,72
5419,2024-06,37
5419,2024-07,28
5419,2024-08,46
5419,2024-09,35
5419,2024-10,37
5419,2024-11,40
5419,2024-12,36
5419,2025-01,74
5419,2025-02,63
5419,2025-03,54
5419,2025-04,52
5419,2025-05,51
5419,2025-06,33
5419,2025-07,23
5419,2025-08,43
5419,2025-09,44
5419,2025-10,37
5419,2025-11,28
5419,2025-12,43
6111,2020-01,11
6111,2020-02,7
6111,2020-03,9
6111,2020-04,11
6111,2020-05,3
6111,2020-06,4
6111,2020-07,5
6111,2020-08,11
6111,2020-09,11
6111,2020-10,3
6111,2020-11,11
6111,2020-12,9
6111,2021-01,9
6111,2021-02,10
6111,2021-03,14
6111,2021-04,11
6111,2021-05,5
6111,2021-06,5
6111,2021-07,4
6111,2021-08,6
6111,2021-09,9
6111,2021-10,16
6111,2021-11,14
6111,2021-12,15
6111,2022-01,21
6111,2022-02,8
6111,2022-03,16
6111,2022-04,8
6111,2022-05,3
6111,2022-06,4
6111,2022-07,4
6111,2022-08,5
6111,2022-09,12
6111,2022-10,3
6111,2022-11,8
6111,2022-12,10
6111,2023-01,10
6111,2023-02,14
6111,2023-03,6
6111,2023-04,7
6111,2023-05,9
6111,2023-06,6
6111,2023-07,6
6111,2023-08,8
6111,2023-09,10
6111,2023-10,2
6111,2023-11,12
6111,2023-12,8
6111,2024-01,11
6111,2024-02,15
6111,2024-03,4
6111,2024-04,10
6111,2024-05,7
6111,2024-06,7
6111,2024-07,9
6111,2024-08,7
6111,2024-09,8
6111,2024-10,10
6111,2024-11,13
6111,2024-12,9
6111,2025-01,8
6111,2025-02,9
6111,2025-03,7
6111,2025-04,9
6111,2025-05,8
6111,2025-06,7
6111,2025-07,4
6111,2025-08,13
6111,2025-09,1
6111,2025-10,8
6111,2025-11,13
6111,2025-12,10
6112,2020-01,69
6112,2020-02,100
6112,2020-03,29
6112,2020-04,39
6112,2020-05,34
6112,2020-06,35
6112,2020-07,18
6112,2020-08,23
6112,2020-09,19
6112,2020-10,19
6112,2020-11,24
6112,2020-12,33
6112,2021-01,54
6112,2021-02,76
6112,2021-03,51
6112,2021-04,58
6112,2021-05,39
6112,2021-06,42
6112,2021-07,17
6112,2021-08,29
6112,2021-09,32
6112,2021-10,19
6112,2021-11,18
6112,2021-12,36
6112,2022-01,86
6112,2022-02,90
6112,2022-03,88
6112,2022-04,55
6112,2022-05,73
6112,2022-06,49
6112,2022-07,20
6112,2022-08,31
6112,2022-09,25
6112,2022-10,23
6112,2022-11,19
6112,2022-12,36
6112,2023-01,60
6112,2023-02,77
6112,2023-03,77
6112,2023-04,82
6112,2023-05,46
6112,2023-06,73
6112,2023-07,44
6112,2023-08,36
6112,2023-09,36
6112,2023-10,27
6112,2023-11,29
6112,2023-12,23
6112,2024-01,58
6112,2024-02,78
6112,2024-03,60
6112,2024-04,73
6112,2024-05,51
6112,2024-06,53
6112,2024-07,26
6112,2024-08,35
6112,2024-09,16
6112,2024-10,34
6112,2024-11,29
6112,2024-12,38
6112,2025-01,80
6112,2025-02,58
6112,2025-03,68
6112,2025-04,52
6112,2025-05,77
6112,2025-06,28
6112,2025-07,18
6112,2025-08,30
6112,2025-09,33
6112,2025-10,16
6112,2025-11,29
6112,2025-12,47
6113,2020-01,198
6113,2020-02,231
6113,2020-03,110
6113,2020-04,88
6113,2020-05,70
6113,2020-06,54
6113,2020-07,34
6113,2020-08,49
6113,2020-09,62
6113,2020-10,67
6113,2020-11,55
6113,2020-12,97
6113,2021-01,184
6113,2021-02,181
6113,2021-03,173
6113,2021-04,118
6113,2021-05,110
6113,2021-06,78
6113,2021-07,41
6113,2021-08,73
6113,2021-09,75
6113,2021-10,73
6113,2021-11,58
6113,2021-12,128
6113,2022-01,248
6113,2022-02,320
6113,2022-03,317
6113,2022-04,214
6113,2022-05,219
6113,2022-06,106
6113,2022-07,75
6113,2022-08,98
6113,2022-09,79
6113,2022-10,93
6113,2022-11,81
6113,2022-12,153
6113,2023-01,310
6113,2023-02,245
6113,2023-03,262
6113,2023-04,179
6113,2023-05,215
6113,2023-06,112
6113,2023-07,73
6113,2023-08,94
6113,2023-09,77
6113,2023-10,78
6113,2023-11,81
6113,2023-12,129
6113,2024-01,285
6113,2024-02,318
6113,2024-03,238
6113,2024-04,187
6113,2024-05,132
6113,2024-06,57
6113,2024-07,44
6113,2024-08,74
6113,2024-09,68
6113,2024-10,64
6113,2024-11,77
6113,2024-12,135
6113,2025-01,286
6113,2025-02,220
6113,2025-03,201
6113,2025-04,121
6113,2025-05,83
6113,2025-06,57
6113,2025-07,43
6113,2025-08,55
6113,2025-09,79
6113,2025-10,64
6113,2025-11,86
6113,2025-12,185
6121,2020-01,29
6121,2020-02,27
6121,2020-03,44
6121,2020-04,27
6121,2020-05,20
6121,2020-06,24
6121,2020-07,17
6121,2020-08,18
6121,2020-09,21
6121,2020-10,14
6121,2020-11,15
6121,2020-12,22
6121,2021-01,22
6121,2021-02,20
6121,2021-03,53
6121,2021-04,32
6121,2021-05,22
6121,2021-06,18
6121,2021-07,31
6121,2021-08,28
6121,2021-09,33
6121,2021-10,30
6121,2021-11,42
6121,2021-12,34
6121,2022-01,37
6121,2022-02,35
6121,2022-03,34
6121,2022-04,30
6121,2022-05,20
6121,2022-06,27
6121,2022-07,26
6121,2022-08,31
6121,2022-09,37
6121,2022-10,23
6121,2022-11,41
6121,2022-12,30
6121,2023-01,45
6121,2023-02,34
6121,2023-03,34
6121,2023-04,19
6121,2023-05,31
6121,2023-06,22
6121,2023-07,24
6121,2023-08,23
6121,2023-09,29
6121,2023-10,27
6121,2023-11,15
6121,2023-12,17
6121,2024-01,22
6121,2024-02,30
6121,2024-03,31
6121,2024-04,31
6121,2024-05,15
6121,2024-06,19
6121,2024-07,10
6121,2024-08,26
6121,2024-09,24
6121,2024-10,17
6121,2024-11,16
6121,2024-12,21
6121,2025-01,30
6121,2025-02,19
6121,2025-03,38
6121,2025-04,26
6121,2025-05,17
6121,2025-06,11
6121,2025-07,19
6121,2025-08,30
6121,2025-09,25
6121,2025-10,22
6121,2025-11,21
6121,2025-12,22
6122,2020-01,19
6122,2020-02,7
6122,2020-03,8
6122,2020-04,2
6122,2020-05,3
6122,2020-06,3
6122,2020-07,3
6122,2020-08,11
6122,2020-09,8
6122,2020-10,7
6122,2020-11,4
6122,2020-12,3
6122,2021-01,8
6122,2021-02,7
6122,2021-03,8
6122,2021-04,7
6122,2021-05,9
6122,2021-06,10
6122,2021-07,9
6122,2021-08,19
6122,2021-09,16
6122,2021-10,23
6122,2021-11,16
6122,2021-12,7
6122,2022-01,12
6122,2022-02,14
6122,2022-03,20
6122,2022-04,19
6122,2022-05,15
6122,2022-06,16
6122,2022-07,14
6122,2022-08,22
6122,2022-09,13
6122,2022-10,17
6122,2022-11,15
6122,2022-12,10
6122,2023-01,18
6122,2023-02,12
6122,2023-03,17
6122,2023-04,17
6122,2023-05,19
6122,2023-06,14
6122,2023-07,9
6122,2023-08,18
6122,2023-09,15
6122,2023-10,14
6122,2023-11,17
6122,2023-12,10
6122,2024-01,19
6122,2024-02,20
6122,2024-03,12
6122,2024-04,17
6122,2024-05,9
6122,2024-06,7
6122,2024-07,9
6122,2024-08,13
6122,2024-09,23
6122,2024-10,14
6122,2024-11,10
6122,2024-12,7
6122,2025-01,16
6122,2025-02,18
6122,2025-03,15
6122,2025-04,7
6122,2025-05,11
6122,2025-06,16
6122,2025-07,5
6122,2025-08,15
6122,2025-09,18
6122,2025-10,19
6122,2025-11,6
6122,2025-12,16
6129,2020-01,16
6129,2020-02,16
6129,2020-03,9
6129,2020-04,4
6129,2020-05,6
6129,2020-06,3
6129,2020-07,9
6129,2020-08,12
6129,2020-09,8
6129,2020-10,12
6129,2020-11,10
6129,2020-12,11
6129,2021-01,11
6129,2021-02,11
6129,2021-03,12
6129,2021-04,5
6129,2021-05,10
6129,2021-06,7
6129,2021-07,9
6129,2021-08,9
6129,2021-09,22
6129,2021-10,12
6129,2021-11,10
6129,2021-12,18
6129,2022-01,13
6129,2022-02,22
6129,2022-03,18
6129,2022-04,15
6129,2022-05,9
6129,2022-06,11
6129,2022-07,13
6129,2022-08,14
6129,2022-09,15
6129,2022-10,14
6129,2022-11,16
6129,2022-12,10
6129,2023-01,19
6129,2023-02,12
6129,2023-03,15
6129,2023-04,8
6129,2023-05,12
6129,2023-06,9
6129,2023-08,14
6129,2023-09,9
6129,2023-10,11
6129,2023-11,8
6129,2023-12,11
6129,2024-01,18
6129,2024-02,16
6129,2024-03,12
6129,2024-04,15
6129,2024-05,12
6129,2024-06,6
6129,2024-07,7
6129,2024-08,15
6129,2024-09,16
6129,2024-10,17
6129,2024-11,7
6129,2024-12,9
6129,2025-01,8
6129,2025-02,14
6129,2025-03,12
6129,2025-04,20
6129,2025-05,8
6129,2025-06,10
6129,2025-07,6
6129,2025-08,14
6129,2025-09,17
6129,2025-10,10
6129,2025-11,8
6129,2025-12,6
6130,2020-01,5
6130,2020-02,10
6130,2020-03,9
6130,2020-04,4
6130,2020-05,2
6130,2020-06,3
6130,2020-07,2
6130,2020-08,7
6130,2020-09,4
6130,2020-10,12
6130,2020-11,8
6130,2020-12,5
6130,2021-01,3
6130,2021-02,5
6130,2021-03,8
6130,2021-04,8
6130,2021-05,9
6130,2021-06,10
6130,2021-07,3
6130,2021-08,7
6130,2021-09,5
6130,2021-10,5
6130,2021-11,9
6130,2021-12,10
6130,2022-01,8
6130,2022-02,11
6130,2022-03,6
6130,2022-04,12
6130,2022-05,7
6130,2022-06,10
6130,2022-07,5
6130,2022-08,4
6130,2022-09,6
6130,2022-10,3
6130,2022-11,2
6130,2022-12,2
6130,2023-01,6
6130,2023-02,8
6130,2023-03,8
6130,2023-04,5
6130,2023-05,9
6130,2023-06,5
6130,2023-07,3
6130,2023-08,5
6130,2023-09,2
6130,2023-10,4
6130,2023-11,8
6130,2023-12,2
6130,2024-01,7
6130,2024-02,7
6130,2024-03,5
6130,2024-04,9
6130,2024-05,7
6130,2024-06,12
6130,2024-07,4
6130,2024-08,10
6130,2024-09,4
6130,2024-10,5
6130,2024-11,10
6130,2024-12,5
6130,2025-01,12
6130,2025-02,6
6130,2025-03,6
6130,2025-04,5
6130,2025-05,2
6130,2025-06,1
6130,2025-07,5
6130,2025-08,3
6130,2025-09,7
6130,2025-10,2
6130,2025-11,7
6130,2025-12,2
6210,2020-01,15
6210,2020-02,21
6210,2020-03,35
6210,2020-04,65
6210,2020-05,64
6210,2020-06,20
6210,2020-07,7
6210,2020-08,17
6210,2020-09,12
6210,2020-10,16
6210,2020-11,24
6210,2020-12,23
6210,2021-01,20
6210,2021-02,18
6210,2021-03,33
6210,2021-04,25
6210,2021-05,28
6210,2021-06,14
6210,2021-07,15
6210,2021-08,12
6210,2021-09,12
6210,2021-10,12
6210,2021-11,31
6210,2021-12,34
6210,2022-01,29
6210,2022-02,47
6210,2022-03,54
6210,2022-04,27
6210,2022-05,32
6210,2022-06,26
6210,2022-07,26
6210,2022-08,24
6210,2022-09,17
6210,2022-10,23
6210,2022-11,31
6210,2022-12,13
6210,2023-01,37
6210,2023-02,31
6210,2023-03,38
6210,2023-04,27
6210,2023-05,24
6210,2023-06,17
6210,2023-07,25
6210,2023-08,33
6210,2023-09,20
6210,2023-10,21
6210,2023-11,20
6210,2023-12,31
6210,2024-01,39
6210,2024-02,45
6210,2024-03,40
6210,2024-04,38
6210,2024-05,23
6210,2024-06,31
6210,2024-07,15
6210,2024-08,22
6210,2024-09,26
6210,2024-10,39
6210,2024-11,21
6210,2024-12,36
6210,2025-01,45
6210,2025-02,36
6210,2025-03,45
6210,2025-04,22
6210,2025-05,21
6210,2025-06,13
6210,2025-07,18
6210,2025-08,24
6210,2025-09,22
6210,2025-10,41
6210,2025-11,29
6210,2025-12,18
6221,2020-01,3
6221,2020-02,1
6221,2020-03,2
6221,2020-04,6
6221,2020-05,1
6221,2020-08,1
6221,2020-09,1
6221,2020-11,2
6221,2020-12,1
6221,2021-01,1
6221,2021-02,5
6221,2021-03,2
6221,2021-07,1
6221,2021-09,2
6221,2021-10,1
6221,2022-01,1
6221,2022-02,1
6221,2022-03,4
6221,2022-04,2
6221,2022-05,3
6221,2022-06,1
6221,2022-07,2
6221,2022-08,4
6221,2022-10,1
6221,2022-11,1
6221,2022-12,5
6221,2023-02,2
6221,2023-03,3
6221,2023-04,3
6221,2023-05,3
6221,2023-06,1
6221,2023-07,2
6221,2023-08,3
6221,2023-10,2
6221,2023-11,1
6221,2023-12,1
6221,2024-01,1
6221,2024-02,7
6221,2024-03,4
6221,2024-04,1
6221,2024-05,4
6221,2024-06,3
6221,2024-07,1
6221,2024-08,1
6221,2024-10,2
6221,2024-11,4
6221,2024-12,1
6221,2025-01,3
6221,2025-02,2
6221,2025-03,2
6221,2025-04,5
6221,2025-05,4
6221,2025-07,2
6221,2025-08,3
6221,2025-09,4
6221,2025-10,3
6221,2025-11,2
6222,2020-02,1
6222,2020-09,1
6222,2021-03,1
6222,2021-08,1
6222,2022-01,3
6222,2022-05,2
6222,2022-11,1
6222,2023-01,3
6222,2023-02,1
6222,2023-04,1
6222,2023-11,1
6222,2024-03,1
6222,2024-07,1
6222,2024-08,1
6222,2025-08,1
7111,2020-01,265
7111,2020-02,296
7111,2020-03,268
7111,2020-04,211
7111,2020-05,189
7111,2020-06,257
7111,2020-07,164
7111,2020-08,239
7111,2020-09,313
7111,2020-10,274
7111,2020-11,268
7111,2020-12,202
7111,2021-01,290
7111,2021-02,262
7111,2021-03,378
7111,2021-04,554
7111,2021-05,517
7111,2021-06,446
7111,2021-07,335
7111,2021-08,420
7111,2021-09,503
7111,2021-10,484
7111,2021-11,424
7111,2021-12,350
7111,2022-01,486
7111,2022-02,511
7111,2022-03,554
7111,2022-04,561
7111,2022-05,621
7111,2022-06,503
7111,2022-07,356
7111,2022-08,509
7111,2022-09,592
7111,2022-10,509
7111,2022-11,362
7111,2022-12,297
7111,2023-01,300
7111,2023-02,326
7111,2023-03,315
7111,2023-04,271
7111,2023-05,336
7111,2023-06,230
7111,2023-07,162
7111,2023-08,198
7111,2023-09,183
7111,2023-10,188
7111,2023-11,109
7111,2023-12,88
7111,2024-01,117
7111,2024-02,112
7111,2024-03,129
7111,2024-04,183
7111,2024-05,219
7111,2024-06,154
7111,2024-07,143
7111,2024-08,211
7111,2024-09,165
7111,2024-10,202
7111,2024-11,141
7111,2024-12,86
7111,2025-01,142
7111,2025-02,116
7111,2025-03,161
7111,2025-04,203
7111,2025-05,247
7111,2025-06,211
7111,2025-07,151
7111,2025-08,273
7111,2025-09,276
7111,2025-10,227
7111,2025-11,180
7111,2025-12,151
7112,2020-01,42
7112,2020-02,70
7112,2020-03,45
7112,2020-04,48
7112,2020-05,32
7112,2020-06,37
7112,2020-07,34
7112,2020-08,46
7112,2020-09,55
7112,2020-10,40
7112,2020-11,42
7112,2020-12,36
7112,2021-01,54
7112,2021-02,56
7112,2021-03,58
7112,2021-04,79
7112,2021-05,84
7112,2021-06,86
7112,2021-07,54
7112,2021-08,73
7112,2021-09,82
7112,2021-10,66
7112,2021-11,75
7112,2021-12,49
7112,2022-01,70
7112,2022-02,60
7112,2022-03,81
7112,2022-04,71
7112,2022-05,86
7112,2022-06,56
7112,2022-07,48
7112,2022-08,54
7112,2022-09,61
7112,2022-10,53
7112,2022-11,35
7112,2022-12,25
7112,2023-01,28
7112,2023-02,35
7112,2023-03,35
7112,2023-04,37
7112,2023-05,54
7112,2023-06,34
7112,2023-07,18
7112,2023-08,33
7112,2023-09,27
7112,2023-10,29
7112,2023-11,18
7112,2023-12,14
7112,2024-01,36
7112,2024-02,31
7112,2024-03,27
7112,2024-04,40
7112,2024-05,41
7112,2024-06,24
7112,2024-07,20
7112,2024-08,24
7112,2024-09,33
7112,2024-10,25
7112,2024-11,18
7112,2024-12,22
7112,2025-01,29
7112,2025-02,35
7112,2025-03,38
7112,2025-04,39
7112,2025-05,45
7112,2025-06,26
7112,2025-07,22
7112,2025-08,40
7112,2025-09,39
7112,2025-10,51
7112,2025-11,55
7112,2025-12,45
7113,2020-01,91
7113,2020-02,81
7113,2020-03,120
7113,2020-04,54
7113,2020-05,56
7113,2020-06,62
7113,2020-07,49
7113,2020-08,57
7113,2020-09,57
7113,2020-10,58
7113,2020-11,59
7113,2020-12,61
7113,2021-01,66
7113,2021-02,76
7113,2021-03,120
7113,2021-04,145
7113,2021-05,170
7113,2021-06,151
7113,2021-07,131
7113,2021-08,151
7113,2021-09,195
7113,2021-10,239
7113,2021-11,167
7113,2021-12,190
7113,2022-01,220
7113,2022-02,211
7113,2022-03,266
7113,2022-04,283
7113,2022-05,257
7113,2022-06,229
7113,2022-07,175
7113,2022-08,213
7113,2022-09,248
7113,2022-10,180
7113,2022-11,157
7113,2022-12,110
7113,2023-01,126
7113,2023-02,135
7113,2023-03,150
7113,2023-04,83
7113,2023-05,92
7113,2023-06,106
7113,2023-07,88
7113,2023-08,97
7113,2023-09,110
7113,2023-10,97
7113,2023-11,71
7113,2023-12,41
7113,2024-01,67
7113,2024-02,67
7113,2024-03,77
7113,2024-04,135
7113,2024-05,160
7113,2024-06,106
7113,2024-07,104
7113,2024-08,117
7113,2024-09,110
7113,2024-10,124
7113,2024-11,68
7113,2024-12,48
7113,2025-01,76
7113,2025-02,76
7113,2025-03,85
7113,2025-04,139
7113,2025-05,119
7113,2025-06,71
7113,2025-07,101
7113,2025-08,134
7113,2025-09,116
7113,2025-10,98
7113,2025-11,92
7113,2025-12,91
7114,2020-01,112
7114,2020-02,136
7114,2020-03,144
7114,2020-04,128
7114,2020-05,117
7114,2020-06,110
7114,2020-07,59
7114,2020-08,96
7114,2020-09,110
7114,2020-10,113
7114,2020-11,89
7114,2020-12,69
7114,2021-01,98
7114,2021-02,136
7114,2021-03,172
7114,2021-04,184
7114,2021-05,212
7114,2021-06,103
7114,2021-07,56
7114,2021-08,109
7114,2021-09,133
7114,2021-10,112
7114,2021-11,113
7114,2021-12,137
7114,2022-01,203
7114,2022-02,245
7114,2022-03,279
7114,2022-04,290
7114,2022-05,287
7114,2022-06,164
7114,2022-07,109
7114,2022-08,167
7114,2022-09,165
7114,2022-10,151
7114,2022-11,135
7114,2022-12,130
7114,2023-01,152
7114,2023-02,209
7114,2023-03,257
7114,2023-04,197
7114,2023-05,215
7114,2023-06,121
7114,2023-07,147
7114,2023-08,140
7114,2023-09,128
7114,2023-10,113
7114,2023-11,98
7114,2023-12,72
7114,2024-01,121
7114,2024-02,201
7114,2024-03,229
7114,2024-04,261
7114,2024-05,260
7114,2024-06,152
7114,2024-07,160
7114,2024-08,139
7114,2024-09,148
7114,2024-10,124
7114,2024-11,113
7114,2024-12,142
7114,2025-01,113
7114,2025-02,150
7114,2025-03,192
7114,2025-04,204
7114,2025-05,165
7114,2025-06,107
7114,2025-07,90
7114,2025-08,121
7114,2025-09,108
7114,2025-10,136
7114,2025-11,93
7114,2025-12,153
7115,2020-02,1
7115,2020-07,1
7115,2020-08,1
7115,2020-10,1
7115,2020-11,1
7115,2021-02,1
7115,2021-05,1
7115,2021-07,1
7115,2021-10,1
7115,2021-11,1
7115,2021-12,1
7115,2022-01,1
7115,2022-02,2
7115,2022-03,1
7115,2022-04,3
7115,2022-06,2
7115,2022-07,1
7115,2022-08,3
7115,2022-09,1
7115,2022-10,2
7115,2022-11,4
7115,2022-12,3
7115,2023-01,6
7115,2023-02,6
7115,2023-03,5
7115,2023-04,3
7115,2023-07,1
7115,2023-08,1
7115,2023-09,1
7115,2023-10,1
7115,2023-12,2
7115,2024-02,1
7115,2024-03,3
7115,2024-04,4
7115,2024-06,1
7115,2024-07,1
7115,2024-08,1
7115,2024-09,2
7115,2024-10,3
7115,2024-11,8
7115,2024-12,12
7115,2025-01,17
7115,2025-02,10
7115,2025-03,10
7115,2025-04,2
7115,2025-05,1
7115,2025-07,3
7115,2025-08,2
7115,2025-09,5
7115,2025-10,1
7116,2020-01,8
7116,2020-02,14
7116,2020-03,27
7116,2020-04,18
7116,2020-05,15
7116,2020-06,10
7116,2020-07,13
7116,2020-08,17
7116,2020-09,11
7116,2020-10,13
7116,2020-11,9
7116,2020-12,10
7116,2021-01,7
7116,2021-02,16
7116,2021-03,14
7116,2021-04,18
7116,2021-05,21
7116,2021-06,20
7116,2021-07,10
7116,2021-08,16
7116,2021-09,47
7116,2021-10,25
7116,2021-11,29
7116,2021-12,17
7116,2022-01,22
7116,2022-02,19
7116,2022-03,35
7116,2022-04,21
7116,2022-05,54
7116,2022-06,35
7116,2022-07,17
7116,2022-08,30
7116,2022-09,41
7116,2022-10,29
7116,2022-11,19
7116,2022-12,27
7116,2023-01,25
7116,2023-02,21
7116,2023-03,29
7116,2023-04,30
7116,2023-05,40
7116,2023-06,51
7116,2023-07,25
7116,2023-08,38
7116,2023-09,26
7116,2023-10,62
7116,2023-11,32
7116,2023-12,25
7116,2024-01,22
7116,2024-02,19
7116,2024-03,26
7116,2024-04,16
7116,2024-05,14
7116,2024-06,29
7116,2024-07,17
7116,2024-08,25
7116,2024-09,39
7116,2024-10,26
7116,2024-11,44
7116,2024-12,12
7116,2025-01,28
7116,2025-02,35
7116,2025-03,26
7116,2025-04,27
7116,2025-05,30
7116,2025-06,18
7116,2025-07,11
7116,2025-08,14
7116,2025-09,24
7116,2025-10,29
7116,2025-11,24
7116,2025-12,18
7119,2020-01,111
7119,2020-02,104
7119,2020-03,21
7119,2020-04,19
7119,2020-05,20
7119,2020-06,30
7119,2020-07,20
7119,2020-08,20
7119,2020-09,38
7119,2020-10,36
7119,2020-11,30
7119,2020-12,19
7119,2021-01,30
7119,2021-02,29
7119,2021-03,30
7119,2021-04,59
7119,2021-05,59
7119,2021-06,60
7119,2021-07,53
7119,2021-08,44
7119,2021-09,61
7119,2021-10,44
7119,2021-11,46
7119,2021-12,35
7119,2022-01,37
7119,2022-02,39
7119,2022-03,66
7119,2022-04,46
7119,2022-05,49
7119,2022-06,49
7119,2022-07,27
7119,2022-08,45
7119,2022-09,56
7119,2022-10,35
7119,2022-11,20
7119,2022-12,19
7119,2023-01,24
7119,2023-02,43
7119,2023-03,39
7119,2023-04,35
7119,2023-05,35
7119,2023-06,39
7119,2023-07,24
7119,2023-08,23
7119,2023-09,26
7119,2023-10,25
7119,2023-11,11
7119,2023-12,7
7119,2024-01,17
7119,2024-02,40
7119,2024-03,18
7119,2024-04,38
7119,2024-05,24
7119,2024-06,24
7119,2024-07,20
7119,2024-08,29
7119,2024-09,31
7119,2024-10,24
7119,2024-11,20
7119,2024-12,15
7119,2025-01,22
7119,2025-02,23
7119,2025-03,25
7119,2025-04,21
7119,2025-05,27
7119,2025-06,26
7119,2025-07,19
7119,2025-08,27
7119,2025-09,32
7119,2025-10,46
7119,2025-11,18
7119,2025-12,21
7121,2020-01,39
7121,2020-02,27
7121,2020-03,28
7121,2020-04,23
7121,2020-05,22
7121,2020-06,28
7121,2020-07,25
7121,2020-08,34
7121,2020-09,30
7121,2020-10,27
7121,2020-11,29
7121,2020-12,28
7121,2021-01,32
7121,2021-02,39
7121,2021-03,64
7121,2021-04,83
7121,2021-05,42
7121,2021-06,54
7121,2021-07,29
7121,2021-08,45
7121,2021-09,74
7121,2021-10,73
7121,2021-11,67
7121,2021-12,66
7121,2022-01,108
7121,2022-02,166
7121,2022-03,179
7121,2022-04,128
7121,2022-05,130
7121,2022-06,111
7121,2022-07,85
7121,2022-08,101
7121,2022-09,90
7121,2022-10,69
7121,2022-11,40
7121,2022-12,39
7121,2023-01,80
7121,2023-02,78
7121,2023-03,89
7121,2023-04,74
7121,2023-05,49
7121,2023-06,52
7121,2023-07,32
7121,2023-08,57
7121,2023-09,49
7121,2023-10,38
7121,2023-11,29
7121,2023-12,16
7121,2024-01,26
7121,2024-02,30
7121,2024-03,37
7121,2024-04,15
7121,2024-05,23
7121,2024-06,16
7121,2024-07,19
7121,2024-08,25
7121,2024-09,42
7121,2024-10,25
7121,2024-11,26
7121,2024-12,9
7121,2025-01,26
7121,2025-02,34
7121,2025-03,31
7121,2025-04,28
7121,2025-05,39
7121,2025-06,32
7121,2025-07,20
7121,2025-08,35
7121,2025-09,39
7121,2025-10,26
7121,2025-11,27
7121,2025-12,23
7122,2020-01,18
7122,2020-02,25
7122,2020-03,16
7122,2020-04,7
7122,2020-05,9
7122,2020-06,7
7122,2020-07,5
7122,2020-08,9
7122,2020-09,8
7122,2020-10,18
7122,2020-11,5
7122,2020-12,7
7122,2021-01,18
7122,2021-02,13
7122,2021-03,21
7122,2021-04,13
7122,2021-05,22
7122,2021-06,19
7122,2021-07,13
7122,2021-08,24
7122,2021-09,26
7122,2021-10,23
7122,2021-11,19
7122,2021-12,17
7122,2022-01,18
7122,2022-02,23
7122,2022-03,21
7122,2022-04,21
7122,2022-05,18
7122,2022-06,31
7122,2022-07,13
7122,2022-08,15
7122,2022-09,18
7122,2022-10,20
7122,2022-11,18
7122,2022-12,9
7122,2023-01,13
7122,2023-02,9
7122,2023-03,13
7122,2023-04,14
7122,2023-05,20
7122,2023-06,15
7122,2023-07,12
7122,2023-08,8
7122,2023-09,7
7122,2023-10,8
7122,2023-11,8
7122,2023-12,10
7122,2024-01,7
7122,2024-02,9
7122,2024-03,7
7122,2024-04,23
7122,2024-05,11
7122,2024-06,11
7122,2024-07,8
7122,2024-08,4
7122,2024-09,5
7122,2024-10,5
7122,2024-11,7
7122,2024-12,1
7122,2025-01,4
7122,2025-02,7
7122,2025-03,7
7122,2025-04,9
7122,2025-05,14
7122,2025-06,4
7122,2025-07,8
7122,2025-08,15
7122,2025-09,12
7122,2025-10,17
7122,2025-11,13
7122,2025-12,27
7123,2020-01,11
7123,2020-02,12
7123,2020-03,7
7123,2020-04,6
7123,2020-05,6
7123,2020-06,6
7123,2020-07,3
7123,2020-08,6
7123,2020-09,3
7123,2020-10,14
7123,2020-11,5
7123,2020-12,7
7123,2021-01,5
7123,2021-02,4
7123,2021-03,7
7123,2021-04,6
7123,2021-05,9
7123,2021-06,8
7123,2021-07,8
7123,2021-08,9
7123,2021-09,15
7123,2021-10,18
7123,2021-11,12
7123,2021-12,3
7123,2022-01,3
7123,2022-02,11
7123,2022-03,12
7123,2022-04,12
7123,2022-05,14
7123,2022-06,8
7123,2022-07,7
7123,2022-08,24
7123,2022-09,27
7123,2022-10,16
7123,2022-11,9
7123,2022-12,10
7123,2023-01,13
7123,2023-02,20
7123,2023-03,18
7123,2023-04,15
7123,2023-05,19
7123,2023-06,20
7123,2023-07,11
7123,2023-08,14
7123,2023-09,9
7123,2023-10,8
7123,2023-11,15
7123,2023-12,4
7123,2024-01,7
7123,2024-02,4
7123,2024-03,3
7123,2024-04,7
7123,2024-05,12
7123,2024-06,12
7123,2024-07,13
7123,2024-08,25
7123,2024-09,21
7123,2024-10,19
7123,2024-11,10
7123,2024-12,4
7123,2025-01,3
7123,2025-02,8
7123,2025-03,7
7123,2025-04,9
7123,2025-05,10
7123,2025-06,11
7123,2025-07,12
7123,2025-08,16
7123,2025-09,11
7123,2025-10,8
7123,2025-11,4
7123,2025-12,6
7124,2020-01,7
7124,2020-02,19
7124,2020-03,15
7124,2020-04,14
7124,2020-05,15
7124,2020-06,10
7124,2020-07,5
7124,2020-08,12
7124,2020-09,19
7124,2020-10,8
7124,2020-11,9
7124,2020-12,9
7124,2021-01,9
7124,2021-02,14
7124,2021-03,13
7124,2021-04,41
7124,2021-05,25
7124,2021-06,27
7124,2021-07,8
7124,2021-08,14
7124,2021-09,16
7124,2021-10,19
7124,2021-11,24
7124,2021-12,18
7124,2022-01,31
7124,2022-02,27
7124,2022-03,32
7124,2022-04,45
7124,2022-05,30
7124,2022-06,22
7124,2022-07,10
7124,2022-08,42
7124,2022-09,26
7124,2022-10,21
7124,2022-11,21
7124,2022-12,15
7124,2023-01,30
7124,2023-02,28
7124,2023-03,25
7124,2023-04,27
7124,2023-05,15
7124,2023-06,11
7124,2023-07,4
7124,2023-08,18
7124,2023-09,22
7124,2023-10,23
7124,2023-11,19
7124,2023-12,16
7124,2024-01,31
7124,2024-02,15
7124,2024-03,39
7124,2024-04,21
7124,2024-05,13
7124,2024-06,9
7124,2024-07,11
7124,2024-08,21
7124,2024-09,13
7124,2024-10,13
7124,2024-11,14
7124,2024-12,20
7124,2025-01,24
7124,2025-02,25
7124,2025-03,43
7124,2025-04,15
7124,2025-05,5
7124,2025-06,8
7124,2025-07,10
7124,2025-08,15
7124,2025-09,18
7124,2025-10,6
7124,2025-11,11
7124,2025-12,7
7125,2020-01,142
7125,2020-02,157
7125,2020-03,131
7125,2020-04,80
7125,2020-05,56
7125,2020-06,82
7125,2020-07,73
7125,2020-08,110
7125,2020-09,170
7125,2020-10,189
7125,2020-11,172
7125,2020-12,180
7125,2021-01,158
7125,2021-02,92
7125,2021-03,122
7125,2021-04,125
7125,2021-05,159
7125,2021-06,178
7125,2021-07,77
7125,2021-08,132
7125,2021-09,206
7125,2021-10,225
7125,2021-11,220
7125,2021-12,170
7125,2022-01,211
7125,2022-02,214
7125,2022-03,218
7125,2022-04,215
7125,2022-05,217
7125,2022-06,149
7125,2022-07,124
7125,2022-08,246
7125,2022-09,193
7125,2022-10,234
7125,2022-11,191
7125,2022-12,165
7125,2023-01,214
7125,2023-02,146
7125,2023-03,204
7125,2023-04,168
7125,2023-05,203
7125,2023-06,200
7125,2023-07,108
7125,2023-08,149
7125,2023-09,153
7125,2023-10,166
7125,2023-11,144
7125,2023-12,131
7125,2024-01,148
7125,2024-02,128
7125,2024-03,140
7125,2024-04,110
7125,2024-05,103
7125,2024-06,84
7125,2024-07,70
7125,2024-08,106
7125,2024-09,105
7125,2024-10,112
7125,2024-11,127
7125,2024-12,99
7125,2025-01,140
7125,2025-02,117
7125,2025-03,132
7125,2025-04,120
7125,2025-05,149
7125,2025-06,107
7125,2025-07,77
7125,2025-08,141
7125,2025-09,163
7125,2025-10,157
7125,2025-11,122
7125,2025-12,102
7126,2020-01,19
7126,2020-02,34
7126,2020-03,18
7126,2020-04,10
7126,2020-05,10
7126,2020-06,9
7126,2020-07,18
7126,2020-08,23
7126,2020-09,27
7126,2020-10,32
7126,2020-11,27
7126,2020-12,40
7126,2021-01,32
7126,2021-02,30
7126,2021-03,37
7126,2021-04,31
7126,2021-05,24
7126,2021-06,44
7126,2021-07,32
7126,2021-08,28
7126,2021-09,53
7126,2021-10,54
7126,2021-11,76
7126,2021-12,68
7126,2022-01,82
7126,2022-02,69
7126,2022-03,67
7126,2022-04,50
7126,2022-05,59
7126,2022-06,57
7126,2022-07,34
7126,2022-08,74
7126,2022-09,176
7126,2022-10,51
7126,2022-11,43
7126,2022-12,61
7126,2023-01,37
7126,2023-02,77
7126,2023-03,86
7126,2023-04,83
7126,2023-05,136
7126,2023-06,112
7126,2023-07,114
7126,2023-08,120
7126,2023-09,151
7126,2023-10,133
7126,2023-11,91
7126,2023-12,62
7126,2024-01,75
7126,2024-02,88
7126,2024-03,84
7126,2024-04,98
7126,2024-05,77
7126,2024-06,45
7126,2024-07,19
7126,2024-08,60
7126,2024-09,58
7126,2024-10,51
7126,2024-11,38
7126,2024-12,55
7126,2025-01,52
7126,2025-02,37
7126,2025-03,43
7126,2025-04,43
7126,2025-05,31
7126,2025-06,39
7126,2025-07,17
7126,2025-08,30
7126,2025-09,33
7126,2025-10,53
7126,2025-11,33
7126,2025-12,32
7131,2020-01,53
7131,2020-02,57
7131,2020-03,57
7131,2020-04,38
7131,2020-05,55
7131,2020-06,60
7131,2020-07,33
7131,2020-08,64
7131,2020-09,46
7131,2020-10,53
7131,2020-11,40
7131,2020-12,34
7131,2021-01,59
7131,2021-02,56
7131,2021-03,88
7131,2021-04,90
7131,2021-05,93
7131,2021-06,99
7131,2021-07,54
7131,2021-08,83
7131,2021-09,96
7131,2021-10,57
7131,2021-11,74
7131,2021-12,47
7131,2022-01,86
7131,2022-02,85
7131,2022-03,111
7131,2022-04,135
7131,2022-05,163
7131,2022-06,101
7131,2022-07,70
7131,2022-08,85
7131,2022-09,79
7131,2022-10,104
7131,2022-11,95
7131,2022-12,31
7131,2023-01,55
7131,2023-02,56
7131,2023-03,74
7131,2023-04,72
7131,2023-05,82
7131,2023-06,81
7131,2023-07,80
7131,2023-08,55
7131,2023-09,38
7131,2023-10,24
7131,2023-11,23
7131,2023-12,15
7131,2024-01,32
7131,2024-02,37
7131,2024-03,48
7131,2024-04,62
7131,2024-05,77
7131,2024-06,61
7131,2024-07,37
7131,2024-08,38
7131,2024-09,43
7131,2024-10,28
7131,2024-11,13
7131,2024-12,23
7131,2025-01,38
7131,2025-02,34
7131,2025-03,28
7131,2025-04,52
7131,2025-05,44
7131,2025-06,48
7131,2025-07,25
7131,2025-08,55
7131,2025-09,60
7131,2025-10,37
7131,2025-11,25
7131,2025-12,26
7132,2020-01,50
7132,2020-02,48
7132,2020-03,47
7132,2020-04,24
7132,2020-05,14
7132,2020-06,40
7132,2020-07,27
7132,2020-08,48
7132,2020-09,71
7132,2020-10,51
7132,2020-11,47
7132,2020-12,44
7132,2021-01,51
7132,2021-02,68
7132,2021-03,82
7132,2021-04,58
7132,2021-05,57
7132,2021-06,74
7132,2021-07,58
7132,2021-08,73
7132,2021-09,79
7132,2021-10,74
7132,2021-11,60
7132,2021-12,64
7132,2022-01,65
7132,2022-02,108
7132,2022-03,101
7132,2022-04,103
7132,2022-05,100
7132,2022-06,76
7132,2022-07,67
7132,2022-08,96
7132,2022-09,90
7132,2022-10,68
7132,2022-11,89
7132,2022-12,76
7132,2023-01,91
7132,2023-02,87
7132,2023-03,85
7132,2023-04,75
7132,2023-05,84
7132,2023-06,50
7132,2023-07,86
7132,2023-08,126
7132,2023-09,95
7132,2023-10,90
7132,2023-11,63
7132,2023-12,43
7132,2024-01,72
7132,2024-02,133
7132,2024-03,101
7132,2024-04,86
7132,2024-05,78
7132,2024-06,77
7132,2024-07,65
7132,2024-08,114
7132,2024-09,83
7132,2024-10,83
7132,2024-11,90
7132,2024-12,88
7132,2025-01,130
7132,2025-02,116
7132,2025-03,99
7132,2025-04,85
7132,2025-05,59
7132,2025-06,47
7132,2025-07,33
7132,2025-08,91
7132,2025-09,79
7132,2025-10,92
7132,2025-11,72
7132,2025-12,54
7133,2020-01,5
7133,2020-02,66
7133,2020-03,52
7133,2020-04,16
7133,2020-05,13
7133,2020-06,37
7133,2020-07,29
7133,2020-08,33
7133,2020-09,41
7133,2020-10,47
7133,2020-11,33
7133,2020-12,32
7133,2021-01,20
7133,2021-02,5
7133,2021-03,6
7133,2021-04,1
7133,2021-05,5
7133,2021-06,6
7133,2021-08,5
7133,2021-09,4
7133,2021-10,1
7133,2021-11,7
7133,2021-12,6
7133,2022-01,5
7133,2022-02,9
7133,2022-03,5
7133,2022-04,4
7133,2022-05,7
7133,2022-06,3
7133,2022-08,4
7133,2022-09,6
7133,2022-10,4
7133,2022-11,2
7133,2022-12,5
7133,2023-01,8
7133,2023-02,2
7133,2023-03,7
7133,2023-04,2
7133,2023-05,9
7133,2023-06,4
7133,2023-07,2
7133,2023-08,6
7133,2023-09,8
7133,2023-10,4
7133,2023-11,3
7133,2023-12,3
7133,2024-01,4
7133,2024-02,3
7133,2024-03,2
7133,2024-04,2
7133,2024-05,4
7133,2024-06,12
7133,2024-07,2
7133,2024-08,3
7133,2024-09,3
7133,2024-10,16
7133,2024-11,1
7133,2024-12,2
7133,2025-01,1
7133,2025-02,1
7133,2025-03,2
7133,2025-04,1
7133,2025-05,2
7133,2025-06,2
7133,2025-07,1
7133,2025-08,2
7133,2025-09,9
7133,2025-10,4
7133,2025-12,2
7134,2020-01,65
7134,2020-02,71
7134,2020-03,56
7134,2020-04,26
7134,2020-05,20
7134,2020-06,55
7134,2020-07,27
7134,2020-08,31
7134,2020-09,40
7134,2020-10,46
7134,2020-11,41
7134,2020-12,37
7134,2021-01,39
7134,2021-02,40
7134,2021-03,49
7134,2021-04,80
7134,2021-05,88
7134,2021-06,61
7134,2021-07,34
7134,2021-08,47
7134,2021-09,69
7134,2021-10,66
7134,2021-11,75
7134,2021-12,64
7134,2022-01,75
7134,2022-02,101
7134,2022-03,128
7134,2022-04,91
7134,2022-05,145
7134,2022-06,81
7134,2022-07,50
7134,2022-08,94
7134,2022-09,103
7134,2022-10,90
7134,2022-11,73
7134,2022-12,89
7134,2023-01,109
7134,2023-02,67
7134,2023-03,133
7134,2023-04,92
7134,2023-05,97
7134,2023-06,61
7134,2023-07,38
7134,2023-08,86
7134,2023-09,38
7134,2023-10,48
7134,2023-11,43
7134,2023-12,49
7134,2024-01,57
7134,2024-02,60
7134,2024-03,57
7134,2024-04,75
7134,2024-05,44
7134,2024-06,37
7134,2024-07,21
7134,2024-08,49
7134,2024-09,55
7134,2024-10,39
7134,2024-11,44
7134,2024-12,35
7134,2025-01,70
7134,2025-02,96
7134,2025-03,91
7134,2025-04,76
7134,2025-05,57
7134,2025-06,48
7134,2025-07,38
7134,2025-08,41
7134,2025-09,46
7134,2025-10,54
7134,2025-11,51
7134,2025-12,41
7211,2020-01,6
7211,2020-02,4
7211,2020-03,4
7211,2020-04,6
7211,2020-05,2
7211,2020-06,2
7211,2020-07,2
7211,2020-08,6
7211,2020-09,7
7211,2020-10,13
7211,2020-11,13
7211,2020-12,10
7211,2021-01,13
7211,2021-02,5
7211,2021-03,13
7211,2021-04,17
7211,2021-05,16
7211,2021-06,22
7211,2021-07,14
7211,2021-08,23
7211,2021-09,16
7211,2021-10,12
7211,2021-11,19
7211,2021-12,16
7211,2022-01,19
7211,2022-02,13
7211,2022-03,34
7211,2022-04,22
7211,2022-05,35
7211,2022-06,19
7211,2022-07,25
7211,2022-08,24
7211,2022-09,17
7211,2022-10,20
7211,2022-11,11
7211,2022-12,2
7211,2023-01,4
7211,2023-02,4
7211,2023-03,3
7211,2023-04,2
7211,2023-05,6
7211,2023-06,5
7211,2023-07,3
7211,2023-08,4
7211,2023-09,5
7211,2023-10,8
7211,2023-11,16
7211,2023-12,23
7211,2024-01,22
7211,2024-02,19
7211,2024-03,24
7211,2024-04,18
7211,2024-05,17
7211,2024-06,8
7211,2024-07,5
7211,2024-08,6
7211,2024-09,9
7211,2024-10,14
7211,2024-11,15
7211,2024-12,22
7211,2025-01,34
7211,2025-02,14
7211,2025-03,19
7211,2025-04,12
7211,2025-05,8
7211,2025-06,4
7211,2025-07,6
7211,2025-08,9
7211,2025-09,3
7211,2025-10,3
7211,2025-11,5
7211,2025-12,3
7212,2020-01,193
7212,2020-02,176
7212,2020-03,155
7212,2020-04,78
7212,2020-05,85
7212,2020-06,123
7212,2020-07,86
7212,2020-08,165
7212,2020-09,269
7212,2020-10,225
7212,2020-11,192
7212,2020-12,190
7212,2021-01,246
7212,2021-02,298
7212,2021-03,334
7212,2021-04,346
7212,2021-05,323
7212,2021-06,428
7212,2021-07,292
7212,2021-08,319
7212,2021-09,456
7212,2021-10,511
7212,2021-11,413
7212,2021-12,357
7212,2022-01,384
7212,2022-02,438
7212,2022-03,504
7212,2022-04,410
7212,2022-05,494
7212,2022-06,355
7212,2022-07,271
7212,2022-08,462
7212,2022-09,466
7212,2022-10,490
7212,2022-11,518
7212,2022-12,531
7212,2023-01,556
7212,2023-02,465
7212,2023-03,640
7212,2023-04,523
7212,2023-05,742
7212,2023-06,798
7212,2023-07,366
7212,2023-08,467
7212,2023-09,329
7212,2023-10,331
7212,2023-11,276
7212,2023-12,290
7212,2024-01,365
7212,2024-02,314
7212,2024-03,336
7212,2024-04,351
7212,2024-05,342
7212,2024-06,255
7212,2024-07,205
7212,2024-08,287
7212,2024-09,266
7212,2024-10,268
7212,2024-11,250
7212,2024-12,190
7212,2025-01,242
7212,2025-02,227
7212,2025-03,248
7212,2025-04,282
7212,2025-05,260
7212,2025-06,190
7212,2025-07,126
7212,2025-08,225
7212,2025-09,287
7212,2025-10,265
7212,2025-11,218
7212,2025-12,190
7213,2020-01,21
7213,2020-02,17
7213,2020-03,21
7213,2020-04,13
7213,2020-05,11
7213,2020-06,8
7213,2020-07,10
7213,2020-08,12
7213,2020-09,24
7213,2020-10,36
7213,2020-11,38
7213,2020-12,26
7213,2021-01,17
7213,2021-02,30
7213,2021-03,49
7213,2021-04,32
7213,2021-05,25
7213,2021-06,23
7213,2021-07,11
7213,2021-08,14
7213,2021-09,23
7213,2021-10,21
7213,2021-11,25
7213,2021-12,9
7213,2022-01,19
7213,2022-02,26
7213,2022-03,24
7213,2022-04,22
7213,2022-05,34
7213,2022-06,40
7213,2022-07,39
7213,2022-08,35
7213,2022-09,26
7213,2022-10,19
7213,2022-11,17
7213,2022-12,20
7213,2023-01,25
7213,2023-02,22
7213,2023-03,25
7213,2023-04,23
7213,2023-05,24
7213,2023-06,18
7213,2023-07,9
7213,2023-08,20
7213,2023-09,30
7213,2023-10,18
7213,2023-11,25
7213,2023-12,16
7213,2024-01,22
7213,2024-02,38
7213,2024-03,35
7213,2024-04,19
7213,2024-05,25
7213,2024-06,29
7213,2024-07,9
7213,2024-08,22
7213,2024-09,30
7213,2024-10,23
7213,2024-11,30
7213,2024-12,17
7213,2025-01,32
7213,2025-02,21
7213,2025-03,9
7213,2025-04,21
7213,2025-05,28
7213,2025-06,20
7213,2025-07,20
7213,2025-08,29
7213,2025-09,25
7213,2025-10,25
7213,2025-11,25
7213,2025-12,12
7214,2020-01,42
7214,2020-02,48
7214,2020-03,35
7214,2020-04,18
7214,2020-05,19
7214,2020-06,36
7214,2020-07,10
7214,2020-08,39
7214,2020-09,36
7214,2020-10,31
7214,2020-11,32
7214,2020-12,28
7214,2021-01,24
7214,2021-02,33
7214,2021-03,36
7214,2021-04,29
7214,2021-05,19
7214,2021-06,28
7214,2021-07,20
7214,2021-08,42
7214,2021-09,52
7214,2021-10,26
7214,2021-11,64
7214,2021-12,58
7214,2022-01,54
7214,2022-02,72
7214,2022-03,57
7214,2022-04,65
7214,2022-05,83
7214,2022-06,56
7214,2022-07,26
7214,2022-08,45
7214,2022-09,65
7214,2022-10,59
7214,2022-11,55
7214,2022-12,57
7214,2023-01,61
7214,2023-02,64
7214,2023-03,66
7214,2023-04,64
7214,2023-05,88
7214,2023-06,67
7214,2023-07,79
7214,2023-08,99
7214,2023-09,102
7214,2023-10,76
7214,2023-11,111
7214,2023-12,87
7214,2024-01,89
7214,2024-02,200
7214,2024-03,70
7214,2024-04,122
7214,2024-05,161
7214,2024-06,92
7214,2024-07,68
7214,2024-08,74
7214,2024-09,79
7214,2024-10,72
7214,2024-11,61
7214,2024-12,57
7214,2025-01,79
7214,2025-02,69
7214,2025-03,58
7214,2025-04,89
7214,2025-05,63
7214,2025-06,25
7214,2025-07,53
7214,2025-08,65
7214,2025-09,78
7214,2025-10,87
7214,2025-11,52
7214,2025-12,34
7215,2020-01,8
7215,2020-02,6
7215,2020-03,6
7215,2020-04,2
7215,2020-06,3
7215,2020-08,2
7215,2020-09,5
7215,2020-10,1
7215,2020-11,4
7215,2020-12,1
7215,2021-01,3
7215,2021-02,4
7215,2021-03,7
7215,2021-04,9
7215,2021-05,7
7215,2021-06,8
7215,2021-07,4
7215,2021-08,9
7215,2021-09,16
7215,2021-10,13
7215,2021-11,16
7215,2021-12,15
7215,2022-01,20
7215,2022-02,32
7215,2022-03,49
7215,2022-04,31
7215,2022-05,23
7215,2022-06,19
7215,2022-07,2
7215,2022-08,14
7215,2022-09,11
7215,2022-10,8
7215,2022-11,13
7215,2022-12,6
7215,2023-01,9
7215,2023-02,10
7215,2023-03,21
7215,2023-04,14
7215,2023-05,22
7215,2023-06,19
7215,2023-07,8
7215,2023-08,14
7215,2023-09,11
7215,2023-10,12
7215,2023-11,7
7215,2023-12,5
7215,2024-01,7
7215,2024-02,13
7215,2024-03,9
7215,2024-04,14
7215,2024-05,20
7215,2024-06,14
7215,2024-07,11
7215,2024-08,7
7215,2024-09,16
7215,2024-10,16
7215,2024-11,7
7215,2024-12,20
7215,2025-01,11
7215,2025-02,10
7215,2025-03,13
7215,2025-04,16
7215,2025-05,8
7215,2025-06,8
7215,2025-07,2
7215,2025-08,5
7215,2025-09,5
7215,2025-10,10
7215,2025-11,8
7215,2025-12,11
7221,2020-01,6
7221,2020-02,3
7221,2020-03,6
7221,2020-04,7
7221,2020-05,8
7221,2020-06,6
7221,2020-07,4
7221,2020-08,12
7221,2020-09,20
7221,2020-10,8
7221,2020-11,10
7221,2020-12,6
7221,2021-01,4
7221,2021-02,4
7221,2021-03,10
7221,2021-04,14
7221,2021-05,9
7221,2021-06,11
7221,2021-07,7
7221,2021-08,6
7221,2021-09,17
7221,2021-10,10
7221,2021-11,25
7221,2021-12,17
7221,2022-01,14
7221,2022-02,17
7221,2022-03,20
7221,2022-04,8
7221,2022-05,16
7221,2022-06,13
7221,2022-07,7
7221,2022-08,14
7221,2022-09,13
7221,2022-10,17
7221,2022-11,12
7221,2022-12,16
7221,2023-01,20
7221,2023-02,14
7221,2023-03,20
7221,2023-04,16
7221,2023-05,14
7221,2023-06,10
7221,2023-07,2
7221,2023-08,6
7221,2023-09,10
7221,2023-10,11
7221,2023-11,6
7221,2023-12,7
7221,2024-01,12
7221,2024-02,16
7221,2024-03,16
7221,2024-04,10
7221,2024-05,12
7221,2024-06,13
7221,2024-07,9
7221,2024-08,14
7221,2024-09,19
7221,2024-10,18
7221,2024-11,3
7221,2024-12,5
7221,2025-01,10
7221,2025-02,4
7221,2025-03,5
7221,2025-04,10
7221,2025-05,8
7221,2025-06,4
7221,2025-07,3
7221,2025-08,12
7221,2025-09,22
7221,2025-10,9
7221,2025-11,9
7221,2025-12,2
7222,2020-01,16
7222,2020-02,24
7222,2020-03,25
7222,2020-04,6
7222,2020-05,9
7222,2020-06,8
7222,2020-07,7
7222,2020-08,13
7222,2020-09,13
7222,2020-10,24
7222,2020-11,22
7222,2020-12,20
7222,2021-01,21
7222,2021-02,13
7222,2021-03,14
7222,2021-04,18
7222,2021-05,21
7222,2021-06,23
7222,2021-07,8
7222,2021-08,11
7222,2021-09,21
7222,2021-10,29
7222,2021-11,23
7222,2021-12,14
7222,2022-01,33
7222,2022-02,18
7222,2022-03,27
7222,2022-04,28
7222,2022-05,37
7222,2022-06,29
7222,2022-07,28
7222,2022-08,27
7222,2022-09,29
7222,2022-10,36
7222,2022-11,55
7222,2022-12,46
7222,2023-01,71
7222,2023-02,32
7222,2023-03,32
7222,2023-04,49
7222,2023-05,61
7222,2023-06,67
7222,2023-07,9
7222,2023-08,24
7222,2023-09,28
7222,2023-10,33
7222,2023-11,27
7222,2023-12,51
7222,2024-01,49
7222,2024-02,47
7222,2024-03,61
7222,2024-04,49
7222,2024-05,35
7222,2024-06,22
7222,2024-07,21
7222,2024-08,13
7222,2024-09,22
7222,2024-10,21
7222,2024-11,17
7222,2024-12,7
7222,2025-01,15
7222,2025-02,8
7222,2025-03,9
7222,2025-04,17
7222,2025-05,12
7222,2025-06,9
7222,2025-07,12
7222,2025-08,12
7222,2025-09,14
7222,2025-10,18
7222,2025-11,21
7222,2025-12,13
7223,2020-01,296
7223,2020-02,349
7223,2020-03,294
7223,2020-04,179
7223,2020-05,113
7223,2020-06,131
7223,2020-07,105
7223,2020-08,244
7223,2020-09,328
7223,2020-10,348
7223,2020-11,339
7223,2020-12,313
7223,2021-01,422
7223,2021-02,546
7223,2021-03,616
7223,2021-04,694
7223,2021-05,728
7223,2021-06,726
7223,2021-07,465
7223,2021-08,602
7223,2021-09,776
7223,2021-10,746
7223,2021-11,652
7223,2021-12,680
7223,2022-01,877
7223,2022-02,764
7223,2022-03,973
7223,2022-04,840
7223,2022-05,956
7223,2022-06,762
7223,2022-07,502
7223,2022-08,773
7223,2022-09,853
7223,2022-10,837
7223,2022-11,835
7223,2022-12,666
7223,2023-01,728
7223,2023-02,726
7223,2023-03,933
7223,2023-04,695
7223,2023-05,978
7223,2023-06,948
7223,2023-07,612
7223,2023-08,776
7223,2023-09,738
7223,2023-10,758
7223,2023-11,713
7223,2023-12,707
7223,2024-01,844
7223,2024-02,832
7223,2024-03,895
7223,2024-04,951
7223,2024-05,907
7223,2024-06,579
7223,2024-07,488
7223,2024-08,574
7223,2024-09,612
7223,2024-10,623
7223,2024-11,597
7223,2024-12,427
7223,2025-01,624
7223,2025-02,619
7223,2025-03,660
7223,2025-04,592
7223,2025-05,607
7223,2025-06,450
7223,2025-07,341
7223,2025-08,503
7223,2025-09,596
7223,2025-10,567
7223,2025-11,523
7223,2025-12,413
7224,2020-01,6
7224,2020-02,5
7224,2020-03,5
7224,2020-04,2
7224,2020-05,1
7224,2020-06,1
7224,2020-07,1
7224,2020-08,2
7224,2020-09,5
7224,2020-10,12
7224,2020-11,7
7224,2020-12,4
7224,2021-01,11
7224,2021-02,8
7224,2021-03,21
7224,2021-04,17
7224,2021-05,19
7224,2021-06,14
7224,2021-07,9
7224,2021-08,18
7224,2021-09,24
7224,2021-10,30
7224,2021-11,23
7224,2021-12,20
7224,2022-01,16
7224,2022-02,20
7224,2022-03,15
7224,2022-04,11
7224,2022-05,20
7224,2022-06,17
7224,2022-07,14
7224,2022-08,11
7224,2022-09,13
7224,2022-10,10
7224,2022-11,10
7224,2022-12,13
7224,2023-01,18
7224,2023-02,13
7224,2023-03,16
7224,2023-04,13
7224,2023-05,23
7224,2023-06,14
7224,2023-07,5
7224,2023-08,16
7224,2023-09,18
7224,2023-10,19
7224,2023-11,19
7224,2023-12,5
7224,2024-01,1
7224,2024-02,4
7224,2024-03,12
7224,2024-04,8
7224,2024-05,14
7224,2024-06,11
7224,2024-07,8
7224,2024-08,7
7224,2024-09,5
7224,2024-10,10
7224,2024-11,7
7224,2024-12,7
7224,2025-01,5
7224,2025-02,7
7224,2025-03,9
7224,2025-04,10
7224,2025-05,18
7224,2025-06,5
7224,2025-07,5
7224,2025-08,9
7224,2025-09,19
7224,2025-10,19
7224,2025-11,9
7224,2025-12,10
7231,2020-01,493
7231,2020-02,566
7231,2020-03,468
7231,2020-04,205
7231,2020-05,225
7231,2020-06,225
7231,2020-07,168
7231,2020-08,356
7231,2020-09,430
7231,2020-10,387
7231,2020-11,394
7231,2020-12,306
7231,2021-01,419
7231,2021-02,473
7231,2021-03,558
7231,2021-04,602
7231,2021-05,724
7231,2021-06,599
7231,2021-07,297
7231,2021-08,497
7231,2021-09,788
7231,2021-10,713
7231,2021-11,824
7231,2021-12,757
7231,2022-01,797
7231,2022-02,946
7231,2022-03,1039
7231,2022-04,718
7231,2022-05,1242
7231,2022-06,998
7231,2022-07,608
7231,2022-08,996
7231,2022-09,1683
7231,2022-10,1498
7231,2022-11,1168
7231,2022-12,1226
7231,2023-01,1460
7231,2023-02,1726
7231,2023-03,1618
7231,2023-04,1282
7231,2023-05,1698
7231,2023-06,1285
7231,2023-07,1036
7231,2023-08,1660
7231,2023-09,1460
7231,2023-10,1189
7231,2023-11,1400
7231,2023-12,1506
7231,2024-01,2176
7231,2024-02,2172
7231,2024-03,1068
7231,2024-04,1042
7231,2024-05,905
7231,2024-06,786
7231,2024-07,573
7231,2024-08,934
7231,2024-09,1014
7231,2024-10,1041
7231,2024-11,887
7231,2024-12,766
7231,2025-01,1085
7231,2025-02,842
7231,2025-03,701
7231,2025-04,708
7231,2025-05,654
7231,2025-06,502
7231,2025-07,374
7231,2025-08,543
7231,2025-09,763
7231,2025-10,682
7231,2025-11,609
7231,2025-12,597
7232,2020-01,1
7232,2020-03,4
7232,2020-08,1
7232,2020-10,3
7232,2020-11,1
7232,2021-05,16
7232,2021-06,9
7232,2021-07,4
7232,2021-08,6
7232,2021-09,1
7232,2021-10,1
7232,2021-11,1
7232,2022-02,2
7232,2022-03,2
7232,2022-05,1
7232,2022-06,1
7232,2022-08,3
7232,2022-11,7
7232,2022-12,2
7232,2023-01,3
7232,2023-02,1
7232,2023-03,3
7232,2023-04,3
7232,2023-05,1
7232,2023-06,3
7232,2023-07,1
7232,2023-08,2
7232,2023-09,3
7232,2023-10,2
7232,2023-11,4
7232,2023-12,4
7232,2024-01,1
7232,2024-02,5
7232,2024-03,1
7232,2024-04,4
7232,2024-07,4
7232,2024-08,2
7232,2024-10,5
7232,2024-11,2
7232,2024-12,2
7232,2025-01,2
7232,2025-02,2
7232,2025-03,1
7232,2025-04,1
7232,2025-05,1
7232,2025-06,2
7232,2025-07,1
7232,2025-08,1
7232,2025-09,1
7232,2025-10,1
7232,2025-11,1
7232,2025-12,3
7233,2020-01,319
7233,2020-02,287
7233,2020-03,326
7233,2020-04,162
7233,2020-05,144
7233,2020-06,128
7233,2020-07,68
7233,2020-08,161
7233,2020-09,249
7233,2020-10,212
7233,2020-11,236
7233,2020-12,207
7233,2021-01,243
7233,2021-02,313
7233,2021-03,338
7233,2021-04,511
7233,2021-05,340
7233,2021-06,332
7233,2021-07,253
7233,2021-08,363
7233,2021-09,474
7233,2021-10,442
7233,2021-11,498
7233,2021-12,542
7233,2022-01,610
7233,2022-02,566
7233,2022-03,728
7233,2022-04,668
7233,2022-05,819
7233,2022-06,617
7233,2022-07,412
7233,2022-08,610
7233,2022-09,670
7233,2022-10,779
7233,2022-11,624
7233,2022-12,655
7233,2023-01,651
7233,2023-02,605
7233,2023-03,788
7233,2023-04,592
7233,2023-05,790
7233,2023-06,798
7233,2023-07,485
7233,2023-08,576
7233,2023-09,637
7233,2023-10,660
7233,2023-11,671
7233,2023-12,568
7233,2024-01,825
7233,2024-02,730
7233,2024-03,619
7233,2024-04,672
7233,2024-05,585
7233,2024-06,417
7233,2024-07,357
7233,2024-08,440
7233,2024-09,554
7233,2024-10,611
7233,2024-11,446
7233,2024-12,403
7233,2025-01,457
7233,2025-02,416
7233,2025-03,369
7233,2025-04,369
7233,2025-05,296
7233,2025-06,229
7233,2025-07,176
7233,2025-08,260
7233,2025-09,301
7233,2025-10,337
7233,2025-11,316
7233,2025-12,275
7311,2020-01,14
7311,2020-02,37
7311,2020-03,26
7311,2020-04,16
7311,2020-05,2
7311,2020-06,14
7311,2020-07,4
7311,2020-08,14
7311,2020-09,12
7311,2020-10,26
7311,2020-11,11
7311,2020-12,11
7311,2021-01,19
7311,2021-02,22
7311,2021-03,39
7311,2021-04,20
7311,2021-05,21
7311,2021-06,18
7311,2021-07,11
7311,2021-08,23
7311,2021-09,20
7311,2021-10,32
7311,2021-11,32
7311,2021-12,29
7311,2022-01,33
7311,2022-02,37
7311,2022-03,41
7311,2022-04,37
7311,2022-05,51
7311,2022-06,25
7311,2022-07,20
7311,2022-08,26
7311,2022-09,31
7311,2022-10,58
7311,2022-11,29
7311,2022-12,27
7311,2023-01,59
7311,2023-02,35
7311,2023-03,39
7311,2023-04,38
7311,2023-05,41
7311,2023-06,19
7311,2023-07,22
7311,2023-08,22
7311,2023-09,39
7311,2023-10,32
7311,2023-11,22
7311,2023-12,31
7311,2024-01,40
7311,2024-02,51
7311,2024-03,33
7311,2024-04,33
7311,2024-05,21
7311,2024-06,21
7311,2024-07,13
7311,2024-08,25
7311,2024-09,25
7311,2024-10,36
7311,2024-11,28
7311,2024-12,27
7311,2025-01,25
7311,2025-02,43
7311,2025-03,44
7311,2025-04,34
7311,2025-05,34
7311,2025-06,23
7311,2025-07,10
7311,2025-08,20
7311,2025-09,30
7311,2025-10,34
7311,2025-11,29
7311,2025-12,36
7312,2020-01,1
7312,2020-02,2
7312,2020-08,2
7312,2020-09,1
7312,2020-10,1
7312,2020-12,1
7312,2021-01,1
7312,2021-04,1
7312,2021-05,1
7312,2021-08,1
7312,2021-09,4
7312,2021-10,1
7312,2021-11,1
7312,2022-01,2
7312,2022-02,4
7312,2022-03,2
7312,2022-04,4
7312,2022-05,1
7312,2022-06,1
7312,2022-07,5
7312,2022-08,3
7312,2022-10,2
7312,2022-11,1
7312,2022-12,2
7312,2023-02,1
7312,2023-03,2
7312,2023-05,5
7312,2023-06,2
7312,2023-07,2
7312,2023-08,2
7312,2023-09,1
7312,2023-10,2
7312,2023-11,2
7312,2023-12,1
7312,2024-03,1
7312,2024-04,2
7312,2024-05,4
7312,2024-06,3
7312,2024-08,2
7312,2024-10,2
7312,2024-11,1
7312,2024-12,5
7312,2025-01,1
7312,2025-03,1
7312,2025-04,2
7312,2025-06,2
7312,2025-07,1
7312,2025-08,3
7312,2025-09,2
7312,2025-10,2
7312,2025-11,2
7312,2025-12,1
7319,2020-01,4
7319,2020-02,7
7319,2020-03,6
7319,2020-04,6
7319,2020-05,11
7319,2020-06,7
7319,2020-07,1
7319,2020-08,3
7319,2020-09,4
7319,2020-10,2
7319,2020-11,3
7319,2020-12,4
7319,2021-01,1
7319,2021-02,6
7319,2021-03,12
7319,2021-04,8
7319,2021-05,9
7319,2021-06,6
7319,2021-07,4
7319,2021-08,3
7319,2021-09,11
7319,2021-10,8
7319,2021-11,5
7319,2021-12,6
7319,2022-01,3
7319,2022-02,8
7319,2022-03,12
7319,2022-04,12
7319,2022-05,13
7319,2022-06,5
7319,2022-07,7
7319,2022-08,8
7319,2022-09,5
7319,2022-10,15
7319,2022-11,15
7319,2022-12,13
7319,2023-01,16
7319,2023-02,19
7319,2023-03,19
7319,2023-04,8
7319,2023-05,16
7319,2023-06,17
7319,2023-07,7
7319,2023-08,13
7319,2023-09,5
7319,2023-11,5
7319,2023-12,5
7319,2024-01,7
7319,2024-02,5
7319,2024-03,9
7319,2024-04,10
7319,2024-05,8
7319,2024-06,10
7319,2024-07,21
7319,2024-08,12
7319,2024-09,3
7319,2024-10,5
7319,2024-11,1
7319,2024-12,4
7319,2025-01,3
7319,2025-02,6
7319,2025-03,11
7319,2025-04,10
7319,2025-05,6
7319,2025-06,10
7319,2025-07,3
7319,2025-08,6
7319,2025-09,6
7319,2025-10,2
7319,2025-11,5
7319,2025-12,5
7321,2020-01,11
7321,2020-02,6
7321,2020-03,3
7321,2020-04,1
7321,2020-05,1
7321,2020-06,2
7321,2020-07,7
7321,2020-08,3
7321,2020-09,7
7321,2020-10,11
7321,2020-11,7
7321,2020-12,8
7321,2021-01,11
7321,2021-02,4
7321,2021-03,3
7321,2021-04,4
7321,2021-05,5
7321,2021-06,6
7321,2021-07,1
7321,2021-08,3
7321,2021-09,10
7321,2021-10,10
7321,2021-11,7
7321,2021-12,15
7321,2022-01,12
7321,2022-02,15
7321,2022-03,18
7321,2022-04,21
7321,2022-05,18
7321,2022-06,26
7321,2022-07,14
7321,2022-08,23
7321,2022-09,16
7321,2022-10,19
7321,2022-11,15
7321,2022-12,17
7321,2023-01,14
7321,2023-02,15
7321,2023-03,9
7321,2023-04,11
7321,2023-05,13
7321,2023-06,6
7321,2023-07,4
7321,2023-08,2
7321,2023-09,6
7321,2023-10,5
7321,2023-11,1
7321,2023-12,1
7321,2024-01,3
7321,2024-02,5
7321,2024-03,4
7321,2024-04,7
7321,2024-05,3
7321,2024-06,6
7321,2024-07,2
7321,2024-08,8
7321,2024-09,5
7321,2024-10,6
7321,2024-11,5
7321,2024-12,5
7321,2025-01,5
7321,2025-02,7
7321,2025-03,3
7321,2025-04,11
7321,2025-05,8
7321,2025-06,7
7321,2025-07,5
7321,2025-08,10
7321,2025-09,9
7321,2025-10,3
7321,2025-11,2
7321,2025-12,3
7322,2020-01,11
7322,2020-02,10
7322,2020-03,12
7322,2020-04,9
7322,2020-05,8
7322,2020-06,3
7322,2020-07,3
7322,2020-08,10
7322,2020-09,12
7322,2020-10,11
7322,2020-11,12
7322,2020-12,9
7322,2021-01,14
7322,2021-02,14
7322,2021-03,13
7322,2021-04,15
7322,2021-05,9
7322,2021-06,18
7322,2021-07,9
7322,2021-08,14
7322,2021-09,18
7322,2021-10,22
7322,2021-11,20
7322,2021-12,11
7322,2022-01,20
7322,2022-02,19
7322,2022-03,27
7322,2022-04,33
7322,2022-05,30
7322,2022-06,33
7322,2022-07,19
7322,2022-08,26
7322,2022-09,28
7322,2022-10,27
7322,2022-11,22
7322,2022-12,12
7322,2023-01,15
7322,2023-02,7
7322,2023-03,18
7322,2023-04,17
7322,2023-05,18
7322,2023-06,16
7322,2023-07,10
7322,2023-08,19
7322,2023-09,12
7322,2023-10,10
7322,2023-11,13
7322,2023-12,7
7322,2024-01,9
7322,2024-02,25
7322,2024-03,21
7322,2024-04,16
7322,2024-05,23
7322,2024-06,38
7322,2024-07,27
7322,2024-08,20
7322,2024-09,24
7322,2024-10,22
7322,2024-11,25
7322,2024-12,14
7322,2025-01,12
7322,2025-02,16
7322,2025-03,25
7322,2025-04,16
7322,2025-05,20
7322,2025-06,12
7322,2025-07,7
7322,2025-08,9
7322,2025-09,12
7322,2025-10,12
7322,2025-11,17
7322,2025-12,12
7323,2020-02,2
7323,2020-03,1
7323,2020-04,1
7323,2020-06,2
7323,2020-07,1
7323,2020-08,1
7323,2020-09,1
7323,2020-10,2
7323,2020-11,2
7323,2020-12,2
7323,2021-01,3
7323,2021-02,2
7323,2021-03,3
7323,2021-04,2
7323,2021-05,3
7323,2021-06,2
7323,2021-07,2
7323,2021-08,3
7323,2021-09,3
7323,2021-10,5
7323,2021-11,5
7323,2021-12,3
7323,2022-01,9
7323,2022-02,3
7323,2022-03,5
7323,2022-04,7
7323,2022-05,4
7323,2022-06,1
7323,2022-08,2
7323,2022-09,2
7323,2022-10,6
7323,2022-11,6
7323,2022-12,1
7323,2023-01,1
7323,2023-02,4
7323,2023-03,4
7323,2023-04,2
7323,2023-05,6
7323,2023-06,12
7323,2023-07,3
7323,2023-08,2
7323,2023-09,3
7323,2023-11,1
7323,2023-12,1
7323,2024-01,2
7323,2024-02,1
7323,2024-03,3
7323,2024-04,8
7323,2024-05,5
7323,2024-06,1
7323,2024-09,2
7323,2024-10,1
7323,2024-11,2
7323,2024-12,1
7323,2025-01,1
7323,2025-02,4
7323,2025-03,2
7323,2025-04,3
7323,2025-05,2
7323,2025-06,1
7323,2025-07,3
7323,2025-08,3
7323,2025-09,3
7323,2025-10,4
7323,2025-11,3
7323,2025-12,3
7411,2020-01,261
7411,2020-02,269
7411,2020-03,209
7411,2020-04,149
7411,2020-05,103
7411,2020-06,100
7411,2020-07,71
7411,2020-08,123
7411,2020-09,160
7411,2020-10,161
7411,2020-11,153
7411,2020-12,143
7411,2021-01,170
7411,2021-02,197
7411,2021-03,303
7411,2021-04,283
7411,2021-05,281
7411,2021-06,238
7411,2021-07,163
7411,2021-08,326
7411,2021-09,388
7411,2021-10,388
7411,2021-11,420
7411,2021-12,387
7411,2022-01,476
7411,2022-02,483
7411,2022-03,544
7411,2022-04,453
7411,2022-05,462
7411,2022-06,448
7411,2022-07,342
7411,2022-08,416
7411,2022-09,592
7411,2022-10,711
7411,2022-11,541
7411,2022-12,572
7411,2023-01,790
7411,2023-02,578
7411,2023-03,647
7411,2023-04,595
7411,2023-05,1099
7411,2023-06,1268
7411,2023-07,1338
7411,2023-08,869
7411,2023-09,464
7411,2023-10,332
7411,2023-11,387
7411,2023-12,307
7411,2024-01,383
7411,2024-02,328
7411,2024-03,295
7411,2024-04,243
7411,2024-05,260
7411,2024-06,214
7411,2024-07,116
7411,2024-08,237
7411,2024-09,240
7411,2024-10,249
7411,2024-11,285
7411,2024-12,190
7411,2025-01,247
7411,2025-02,208
7411,2025-03,230
7411,2025-04,235
7411,2025-05,187
7411,2025-06,167
7411,2025-07,142
7411,2025-08,193
7411,2025-09,284
7411,2025-10,283
7411,2025-11,275
7411,2025-12,234
7412,2020-01,121
7412,2020-02,157
7412,2020-03,132
7412,2020-04,99
7412,2020-05,49
7412,2020-06,58
7412,2020-07,42
7412,2020-08,71
7412,2020-09,112
7412,2020-10,138
7412,2020-11,126
7412,2020-12,106
7412,2021-01,90
7412,2021-02,135
7412,2021-03,199
7412,2021-04,153
7412,2021-05,155
7412,2021-06,165
7412,2021-07,99
7412,2021-08,136
7412,2021-09,188
7412,2021-10,213
7412,2021-11,230
7412,2021-12,226
7412,2022-01,200
7412,2022-02,245
7412,2022-03,280
7412,2022-04,289
7412,2022-05,259
7412,2022-06,234
7412,2022-07,168
7412,2022-08,213
7412,2022-09,232
7412,2022-10,284
7412,2022-11,245
7412,2022-12,300
7412,2023-01,295
7412,2023-02,198
7412,2023-03,277
7412,2023-04,170
7412,2023-05,208
7412,2023-06,225
7412,2023-07,147
7412,2023-08,205
7412,2023-09,182
7412,2023-10,233
7412,2023-11,260
7412,2023-12,261
7412,2024-01,329
7412,2024-02,274
7412,2024-03,282
7412,2024-04,287
7412,2024-05,278
7412,2024-06,171
7412,2024-07,169
7412,2024-08,156
7412,2024-09,230
7412,2024-10,205
7412,2024-11,193
7412,2024-12,157
7412,2025-01,199
7412,2025-02,197
7412,2025-03,176
7412,2025-04,181
7412,2025-05,147
7412,2025-06,120
7412,2025-07,92
7412,2025-08,123
7412,2025-09,147
7412,2025-10,149
7412,2025-11,112
7412,2025-12,112
7413,2020-01,28
7413,2020-02,30
7413,2020-03,46
7413,2020-04,31
7413,2020-05,20
7413,2020-06,20
7413,2020-07,7
7413,2020-08,14
7413,2020-09,18
7413,2020-10,19
7413,2020-11,23
7413,2020-12,26
7413,2021-01,26
7413,2021-02,19
7413,2021-03,39
7413,2021-04,30
7413,2021-05,31
7413,2021-06,22
7413,2021-07,17
7413,2021-08,35
7413,2021-09,45
7413,2021-10,39
7413,2021-11,37
7413,2021-12,41
7413,2022-01,32
7413,2022-02,32
7413,2022-03,67
7413,2022-04,46
7413,2022-05,50
7413,2022-06,49
7413,2022-07,36
7413,2022-08,61
7413,2022-09,44
7413,2022-10,53
7413,2022-11,57
7413,2022-12,42
7413,2023-01,49
7413,2023-02,55
7413,2023-03,99
7413,2023-04,128
7413,2023-05,111
7413,2023-06,81
7413,2023-07,46
7413,2023-08,150
7413,2023-09,94
7413,2023-10,55
7413,2023-11,60
7413,2023-12,68
7413,2024-01,77
7413,2024-02,103
7413,2024-03,73
7413,2024-04,77
7413,2024-05,52
7413,2024-06,28
7413,2024-07,26
7413,2024-08,46
7413,2024-09,71
7413,2024-10,63
7413,2024-11,58
7413,2024-12,45
7413,2025-01,56
7413,2025-02,59
7413,2025-03,38
7413,2025-04,70
7413,2025-05,33
7413,2025-06,28
7413,2025-07,52
7413,2025-08,66
7413,2025-09,65
7413,2025-10,66
7413,2025-11,40
7413,2025-12,40
7420,2020-01,184
7420,2020-02,189
7420,2020-03,127
7420,2020-04,86
7420,2020-05,87
7420,2020-06,127
7420,2020-07,95
7420,2020-08,144
7420,2020-09,209
7420,2020-10,190
7420,2020-11,140
7420,2020-12,110
7420,2021-01,119
7420,2021-02,140
7420,2021-03,212
7420,2021-04,178
7420,2021-05,194
7420,2021-06,151
7420,2021-07,98
7420,2021-08,178
7420,2021-09,259
7420,2021-10,285
7420,2021-11,262
7420,2021-12,196
7420,2022-01,235
7420,2022-02,231
7420,2022-03,283
7420,2022-04,300
7420,2022-05,289
7420,2022-06,299
7420,2022-07,166
7420,2022-08,264
7420,2022-09,282
7420,2022-10,289
7420,2022-11,267
7420,2022-12,229
7420,2023-01,311
7420,2023-02,297
7420,2023-03,384
7420,2023-04,303
7420,2023-05,271
7420,2023-06,191
7420,2023-07,159
7420,2023-08,248
7420,2023-09,279
7420,2023-10,263
7420,2023-11,222
7420,2023-12,263
7420,2024-01,234
7420,2024-02,242
7420,2024-03,228
7420,2024-04,238
7420,2024-05,189
7420,2024-06,217
7420,2024-07,135
7420,2024-08,201
7420,2024-09,192
7420,2024-10,243
7420,2024-11,209
7420,2024-12,166
7420,2025-01,195
7420,2025-02,197
7420,2025-03,175
7420,2025-04,186
7420,2025-05,127
7420,2025-06,136
7420,2025-07,143
7420,2025-08,154
7420,2025-09,223
7420,2025-10,221
7420,2025-11,183
7420,2025-12,187
7521,2020-03,1
7521,2020-04,1
7521,2020-06,1
7521,2020-08,1
7521,2020-09,3
7521,2020-10,1
7521,2020-11,1
7521,2020-12,4
7521,2021-01,6
7521,2021-02,1
7521,2021-03,9
7521,2021-04,5
7521,2021-05,4
7521,2021-06,9
7521,2021-07,6
7521,2021-08,11
7521,2021-09,12
7521,2021-10,7
7521,2021-11,6
7521,2021-12,6
7521,2022-01,3
7521,2022-02,7
7521,2022-03,4
7521,2022-04,11
7521,2022-05,10
7521,2022-06,4
7521,2022-07,2
7521,2022-08,1
7521,2022-09,3
7521,2022-10,4
7521,2022-11,4
7521,2022-12,4
7521,2023-01,2
7521,2023-02,2
7521,2023-03,4
7521,2023-04,1
7521,2023-05,4
7521,2023-06,1
7521,2023-07,3
7521,2023-08,6
7521,2023-09,8
7521,2023-10,9
7521,2023-11,6
7521,2023-12,3
7521,2024-01,3
7521,2024-02,4
7521,2024-03,5
7521,2024-04,2
7521,2024-05,5
7521,2024-06,2
7521,2024-07,1
7521,2024-08,4
7521,2024-09,1
7521,2024-10,4
7521,2024-11,2
7521,2024-12,1
7521,2025-01,1
7521,2025-02,3
7521,2025-03,3
7521,2025-05,4
7521,2025-06,5
7521,2025-07,2
7521,2025-08,3
7521,2025-10,3
7521,2025-11,4
7521,2025-12,6
7522,2020-01,22
7522,2020-02,26
7522,2020-03,18
7522,2020-04,14
7522,2020-05,19
7522,2020-06,18
7522,2020-07,14
7522,2020-08,14
7522,2020-09,41
7522,2020-10,19
7522,2020-11,16
7522,2020-12,24
7522,2021-01,21
7522,2021-02,25
7522,2021-03,35
7522,2021-04,53
7522,2021-05,31
7522,2021-06,34
7522,2021-07,16
7522,2021-08,29
7522,2021-09,46
7522,2021-10,64
7522,2021-11,40
7522,2021-12,34
7522,2022-01,40
7522,2022-02,30
7522,2022-03,41
7522,2022-04,34
7522,2022-05,35
7522,2022-06,23
7522,2022-07,19
7522,2022-08,20
7522,2022-09,35
7522,2022-10,28
7522,2022-11,24
7522,2022-12,23
7522,2023-01,28
7522,2023-02,16
7522,2023-03,20
7522,2023-04,13
7522,2023-05,15
7522,2023-06,16
7522,2023-07,8
7522,2023-08,25
7522,2023-09,15
7522,2023-10,27
7522,2023-11,15
7522,2023-12,6
7522,2024-01,14
7522,2024-02,17
7522,2024-03,13
7522,2024-04,20
7522,2024-05,14
7522,2024-06,13
7522,2024-07,8
7522,2024-08,24
7522,2024-09,20
7522,2024-10,14
7522,2024-11,12
7522,2024-12,19
7522,2025-01,40
7522,2025-02,31
7522,2025-03,38
7522,2025-04,15
7522,2025-05,13
7522,2025-06,12
7522,2025-07,8
7522,2025-08,15
7522,2025-09,15
7522,2025-10,23
7522,2025-11,22
7522,2025-12,26
7523,2020-01,20
7523,2020-02,25
7523,2020-03,21
7523,2020-04,10
7523,2020-05,13
7523,2020-06,15
7523,2020-07,15
7523,2020-08,21
7523,2020-09,32
7523,2020-10,28
7523,2020-11,30
7523,2020-12,30
7523,2021-01,40
7523,2021-02,39
7523,2021-03,47
7523,2021-04,55
7523,2021-05,33
7523,2021-06,31
7523,2021-07,26
7523,2021-08,40
7523,2021-09,51
7523,2021-10,73
7523,2021-11,65
7523,2021-12,55
7523,2022-01,46
7523,2022-02,88
7523,2022-03,78
7523,2022-04,93
7523,2022-05,100
7523,2022-06,87
7523,2022-07,54
7523,2022-08,58
7523,2022-09,59
7523,2022-10,46
7523,2022-11,43
7523,2022-12,40
7523,2023-01,37
7523,2023-02,32
7523,2023-03,38
7523,2023-04,31
7523,2023-05,36
7523,2023-06,34
7523,2023-07,25
7523,2023-08,15
7523,2023-09,28
7523,2023-10,32
7523,2023-11,12
7523,2023-12,10
7523,2024-01,14
7523,2024-02,21
7523,2024-03,14
7523,2024-04,23
7523,2024-05,25
7523,2024-06,19
7523,2024-07,15
7523,2024-08,20
7523,2024-09,26
7523,2024-10,40
7523,2024-11,23
7523,2024-12,24
7523,2025-01,39
7523,2025-02,39
7523,2025-03,32
7523,2025-04,32
7523,2025-05,25
7523,2025-06,21
7523,2025-07,13
7523,2025-08,39
7523,2025-09,24
7523,2025-10,28
7523,2025-11,13
7523,2025-12,17
7531,2020-01,11
7531,2020-02,16
7531,2020-03,11
7531,2020-04,10
7531,2020-05,3
7531,2020-06,7
7531,2020-07,4
7531,2020-08,5
7531,2020-09,10
7531,2020-10,5
7531,2020-11,13
7531,2020-12,5
7531,2021-01,6
7531,2021-02,5
7531,2021-03,10
7531,2021-04,7
7531,2021-05,19
7531,2021-06,11
7531,2021-07,7
7531,2021-08,16
7531,2021-09,13
7531,2021-10,7
7531,2021-11,15
7531,2021-12,8
7531,2022-01,14
7531,2022-02,15
7531,2022-03,15
7531,2022-04,22
7531,2022-05,14
7531,2022-06,12
7531,2022-07,13
7531,2022-08,14
7531,2022-09,13
7531,2022-10,15
7531,2022-11,8
7531,2022-12,11
7531,2023-01,11
7531,2023-02,9
7531,2023-03,19
7531,2023-04,12
7531,2023-05,14
7531,2023-06,11
7531,2023-07,9
7531,2023-08,17
7531,2023-09,14
7531,2023-10,13
7531,2023-11,11
7531,2023-12,9
7531,2024-01,9
7531,2024-02,13
7531,2024-03,7
7531,2024-04,6
7531,2024-05,21
7531,2024-06,9
7531,2024-07,8
7531,2024-08,12
7531,2024-09,12
7531,2024-10,15
7531,2024-11,14
7531,2024-12,11
7531,2025-01,14
7531,2025-02,8
7531,2025-03,25
7531,2025-04,14
7531,2025-05,18
7531,2025-06,6
7531,2025-07,5
7531,2025-08,11
7531,2025-09,15
7531,2025-10,11
7531,2025-11,9
7531,2025-12,9
7532,2020-01,3
7532,2020-02,3
7532,2020-03,4
7532,2020-04,1
7532,2020-06,1
7532,2020-07,1
7532,2020-10,1
7532,2020-12,2
7532,2021-01,1
7532,2021-02,3
7532,2021-04,1
7532,2021-05,4
7532,2021-06,1
7532,2021-07,1
7532,2021-08,1
7532,2021-09,1
7532,2021-10,3
7532,2021-11,2
7532,2021-12,1
7532,2022-02,3
7532,2022-03,2
7532,2022-04,2
7532,2022-05,1
7532,2022-07,1
7532,2022-10,1
7532,2022-11,1
7532,2023-03,1
7532,2023-04,1
7532,2023-05,1
7532,2023-07,1
7532,2023-08,2
7532,2024-01,1
7532,2024-04,1
7532,2024-05,1
7532,2024-06,1
7532,2024-07,3
7532,2024-10,2
7532,2024-11,1
7532,2025-01,1
7532,2025-02,2
7532,2025-03,5
7532,2025-05,2
7532,2025-07,1
7532,2025-10,2
7532,2025-11,2
7533,2020-01,4
7533,2020-02,4
7533,2020-03,6
7533,2020-04,2
7533,2020-05,4
7533,2020-07,1
7533,2020-08,3
7533,2020-09,4
7533,2020-10,3
7533,2020-11,10
7533,2021-01,3
7533,2021-02,4
7533,2021-03,10
7533,2021-04,9
7533,2021-05,4
7533,2021-06,16
7533,2021-07,2
7533,2021-08,15
7533,2021-09,18
7533,2021-10,6
7533,2021-11,1
7533,2021-12,13
7533,2022-01,23
7533,2022-02,23
7533,2022-03,13
7533,2022-04,19
7533,2022-05,23
7533,2022-06,15
7533,2022-07,15
7533,2022-08,18
7533,2022-09,16
7533,2022-10,12
7533,2022-11,19
7533,2022-12,8
7533,2023-01,10
7533,2023-02,3
7533,2023-03,55
7533,2023-04,14
7533,2023-05,4
7533,2023-06,3
7533,2023-07,1
7533,2023-09,7
7533,2023-10,5
7533,2023-11,3
7533,2023-12,3
7533,2024-01,2
7533,2024-02,1
7533,2024-03,3
7533,2024-05,3
7533,2024-06,5
7533,2024-07,2
7533,2024-08,2
7533,2024-09,6
7533,2024-10,7
7533,2024-11,16
7533,2024-12,4
7533,2025-01,6
7533,2025-02,9
7533,2025-03,9
7533,2025-04,3
7533,2025-05,5
7533,2025-06,3
7533,2025-08,11
7533,2025-09,3
7533,2025-10,7
7533,2025-11,1
7533,2025-12,7
7534,2020-01,2
7534,2020-02,1
7534,2020-03,1
7534,2020-04,3
7534,2020-06,1
7534,2020-08,2
7534,2020-09,2
7534,2020-10,4
7534,2020-11,1
7534,2020-12,3
7534,2021-01,3
7534,2021-02,1
7534,2021-03,1
7534,2021-04,4
7534,2021-05,3
7534,2021-06,5
7534,2021-08,1
7534,2021-09,2
7534,2021-10,2
7534,2021-11,3
7534,2021-12,2
7534,2022-01,1
7534,2022-02,1
7534,2022-03,3
7534,2022-04,4
7534,2022-05,4
7534,2022-06,3
7534,2022-07,1
7534,2022-08,3
7534,2022-09,3
7534,2022-11,3
7534,2022-12,2
7534,2023-01,5
7534,2023-02,4
7534,2023-03,3
7534,2023-04,2
7534,2023-05,3
7534,2023-06,4
7534,2023-07,1
7534,2023-08,3
7534,2023-09,5
7534,2023-10,3
7534,2023-11,4
7534,2023-12,2
7534,2024-01,2
7534,2024-02,2
7534,2024-03,2
7534,2024-04,6
7534,2024-05,4
7534,2024-06,5
7534,2024-07,4
7534,2024-08,3
7534,2024-09,1
7534,2024-10,2
7534,2024-11,4
7534,2024-12,3
7534,2025-01,5
7534,2025-03,2
7534,2025-04,1
7534,2025-05,1
7534,2025-06,2
7534,2025-07,1
7534,2025-09,2
7534,2025-10,2
7534,2025-11,2
7534,2025-12,1
7611,2020-01,16
7611,2020-02,14
7611,2020-03,10
7611,2020-04,9
7611,2020-05,10
7611,2020-06,13
7611,2020-07,13
7611,2020-08,13
7611,2020-09,10
7611,2020-10,10
7611,2020-11,9
7611,2020-12,9
7611,2021-01,16
7611,2021-02,13
7611,2021-03,21
7611,2021-04,16
7611,2021-05,19
7611,2021-06,10
7611,2021-07,27
7611,2021-08,15
7611,2021-09,21
7611,2021-10,19
7611,2021-11,15
7611,2021-12,13
7611,2022-01,13
7611,2022-02,16
7611,2022-03,17
7611,2022-04,18
7611,2022-05,16
7611,2022-06,6
7611,2022-07,9
7611,2022-08,16
7611,2022-09,12
7611,2022-10,13
7611,2022-11,14
7611,2022-12,5
7611,2023-01,7
7611,2023-02,18
7611,2023-03,21
7611,2023-04,21
7611,2023-05,14
7611,2023-06,11
7611,2023-07,4
7611,2023-08,17
7611,2023-09,12
7611,2023-10,13
7611,2023-11,10
7611,2023-12,5
7611,2024-01,15
7611,2024-02,8
7611,2024-03,22
7611,2024-04,20
7611,2024-05,11
7611,2024-06,10
7611,2024-07,8
7611,2024-08,4
7611,2024-09,11
7611,2024-10,9
7611,2024-11,4
7611,2024-12,10
7611,2025-01,10
7611,2025-02,19
7611,2025-03,15
7611,2025-04,12
7611,2025-05,13
7611,2025-06,7
7611,2025-07,5
7611,2025-08,14
7611,2025-09,11
7611,2025-10,13
7611,2025-11,9
7611,2025-12,19
7612,2020-01,67
7612,2020-02,43
7612,2020-03,53
7612,2020-04,21
7612,2020-05,18
7612,2020-06,26
7612,2020-07,27
7612,2020-08,23
7612,2020-09,38
7612,2020-10,51
7612,2020-11,29
7612,2020-12,25
7612,2021-01,46
7612,2021-02,44
7612,2021-03,54
7612,2021-04,70
7612,2021-05,52
7612,2021-06,64
7612,2021-07,40
7612,2021-08,66
7612,2021-09,76
7612,2021-10,67
7612,2021-11,76
7612,2021-12,57
7612,2022-01,81
7612,2022-02,103
7612,2022-03,115
7612,2022-04,90
7612,2022-05,103
7612,2022-06,82
7612,2022-07,48
7612,2022-08,94
7612,2022-09,77
7612,2022-10,113
7612,2022-11,70
7612,2022-12,67
7612,2023-01,92
7612,2023-02,120
7612,2023-03,124
7612,2023-04,64
7612,2023-05,111
7612,2023-06,74
7612,2023-07,57
7612,2023-08,95
7612,2023-09,71
7612,2023-10,72
7612,2023-11,71
7612,2023-12,23
7612,2024-01,61
7612,2024-02,52
7612,2024-03,59
7612,2024-04,55
7612,2024-05,47
7612,2024-06,46
7612,2024-07,49
7612,2024-08,45
7612,2024-09,44
7612,2024-10,26
7612,2024-11,34
7612,2024-12,36
7612,2025-01,66
7612,2025-02,64
7612,2025-03,64
7612,2025-04,59
7612,2025-05,63
7612,2025-06,38
7612,2025-07,18
7612,2025-08,57
7612,2025-09,48
7612,2025-10,43
7612,2025-11,35
7612,2025-12,26
7613,2020-01,2
7613,2020-02,6
7613,2020-03,7
7613,2020-04,3
7613,2020-05,1
7613,2020-06,5
7613,2020-07,1
7613,2020-08,3
7613,2020-09,4
7613,2020-10,4
7613,2020-11,1
7613,2020-12,8
7613,2021-01,7
7613,2021-02,5
7613,2021-03,8
7613,2021-04,7
7613,2021-05,2
7613,2021-07,2
7613,2021-08,1
7613,2021-09,5
7613,2021-10,4
7613,2021-11,3
7613,2021-12,9
7613,2022-01,3
7613,2022-02,17
7613,2022-03,2
7613,2022-04,4
7613,2022-05,4
7613,2022-06,6
7613,2022-07,2
7613,2022-08,6
7613,2022-09,4
7613,2022-10,5
7613,2022-11,3
7613,2022-12,4
7613,2023-01,5
7613,2023-02,12
7613,2023-03,11
7613,2023-05,12
7613,2023-06,5
7613,2023-07,5
7613,2023-08,2
7613,2023-09,8
7613,2023-10,6
7613,2023-11,5
7613,2023-12,4
7613,2024-01,1
7613,2024-02,8
7613,2024-03,2
7613,2024-04,10
7613,2024-05,3
7613,2024-07,2
7613,2024-08,7
7613,2024-09,4
7613,2024-10,8
7613,2024-11,8
7613,2024-12,7
7613,2025-01,3
7613,2025-02,4
7613,2025-03,6
7613,2025-04,9
7613,2025-05,5
7613,2025-06,2
7613,2025-07,4
7613,2025-08,6
7613,2025-09,4
7613,2025-10,5
7613,2025-11,2
7613,2025-12,7
8111,2020-01,8
8111,2020-02,2
8111,2020-03,2
8111,2020-04,5
8111,2020-05,3
8111,2020-06,5
8111,2020-08,3
8111,2020-09,7
8111,2020-10,3
8111,2020-11,6
8111,2020-12,5
8111,2021-01,5
8111,2021-02,6
8111,2021-03,2
8111,2021-04,5
8111,2021-05,6
8111,2021-06,3
8111,2021-07,3
8111,2021-08,10
8111,2021-09,8
8111,2021-10,2
8111,2021-11,10
8111,2021-12,21
8111,2022-01,14
8111,2022-02,12
8111,2022-03,8
8111,2022-04,9
8111,2022-05,11
8111,2022-06,10
8111,2022-08,8
8111,2022-09,16
8111,2022-10,10
8111,2022-11,13
8111,2022-12,19
8111,2023-01,14
8111,2023-02,27
8111,2023-03,33
8111,2023-04,37
8111,2023-05,17
8111,2023-06,10
8111,2023-07,9
8111,2023-08,11
8111,2023-09,5
8111,2023-10,10
8111,2023-11,9
8111,2023-12,19
8111,2024-01,14
8111,2024-02,5
8111,2024-03,5
8111,2024-04,10
8111,2024-05,23
8111,2024-06,9
8111,2024-07,9
8111,2024-08,20
8111,2024-09,11
8111,2024-10,12
8111,2024-11,11
8111,2024-12,16
8111,2025-01,11
8111,2025-02,18
8111,2025-03,16
8111,2025-04,5
8111,2025-05,9
8111,2025-06,6
8111,2025-07,5
8111,2025-08,4
8111,2025-09,4
8111,2025-10,9
8111,2025-11,9
8111,2025-12,11
8112,2020-01,3
8112,2020-02,1
8112,2020-03,2
8112,2020-04,1
8112,2020-08,2
8112,2020-10,2
8112,2020-11,1
8112,2020-12,4
8112,2021-01,2
8112,2021-02,2
8112,2021-03,3
8112,2021-04,5
8112,2021-07,1
8112,2021-08,1
8112,2021-09,1
8112,2021-10,1
8112,2021-11,3
8112,2021-12,5
8112,2022-01,4
8112,2022-02,7
8112,2022-03,9
8112,2022-04,5
8112,2022-05,3
8112,2022-06,3
8112,2022-07,1
8112,2022-08,2
8112,2022-09,5
8112,2022-10,3
8112,2022-12,3
8112,2023-01,5
8112,2023-02,5
8112,2023-03,3
8112,2023-04,2
8112,2023-05,7
8112,2023-06,1
8112,2023-07,2
8112,2023-08,2
8112,2023-09,1
8112,2023-10,1
8112,2023-11,1
8112,2023-12,1
8112,2024-01,3
8112,2024-02,2
8112,2024-05,1
8112,2024-06,1
8112,2024-08,4
8112,2024-09,4
8112,2024-10,3
8112,2024-11,5
8112,2024-12,2
8112,2025-01,8
8112,2025-02,2
8112,2025-03,1
8112,2025-04,1
8112,2025-05,3
8112,2025-08,1
8112,2025-09,1
8112,2025-10,3
8112,2025-11,8
8112,2025-12,4
8113,2020-02,2
8113,2020-03,1
8113,2020-04,3
8113,2020-05,1
8113,2020-06,15
8113,2020-07,2
8113,2020-08,1
8113,2020-09,2
8113,2020-10,2
8113,2020-11,1
8113,2020-12,2
8113,2021-01,2
8113,2021-02,2
8113,2021-03,7
8113,2021-04,2
8113,2021-05,7
8113,2021-06,1
8113,2021-07,3
8113,2021-08,10
8113,2021-09,4
8113,2021-10,5
8113,2021-11,1
8113,2021-12,2
8113,2022-01,1
8113,2022-02,3
8113,2022-03,5
8113,2022-04,5
8113,2022-05,3
8113,2022-06,8
8113,2022-07,3
8113,2022-08,8
8113,2022-09,9
8113,2022-10,6
8113,2022-11,10
8113,2022-12,5
8113,2023-01,8
8113,2023-02,9
8113,2023-03,17
8113,2023-04,12
8113,2023-05,6
8113,2023-06,5
8113,2023-07,6
8113,2023-08,4
8113,2023-10,6
8113,2023-11,1
8113,2023-12,1
8113,2024-01,3
8113,2024-02,2
8113,2024-03,1
8113,2024-04,7
8113,2024-05,2
8113,2024-06,3
8113,2024-07,3
8113,2024-08,7
8113,2024-09,8
8113,2024-10,4
8113,2024-11,3
8113,2024-12,3
8113,2025-01,2
8113,2025-02,1
8113,2025-03,5
8113,2025-04,5
8113,2025-05,8
8113,2025-06,5
8113,2025-08,7
8113,2025-09,7
8113,2025-10,3
8113,2025-11,2
8113,2025-12,13
8114,2020-01,6
8114,2020-02,16
8114,2020-03,12
8114,2020-04,22
8114,2020-05,14
8114,2020-06,13
8114,2020-07,7
8114,2020-08,13
8114,2020-09,9
8114,2020-10,13
8114,2020-11,10
8114,2020-12,7
8114,2021-01,7
8114,2021-02,16
8114,2021-03,24
8114,2021-04,26
8114,2021-05,15
8114,2021-06,23
8114,2021-07,16
8114,2021-08,19
8114,2021-09,27
8114,2021-10,29
8114,2021-11,28
8114,2021-12,24
8114,2022-01,18
8114,2022-02,25
8114,2022-03,36
8114,2022-04,22
8114,2022-05,30
8114,2022-06,27
8114,2022-07,18
8114,2022-08,27
8114,2022-09,21
8114,2022-10,21
8114,2022-11,25
8114,2022-12,17
8114,2023-01,19
8114,2023-02,14
8114,2023-03,19
8114,2023-04,12
8114,2023-05,18
8114,2023-06,11
8114,2023-07,25
8114,2023-08,37
8114,2023-09,20
8114,2023-10,38
8114,2023-11,31
8114,2023-12,39
8114,2024-01,40
8114,2024-02,36
8114,2024-03,37
8114,2024-04,29
8114,2024-05,26
8114,2024-06,36
8114,2024-07,61
8114,2024-08,29
8114,2024-09,37
8114,2024-10,40
8114,2024-11,26
8114,2024-12,19
8114,2025-01,49
8114,2025-02,39
8114,2025-03,15
8114,2025-04,20
8114,2025-05,38
8114,2025-06,16
8114,2025-07,13
8114,2025-08,12
8114,2025-09,18
8114,2025-10,26
8114,2025-11,16
8114,2025-12,23
8115,2020-02,3
8115,2020-10,1
8115,2020-12,2
8115,2021-01,1
8115,2021-02,2
8115,2021-04,2
8115,2021-08,1
8115,2021-09,1
8115,2022-01,1
8115,2022-02,1
8115,2022-04,1
8115,2022-05,1
8115,2022-08,1
8115,2022-09,1
8115,2022-10,1
8115,2022-12,1
8115,2023-03,1
8115,2023-06,1
8115,2023-09,2
8115,2024-05,1
8115,2024-06,1
8115,2024-10,1
8115,2024-11,3
8115,2024-12,4
8115,2025-01,2
8115,2025-02,1
8115,2025-03,3
8115,2025-09,1
8115,2025-10,1
8115,2025-11,2
8115,2025-12,2
8116,2020-01,4
8116,2020-02,2
8116,2020-03,2
8116,2020-04,1
8116,2020-06,3
8116,2020-07,2
8116,2020-08,2
8116,2020-09,4
8116,2020-12,1
8116,2021-01,3
8116,2021-02,3
8116,2021-03,3
8116,2021-04,4
8116,2021-05,5
8116,2021-06,4
8116,2021-07,5
8116,2021-08,4
8116,2021-09,11
8116,2021-10,3
8116,2021-11,4
8116,2021-12,4
8116,2022-01,3
8116,2022-02,5
8116,2022-03,8
8116,2022-04,6
8116,2022-05,5
8116,2022-06,5
8116,2022-07,4
8116,2022-08,5
8116,2022-09,7
8116,2022-10,3
8116,2022-12,3
8116,2023-01,5
8116,2023-02,5
8116,2023-03,6
8116,2023-04,3
8116,2023-05,4
8116,2023-06,3
8116,2023-07,2
8116,2023-08,3
8116,2023-09,2
8116,2023-10,2
8116,2023-11,1
8116,2023-12,3
8116,2024-01,13
8116,2024-02,5
8116,2024-03,5
8116,2024-04,2
8116,2024-05,4
8116,2024-06,11
8116,2024-07,5
8116,2024-08,3
8116,2024-09,4
8116,2024-10,4
8116,2024-11,4
8116,2024-12,3
8116,2025-01,3
8116,2025-02,11
8116,2025-03,4
8116,2025-04,2
8116,2025-05,6
8116,2025-06,14
8116,2025-07,24
8116,2025-08,15
8116,2025-09,7
8116,2025-10,2
8116,2025-11,5
8116,2025-12,2
8121,2020-01,8
8121,2020-02,10
8121,2020-03,10
8121,2020-04,2
8121,2020-05,7
8121,2020-06,6
8121,2020-07,10
8121,2020-08,8
8121,2020-09,15
8121,2020-10,18
8121,2020-11,11
8121,2020-12,11
8121,2021-01,16
8121,2021-02,17
8121,2021-03,16
8121,2021-04,28
8121,2021-05,23
8121,2021-06,37
8121,2021-07,15
8121,2021-08,17
8121,2021-09,26
8121,2021-10,32
8121,2021-11,34
8121,2021-12,20
8121,2022-01,37
8121,2022-02,49
8121,2022-03,65
8121,2022-04,43
8121,2022-05,24
8121,2022-06,31
8121,2022-07,17
8121,2022-08,37
8121,2022-09,25
8121,2022-10,26
8121,2022-11,36
8121,2022-12,50
8121,2023-01,40
8121,2023-02,22
8121,2023-03,36
8121,2023-04,17
8121,2023-05,29
8121,2023-06,30
8121,2023-07,32
8121,2023-08,37
8121,2023-09,27
8121,2023-10,21
8121,2023-11,12
8121,2023-12,6
8121,2024-01,8
8121,2024-02,20
8121,2024-03,31
8121,2024-04,15
8121,2024-05,24
8121,2024-06,18
8121,2024-07,8
8121,2024-08,16
8121,2024-09,18
8121,2024-10,12
8121,2024-11,14
8121,2024-12,12
8121,2025-01,15
8121,2025-02,25
8121,2025-03,29
8121,2025-04,41
8121,2025-05,15
8121,2025-06,14
8121,2025-07,12
8121,2025-08,15
8121,2025-09,25
8121,2025-10,20
8121,2025-11,26
8121,2025-12,16
8122,2020-09,1
8122,2020-11,1
8122,2020-12,1
8122,2021-04,3
8122,2021-05,3
8122,2021-06,2
8122,2021-07,3
8122,2021-08,2
8122,2021-09,1
8122,2021-12,2
8122,2022-01,2
8122,2022-02,2
8122,2022-03,2
8122,2022-06,1
8122,2022-07,2
8122,2022-08,1
8122,2022-09,1
8122,2022-10,1
8122,2022-11,4
8122,2022-12,3
8122,2023-01,6
8122,2023-02,4
8122,2023-03,5
8122,2023-04,4
8122,2023-05,1
8122,2023-07,1
8122,2023-08,4
8122,2023-09,3
8122,2023-10,3
8122,2023-11,4
8122,2023-12,1
8122,2024-01,4
8122,2024-02,4
8122,2024-03,4
8122,2024-04,3
8122,2024-05,1
8122,2024-06,7
8122,2024-07,2
8122,2024-08,1
8122,2024-09,3
8122,2024-12,1
8122,2025-02,1
8122,2025-03,1
8122,2025-04,2
8122,2025-05,1
8122,2025-09,1
8122,2025-10,1
8122,2025-12,3
8129,2020-01,38
8129,2020-02,22
8129,2020-03,33
8129,2020-04,12
8129,2020-05,8
8129,2020-06,10
8129,2020-07,10
8129,2020-08,20
8129,2020-09,23
8129,2020-10,27
8129,2020-11,21
8129,2020-12,20
8129,2021-01,42
8129,2021-02,36
8129,2021-03,46
8129,2021-04,42
8129,2021-05,45
8129,2021-06,43
8129,2021-07,42
8129,2021-08,38
8129,2021-09,72
8129,2021-10,60
8129,2021-11,87
8129,2021-12,47
8129,2022-01,68
8129,2022-02,80
8129,2022-03,69
8129,2022-04,68
8129,2022-05,84
8129,2022-06,76
8129,2022-07,56
8129,2022-08,111
8129,2022-09,97
8129,2022-10,101
8129,2022-11,87
8129,2022-12,79
8129,2023-01,87
8129,2023-02,59
8129,2023-03,102
8129,2023-04,56
8129,2023-05,103
8129,2023-06,80
8129,2023-07,75
8129,2023-08,91
8129,2023-09,90
8129,2023-10,66
8129,2023-11,50
8129,2023-12,35
8129,2024-01,67
8129,2024-02,53
8129,2024-03,63
8129,2024-04,58
8129,2024-05,74
8129,2024-06,50
8129,2024-07,37
8129,2024-08,69
8129,2024-09,62
8129,2024-10,43
8129,2024-11,50
8129,2024-12,44
8129,2025-01,41
8129,2025-02,49
8129,2025-03,63
8129,2025-04,65
8129,2025-05,43
8129,2025-06,35
8129,2025-07,34
8129,2025-08,58
8129,2025-09,55
8129,2025-10,56
8129,2025-11,43
8129,2025-12,51
8131,2020-01,49
8131,2020-02,41
8131,2020-03,36
8131,2020-04,42
8131,2020-05,23
8131,2020-06,24
8131,2020-07,17
8131,2020-08,24
8131,2020-09,24
8131,2020-10,28
8131,2020-11,23
8131,2020-12,21
8131,2021-01,34
8131,2021-02,28
8131,2021-03,32
8131,2021-04,49
8131,2021-05,39
8131,2021-06,20
8131,2021-07,30
8131,2021-08,46
8131,2021-09,40
8131,2021-10,54
8131,2021-11,62
8131,2021-12,56
8131,2022-01,67
8131,2022-02,77
8131,2022-03,83
8131,2022-04,76
8131,2022-05,79
8131,2022-06,59
8131,2022-07,43
8131,2022-08,61
8131,2022-09,64
8131,2022-10,107
8131,2022-11,110
8131,2022-12,84
8131,2023-01,133
8131,2023-02,115
8131,2023-03,158
8131,2023-04,88
8131,2023-05,102
8131,2023-06,47
8131,2023-07,40
8131,2023-08,100
8131,2023-09,71
8131,2023-10,89
8131,2023-11,73
8131,2023-12,32
8131,2024-01,71
8131,2024-02,33
8131,2024-03,59
8131,2024-04,64
8131,2024-05,65
8131,2024-06,37
8131,2024-07,27
8131,2024-08,53
8131,2024-09,51
8131,2024-10,58
8131,2024-11,45
8131,2024-12,37
8131,2025-01,42
8131,2025-02,41
8131,2025-03,57
8131,2025-04,59
8131,2025-05,41
8131,2025-06,29
8131,2025-07,24
8131,2025-08,47
8131,2025-09,36
8131,2025-10,22
8131,2025-11,65
8131,2025-12,29
8132,2020-01,1
8132,2020-02,2
8132,2020-03,2
8132,2020-04,4
8132,2020-05,2
8132,2020-06,3
8132,2020-09,1
8132,2020-10,2
8132,2020-11,3
8132,2021-01,1
8132,2021-04,5
8132,2021-05,7
8132,2021-06,5
8132,2021-07,1
8132,2021-08,1
8132,2021-09,7
8132,2021-11,4
8132,2021-12,2
8132,2022-01,2
8132,2022-02,2
8132,2022-03,1
8132,2022-04,5
8132,2022-05,4
8132,2022-06,5
8132,2022-07,2
8132,2022-08,3
8132,2022-09,7
8132,2022-10,1
8132,2022-11,1
8132,2022-12,2
8132,2023-01,1
8132,2023-02,4
8132,2023-03,5
8132,2023-04,3
8132,2023-05,5
8132,2023-06,1
8132,2023-08,2
8132,2023-09,5
8132,2023-10,2
8132,2023-11,4
8132,2023-12,1
8132,2024-01,6
8132,2024-02,2
8132,2024-03,1
8132,2024-04,4
8132,2024-05,1
8132,2024-06,2
8132,2024-07,2
8132,2024-08,6
8132,2024-09,3
8132,2024-10,1
8132,2024-11,1
8132,2024-12,2
8132,2025-02,4
8132,2025-03,2
8132,2025-04,3
8132,2025-05,9
8132,2025-06,4
8132,2025-08,2
8132,2025-09,5
8132,2025-10,2
8132,2025-11,1
8132,2025-12,1
8141,2020-01,7
8141,2020-02,13
8141,2020-03,3
8141,2020-04,8
8141,2020-05,1
8141,2020-06,3
8141,2020-07,2
8141,2020-08,4
8141,2020-09,3
8141,2020-10,3
8141,2020-11,5
8141,2020-12,3
8141,2021-01,3
8141,2021-02,5
8141,2021-03,10
8141,2021-04,10
8141,2021-05,9
8141,2021-06,6
8141,2021-07,4
8141,2021-08,9
8141,2021-09,13
8141,2021-10,16
8141,2021-11,9
8141,2021-12,8
8141,2022-01,17
8141,2022-02,23
8141,2022-03,20
8141,2022-04,10
8141,2022-05,24
8141,2022-06,5
8141,2022-07,11
8141,2022-08,14
8141,2022-09,27
8141,2022-10,15
8141,2022-11,27
8141,2022-12,44
8141,2023-01,38
8141,2023-02,36
8141,2023-03,22
8141,2023-04,17
8141,2023-05,17
8141,2023-06,16
8141,2023-07,16
8141,2023-08,17
8141,2023-09,19
8141,2023-10,14
8141,2023-11,8
8141,2023-12,13
8141,2024-01,8
8141,2024-02,14
8141,2024-03,20
8141,2024-04,21
8141,2024-05,28
8141,2024-06,14
8141,2024-07,11
8141,2024-08,15
8141,2024-09,9
8141,2024-10,7
8141,2024-11,9
8141,2024-12,3
8141,2025-01,9
8141,2025-02,15
8141,2025-03,12
8141,2025-04,6
8141,2025-05,11
8141,2025-06,2
8141,2025-07,3
8141,2025-08,8
8141,2025-09,8
8141,2025-10,8
8141,2025-11,7
8141,2025-12,6
8142,2020-01,20
8142,2020-02,29
8142,2020-03,17
8142,2020-04,9
8142,2020-05,5
8142,2020-06,7
8142,2020-07,6
8142,2020-08,15
8142,2020-09,22
8142,2020-10,17
8142,2020-11,27
8142,2020-12,27
8142,2021-01,33
8142,2021-02,26
8142,2021-03,58
8142,2021-04,44
8142,2021-05,58
8142,2021-06,64
8142,2021-07,39
8142,2021-08,49
8142,2021-09,63
8142,2021-10,95
8142,2021-11,56
8142,2021-12,75
8142,2022-01,70
8142,2022-02,86
8142,2022-03,79
8142,2022-04,77
8142,2022-05,95
8142,2022-06,80
8142,2022-07,83
8142,2022-08,92
8142,2022-09,121
8142,2022-10,78
8142,2022-11,88
8142,2022-12,63
8142,2023-01,100
8142,2023-02,111
8142,2023-03,105
8142,2023-04,103
8142,2023-05,112
8142,2023-06,124
8142,2023-07,75
8142,2023-08,109
8142,2023-09,62
8142,2023-10,82
8142,2023-11,31
8142,2023-12,70
8142,2024-01,61
8142,2024-02,108
8142,2024-03,69
8142,2024-04,78
8142,2024-05,91
8142,2024-06,59
8142,2024-07,35
8142,2024-08,66
8142,2024-09,62
8142,2024-10,48
8142,2024-11,62
8142,2024-12,45
8142,2025-01,61
8142,2025-02,82
8142,2025-03,65
8142,2025-04,68
8142,2025-05,54
8142,2025-06,27
8142,2025-07,28
8142,2025-08,50
8142,2025-09,61
8142,2025-10,65
8142,2025-11,73
8142,2025-12,53
8143,2020-01,10
8143,2020-02,3
8143,2020-03,2
8143,2020-04,1
8143,2020-05,4
8143,2020-09,3
8143,2020-10,1
8143,2020-11,6
8143,2020-12,2
8143,2021-01,4
8143,2021-02,6
8143,2021-03,2
8143,2021-04,3
8143,2021-05,4
8143,2021-06,4
8143,2021-07,2
8143,2021-08,2
8143,2021-09,4
8143,2021-10,3
8143,2021-11,3
8143,2021-12,4
8143,2022-01,8
8143,2022-02,8
8143,2022-03,4
8143,2022-04,8
8143,2022-05,8
8143,2022-06,5
8143,2022-07,3
8143,2022-08,5
8143,2022-09,9
8143,2022-10,5
8143,2022-11,5
8143,2022-12,10
8143,2023-01,13
8143,2023-02,14
8143,2023-03,11
8143,2023-04,8
8143,2023-05,5
8143,2023-06,14
8143,2023-07,4
8143,2023-08,5
8143,2023-09,4
8143,2023-10,2
8143,2023-11,3
8143,2023-12,3
8143,2024-01,11
8143,2024-02,10
8143,2024-03,5
8143,2024-04,10
8143,2024-05,3
8143,2024-06,4
8143,2024-08,9
8143,2024-09,7
8143,2024-10,4
8143,2024-11,5
8143,2024-12,2
8143,2025-01,14
8143,2025-02,4
8143,2025-03,3
8143,2025-04,2
8143,2025-05,5
8143,2025-06,5
8143,2025-07,1
8143,2025-08,3
8143,2025-09,3
8143,2025-10,3
8143,2025-11,5
8143,2025-12,9
8151,2020-01,16
8151,2020-02,24
8151,2020-03,10
8151,2020-04,5
8151,2020-05,3
8151,2020-06,4
8151,2020-08,10
8151,2020-09,9
8151,2020-10,3
8151,2020-11,6
8151,2020-12,3
8151,2021-01,9
8151,2021-02,13
8151,2021-03,14
8151,2021-04,7
8151,2021-05,19
8151,2021-06,19
8151,2021-07,7
8151,2021-08,9
8151,2021-09,28
8151,2021-10,23
8151,2021-11,34
8151,2021-12,27
8151,2022-01,26
8151,2022-02,19
8151,2022-03,23
8151,2022-04,35
8151,2022-05,39
8151,2022-06,44
8151,2022-07,23
8151,2022-08,26
8151,2022-09,28
8151,2022-10,37
8151,2022-11,21
8151,2022-12,23
8151,2023-01,26
8151,2023-02,28
8151,2023-03,35
8151,2023-04,27
8151,2023-05,25
8151,2023-06,20
8151,2023-07,14
8151,2023-08,7
8151,2023-09,18
8151,2023-10,11
8151,2023-11,15
8151,2023-12,16
8151,2024-01,18
8151,2024-02,12
8151,2024-03,13
8151,2024-04,25
8151,2024-05,19
8151,2024-06,15
8151,2024-07,7
8151,2024-08,9
8151,2024-09,11
8151,2024-10,9
8151,2024-11,2
8151,2024-12,1
8151,2025-01,12
8151,2025-02,23
8151,2025-03,27
8151,2025-04,25
8151,2025-05,16
8151,2025-06,10
8151,2025-07,7
8151,2025-08,7
8151,2025-09,9
8151,2025-10,14
8151,2025-11,10
8151,2025-12,9
8159,2020-01,9
8159,2020-02,5
8159,2020-03,3
8159,2020-05,8
8159,2020-06,4
8159,2020-07,1
8159,2020-08,5
8159,2020-09,7
8159,2020-10,6
8159,2020-11,12
8159,2020-12,5
8159,2021-01,11
8159,2021-02,10
8159,2021-03,8
8159,2021-04,14
8159,2021-05,9
8159,2021-06,19
8159,2021-07,11
8159,2021-08,26
8159,2021-09,18
8159,2021-10,8
8159,2021-11,16
8159,2021-12,19
8159,2022-01,35
8159,2022-02,24
8159,2022-03,25
8159,2022-04,17
8159,2022-05,12
8159,2022-06,19
8159,2022-07,9
8159,2022-08,24
8159,2022-09,12
8159,2022-10,7
8159,2022-11,10
8159,2022-12,5
8159,2023-01,8
8159,2023-02,14
8159,2023-03,25
8159,2023-04,10
8159,2023-05,16
8159,2023-06,8
8159,2023-07,1
8159,2023-08,8
8159,2023-09,12
8159,2023-10,11
8159,2023-11,7
8159,2023-12,7
8159,2024-01,13
8159,2024-02,16
8159,2024-03,19
8159,2024-04,13
8159,2024-05,11
8159,2024-06,11
8159,2024-07,5
8159,2024-08,11
8159,2024-09,15
8159,2024-10,18
8159,2024-11,9
8159,2024-12,4
8159,2025-01,17
8159,2025-02,7
8159,2025-03,7
8159,2025-04,14
8159,2025-05,12
8159,2025-06,10
8159,2025-07,5
8159,2025-08,12
8159,2025-09,15
8159,2025-10,16
8159,2025-11,10
8159,2025-12,4
8161,2020-01,18
8161,2020-02,27
8161,2020-03,21
8161,2020-04,4
8161,2020-05,7
8161,2020-06,5
8161,2020-07,4
8161,2020-08,5
8161,2020-09,14
8161,2020-10,17
8161,2020-11,9
8161,2020-12,3
8161,2021-01,11
8161,2021-02,23
8161,2021-03,20
8161,2021-04,19
8161,2021-05,20
8161,2021-06,19
8161,2021-07,13
8161,2021-08,17
8161,2021-09,32
8161,2021-10,24
8161,2021-11,32
8161,2021-12,17
8161,2022-01,22
8161,2022-02,32
8161,2022-03,56
8161,2022-04,53
8161,2022-05,63
8161,2022-06,57
8161,2022-07,26
8161,2022-08,44
8161,2022-09,36
8161,2022-10,41
8161,2022-11,29
8161,2022-12,26
8161,2023-01,45
8161,2023-02,38
8161,2023-03,74
8161,2023-04,70
8161,2023-05,72
8161,2023-06,45
8161,2023-07,20
8161,2023-08,32
8161,2023-09,31
8161,2023-10,18
8161,2023-11,17
8161,2023-12,7
8161,2024-01,31
8161,2024-02,22
8161,2024-03,42
8161,2024-04,34
8161,2024-05,42
8161,2024-06,22
8161,2024-07,12
8161,2024-08,16
8161,2024-09,25
8161,2024-10,21
8161,2024-11,13
8161,2024-12,10
8161,2025-01,25
8161,2025-02,36
8161,2025-03,30
8161,2025-04,21
8161,2025-05,11
8161,2025-06,9
8161,2025-07,11
8161,2025-08,10
8161,2025-09,35
8161,2025-10,15
8161,2025-11,11
8161,2025-12,7
8162,2020-01,25
8162,2020-02,37
8162,2020-03,31
8162,2020-04,8
8162,2020-05,11
8162,2020-06,14
8162,2020-07,9
8162,2020-08,15
8162,2020-09,18
8162,2020-10,16
8162,2020-11,9
8162,2020-12,6
8162,2021-01,15
8162,2021-02,21
8162,2021-03,10
8162,2021-04,14
8162,2021-05,22
8162,2021-06,22
8162,2021-07,9
8162,2021-08,27
8162,2021-09,32
8162,2021-10,17
8162,2021-11,28
8162,2021-12,17
8162,2022-01,39
8162,2022-02,35
8162,2022-03,44
8162,2022-04,35
8162,2022-05,32
8162,2022-06,36
8162,2022-07,22
8162,2022-08,26
8162,2022-09,32
8162,2022-10,20
8162,2022-11,17
8162,2022-12,17
8162,2023-01,27
8162,2023-02,38
8162,2023-03,49
8162,2023-04,40
8162,2023-05,43
8162,2023-06,25
8162,2023-07,13
8162,2023-08,21
8162,2023-09,15
8162,2023-10,23
8162,2023-11,16
8162,2023-12,16
8162,2024-01,35
8162,2024-02,33
8162,2024-03,40
8162,2024-04,44
8162,2024-05,34
8162,2024-06,33
8162,2024-07,18
8162,2024-08,33
8162,2024-09,22
8162,2024-10,19
8162,2024-11,16
8162,2024-12,10
8162,2025-01,40
8162,2025-02,30
8162,2025-03,28
8162,2025-04,35
8162,2025-05,23
8162,2025-06,21
8162,2025-07,9
8162,2025-08,17
8162,2025-09,22
8162,2025-10,12
8162,2025-11,19
8162,2025-12,11
8163,2020-01,28
8163,2020-02,22
8163,2020-03,18
8163,2020-04,12
8163,2020-05,8
8163,2020-06,7
8163,2020-07,7
8163,2020-08,10
8163,2020-09,7
8163,2020-10,9
8163,2020-11,10
8163,2020-12,2
8163,2021-01,9
8163,2021-02,16
8163,2021-03,17
8163,2021-04,27
8163,2021-05,27
8163,2021-06,28
8163,2021-07,10
8163,2021-08,22
8163,2021-09,22
8163,2021-10,19
8163,2021-11,29
8163,2021-12,26
8163,2022-01,30
8163,2022-02,36
8163,2022-03,47
8163,2022-04,39
8163,2022-05,38
8163,2022-06,38
8163,2022-07,15
8163,2022-08,25
8163,2022-09,15
8163,2022-10,16
8163,2022-11,12
8163,2022-12,12
8163,2023-01,24
8163,2023-02,29
8163,2023-03,45
8163,2023-04,36
8163,2023-05,41
8163,2023-06,26
8163,2023-07,16
8163,2023-08,22
8163,2023-09,29
8163,2023-10,15
8163,2023-11,14
8163,2023-12,8
8163,2024-01,27
8163,2024-02,41
8163,2024-03,47
8163,2024-04,42
8163,2024-05,29
8163,2024-06,23
8163,2024-07,16
8163,2024-08,15
8163,2024-09,14
8163,2024-10,12
8163,2024-11,9
8163,2024-12,10
8163,2025-01,19
8163,2025-02,22
8163,2025-03,44
8163,2025-04,28
8163,2025-05,30
8163,2025-06,22
8163,2025-07,9
8163,2025-08,14
8163,2025-09,21
8163,2025-10,21
8163,2025-11,9
8163,2025-12,12
8169,2020-01,23
8169,2020-02,21
8169,2020-03,20
8169,2020-04,2
8169,2020-05,7
8169,2020-06,11
8169,2020-07,8
8169,2020-08,9
8169,2020-09,14
8169,2020-10,14
8169,2020-11,7
8169,2020-12,26
8169,2021-01,18
8169,2021-02,29
8169,2021-03,28
8169,2021-04,41
8169,2021-05,30
8169,2021-06,26
8169,2021-07,16
8169,2021-08,19
8169,2021-09,28
8169,2021-10,28
8169,2021-11,35
8169,2021-12,35
8169,2022-01,53
8169,2022-02,30
8169,2022-03,43
8169,2022-04,106
8169,2022-05,52
8169,2022-06,48
8169,2022-07,12
8169,2022-08,29
8169,2022-09,12
8169,2022-10,13
8169,2022-11,21
8169,2022-12,21
8169,2023-01,21
8169,2023-02,40
8169,2023-03,53
8169,2023-04,20
8169,2023-05,29
8169,2023-06,13
8169,2023-07,11
8169,2023-08,17
8169,2023-09,18
8169,2023-10,23
8169,2023-11,15
8169,2023-12,4
8169,2024-01,29
8169,2024-02,42
8169,2024-03,45
8169,2024-04,56
8169,2024-05,29
8169,2024-06,35
8169,2024-07,29
8169,2024-08,42
8169,2024-09,38
8169,2024-10,21
8169,2024-11,23
8169,2024-12,10
8169,2025-01,29
8169,2025-02,24
8169,2025-03,33
8169,2025-04,33
8169,2025-05,24
8169,2025-06,6
8169,2025-07,9
8169,2025-08,20
8169,2025-09,27
8169,2025-10,16
8169,2025-11,27
8169,2025-12,23
8171,2020-01,20
8171,2020-02,5
8171,2020-03,6
8171,2020-05,3
8171,2020-06,4
8171,2020-07,1
8171,2020-08,4
8171,2020-10,5
8171,2020-11,2
8171,2020-12,10
8171,2021-01,14
8171,2021-02,8
8171,2021-03,5
8171,2021-04,3
8171,2021-05,7
8171,2021-06,2
8171,2021-07,2
8171,2021-08,5
8171,2021-09,5
8171,2021-10,4
8171,2021-11,7
8171,2021-12,17
8171,2022-01,16
8171,2022-02,9
8171,2022-03,17
8171,2022-04,4
8171,2022-05,5
8171,2022-06,9
8171,2022-07,7
8171,2022-08,2
8171,2022-09,6
8171,2022-10,3
8171,2022-11,6
8171,2022-12,23
8171,2023-01,16
8171,2023-02,18
8171,2023-03,11
8171,2023-04,5
8171,2023-05,6
8171,2023-07,22
8171,2023-08,21
8171,2023-09,7
8171,2023-10,10
8171,2023-11,9
8171,2023-12,12
8171,2024-01,16
8171,2024-02,16
8171,2024-03,11
8171,2024-04,2
8171,2024-05,4
8171,2024-06,5
8171,2024-07,6
8171,2024-08,5
8171,2024-09,2
8171,2024-10,7
8171,2024-11,9
8171,2024-12,15
8171,2025-01,14
8171,2025-02,5
8171,2025-03,4
8171,2025-04,13
8171,2025-05,5
8171,2025-06,3
8171,2025-07,7
8171,2025-08,7
8171,2025-09,12
8171,2025-10,4
8171,2025-11,6
8171,2025-12,9
8172,2020-01,9
8172,2020-02,10
8172,2020-03,5
8172,2020-04,2
8172,2020-06,4
8172,2020-08,2
8172,2020-09,1
8172,2020-10,4
8172,2020-11,3
8172,2020-12,15
8172,2021-01,14
8172,2021-02,11
8172,2021-03,18
8172,2021-04,11
8172,2021-05,5
8172,2021-06,6
8172,2021-07,7
8172,2021-08,7
8172,2021-09,9
8172,2021-10,9
8172,2021-11,13
8172,2021-12,17
8172,2022-01,12
8172,2022-02,13
8172,2022-03,20
8172,2022-04,9
8172,2022-05,10
8172,2022-06,13
8172,2022-07,11
8172,2022-08,6
8172,2022-09,13
8172,2022-10,16
8172,2022-11,15
8172,2022-12,26
8172,2023-01,9
8172,2023-02,20
8172,2023-03,18
8172,2023-04,4
8172,2023-05,7
8172,2023-06,36
8172,2023-07,43
8172,2023-08,48
8172,2023-09,15
8172,2023-10,5
8172,2023-11,2
8172,2023-12,18
8172,2024-01,17
8172,2024-02,27
8172,2024-03,15
8172,2024-04,5
8172,2024-05,11
8172,2024-06,10
8172,2024-07,12
8172,2024-08,5
8172,2024-09,14
8172,2024-10,8
8172,2024-11,15
8172,2024-12,20
8172,2025-01,20
8172,2025-02,9
8172,2025-03,12
8172,2025-04,16
8172,2025-05,5
8172,2025-06,3
8172,2025-07,2
8172,2025-08,5
8172,2025-09,6
8172,2025-10,12
8172,2025-11,2
8172,2025-12,6
8173,2020-01,7
8173,2020-02,11
8173,2020-03,12
8173,2020-04,3
8173,2020-05,5
8173,2020-06,6
8173,2020-07,4
8173,2020-08,12
8173,2020-09,17
8173,2020-10,30
8173,2020-11,20
8173,2020-12,25
8173,2021-01,27
8173,2021-02,22
8173,2021-03,40
8173,2021-04,23
8173,2021-05,64
8173,2021-06,39
8173,2021-07,42
8173,2021-08,32
8173,2021-09,33
8173,2021-10,28
8173,2021-11,30
8173,2021-12,30
8173,2022-01,37
8173,2022-02,32
8173,2022-03,45
8173,2022-04,45
8173,2022-05,34
8173,2022-06,32
8173,2022-07,18
8173,2022-08,15
8173,2022-09,28
8173,2022-10,26
8173,2022-11,26
8173,2022-12,20
8173,2023-01,22
8173,2023-02,32
8173,2023-03,41
8173,2023-04,10
8173,2023-05,32
8173,2023-06,14
8173,2023-07,17
8173,2023-08,18
8173,2023-09,18
8173,2023-10,9
8173,2023-11,14
8173,2023-12,15
8173,2024-01,14
8173,2024-02,13
8173,2024-03,18
8173,2024-04,33
8173,2024-05,28
8173,2024-06,7
8173,2024-07,16
8173,2024-08,22
8173,2024-09,8
8173,2024-10,17
8173,2024-11,16
8173,2024-12,13
8173,2025-01,17
8173,2025-02,14
8173,2025-03,5
8173,2025-04,26
8173,2025-05,12
8173,2025-06,9
8173,2025-07,11
8173,2025-08,13
8173,2025-09,12
8173,2025-10,9
8173,2025-11,7
8173,2025-12,8
8174,2020-01,2
8174,2020-02,5
8174,2020-03,5
8174,2020-04,2
8174,2020-05,3
8174,2020-06,4
8174,2020-07,3
8174,2020-08,5
8174,2020-09,9
8174,2020-10,8
8174,2020-11,6
8174,2020-12,3
8174,2021-01,8
8174,2021-02,5
8174,2021-03,11
8174,2021-04,6
8174,2021-05,12
8174,2021-06,13
8174,2021-07,11
8174,2021-08,14
8174,2021-09,29
8174,2021-10,17
8174,2021-11,22
8174,2021-12,18
8174,2022-01,21
8174,2022-02,33
8174,2022-03,49
8174,2022-04,21
8174,2022-05,29
8174,2022-06,26
8174,2022-07,15
8174,2022-08,17
8174,2022-09,16
8174,2022-10,13
8174,2022-11,18
8174,2022-12,11
8174,2023-01,6
8174,2023-02,12
8174,2023-03,12
8174,2023-04,10
8174,2023-05,14
8174,2023-06,18
8174,2023-07,10
8174,2023-08,11
8174,2023-09,12
8174,2023-10,6
8174,2023-11,10
8174,2023-12,2
8174,2024-01,4
8174,2024-02,5
8174,2024-03,5
8174,2024-04,6
8174,2024-05,10
8174,2024-06,16
8174,2024-07,6
8174,2024-08,12
8174,2024-09,12
8174,2024-10,10
8174,2024-11,9
8174,2024-12,9
8174,2025-01,11
8174,2025-02,12
8174,2025-03,15
8174,2025-04,14
8174,2025-05,20
8174,2025-06,6
8174,2025-07,6
8174,2025-08,7
8174,2025-09,9
8174,2025-10,8
8174,2025-11,4
8174,2025-12,18
8181,2020-01,2
8181,2020-02,4
8181,2020-03,2
8181,2020-04,2
8181,2020-05,1
8181,2020-06,2
8181,2020-07,2
8181,2020-09,2
8181,2020-10,3
8181,2020-12,2
8181,2021-02,3
8181,2021-03,7
8181,2021-04,10
8181,2021-05,7
8181,2021-06,5
8181,2021-07,1
8181,2021-08,8
8181,2021-09,5
8181,2021-10,3
8181,2021-11,6
8181,2021-12,3
8181,2022-01,6
8181,2022-02,9
8181,2022-03,15
8181,2022-04,9
8181,2022-05,16
8181,2022-06,10
8181,2022-07,10
8181,2022-08,16
8181,2022-09,12
8181,2022-10,14
8181,2022-11,8
8181,2022-12,11
8181,2023-01,5
8181,2023-02,7
8181,2023-03,19
8181,2023-04,14
8181,2023-05,27
8181,2023-06,15
8181,2023-07,7
8181,2023-08,7
8181,2023-09,9
8181,2023-10,6
8181,2023-11,8
8181,2023-12,7
8181,2024-01,7
8181,2024-02,11
8181,2024-03,7
8181,2024-04,12
8181,2024-05,6
8181,2024-06,3
8181,2024-07,3
8181,2024-08,8
8181,2024-09,6
8181,2024-10,5
8181,2024-11,8
8181,2024-12,4
8181,2025-01,3
8181,2025-02,3
8181,2025-03,5
8181,2025-04,3
8181,2025-05,4
8181,2025-06,2
8181,2025-07,1
8181,2025-08,4
8181,2025-09,1
8181,2025-10,4
8181,2025-11,3
8181,2025-12,5
8189,2020-01,5
8189,2020-02,8
8189,2020-03,7
8189,2020-04,6
8189,2020-05,6
8189,2020-06,4
8189,2020-07,4
8189,2020-08,4
8189,2020-09,4
8189,2020-10,13
8189,2020-11,3
8189,2020-12,5
8189,2021-01,6
8189,2021-02,7
8189,2021-03,10
8189,2021-04,8
8189,2021-05,22
8189,2021-06,12
8189,2021-07,6
8189,2021-08,15
8189,2021-09,7
8189,2021-10,15
8189,2021-11,12
8189,2021-12,10
8189,2022-01,19
8189,2022-02,18
8189,2022-03,12
8189,2022-04,16
8189,2022-05,15
8189,2022-06,16
8189,2022-07,16
8189,2022-08,20
8189,2022-09,16
8189,2022-10,17
8189,2022-11,15
8189,2022-12,26
8189,2023-01,20
8189,2023-02,24
8189,2023-03,20
8189,2023-04,15
8189,2023-05,30
8189,2023-06,3
8189,2023-07,14
8189,2023-08,23
8189,2023-09,28
8189,2023-10,29
8189,2023-11,18
8189,2023-12,10
8189,2024-01,8
8189,2024-02,9
8189,2024-03,12
8189,2024-04,17
8189,2024-05,6
8189,2024-06,13
8189,2024-07,14
8189,2024-08,16
8189,2024-09,3
8189,2024-10,8
8189,2024-11,5
8189,2024-12,10
8189,2025-01,10
8189,2025-02,10
8189,2025-03,9
8189,2025-04,12
8189,2025-05,14
8189,2025-06,6
8189,2025-07,4
8189,2025-08,4
8189,2025-09,12
8189,2025-10,8
8189,2025-11,4
8189,2025-12,3
8191,2020-01,88
8191,2020-02,76
8191,2020-03,68
8191,2020-04,45
8191,2020-05,37
8191,2020-06,43
8191,2020-07,25
8191,2020-08,30
8191,2020-09,38
8191,2020-10,47
8191,2020-11,55
8191,2020-12,47
8191,2021-01,45
8191,2021-02,49
8191,2021-03,87
8191,2021-04,68
8191,2021-05,53
8191,2021-06,55
8191,2021-07,26
8191,2021-08,42
8191,2021-09,88
8191,2021-10,79
8191,2021-11,80
8191,2021-12,84
8191,2022-01,77
8191,2022-02,126
8191,2022-03,141
8191,2022-04,99
8191,2022-05,114
8191,2022-06,92
8191,2022-07,90
8191,2022-08,100
8191,2022-09,118
8191,2022-10,119
8191,2022-11,140
8191,2022-12,104
8191,2023-01,143
8191,2023-02,121
8191,2023-03,130
8191,2023-04,84
8191,2023-05,94
8191,2023-06,92
8191,2023-07,62
8191,2023-08,51
8191,2023-09,64
8191,2023-10,89
8191,2023-11,79
8191,2023-12,84
8191,2024-01,78
8191,2024-02,112
8191,2024-03,87
8191,2024-04,112
8191,2024-05,62
8191,2024-06,57
8191,2024-07,76
8191,2024-08,61
8191,2024-09,88
8191,2024-10,105
8191,2024-11,90
8191,2024-12,109
8191,2025-01,95
8191,2025-02,106
8191,2025-03,85
8191,2025-04,86
8191,2025-05,78
8191,2025-06,40
8191,2025-07,64
8191,2025-08,61
8191,2025-09,77
8191,2025-10,75
8191,2025-11,72
8191,2025-12,74
8192,2020-01,26
8192,2020-02,17
8192,2020-03,16
8192,2020-04,16
8192,2020-05,8
8192,2020-06,10
8192,2020-07,5
8192,2020-08,6
8192,2020-09,12
8192,2020-10,11
8192,2020-11,17
8192,2020-12,16
8192,2021-01,28
8192,2021-02,19
8192,2021-03,20
8192,2021-04,32
8192,2021-05,14
8192,2021-06,24
8192,2021-07,30
8192,2021-08,27
8192,2021-09,43
8192,2021-10,41
8192,2021-11,30
8192,2021-12,39
8192,2022-01,46
8192,2022-02,31
8192,2022-03,58
8192,2022-04,38
8192,2022-05,32
8192,2022-06,44
8192,2022-07,22
8192,2022-08,22
8192,2022-09,22
8192,2022-10,17
8192,2022-11,26
8192,2022-12,37
8192,2023-01,35
8192,2023-02,25
8192,2023-03,41
8192,2023-04,34
8192,2023-05,29
8192,2023-06,22
8192,2023-07,17
8192,2023-08,20
8192,2023-09,16
8192,2023-10,29
8192,2023-11,26
8192,2023-12,20
8192,2024-01,50
8192,2024-02,44
8192,2024-03,45
8192,2024-04,51
8192,2024-05,47
8192,2024-06,23
8192,2024-07,18
8192,2024-08,34
8192,2024-09,37
8192,2024-10,25
8192,2024-11,25
8192,2024-12,18
8192,2025-01,28
8192,2025-02,32
8192,2025-03,23
8192,2025-04,25
8192,2025-05,21
8192,2025-06,11
8192,2025-07,15
8192,2025-08,15
8192,2025-09,25
8192,2025-10,18
8192,2025-11,5
8192,2025-12,15
8193,2020-01,7
8193,2020-02,9
8193,2020-03,4
8193,2020-05,1
8193,2020-06,1
8193,2020-08,1
8193,2020-09,4
8193,2020-10,1
8193,2020-11,3
8193,2020-12,3
8193,2021-01,6
8193,2021-02,7
8193,2021-03,7
8193,2021-04,5
8193,2021-05,6
8193,2021-06,2
8193,2021-07,2
8193,2021-08,4
8193,2021-10,5
8193,2021-11,3
8193,2021-12,7
8193,2022-01,7
8193,2022-02,7
8193,2022-03,7
8193,2022-04,7
8193,2022-05,10
8193,2022-06,10
8193,2022-07,6
8193,2022-08,12
8193,2022-09,5
8193,2022-10,11
8193,2022-11,7
8193,2022-12,20
8193,2023-01,25
8193,2023-02,27
8193,2023-03,7
8193,2023-04,3
8193,2023-05,9
8193,2023-06,6
8193,2023-07,4
8193,2023-08,9
8193,2023-09,10
8193,2023-10,4
8193,2023-11,3
8193,2023-12,13
8193,2024-01,14
8193,2024-02,8
8193,2024-03,12
8193,2024-04,11
8193,2024-05,2
8193,2024-06,7
8193,2024-07,4
8193,2024-08,8
8193,2024-09,15
8193,2024-10,4
8193,2024-11,6
8193,2024-12,11
8193,2025-01,13
8193,2025-02,10
8193,2025-03,14
8193,2025-04,10
8193,2025-05,7
8193,2025-06,9
8193,2025-07,10
8193,2025-08,2
8193,2025-09,9
8193,2025-10,5
8193,2025-11,12
8193,2025-12,4
8199,2020-01,4
8199,2020-02,10
8199,2020-03,4
8199,2020-04,4
8199,2020-05,7
8199,2020-06,2
8199,2020-07,1
8199,2020-08,4
8199,2020-09,3
8199,2020-10,5
8199,2020-11,4
8199,2020-12,1
8199,2021-01,1
8199,2021-02,5
8199,2021-03,8
8199,2021-04,7
8199,2021-05,17
8199,2021-06,11
8199,2021-07,13
8199,2021-08,8
8199,2021-09,10
8199,2021-10,10
8199,2021-11,8
8199,2021-12,16
8199,2022-01,10
8199,2022-02,3
8199,2022-03,19
8199,2022-04,23
8199,2022-05,3
8199,2022-06,13
8199,2022-07,2
8199,2022-08,5
8199,2022-09,7
8199,2022-10,5
8199,2022-11,13
8199,2022-12,11
8199,2023-01,9
8199,2023-02,13
8199,2023-03,14
8199,2023-04,15
8199,2023-05,9
8199,2023-06,10
8199,2023-07,10
8199,2023-08,8
8199,2023-09,23
8199,2023-10,12
8199,2023-11,12
8199,2023-12,8
8199,2024-01,8
8199,2024-02,14
8199,2024-03,11
8199,2024-04,18
8199,2024-05,16
8199,2024-06,11
8199,2024-07,2
8199,2024-08,7
8199,2024-09,12
8199,2024-10,10
8199,2024-11,9
8199,2024-12,13
8199,2025-01,10
8199,2025-02,7
8199,2025-03,11
8199,2025-04,11
8199,2025-05,9
8199,2025-06,8
8199,2025-07,9
8199,2025-08,12
8199,2025-09,12
8199,2025-10,7
8199,2025-11,10
8199,2025-12,9
8211,2020-01,45
8211,2020-02,60
8211,2020-03,41
8211,2020-04,16
8211,2020-05,6
8211,2020-06,12
8211,2020-07,9
8211,2020-08,29
8211,2020-09,60
8211,2020-10,64
8211,2020-11,45
8211,2020-12,46
8211,2021-01,35
8211,2021-02,55
8211,2021-03,84
8211,2021-04,78
8211,2021-05,75
8211,2021-06,75
8211,2021-07,52
8211,2021-08,77
8211,2021-09,89
8211,2021-10,101
8211,2021-11,96
8211,2021-12,101
8211,2022-01,98
8211,2022-02,124
8211,2022-03,173
8211,2022-04,132
8211,2022-05,155
8211,2022-06,144
8211,2022-07,88
8211,2022-08,128
8211,2022-09,138
8211,2022-10,103
8211,2022-11,96
8211,2022-12,112
8211,2023-01,123
8211,2023-02,171
8211,2023-03,222
8211,2023-04,136
8211,2023-05,217
8211,2023-06,196
8211,2023-07,132
8211,2023-08,167
8211,2023-09,194
8211,2023-10,141
8211,2023-11,150
8211,2023-12,138
8211,2024-01,155
8211,2024-02,132
8211,2024-03,128
8211,2024-04,125
8211,2024-05,114
8211,2024-06,104
8211,2024-07,70
8211,2024-08,98
8211,2024-09,101
8211,2024-10,82
8211,2024-11,65
8211,2024-12,50
8211,2025-01,81
8211,2025-02,76
8211,2025-03,87
8211,2025-04,87
8211,2025-05,87
8211,2025-06,66
8211,2025-07,63
8211,2025-08,98
8211,2025-09,60
8211,2025-10,70
8211,2025-11,66
8211,2025-12,60
8212,2020-01,104
8212,2020-02,140
8212,2020-03,149
8212,2020-04,65
8212,2020-05,63
8212,2020-06,71
8212,2020-07,64
8212,2020-08,117
8212,2020-09,124
8212,2020-10,127
8212,2020-11,86
8212,2020-12,89
8212,2021-01,104
8212,2021-02,144
8212,2021-03,182
8212,2021-04,180
8212,2021-05,171
8212,2021-06,162
8212,2021-07,145
8212,2021-08,174
8212,2021-09,261
8212,2021-10,307
8212,2021-11,271
8212,2021-12,245
8212,2022-01,364
8212,2022-02,380
8212,2022-03,419
8212,2022-04,363
8212,2022-05,377
8212,2022-06,394
8212,2022-07,370
8212,2022-08,371
8212,2022-09,440
8212,2022-10,421
8212,2022-11,421
8212,2022-12,364
8212,2023-01,373
8212,2023-02,341
8212,2023-03,417
8212,2023-04,343
8212,2023-05,413
8212,2023-06,399
8212,2023-07,400
8212,2023-08,533
8212,2023-09,346
8212,2023-10,307
8212,2023-11,231
8212,2023-12,191
8212,2024-01,253
8212,2024-02,191
8212,2024-03,207
8212,2024-04,215
8212,2024-05,199
8212,2024-06,151
8212,2024-07,150
8212,2024-08,157
8212,2024-09,153
8212,2024-10,174
8212,2024-11,149
8212,2024-12,112
8212,2025-01,113
8212,2025-02,146
8212,2025-03,167
8212,2025-04,172
8212,2025-05,164
8212,2025-06,138
8212,2025-07,149
8212,2025-08,223
8212,2025-09,186
8212,2025-10,184
8212,2025-11,185
8212,2025-12,132
8213,2020-01,340
8213,2020-02,421
8213,2020-03,288
8213,2020-04,96
8213,2020-05,55
8213,2020-06,112
8213,2020-07,73
8213,2020-08,245
8213,2020-09,343
8213,2020-10,242
8213,2020-11,157
8213,2020-12,139
8213,2021-01,318
8213,2021-02,375
8213,2021-03,432
8213,2021-04,359
8213,2021-05,374
8213,2021-06,340
8213,2021-07,236
8213,2021-08,585
8213,2021-09,826
8213,2021-10,744
8213,2021-11,494
8213,2021-12,432
8213,2022-01,797
8213,2022-02,1241
8213,2022-03,1259
8213,2022-04,747
8213,2022-05,870
8213,2022-06,747
8213,2022-07,591
8213,2022-08,1230
8213,2022-09,1968
8213,2022-10,1224
8213,2022-11,616
8213,2022-12,549
8213,2023-01,959
8213,2023-02,1997
8213,2023-03,1428
8213,2023-04,1041
8213,2023-05,675
8213,2023-06,693
8213,2023-07,679
8213,2023-08,1440
8213,2023-09,1526
8213,2023-10,702
8213,2023-11,657
8213,2023-12,570
8213,2024-01,1381
8213,2024-02,1350
8213,2024-03,686
8213,2024-04,345
8213,2024-05,283
8213,2024-06,253
8213,2024-07,201
8213,2024-08,537
8213,2024-09,653
8213,2024-10,394
8213,2024-11,188
8213,2024-12,145
8213,2025-01,357
8213,2025-02,537
8213,2025-03,451
8213,2025-04,289
8213,2025-05,263
8213,2025-06,198
8213,2025-07,223
8213,2025-08,534
8213,2025-09,594
8213,2025-10,343
8213,2025-11,162
8213,2025-12,159
8214,2020-01,23
8214,2020-02,23
8214,2020-03,37
8214,2020-04,7
8214,2020-05,13
8214,2020-06,26
8214,2020-07,17
8214,2020-08,24
8214,2020-09,28
8214,2020-10,24
8214,2020-11,27
8214,2020-12,22
8214,2021-01,25
8214,2021-02,30
8214,2021-03,48
8214,2021-04,38
8214,2021-05,61
8214,2021-06,50
8214,2021-07,40
8214,2021-08,59
8214,2021-09,93
8214,2021-10,76
8214,2021-11,57
8214,2021-12,52
8214,2022-01,81
8214,2022-02,95
8214,2022-03,136
8214,2022-04,112
8214,2022-05,93
8214,2022-06,90
8214,2022-07,58
8214,2022-08,71
8214,2022-09,76
8214,2022-10,69
8214,2022-11,58
8214,2022-12,57
8214,2023-01,45
8214,2023-02,43
8214,2023-03,106
8214,2023-04,70
8214,2023-05,46
8214,2023-06,28
8214,2023-07,20
8214,2023-08,49
8214,2023-09,25
8214,2023-10,35
8214,2023-11,28
8214,2023-12,12
8214,2024-01,17
8214,2024-02,43
8214,2024-03,25
8214,2024-04,59
8214,2024-05,47
8214,2024-06,83
8214,2024-07,39
8214,2024-08,54
8214,2024-09,41
8214,2024-10,21
8214,2024-11,38
8214,2024-12,33
8214,2025-01,59
8214,2025-02,31
8214,2025-03,42
8214,2025-04,33
8214,2025-05,29
8214,2025-06,37
8214,2025-07,16
8214,2025-08,32
8214,2025-09,34
8214,2025-10,17
8214,2025-11,27
8214,2025-12,19
8219,2020-01,8
8219,2020-02,3
8219,2020-03,5
8219,2020-04,2
8219,2020-05,5
8219,2020-06,5
8219,2020-07,4
8219,2020-08,3
8219,2020-09,2
8219,2020-10,5
8219,2020-11,3
8219,2020-12,2
8219,2021-01,2
8219,2021-02,3
8219,2021-03,3
8219,2021-04,7
8219,2021-05,9
8219,2021-06,2
8219,2021-07,7
8219,2021-08,8
8219,2021-09,11
8219,2021-10,7
8219,2021-11,7
8219,2021-12,9
8219,2022-01,18
8219,2022-02,23
8219,2022-03,39
8219,2022-04,26
8219,2022-05,22
8219,2022-06,26
8219,2022-07,52
8219,2022-08,31
8219,2022-09,28
8219,2022-10,23
8219,2022-11,3
8219,2022-12,4
8219,2023-01,6
8219,2023-02,9
8219,2023-03,6
8219,2023-04,4
8219,2023-05,6
8219,2023-06,3
8219,2023-07,1
8219,2023-08,7
8219,2023-09,12
8219,2023-10,16
8219,2023-11,10
8219,2023-12,8
8219,2024-01,22
8219,2024-02,11
8219,2024-03,5
8219,2024-04,15
8219,2024-05,6
8219,2024-06,12
8219,2024-07,2
8219,2024-08,9
8219,2024-09,5
8219,2024-10,1
8219,2024-11,3
8219,2024-12,5
8219,2025-01,8
8219,2025-02,6
8219,2025-03,8
8219,2025-04,14
8219,2025-05,5
8219,2025-06,5
8219,2025-07,1
8219,2025-08,3
8219,2025-09,2
8219,2025-10,5
8219,2025-11,21
8219,2025-12,6
8311,2020-01,5
8311,2020-02,6
8311,2020-03,1
8311,2020-04,5
8311,2020-05,3
8311,2020-06,10
8311,2020-07,2
8311,2020-08,1
8311,2020-09,4
8311,2020-10,3
8311,2020-11,8
8311,2020-12,1
8311,2021-01,6
8311,2021-02,9
8311,2021-03,3
8311,2021-04,7
8311,2021-05,1
8311,2021-06,11
8311,2021-07,8
8311,2021-08,9
8311,2021-09,12
8311,2021-10,12
8311,2021-11,17
8311,2021-12,17
8311,2022-01,26
8311,2022-02,19
8311,2022-03,15
8311,2022-04,14
8311,2022-05,19
8311,2022-06,12
8311,2022-07,10
8311,2022-08,11
8311,2022-09,24
8311,2022-10,14
8311,2022-11,22
8311,2022-12,8
8311,2023-01,20
8311,2023-02,19
8311,2023-03,14
8311,2023-04,14
8311,2023-05,46
8311,2023-06,14
8311,2023-07,6
8311,2023-08,27
8311,2023-09,305
8311,2023-10,32
8311,2023-11,15
8311,2023-12,38
8311,2024-01,33
8311,2024-02,18
8311,2024-03,9
8311,2024-04,11
8311,2024-05,8
8311,2024-06,9
8311,2024-07,2
8311,2024-08,10
8311,2024-09,11
8311,2024-10,6
8311,2024-11,2
8311,2024-12,3
8311,2025-01,10
8311,2025-02,5
8311,2025-03,4
8311,2025-04,3
8311,2025-05,2
8311,2025-06,4
8311,2025-08,1
8311,2025-09,3
8311,2025-10,6
8311,2025-11,5
8311,2025-12,6
8312,2020-01,1
8312,2020-02,1
8312,2020-03,5
8312,2020-04,5
8312,2020-05,3
8312,2020-06,1
8312,2020-07,1
8312,2020-08,1
8312,2020-09,3
8312,2020-10,4
8312,2020-11,7
8312,2020-12,1
8312,2021-01,3
8312,2021-02,2
8312,2021-03,4
8312,2021-04,5
8312,2021-05,8
8312,2021-06,9
8312,2021-07,7
8312,2021-08,7
8312,2021-09,4
8312,2021-10,5
8312,2021-11,7
8312,2021-12,6
8312,2022-01,7
8312,2022-02,8
8312,2022-03,7
8312,2022-04,7
8312,2022-05,3
8312,2022-06,9
8312,2022-07,3
8312,2022-08,5
8312,2022-09,7
8312,2022-10,9
8312,2022-11,9
8312,2022-12,11
8312,2023-01,15
8312,2023-02,8
8312,2023-03,11
8312,2023-04,11
8312,2023-05,16
8312,2023-06,8
8312,2023-07,8
8312,2023-08,7
8312,2023-09,4
8312,2023-10,9
8312,2023-11,4
8312,2023-12,7
8312,2024-01,5
8312,2024-02,5
8312,2024-03,6
8312,2024-04,7
8312,2024-05,3
8312,2024-06,5
8312,2024-07,4
8312,2024-08,4
8312,2024-09,5
8312,2024-10,5
8312,2024-11,6
8312,2024-12,2
8312,2025-01,4
8312,2025-02,5
8312,2025-03,14
8312,2025-04,5
8312,2025-05,7
8312,2025-06,2
8312,2025-07,4
8312,2025-09,1
8312,2025-10,4
8321,2020-01,185
8321,2020-02,226
8321,2020-03,196
8321,2020-04,150
8321,2020-05,112
8321,2020-06,76
8321,2020-07,64
8321,2020-08,71
8321,2020-09,87
8321,2020-10,84
8321,2020-11,68
8321,2020-12,69
8321,2021-01,59
8321,2021-02,53
8321,2021-03,62
8321,2021-04,80
8321,2021-05,89
8321,2021-06,77
8321,2021-07,88
8321,2021-08,128
8321,2021-09,136
8321,2021-10,149
8321,2021-11,138
8321,2021-12,135
8321,2022-01,145
8321,2022-02,132
8321,2022-03,173
8321,2022-04,159
8321,2022-05,203
8321,2022-06,168
8321,2022-07,134
8321,2022-08,174
8321,2022-09,201
8321,2022-10,166
8321,2022-11,176
8321,2022-12,147
8321,2023-01,216
8321,2023-02,189
8321,2023-03,232
8321,2023-04,191
8321,2023-05,194
8321,2023-06,175
8321,2023-07,163
8321,2023-08,239
8321,2023-09,223
8321,2023-10,233
8321,2023-11,187
8321,2023-12,146
8321,2024-01,273
8321,2024-02,223
8321,2024-03,234
8321,2024-04,224
8321,2024-05,190
8321,2024-06,178
8321,2024-07,166
8321,2024-08,209
8321,2024-09,211
8321,2024-10,193
8321,2024-11,151
8321,2024-12,117
8321,2025-01,186
8321,2025-02,195
8321,2025-03,227
8321,2025-04,173
8321,2025-05,190
8321,2025-06,146
8321,2025-07,200
8321,2025-08,194
8321,2025-09,227
8321,2025-10,206
8321,2025-11,207
8321,2025-12,160
8329,2020-01,143
8329,2020-02,119
8329,2020-03,142
8329,2020-04,108
8329,2020-05,73
8329,2020-06,88
8329,2020-07,78
8329,2020-08,67
8329,2020-09,152
8329,2020-10,167
8329,2020-11,186
8329,2020-12,84
8329,2021-01,72
8329,2021-02,140
8329,2021-03,170
8329,2021-04,164
8329,2021-05,171
8329,2021-06,107
8329,2021-07,100
8329,2021-08,164
8329,2021-09,250
8329,2021-10,244
8329,2021-11,207
8329,2021-12,140
8329,2022-01,216
8329,2022-02,174
8329,2022-03,258
8329,2022-04,219
8329,2022-05,346
8329,2022-06,230
8329,2022-07,163
8329,2022-08,307
8329,2022-09,431
8329,2022-10,311
8329,2022-11,501
8329,2022-12,161
8329,2023-01,271
8329,2023-02,165
8329,2023-03,450
8329,2023-04,361
8329,2023-05,365
8329,2023-06,307
8329,2023-07,129
8329,2023-08,275
8329,2023-09,264
8329,2023-10,191
8329,2023-11,173
8329,2023-12,164
8329,2024-01,297
8329,2024-02,203
8329,2024-03,320
8329,2024-04,295
8329,2024-05,330
8329,2024-06,208
8329,2024-07,121
8329,2024-08,195
8329,2024-09,277
8329,2024-10,184
8329,2024-11,216
8329,2024-12,82
8329,2025-01,117
8329,2025-02,140
8329,2025-03,153
8329,2025-04,123
8329,2025-05,145
8329,2025-06,138
8329,2025-07,82
8329,2025-08,122
8329,2025-09,203
8329,2025-10,163
8329,2025-11,168
8329,2025-12,72
8331,2020-01,43
8331,2020-02,34
8331,2020-03,25
8331,2020-04,24
8331,2020-05,13
8331,2020-06,15
8331,2020-07,14
8331,2020-08,24
8331,2020-09,23
8331,2020-10,11
8331,2020-11,22
8331,2020-12,23
8331,2021-01,13
8331,2021-02,12
8331,2021-03,22
8331,2021-04,24
8331,2021-05,19
8331,2021-06,22
8331,2021-07,6
8331,2021-08,27
8331,2021-09,47
8331,2021-10,28
8331,2021-11,34
8331,2021-12,33
8331,2022-01,32
8331,2022-02,42
8331,2022-03,55
8331,2022-04,40
8331,2022-05,48
8331,2022-06,66
8331,2022-07,31
8331,2022-08,76
8331,2022-09,69
8331,2022-10,75
8331,2022-11,60
8331,2022-12,55
8331,2023-01,65
8331,2023-02,54
8331,2023-03,116
8331,2023-04,69
8331,2023-05,81
8331,2023-06,59
8331,2023-07,32
8331,2023-08,47
8331,2023-09,68
8331,2023-10,59
8331,2023-11,62
8331,2023-12,47
8331,2024-01,74
8331,2024-02,78
8331,2024-03,105
8331,2024-04,101
8331,2024-05,75
8331,2024-06,75
8331,2024-07,75
8331,2024-08,100
8331,2024-09,80
8331,2024-10,86
8331,2024-11,51
8331,2024-12,51
8331,2025-01,58
8331,2025-02,62
8331,2025-03,78
8331,2025-04,71
8331,2025-05,52
8331,2025-06,32
8331,2025-07,28
8331,2025-08,51
8331,2025-09,79
8331,2025-10,46
8331,2025-11,36
8331,2025-12,35
8332,2020-01,381
8332,2020-02,477
8332,2020-03,452
8332,2020-04,330
8332,2020-05,372
8332,2020-06,357
8332,2020-07,206
8332,2020-08,210
8332,2020-09,258
8332,2020-10,203
8332,2020-11,225
8332,2020-12,127
8332,2021-01,196
8332,2021-02,374
8332,2021-03,631
8332,2021-04,717
8332,2021-05,782
8332,2021-06,676
8332,2021-07,333
8332,2021-08,337
8332,2021-09,449
8332,2021-10,485
8332,2021-11,511
8332,2021-12,466
8332,2022-01,531
8332,2022-02,707
8332,2022-03,1102
8332,2022-04,1133
8332,2022-05,1590
8332,2022-06,1470
8332,2022-07,834
8332,2022-08,829
8332,2022-09,976
8332,2022-10,995
8332,2022-11,754
8332,2022-12,640
8332,2023-01,902
8332,2023-02,861
8332,2023-03,1393
8332,2023-04,1928
8332,2023-05,2721
8332,2023-06,1933
8332,2023-07,853
8332,2023-08,664
8332,2023-09,530
8332,2023-10,487
8332,2023-11,515
8332,2023-12,381
8332,2024-01,608
8332,2024-02,772
8332,2024-03,1273
8332,2024-04,1161
8332,2024-05,1526
8332,2024-06,1295
8332,2024-07,476
8332,2024-08,460
8332,2024-09,476
8332,2024-10,409
8332,2024-11,377
8332,2024-12,256
8332,2025-01,505
8332,2025-02,610
8332,2025-03,905
8332,2025-04,1012
8332,2025-05,861
8332,2025-06,566
8332,2025-07,296
8332,2025-08,306
8332,2025-09,343
8332,2025-10,382
8332,2025-11,358
8332,2025-12,242
8341,2020-01,15
8341,2020-02,14
8341,2020-03,10
8341,2020-04,5
8341,2020-05,10
8341,2020-06,4
8341,2020-07,5
8341,2020-08,6
8341,2020-09,5
8341,2020-10,8
8341,2020-11,6
8341,2020-12,7
8341,2021-01,12
8341,2021-02,8
8341,2021-03,13
8341,2021-04,19
8341,2021-05,16
8341,2021-06,5
8341,2021-07,4
8341,2021-08,10
8341,2021-09,8
8341,2021-10,11
8341,2021-11,16
8341,2021-12,10
8341,2022-01,24
8341,2022-02,9
8341,2022-03,15
8341,2022-04,16
8341,2022-05,23
8341,2022-06,13
8341,2022-07,9
8341,2022-08,14
8341,2022-09,20
8341,2022-10,20
8341,2022-11,17
8341,2022-12,16
8341,2023-01,19
8341,2023-02,15
8341,2023-03,18
8341,2023-04,16
8341,2023-05,13
8341,2023-06,13
8341,2023-07,4
8341,2023-08,8
8341,2023-09,13
8341,2023-10,8
8341,2023-11,5
8341,2023-12,4
8341,2024-01,22
8341,2024-02,22
8341,2024-03,9
8341,2024-04,10
8341,2024-05,13
8341,2024-06,5
8341,2024-07,13
8341,2024-08,7
8341,2024-09,9
8341,2024-10,20
8341,2024-11,12
8341,2024-12,14
8341,2025-01,15
8341,2025-02,26
8341,2025-03,15
8341,2025-04,10
8341,2025-05,13
8341,2025-06,8
8341,2025-07,3
8341,2025-08,10
8341,2025-09,9
8341,2025-10,16
8341,2025-11,20
8341,2025-12,15
8342,2020-01,55
8342,2020-02,67
8342,2020-03,69
8342,2020-04,66
8342,2020-05,60
8342,2020-06,69
8342,2020-07,56
8342,2020-08,58
8342,2020-09,64
8342,2020-10,58
8342,2020-11,47
8342,2020-12,27
8342,2021-01,36
8342,2021-02,65
8342,2021-03,136
8342,2021-04,123
8342,2021-05,79
8342,2021-06,91
8342,2021-07,37
8342,2021-08,52
8342,2021-09,87
8342,2021-10,86
8342,2021-11,77
8342,2021-12,72
8342,2022-01,76
8342,2022-02,116
8342,2022-03,115
8342,2022-04,130
8342,2022-05,141
8342,2022-06,102
8342,2022-07,68
8342,2022-08,107
8342,2022-09,97
8342,2022-10,105
8342,2022-11,69
8342,2022-12,82
8342,2023-01,88
8342,2023-02,80
8342,2023-03,107
8342,2023-04,109
8342,2023-05,122
8342,2023-06,132
8342,2023-07,66
8342,2023-08,95
8342,2023-09,71
8342,2023-10,86
8342,2023-11,52
8342,2023-12,31
8342,2024-01,62
8342,2024-02,84
8342,2024-03,81
8342,2024-04,110
8342,2024-05,105
8342,2024-06,71
8342,2024-07,51
8342,2024-08,67
8342,2024-09,68
8342,2024-10,64
8342,2024-11,43
8342,2024-12,44
8342,2025-01,70
8342,2025-02,62
8342,2025-03,78
8342,2025-04,95
8342,2025-05,73
8342,2025-06,45
8342,2025-07,53
8342,2025-08,71
8342,2025-09,77
8342,2025-10,70
8342,2025-11,37
8342,2025-12,32
8343,2020-01,3
8343,2020-02,2
8343,2020-03,6
8343,2020-04,4
8343,2020-05,8
8343,2020-06,7
8343,2020-07,2
8343,2020-08,10
8343,2020-09,9
8343,2020-10,15
8343,2020-11,3
8343,2020-12,5
8343,2021-01,12
8343,2021-02,4
8343,2021-03,10
8343,2021-04,11
8343,2021-05,5
8343,2021-06,16
8343,2021-07,12
8343,2021-08,11
8343,2021-09,24
8343,2021-10,11
8343,2021-11,16
8343,2021-12,6
8343,2022-01,9
8343,2022-02,6
8343,2022-03,14
8343,2022-04,14
8343,2022-05,15
8343,2022-06,9
8343,2022-07,7
8343,2022-08,14
8343,2022-09,12
8343,2022-10,8
8343,2022-11,3
8343,2022-12,6
8343,2023-01,9
8343,2023-02,7
8343,2023-03,9
8343,2023-04,14
8343,2023-05,6
8343,2023-06,4
8343,2023-07,3
8343,2023-08,18
8343,2023-09,5
8343,2023-10,8
8343,2023-11,4
8343,2023-12,7
8343,2024-01,14
8343,2024-02,2
8343,2024-03,6
8343,2024-04,9
8343,2024-05,6
8343,2024-06,7
8343,2024-07,11
8343,2024-08,17
8343,2024-09,8
8343,2024-10,3
8343,2024-11,3
8343,2024-12,6
8343,2025-01,13
8343,2025-02,16
8343,2025-03,13
8343,2025-04,13
8343,2025-05,9
8343,2025-06,6
8343,2025-07,8
8343,2025-08,5
8343,2025-09,14
8343,2025-10,9
8343,2025-11,10
8343,2025-12,3
8344,2020-01,237
8344,2020-02,238
8344,2020-03,273
8344,2020-04,158
8344,2020-05,155
8344,2020-06,159
8344,2020-07,81
8344,2020-08,139
8344,2020-09,203
8344,2020-10,238
8344,2020-11,202
8344,2020-12,166
8344,2021-01,222
8344,2021-02,273
8344,2021-03,348
8344,2021-04,502
8344,2021-05,564
8344,2021-06,522
8344,2021-07,314
8344,2021-08,403
8344,2021-09,606
8344,2021-10,597
8344,2021-11,503
8344,2021-12,348
8344,2022-01,516
8344,2022-02,640
8344,2022-03,778
8344,2022-04,821
8344,2022-05,1034
8344,2022-06,878
8344,2022-07,592
8344,2022-08,680
8344,2022-09,793
8344,2022-10,554
8344,2022-11,460
8344,2022-12,380
8344,2023-01,520
8344,2023-02,554
8344,2023-03,804
8344,2023-04,706
8344,2023-05,996
8344,2023-06,877
8344,2023-07,565
8344,2023-08,681
8344,2023-09,440
8344,2023-10,438
8344,2023-11,351
8344,2023-12,265
8344,2024-01,347
8344,2024-02,429
8344,2024-03,485
8344,2024-04,596
8344,2024-05,628
8344,2024-06,394
8344,2024-07,243
8344,2024-08,254
8344,2024-09,267
8344,2024-10,247
8344,2024-11,204
8344,2024-12,183
8344,2025-01,272
8344,2025-02,255
8344,2025-03,380
8344,2025-04,427
8344,2025-05,401
8344,2025-06,275
8344,2025-07,174
8344,2025-08,222
8344,2025-09,273
8344,2025-10,178
8344,2025-11,186
8344,2025-12,166
8350,2020-01,14
8350,2020-02,15
8350,2020-03,6
8350,2020-04,6
8350,2020-05,1
8350,2020-07,3
8350,2020-08,2
8350,2020-11,1
8350,2020-12,6
8350,2021-01,4
8350,2021-02,7
8350,2021-03,10
8350,2021-04,2
8350,2021-05,2
8350,2021-06,10
8350,2021-07,5
8350,2021-08,10
8350,2021-09,5
8350,2021-10,4
8350,2021-11,5
8350,2021-12,9
8350,2022-01,13
8350,2022-02,11
8350,2022-03,21
8350,2022-04,17
8350,2022-05,5
8350,2022-06,5
8350,2022-07,8
8350,2022-08,9
8350,2022-09,5
8350,2022-10,5
8350,2022-11,4
8350,2022-12,17
8350,2023-01,26
8350,2023-02,14
8350,2023-03,16
8350,2023-04,12
8350,2023-05,13
8350,2023-06,5
8350,2023-07,6
8350,2023-08,2
8350,2023-09,4
8350,2023-10,4
8350,2023-11,7
8350,2023-12,11
8350,2024-01,17
8350,2024-02,16
8350,2024-03,16
8350,2024-04,8
8350,2024-05,6
8350,2024-06,1
8350,2024-07,4
8350,2024-08,3
8350,2024-09,2
8350,2024-10,4
8350,2024-11,8
8350,2024-12,10
8350,2025-01,15
8350,2025-02,10
8350,2025-03,3
8350,2025-04,3
8350,2025-05,5
8350,2025-06,3
8350,2025-07,3
8350,2025-08,1
8350,2025-09,5
8350,2025-10,6
8350,2025-11,5
8350,2025-12,3
9111,2020-01,584
9111,2020-02,636
9111,2020-03,499
9111,2020-04,283
9111,2020-05,322
9111,2020-06,334
9111,2020-07,268
9111,2020-08,414
9111,2020-09,473
9111,2020-10,513
9111,2020-11,410
9111,2020-12,242
9111,2021-01,382
9111,2021-02,418
9111,2021-03,555
9111,2021-04,640
9111,2021-05,795
9111,2021-06,609
9111,2021-07,452
9111,2021-08,680
9111,2021-09,881
9111,2021-10,923
9111,2021-11,967
9111,2021-12,766
9111,2022-01,904
9111,2022-02,1134
9111,2022-03,1391
9111,2022-04,1167
9111,2022-05,1311
9111,2022-06,940
9111,2022-07,583
9111,2022-08,985
9111,2022-09,839
9111,2022-10,738
9111,2022-11,736
9111,2022-12,601
9111,2023-01,852
9111,2023-02,808
9111,2023-03,1091
9111,2023-04,963
9111,2023-05,1258
9111,2023-06,1058
9111,2023-07,766
9111,2023-08,846
9111,2023-09,759
9111,2023-10,758
9111,2023-11,610
9111,2023-12,508
9111,2024-01,773
9111,2024-02,801
9111,2024-03,858
9111,2024-04,1011
9111,2024-05,989
9111,2024-06,735
9111,2024-07,492
9111,2024-08,818
9111,2024-09,779
9111,2024-10,823
9111,2024-11,743
9111,2024-12,611
9111,2025-01,872
9111,2025-02,871
9111,2025-03,1034
9111,2025-04,1233
9111,2025-05,950
9111,2025-06,593
9111,2025-07,448
9111,2025-08,751
9111,2025-09,773
9111,2025-10,799
9111,2025-11,665
9111,2025-12,600
9119,2020-01,828
9119,2020-02,750
9119,2020-03,604
9119,2020-04,252
9119,2020-05,230
9119,2020-06,306
9119,2020-07,84
9119,2020-08,423
9119,2020-09,230
9119,2020-10,189
9119,2020-11,187
9119,2020-12,152
9119,2021-01,175
9119,2021-02,179
9119,2021-03,186
9119,2021-04,147
9119,2021-05,165
9119,2021-06,268
9119,2021-07,235
9119,2021-08,541
9119,2021-09,1233
9119,2021-10,752
9119,2021-11,1322
9119,2021-12,1172
9119,2022-01,1317
9119,2022-02,1316
9119,2022-03,1141
9119,2022-04,1116
9119,2022-05,1527
9119,2022-06,1483
9119,2022-07,1415
9119,2022-08,2828
9119,2022-09,2725
9119,2022-10,1540
9119,2022-11,1247
9119,2022-12,1305
9119,2023-01,1691
9119,2023-02,1326
9119,2023-03,1481
9119,2023-04,1236
9119,2023-05,1784
9119,2023-06,924
9119,2023-07,511
9119,2023-08,848
9119,2023-09,723
9119,2023-10,649
9119,2023-11,579
9119,2023-12,389
9119,2024-01,605
9119,2024-02,509
9119,2024-03,461
9119,2024-04,499
9119,2024-05,518
9119,2024-06,366
9119,2024-07,297
9119,2024-08,483
9119,2024-09,418
9119,2024-10,385
9119,2024-11,289
9119,2024-12,212
9119,2025-01,336
9119,2025-02,324
9119,2025-03,340
9119,2025-04,350
9119,2025-05,344
9119,2025-06,261
9119,2025-07,293
9119,2025-08,414
9119,2025-09,410
9119,2025-10,442
9119,2025-11,347
9119,2025-12,309
9120,2020-01,76
9120,2020-02,61
9120,2020-03,50
9120,2020-04,45
9120,2020-05,30
9120,2020-06,58
9120,2020-07,33
9120,2020-08,42
9120,2020-09,56
9120,2020-10,60
9120,2020-11,47
9120,2020-12,36
9120,2021-01,56
9120,2021-02,54
9120,2021-03,76
9120,2021-04,70
9120,2021-05,79
9120,2021-06,68
9120,2021-07,42
9120,2021-08,84
9120,2021-09,96
9120,2021-10,89
9120,2021-11,90
9120,2021-12,84
9120,2022-01,78
9120,2022-02,114
9120,2022-03,153
9120,2022-04,139
9120,2022-05,205
9120,2022-06,144
9120,2022-07,89
9120,2022-08,107
9120,2022-09,167
9120,2022-10,129
9120,2022-11,124
9120,2022-12,126
9120,2023-01,143
9120,2023-02,186
9120,2023-03,193
9120,2023-04,161
9120,2023-05,181
9120,2023-06,125
9120,2023-07,114
9120,2023-08,164
9120,2023-09,159
9120,2023-10,100
9120,2023-11,134
9120,2023-12,109
9120,2024-01,81
9120,2024-02,109
9120,2024-03,107
9120,2024-04,87
9120,2024-05,122
9120,2024-06,78
9120,2024-07,54
9120,2024-08,57
9120,2024-09,46
9120,2024-10,77
9120,2024-11,52
9120,2024-12,36
9120,2025-01,81
9120,2025-02,99
9120,2025-03,112
9120,2025-04,77
9120,2025-05,68
9120,2025-06,74
9120,2025-07,90
9120,2025-08,94
9120,2025-09,95
9120,2025-10,97
9120,2025-11,55
9120,2025-12,41
9210,2020-01,29
9210,2020-02,20
9210,2020-03,19
9210,2020-04,9
9210,2020-05,8
9210,2020-06,8
9210,2020-07,5
9210,2020-08,1
9210,2020-09,5
9210,2020-10,8
9210,2020-11,9
9210,2020-12,14
9210,2021-01,11
9210,2021-02,10
9210,2021-03,10
9210,2021-04,11
9210,2021-05,10
9210,2021-06,13
9210,2021-07,8
9210,2021-08,7
9210,2021-09,4
9210,2021-10,13
9210,2021-11,15
9210,2021-12,18
9210,2022-01,17
9210,2022-02,17
9210,2022-03,25
9210,2022-04,14
9210,2022-05,22
9210,2022-06,14
9210,2022-07,5
9210,2022-08,10
9210,2022-09,7
9210,2022-10,10
9210,2022-11,9
9210,2022-12,4
9210,2023-01,15
9210,2023-02,15
9210,2023-03,21
9210,2023-04,18
9210,2023-05,17
9210,2023-06,6
9210,2023-07,3
9210,2023-08,11
9210,2023-09,4
9210,2023-10,8
9210,2023-11,15
9210,2023-12,14
9210,2024-01,12
9210,2024-02,15
9210,2024-03,19
9210,2024-04,10
9210,2024-05,13
9210,2024-06,8
9210,2024-07,8
9210,2024-08,10
9210,2024-09,1
9210,2024-10,8
9210,2024-11,8
9210,2024-12,12
9210,2025-01,18
9210,2025-02,20
9210,2025-03,15
9210,2025-04,7
9210,2025-05,5
9210,2025-06,3
9210,2025-07,12
9210,2025-08,10
9210,2025-09,7
9210,2025-10,11
9210,2025-11,18
9210,2025-12,12
9310,2020-01,111
9310,2020-02,123
9310,2020-03,95
9310,2020-04,90
9310,2020-05,63
9310,2020-06,60
9310,2020-07,77
9310,2020-08,62
9310,2020-09,76
9310,2020-10,90
9310,2020-11,90
9310,2020-12,54
9310,2021-01,92
9310,2021-02,93
9310,2021-03,96
9310,2021-04,123
9310,2021-05,114
9310,2021-06,88
9310,2021-07,75
9310,2021-08,116
9310,2021-09,156
9310,2021-10,144
9310,2021-11,146
9310,2021-12,112
9310,2022-01,175
9310,2022-02,220
9310,2022-03,204
9310,2022-04,170
9310,2022-05,192
9310,2022-06,162
9310,2022-07,106
9310,2022-08,162
9310,2022-09,203
9310,2022-10,172
9310,2022-11,130
9310,2022-12,91
9310,2023-01,159
9310,2023-02,93
9310,2023-03,138
9310,2023-04,142
9310,2023-05,183
9310,2023-06,91
9310,2023-07,88
9310,2023-08,118
9310,2023-09,106
9310,2023-10,99
9310,2023-11,82
9310,2023-12,72
9310,2024-01,118
9310,2024-02,99
9310,2024-03,91
9310,2024-04,116
9310,2024-05,90
9310,2024-06,77
9310,2024-07,67
9310,2024-08,103
9310,2024-09,97
9310,2024-10,77
9310,2024-11,52
9310,2024-12,89
9310,2025-01,99
9310,2025-02,195
9310,2025-03,181
9310,2025-04,138
9310,2025-05,139
9310,2025-06,93
9310,2025-07,67
9310,2025-08,113
9310,2025-09,72
9310,2025-10,92
9310,2025-11,68
9310,2025-12,64
9320,2020-01,21
9320,2020-02,14
9320,2020-03,21
9320,2020-04,10
9320,2020-05,10
9320,2020-06,15
9320,2020-07,15
9320,2020-08,14
9320,2020-09,20
9320,2020-10,24
9320,2020-11,14
9320,2020-12,16
9320,2021-01,14
9320,2021-02,20
9320,2021-03,22
9320,2021-04,40
9320,2021-05,32
9320,2021-06,37
9320,2021-07,17
9320,2021-08,33
9320,2021-09,42
9320,2021-10,50
9320,2021-11,44
9320,2021-12,33
9320,2022-01,50
9320,2022-02,34
9320,2022-03,68
9320,2022-04,50
9320,2022-05,62
9320,2022-06,44
9320,2022-07,25
9320,2022-08,51
9320,2022-09,64
9320,2022-10,47
9320,2022-11,26
9320,2022-12,32
9320,2023-01,34
9320,2023-02,37
9320,2023-03,57
9320,2023-04,51
9320,2023-05,55
9320,2023-06,39
9320,2023-07,17
9320,2023-08,35
9320,2023-09,24
9320,2023-10,36
9320,2023-11,13
9320,2023-12,7
9320,2024-01,18
9320,2024-02,25
9320,2024-03,31
9320,2024-04,37
9320,2024-05,34
9320,2024-06,27
9320,2024-07,21
9320,2024-08,24
9320,2024-09,17
9320,2024-10,19
9320,2024-11,23
9320,2024-12,7
9320,2025-01,19
9320,2025-02,29
9320,2025-03,18
9320,2025-04,28
9320,2025-05,37
9320,2025-06,20
9320,2025-07,17
9320,2025-08,21
9320,2025-09,22
9320,2025-10,22
9320,2025-11,18
9320,2025-12,11
9331,2020-01,9
9331,2020-02,5
9331,2020-03,2
9331,2020-04,1
9331,2020-05,1
9331,2020-06,1
9331,2020-10,2
9331,2020-11,2
9331,2021-01,1
9331,2021-02,6
9331,2021-03,6
9331,2021-04,3
9331,2021-05,6
9331,2021-06,5
9331,2021-07,3
9331,2021-08,1
9331,2021-09,6
9331,2021-10,4
9331,2021-11,1
9331,2021-12,3
9331,2022-01,8
9331,2022-02,6
9331,2022-03,13
9331,2022-04,14
9331,2022-05,8
9331,2022-06,7
9331,2022-07,2
9331,2022-08,3
9331,2022-09,4
9331,2022-11,1
9331,2022-12,8
9331,2023-01,8
9331,2023-02,9
9331,2023-03,5
9331,2023-04,8
9331,2023-05,4
9331,2023-06,4
9331,2023-07,2
9331,2023-09,5
9331,2023-10,3
9331,2023-11,4
9331,2023-12,6
9331,2024-01,12
9331,2024-02,9
9331,2024-03,8
9331,2024-04,5
9331,2024-05,2
9331,2024-06,4
9331,2024-07,5
9331,2024-08,6
9331,2024-09,5
9331,2024-10,5
9331,2024-11,2
9331,2024-12,8
9331,2025-01,6
9331,2025-02,11
9331,2025-03,10
9331,2025-04,2
9331,2025-05,1
9331,2025-06,2
9331,2025-07,1
9331,2025-08,3
9331,2025-09,2
9331,2025-10,5
9331,2025-11,4
9331,2025-12,3
9332,2020-01,53
9332,2020-02,39
9332,2020-03,41
9332,2020-04,20
9332,2020-05,22
9332,2020-06,25
9332,2020-07,11
9332,2020-08,19
9332,2020-09,30
9332,2020-10,28
9332,2020-11,26
9332,2020-12,11
9332,2021-01,19
9332,2021-02,24
9332,2021-03,37
9332,2021-04,44
9332,2021-05,53
9332,2021-06,33
9332,2021-07,44
9332,2021-08,54
9332,2021-09,66
9332,2021-10,70
9332,2021-11,74
9332,2021-12,60
9332,2022-01,74
9332,2022-02,97
9332,2022-03,96
9332,2022-04,125
9332,2022-05,150
9332,2022-06,90
9332,2022-07,69
9332,2022-08,112
9332,2022-09,111
9332,2022-10,86
9332,2022-11,123
9332,2022-12,108
9332,2023-01,133
9332,2023-02,117
9332,2023-03,133
9332,2023-04,112
9332,2023-05,147
9332,2023-06,86
9332,2023-07,53
9332,2023-08,89
9332,2023-09,66
9332,2023-10,56
9332,2023-11,55
9332,2023-12,38
9332,2024-01,53
9332,2024-02,65
9332,2024-03,81
9332,2024-04,112
9332,2024-05,63
9332,2024-06,61
9332,2024-07,67
9332,2024-08,63
9332,2024-09,83
9332,2024-10,66
9332,2024-11,107
9332,2024-12,67
9332,2025-01,108
9332,2025-02,72
9332,2025-03,57
9332,2025-04,71
9332,2025-05,74
9332,2025-06,47
9332,2025-07,49
9332,2025-08,51
9332,2025-09,42
9332,2025-10,68
9332,2025-11,38
9332,2025-12,34
9411,2020-01,139
9411,2020-02,138
9411,2020-03,107
9411,2020-04,60
9411,2020-05,89
9411,2020-06,96
9411,2020-07,128
9411,2020-08,116
9411,2020-09,135
9411,2020-10,121
9411,2020-11,100
9411,2020-12,77
9411,2021-01,106
9411,2021-02,110
9411,2021-03,132
9411,2021-04,143
9411,2021-05,190
9411,2021-06,164
9411,2021-07,137
9411,2021-08,189
9411,2021-09,171
9411,2021-10,193
9411,2021-11,164
9411,2021-12,132
9411,2022-01,171
9411,2022-02,194
9411,2022-03,238
9411,2022-04,206
9411,2022-05,211
9411,2022-06,188
9411,2022-07,143
9411,2022-08,226
9411,2022-09,169
9411,2022-10,117
9411,2022-11,122
9411,2022-12,97
9411,2023-01,162
9411,2023-02,147
9411,2023-03,174
9411,2023-04,200
9411,2023-05,175
9411,2023-06,144
9411,2023-07,132
9411,2023-08,153
9411,2023-09,131
9411,2023-10,134
9411,2023-11,95
9411,2023-12,72
9411,2024-01,131
9411,2024-02,176
9411,2024-03,143
9411,2024-04,175
9411,2024-05,164
9411,2024-06,113
9411,2024-07,101
9411,2024-08,134
9411,2024-09,143
9411,2024-10,101
9411,2024-11,90
9411,2024-12,94
9411,2025-01,114
9411,2025-02,126
9411,2025-03,145
9411,2025-04,144
9411,2025-05,143
9411,2025-06,116
9411,2025-07,95
9411,2025-08,134
9411,2025-09,105
9411,2025-10,88
9411,2025-11,86
9411,2025-12,81
9412,2020-01,824
9412,2020-02,811
9412,2020-03,481
9412,2020-04,241
9412,2020-05,299
9412,2020-06,377
9412,2020-07,441
9412,2020-08,547
9412,2020-09,535
9412,2020-10,483
9412,2020-11,304
9412,2020-12,229
9412,2021-01,392
9412,2021-02,454
9412,2021-03,578
9412,2021-04,677
9412,2021-05,686
9412,2021-06,726
9412,2021-07,752
9412,2021-08,1059
9412,2021-09,1078
9412,2021-10,1082
9412,2021-11,1076
9412,2021-12,690
9412,2022-01,981
9412,2022-02,1312
9412,2022-03,1797
9412,2022-04,1475
9412,2022-05,1685
9412,2022-06,1245
9412,2022-07,1063
9412,2022-08,1625
9412,2022-09,1315
9412,2022-10,1089
9412,2022-11,925
9412,2022-12,706
9412,2023-01,1075
9412,2023-02,1060
9412,2023-03,1472
9412,2023-04,1156
9412,2023-05,1240
9412,2023-06,922
9412,2023-07,847
9412,2023-08,1100
9412,2023-09,941
9412,2023-10,840
9412,2023-11,645
9412,2023-12,565
9412,2024-01,859
9412,2024-02,902
9412,2024-03,990
9412,2024-04,1035
9412,2024-05,852
9412,2024-06,628
9412,2024-07,649
9412,2024-08,839
9412,2024-09,736
9412,2024-10,705
9412,2024-11,558
9412,2024-12,534
9412,2025-01,860
9412,2025-02,807
9412,2025-03,899
9412,2025-04,909
9412,2025-05,832
9412,2025-06,550
9412,2025-07,594
9412,2025-08,778
9412,2025-09,735
9412,2025-10,614
9412,2025-11,543
9412,2025-12,505
9413,2020-01,102
9413,2020-02,81
9413,2020-03,42
9413,2020-04,14
9413,2020-05,16
9413,2020-06,23
9413,2020-07,38
9413,2020-08,32
9413,2020-09,39
9413,2020-10,33
9413,2020-11,20
9413,2020-12,13
9413,2021-01,31
9413,2021-02,39
9413,2021-03,43
9413,2021-04,61
9413,2021-05,40
9413,2021-06,56
9413,2021-07,53
9413,2021-08,75
9413,2021-09,61
9413,2021-10,51
9413,2021-11,57
9413,2021-12,39
9413,2022-01,51
9413,2022-02,81
9413,2022-03,102
9413,2022-04,84
9413,2022-05,93
9413,2022-06,57
9413,2022-07,55
9413,2022-08,100
9413,2022-09,54
9413,2022-10,49
9413,2022-11,54
9413,2022-12,39
9413,2023-01,59
9413,2023-02,81
9413,2023-03,98
9413,2023-04,85
9413,2023-05,86
9413,2023-06,52
9413,2023-07,61
9413,2023-08,100
9413,2023-09,54
9413,2023-10,50
9413,2023-11,41
9413,2023-12,39
9413,2024-01,62
9413,2024-02,68
9413,2024-03,52
9413,2024-04,73
9413,2024-05,51
9413,2024-06,35
9413,2024-07,39
9413,2024-08,63
9413,2024-09,44
9413,2024-10,40
9413,2024-11,43
9413,2024-12,36
9413,2025-01,65
9413,2025-02,83
9413,2025-03,59
9413,2025-04,57
9413,2025-05,29
9413,2025-06,36
9413,2025-07,28
9413,2025-08,36
9413,2025-09,23
9413,2025-10,32
9413,2025-11,29
9413,2025-12,31
9520,2020-01,18
9520,2020-02,41
9520,2020-03,12
9520,2020-04,23
9520,2020-05,17
9520,2020-06,21
9520,2020-07,8
9520,2020-08,24
9520,2020-09,15
9520,2020-10,21
9520,2020-11,13
9520,2020-12,9
9520,2021-01,16
9520,2021-02,7
9520,2021-03,27
9520,2021-04,57
9520,2021-05,54
9520,2021-06,34
9520,2021-07,49
9520,2021-08,47
9520,2021-09,68
9520,2021-10,69
9520,2021-11,45
9520,2021-12,60
9520,2022-01,87
9520,2022-02,93
9520,2022-03,97
9520,2022-04,58
9520,2022-05,57
9520,2022-06,30
9520,2022-07,40
9520,2022-08,31
9520,2022-09,25
9520,2022-10,50
9520,2022-11,113
9520,2022-12,53
9520,2023-01,67
9520,2023-02,299
9520,2023-03,440
9520,2023-04,604
9520,2023-05,2270
9520,2023-06,280
9520,2023-07,795
9520,2023-08,998
9520,2023-09,976
9520,2023-10,950
9520,2023-11,387
9520,2023-12,663
9520,2024-01,293
9520,2024-02,436
9520,2024-03,389
9520,2024-04,246
9520,2024-05,647
9520,2024-06,391
9520,2024-07,225
9520,2024-08,235
9520,2024-09,276
9520,2024-10,251
9520,2024-11,58
9520,2024-12,71
9520,2025-01,85
9520,2025-02,60
9520,2025-03,40
9520,2025-04,107
9520,2025-05,63
9520,2025-06,26
9520,2025-07,15
9520,2025-08,2
9520,2025-09,22
9520,2025-10,25
9520,2025-11,10
9520,2025-12,31
9610,2020-01,58
9610,2020-02,59
9610,2020-03,40
9610,2020-04,32
9610,2020-05,19
9610,2020-06,15
9610,2020-07,4
9610,2020-08,6
9610,2020-09,27
9610,2020-10,41
9610,2020-11,40
9610,2020-12,12
9610,2021-01,51
9610,2021-02,64
9610,2021-03,79
9610,2021-04,54
9610,2021-05,35
9610,2021-06,35
9610,2021-07,21
9610,2021-08,36
9610,2021-09,35
9610,2021-10,47
9610,2021-11,76
9610,2021-12,53
9610,2022-01,58
9610,2022-02,87
9610,2022-03,121
9610,2022-04,131
9610,2022-05,95
9610,2022-06,86
9610,2022-07,35
9610,2022-08,59
9610,2022-09,61
9610,2022-10,73
9610,2022-11,90
9610,2022-12,70
9610,2023-01,145
9610,2023-02,103
9610,2023-03,124
9610,2023-04,86
9610,2023-05,158
9610,2023-06,109
9610,2023-07,27
9610,2023-08,38
9610,2023-09,56
9610,2023-10,112
9610,2023-11,135
9610,2023-12,68
9610,2024-01,86
9610,2024-02,120
9610,2024-03,115
9610,2024-04,86
9610,2024-05,69
9610,2024-06,52
9610,2024-07,27
9610,2024-08,44
9610,2024-09,71
9610,2024-10,92
9610,2024-11,99
9610,2024-12,53
9610,2025-01,89
9610,2025-02,85
9610,2025-03,101
9610,2025-04,76
9610,2025-05,54
9610,2025-06,50
9610,2025-07,36
9610,2025-08,34
9610,2025-09,70
9610,2025-10,97
9610,2025-11,90
9610,2025-12,57
9621,2020-01,53
9621,2020-02,63
9621,2020-03,42
9621,2020-04,64
9621,2020-05,38
9621,2020-06,30
9621,2020-07,33
9621,2020-08,6
9621,2020-09,16
9621,2020-10,42
9621,2020-11,43
9621,2020-12,14
9621,2021-01,22
9621,2021-02,39
9621,2021-03,75
9621,2021-04,73
9621,2021-05,98
9621,2021-06,94
9621,2021-07,74
9621,2021-08,61
9621,2021-09,69
9621,2021-10,70
9621,2021-11,105
9621,2021-12,64
9621,2022-01,95
9621,2022-02,136
9621,2022-03,92
9621,2022-04,93
9621,2022-05,201
9621,2022-06,119
9621,2022-07,74
9621,2022-08,66
9621,2022-09,60
9621,2022-10,84
9621,2022-11,101
9621,2022-12,72
9621,2023-01,94
9621,2023-02,100
9621,2023-03,141
9621,2023-04,129
9621,2023-05,93
9621,2023-06,120
9621,2023-07,71
9621,2023-08,70
9621,2023-09,103
9621,2023-10,98
9621,2023-11,94
9621,2023-12,59
9621,2024-01,90
9621,2024-02,129
9621,2024-03,68
9621,2024-04,174
9621,2024-05,113
9621,2024-06,63
9621,2024-07,37
9621,2024-08,69
9621,2024-09,48
9621,2024-10,58
9621,2024-11,65
9621,2024-12,39
9621,2025-01,54
9621,2025-02,45
9621,2025-03,110
9621,2025-04,58
9621,2025-05,48
9621,2025-06,28
9621,2025-07,16
9621,2025-08,32
9621,2025-09,37
9621,2025-10,56
9621,2025-11,24
9621,2025-12,30
9622,2020-01,65
9622,2020-02,88
9622,2020-03,67
9622,2020-04,38
9622,2020-05,21
9622,2020-06,20
9622,2020-07,8
9622,2020-08,26
9622,2020-09,32
9622,2020-10,41
9622,2020-11,30
9622,2020-12,31
9622,2021-01,36
9622,2021-02,35
9622,2021-03,62
9622,2021-04,59
9622,2021-05,38
9622,2021-06,34
9622,2021-07,21
9622,2021-08,58
9622,2021-09,65
9622,2021-10,53
9622,2021-11,79
9622,2021-12,71
9622,2022-01,78
9622,2022-02,76
9622,2022-03,139
9622,2022-04,103
9622,2022-05,93
9622,2022-06,67
9622,2022-07,53
9622,2022-08,66
9622,2022-09,88
9622,2022-10,63
9622,2022-11,64
9622,2022-12,78
9622,2023-01,85
9622,2023-02,96
9622,2023-03,103
9622,2023-04,66
9622,2023-05,95
9622,2023-06,75
9622,2023-07,35
9622,2023-08,58
9622,2023-09,58
9622,2023-10,49
9622,2023-11,54
9622,2023-12,40
9622,2024-01,71
9622,2024-02,62
9622,2024-03,62
9622,2024-04,64
9622,2024-05,43
9622,2024-06,26
9622,2024-07,20
9622,2024-08,29
9622,2024-09,38
9622,2024-10,46
9622,2024-11,51
9622,2024-12,39
9622,2025-01,70
9622,2025-02,53
9622,2025-03,65
9622,2025-04,52
9622,2025-05,51
9622,2025-06,38
9622,2025-07,19
9622,2025-08,32
9622,2025-09,51
9622,2025-10,42
9622,2025-11,37
9622,2025-12,54
9629,2020-01,45
9629,2020-02,43
9629,2020-03,28
9629,2020-04,28
9629,2020-05,7
9629,2020-06,20
9629,2020-07,16
9629,2020-08,26
9629,2020-09,53
9629,2020-10,30
9629,2020-11,22
9629,2020-12,24
9629,2021-01,33
9629,2021-02,56
9629,2021-03,42
9629,2021-04,47
9629,2021-05,45
9629,2021-06,30
9629,2021-07,17
9629,2021-08,76
9629,2021-09,43
9629,2021-10,69
9629,2021-11,62
9629,2021-12,65
9629,2022-01,64
9629,2022-02,66
9629,2022-03,118
9629,2022-04,84
9629,2022-05,71
9629,2022-06,74
9629,2022-07,76
9629,2022-08,89
9629,2022-09,105
9629,2022-10,63
9629,2022-11,59
9629,2022-12,75
9629,2023-01,65
9629,2023-02,66
9629,2023-03,45
9629,2023-04,43
9629,2023-05,48
9629,2023-06,52
9629,2023-07,25
9629,2023-08,66
9629,2023-09,68
9629,2023-10,67
9629,2023-11,39
9629,2023-12,40
9629,2024-01,52
9629,2024-02,71
9629,2024-03,36
9629,2024-04,61
9629,2024-05,42
9629,2024-06,34
9629,2024-07,29
9629,2024-08,65
9629,2024-09,47
9629,2024-10,40
9629,2024-11,33
9629,2024-12,29
9629,2025-01,41
9629,2025-02,64
9629,2025-03,55
9629,2025-04,43
9629,2025-05,41
9629,2025-06,26
9629,2025-07,29
9629,2025-08,91
9629,2025-09,66
9629,2025-10,52
9629,2025-11,35
9629,2025-12,28
2131,2026-03,46
2221,2026-03,2765
1310,2026-03,52
2330,2026-03,595
5330,2026-03,232
3114,2026-03,594
2413,2026-03,53
2622,2026-03,162
2423,2026-03,391
4119,2026-03,538
3322,2026-03,1673
5242,2026-03,429
4323,2026-03,148
8332,2026-03,841
7131,2026-03,59
4222,2026-03,616
2412,2026-03,273
7233,2026-03,325
2228,2026-03,125
2516,2026-03,149
2224,2026-03,216
2235,2026-03,76
2239,2026-03,37
2232,2026-03,78
2223,2026-03,105
2231,2026-03,172
5321,2026-03,1151
2512,2026-03,1415
5223,2026-03,1162
3113,2026-03,426
4225,2026-03,236
5413,2026-03,117
2313,2026-03,161
5323,2026-03,406
3324,2026-03,91
5224,2026-03,14
9412,2026-03,785
2663,2026-03,90
7223,2026-03,521
3121,2026-03,121
5222,2026-03,773
3511,2026-03,260
1120,2026-03,102
5221,2026-03,95
2422,2026-03,611
2351,2026-03,437
1590,2026-03,91
5343,2026-03,2234
3359,2026-03,178
3431,2026-03,28
2341,2026-03,2133
2320,2026-03,267
4117,2026-03,146
2273,2026-03,311
4111,2026-03,226
3449,2026-03,104
5342,2026-03,617
2359,2026-03,140
2141,2026-03,143
3411,2026-03,529
2342,2026-03,433
0310,2026-03,63
3333,2026-03,335
7212,2026-02,217
1410,2026-03,232
5242,2026-02,594
5226,2026-03,33
8344,2026-03,302
7212,2026-03,254
2421,2026-03,436
3354,2026-03,192
2432,2026-03,199
7231,2026-03,718
5144,2026-03,21
7612,2026-03,55
2614,2026-03,54
5131,2026-03,414
2211,2026-03,651
5120,2026-03,678
2226,2026-03,132
8211,2026-03,69
3512,2026-03,201
1320,2026-03,73
1230,2026-03,262
4114,2026-03,89
4113,2026-03,71
5312,2026-03,215
5419,2026-03,50
2661,2026-03,670
5152,2026-03,378
1510,2026-03,230
2343,2026-03,276
7111,2026-03,261
7413,2026-03,52
2662,2026-03,175
8214,2026-03,46
7112,2026-03,49
9119,2026-03,337
2222,2026-03,153
4322,2026-03,948
8131,2026-03,32
2134,2026-03,24
2182,2026-03,51
2511,2026-03,356
2352,2026-03,68
1250,2026-03,173
3323,2026-01,296
3514,2026-03,90
3451,2026-03,85
2143,2026-03,300
2233,2026-03,80
2519,2026-03,121
8321,2026-01,190
2219,2026-03,261
7411,2026-03,221
2514,2026-03,208
2415,2026-03,9
5141,2026-03,82
3313,2026-03,309
5330,2026-02,254
3513,2026-03,156
3335,2026-03,100
7420,2026-03,152
1730,2026-03,164
3433,2026-03,26
2314,2026-03,199
1730,2026-02,138
7231,2026-02,657
2241,2026-03,254
2282,2026-03,40
7223,2026-01,420
2145,2026-03,41
1290,2026-03,116
7132,2026-03,82
1360,2026-03,122
3112,2026-03,485
4112,2026-03,244
3339,2026-03,261
7113,2026-03,164
8344,2026-02,342
2272,2026-03,270
1530,2026-03,98
5343,2026-02,2171
1740,2026-03,20
3323,2026-03,342
9111,2026-03,878
2142,2026-03,154
2225,2026-03,124
7114,2026-03,228
2312,2026-03,94
3439,2026-03,14
2615,2026-03,67
8212,2026-03,207
3441,2026-03,40
2319,2026-03,59
3314,2026-03,42
3115,2026-03,75
3111,2026-03,95
7121,2026-03,39
7311,2026-03,46
2183,2026-03,98
2260,2026-03,123
8191,2026-03,91
1370,2026-03,149
3321,2026-02,35
2122,2026-03,36
2113,2026-03,55
4224,2026-03,198
2146,2026-03,26
3423,2026-03,123
2135,2026-03,25
3411,2026-01,419
2144,2026-03,321
5321,2026-01,1165
5412,2026-03,56
3355,2026-03,64
8163,2026-03,20
8350,2026-03,8
4410,2026-03,28
3213,2026-01,105
3331,2026-03,48
2284,2026-03,53
9332,2026-03,69
9310,2026-03,90
3250,2026-03,106
6112,2026-03,72
2281,2026-03,96
2227,2026-03,110
5241,2026-03,292
2419,2026-03,35
3352,2026-03,19
3422,2026-03,128
1520,2026-03,131
5132,2026-03,99
9412,2026-01,663
2212,2026-02,116
7125,2026-03,158
2221,2026-02,3291
8329,2026-03,170
2431,2026-03,209
8162,2026-03,31
8151,2026-03,22
6113,2026-03,196
5349,2026-03,11
7412,2026-03,148
1340,2026-03,12
2211,2026-01,436
1330,2026-03,34
3521,2026-03,22
4420,2026-03,127
7322,2026-03,16
6210,2026-03,53
0110,2026-03,44
8193,2026-03,22
1210,2026-03,104
5414,2026-03,16
5342,2026-01,460
5330,2026-01,226
9622,2026-03,58
5311,2026-02,249
8114,2026-03,25
5151,2026-03,44
9411,2026-03,127
7134,2026-03,70
5223,2026-02,1068
8213,2026-03,441
1720,2026-03,127
7215,2026-03,12
5311,2026-03,200
5350,2026-03,179
1710,2026-03,10
5225,2026-03,72
2411,2026-03,36
9610,2026-03,114
2149,2026-03,104
3212,2026-03,63
1250,2026-02,216
2311,2026-03,4
2652,2026-03,18
2234,2026-03,10
1420,2026-03,16
5113,2026-03,28
3343,2026-03,21
5411,2026-03,30
7116,2026-03,16
2515,2026-03,192
7611,2026-03,13
8181,2026-03,11
3312,2026-03,43
9621,2026-03,34
3422,2026-02,137
5342,2026-02,630
2111,2026-03,34
2272,2026-02,286
9120,2026-03,120
8342,2026-03,141
4211,2026-03,44
8129,2026-03,53
5152,2026-02,473
6121,2026-03,43
7222,2026-03,20
3449,2026-01,126
8192,2026-03,27
2623,2026-03,23
8341,2026-03,20
2314,2026-02,185
1350,2026-03,35
2228,2026-02,133
8331,2026-03,68
1290,2026-02,171
8141,2026-03,7
9520,2026-03,30
8343,2026-03,7
3515,2026-03,17
5227,2026-03,35
7214,2026-03,60
2121,2026-03,9
3332,2026-03,9
6122,2026-03,15
3116,2026-03,52
4115,2026-03,46
1240,2026-03,18
8132,2026-03,7
2242,2026-03,11
7119,2026-03,29
9413,2026-03,44
3424,2026-03,20
3321,2026-03,30
3323,2026-02,351
2612,2026-03,18
2421,2026-02,425
2622,2026-02,151
5120,2026-02,660
1113,2026-03,20
2642,2026-03,31
2172,2026-03,20
5230,2026-03,46
2212,2026-03,108
3432,2026-03,22
3322,2026-02,1669
3113,2026-02,456
7233,2026-02,349
1120,2026-02,81
2224,2026-01,130
2271,2026-03,14
4321,2026-03,36
5341,2026-03,26
8161,2026-03,17
3119,2026-03,76
3213,2026-03,115
3111,2026-02,99
4212,2026-03,8
8173,2026-03,24
5113,2026-02,54
7522,2026-03,17
9411,2026-02,111
7523,2026-03,22
2619,2026-03,42
2181,2026-03,38
2611,2026-03,7
5149,2026-03,43
2250,2026-03,44
6129,2026-03,18
5341,2026-04,29
3214,2026-04,10
8321,2026-03,156
3113,2026-01,279
5131,2026-02,422
8191,2026-01,72
8111,2026-03,10
7213,2026-03,16
2654,2026-03,20
5143,2026-03,37
3511,2026-02,189
2228,2026-04,116
2272,2026-04,200
5330,2026-04,159
5321,2026-04,851
2221,2026-04,2111
2241,2026-04,212
2342,2026-04,411
2351,2026-04,353
2224,2026-04,145
2311,2026-04,11
4117,2026-04,116
2273,2026-04,221
5120,2026-04,579
8191,2026-04,39
2260,2026-04,83
1510,2026-04,179
2212,2026-04,84
2211,2026-04,411
5149,2026-02,41
5312,2026-04,231
2314,2026-04,179
0210,2026-04,12
2421,2026-04,341
2512,2026-04,1003
5342,2026-04,389
4322,2026-04,702
5230,2026-04,50
2352,2026-04,81
8329,2026-04,126
5152,2026-04,270
2511,2026-04,337
9120,2026-04,98
2219,2026-04,173
3423,2026-04,69
2661,2026-04,543
2341,2026-04,1787
8332,2026-04,823
1590,2026-04,109
1530,2026-04,86
2516,2026-04,96
2235,2026-04,56
5223,2026-04,844
5411,2026-04,25
1520,2026-04,122
2283,2026-04,26
5222,2026-04,524
2623,2026-04,26
2134,2026-04,27
2615,2026-04,66
2330,2026-04,562
3313,2026-04,228
4111,2026-04,155
2613,2026-04,6
2422,2026-04,540
1230,2026-04,236
9412,2026-04,573
2412,2026-04,217
2515,2026-04,169
5141,2026-04,55
6130,2026-04,3
9111,2026-02,853
5141,2026-02,67
3342,2026-03,15
2281,2026-02,137
9412,2026-02,762
8121,2026-03,17
1530,2026-02,112
3213,2026-02,152
9629,2026-03,33
3122,2026-03,34
2133,2026-03,34
2235,2026-02,78
5222,2026-02,757
3353,2026-03,29
3360,2026-03,13
4225,2026-02,223
4221,2026-03,30
8142,2026-03,54
4226,2026-03,19
8321,2026-02,243
3214,2026-03,14
4116,2026-03,29
2672,2026-03,13
7132,2026-02,60
0210,2026-03,43
2281,2026-01,123
2173,2026-03,23
2163,2026-03,23
1380,2026-03,4
2431,2026-02,262
1112,2026-03,23
2643,2026-03,22
1220,2026-03,30
8199,2026-03,10
8172,2026-01,8
3215,2026-03,56
2283,2026-03,42
2132,2026-03,23
3117,2026-03,37
6111,2026-03,9
3324,2026-02,66
1350,2026-02,37
4115,2026-02,32
7319,2026-03,7
2669,2026-03,16
2143,2026-02,376
7223,2026-02,551
7114,2026-02,245
3411,2026-02,569
9320,2026-03,21
8169,2026-03,13
3449,2026-02,113
7521,2026-03,7
2351,2026-02,303
7321,2026-03,9
8189,2026-03,6
8171,2026-03,4
3313,2026-02,334
5323,2026-02,480
1320,2026-01,61
3522,2026-03,16
2173,2026-02,19
2671,2026-03,19
8212,2026-02,196
5242,2026-01,506
2423,2026-02,428
8172,2026-03,8
2513,2026-03,23
3211,2026-03,13
7213,2026-01,17
7121,2026-01,25
3121,2026-01,81
7134,2026-02,99
3322,2026-01,1488
5169,2026-03,11
5161,2026-03,9
4322,2026-02,818
2213,2026-03,10
1210,2026-02,122
2227,2026-02,90
5343,2026-01,1956
4223,2026-03,18
2219,2026-02,299
7126,2026-03,41
8159,2026-03,4
3154,2026-03,9
8332,2026-02,616
9210,2026-03,18
3341,2026-03,22
9331,2026-03,3
7111,2026-01,175
8143,2026-03,7
7413,2026-02,39
8142,2026-01,35
2341,2026-02,1243
5321,2026-02,1197
1520,2026-02,143
2179,2026-03,25
2164,2026-03,18
2621,2026-03,16
3339,2026-02,304
5223,2026-01,798
0210,2026-01,24
7123,2026-03,6
7613,2026-03,4
7111,2026-02,241
2221,2026-01,2125
3452,2026-03,16
7221,2026-03,7
7112,2026-02,48
2330,2026-01,193
2512,2026-01,1130
8213,2026-01,464
5120,2026-01,608
6130,2026-03,4
3111,2026-01,67
8332,2026-01,427
9622,2026-02,67
7214,2026-02,53
8311,2026-03,9
3114,2026-01,516
3115,2026-01,58
1610,2026-03,4
3155,2026-03,14
2135,2026-02,24
2320,2026-01,98
4222,2026-02,569
2342,2026-01,148
7532,2026-02,3
2114,2026-03,11
3153,2026-03,1
8213,2026-02,611
9120,2026-02,85
8212,2026-01,173
6221,2026-02,5
2514,2026-01,134
2112,2026-03,1
9610,2026-02,93
9610,2026-01,82
2341,2026-01,668
3240,2026-03,16
3512,2026-02,235
7531,2026-03,9
5142,2026-03,16
1360,2026-01,103
7532,2026-03,1
3311,2026-03,5
2142,2026-01,122
7213,2026-02,14
8116,2026-03,3
1320,2026-02,73
2241,2026-02,296
5326,2026-03,17
2359,2026-02,61
7224,2026-03,14
1370,2026-02,139
2233,2026-02,73
8191,2026-02,82
2511,2026-01,257
1230,2026-01,146
2655,2026-03,4
2511,2026-02,378
2144,2026-02,311
2512,2026-02,1472
2272,2026-01,246
3351,2026-03,2
3151,2026-03,9
2516,2026-01,131
3215,2026-02,74
8151,2026-02,23
2651,2026-03,4
2211,2026-02,602
4113,2026-02,65
9111,2026-01,655
0110,2026-02,59
7124,2026-03,64
2613,2026-03,13
2342,2026-02,255
2222,2026-02,143
3152,2026-03,14
5143,2026-02,31
7321,2026-02,14
7231,2026-01,574
2641,2026-03,3
7122,2026-03,21
1540,2026-03,3
8113,2026-02,15
7411,2026-02,255
7411,2026-01,234
1790,2026-03,7
7134,2026-01,63
2661,2026-02,722
7125,2026-02,174
5413,2026-02,132
7215,2026-02,11
6113,2026-02,266
2171,2026-03,5
2320,2026-02,150
2239,2026-02,30
8129,2026-02,60
4322,2026-01,607
9310,2026-02,98
3121,2026-02,136
3334,2026-03,8
3511,2026-01,189
7211,2026-03,5
5325,2026-03,3
3333,2026-01,350
8193,2026-02,12
6112,2026-02,148
8219,2026-03,4
9119,2026-02,377
7131,2026-02,53
3230,2026-03,3
3152,2026-02,12
7612,2026-02,64
5241,2026-02,312
2132,2026-02,24
4420,2026-02,78
3451,2026-02,97
5221,2026-02,107
4117,2026-02,159
1360,2026-02,122
9210,2026-02,28
2273,2026-01,237
2515,2026-02,181
1510,2026-01,182
5142,2026-01,17
3514,2026-02,79
7412,2026-02,131
3112,2026-01,417
2422,2026-02,709
2663,2026-02,121
3112,2026-02,493
3313,2026-01,236
9411,2026-01,112
5131,2026-01,356
2653,2026-03,3
9120,2026-01,74
4119,2026-01,376
2412,2026-01,207
2182,2026-01,36
2181,2026-01,26
1230,2026-02,246
3451,2026-01,104
4222,2026-01,445
8174,2026-03,11
3114,2026-02,651
5132,2026-01,94
7534,2026-03,2
7420,2026-02,189
5144,2026-02,12
5142,2026-02,26
2421,2026-01,320
3212,2026-02,88
2161,2026-03,10
5419,2026-02,75
5112,2026-03,4
8115,2026-03,2
8114,2026-02,32
8189,2026-02,4
2142,2026-02,170
8331,2026-02,71
2162,2026-03,3
2143,2026-01,243
2250,2026-01,39
9621,2026-02,76
2227,2026-01,64
7611,2026-01,15
2183,2026-02,114
3359,2026-02,177
2224,2026-02,218
5312,2026-02,198
7232,2026-03,2
3335,2026-02,81
3512,2026-01,171
2515,2026-01,135
3439,2026-02,13
2284,2026-02,74
3423,2026-01,85
5419,2026-01,45
3250,2026-01,71
2273,2026-02,314
9332,2026-02,54
5241,2026-01,254
7312,2026-03,2
2141,2026-02,174
1720,2026-02,105
2112,2026-02,11
8329,2026-02,140
7119,2026-02,24
4226,2026-01,16
5152,2026-01,363
8211,2026-02,64
3354,2026-02,230
2516,2026-02,117
2231,2026-02,132
3412,2026-03,1
2223,2026-02,109
7323,2026-03,2
8192,2026-02,37
2146,2026-02,24
5151,2026-02,65
3333,2026-02,335
7311,2026-02,35
8342,2026-02,86
6121,2026-02,25
4226,2026-02,41
2134,2026-02,26
0210,2026-02,34
5230,2026-01,48
3513,2026-01,113
8329,2026-01,154
2330,2026-02,274
2271,2026-01,12
3355,2026-02,83
4323,2026-02,145
8114,2026-01,20
2432,2026-02,179
5323,2026-01,366
5350,2026-02,162
3250,2026-02,103
1490,2026-03,1
7420,2026-01,151
4224,2026-02,188
8312,2026-03,4
1510,2026-02,255
2149,2026-01,79
4224,2026-01,212
2131,2026-02,92
6210,2026-02,39
3122,2026-02,52
3116,2026-02,38
2352,2026-02,69
2313,2026-01,95
4112,2026-02,252
2312,2026-01,39
1380,2026-02,6
2412,2026-02,290
6113,2026-01,248
5341,2026-02,32
7533,2026-03,4
5132,2026-02,106
0310,2026-02,67
4119,2026-02,534
2519,2026-02,103
4223,2026-02,21
1720,2026-01,84
2661,2026-01,562
1113,2026-02,32
7113,2026-02,131
5341,2026-01,43
4112,2026-01,186
2619,2026-02,48
7124,2026-02,10
2282,2026-02,34
1410,2026-02,165
1590,2026-02,127
1111,2026-03,2
1111,2026-02,2
2413,2026-01,38
8122,2026-03,1
2232,2026-02,63
3240,2026-02,48
3119,2026-02,55
3117,2026-02,53
2164,2026-02,17
5227,2026-02,28
5412,2026-02,67
7224,2026-02,12
5414,2026-02,21
3423,2026-02,117
2225,2026-02,102
2226,2026-02,109
3211,2026-02,15
8214,2026-02,42
7125,2026-01,131
2141,2026-01,155
4221,2026-02,42
1112,2026-02,12
4117,2026-01,156
2423,2026-01,322
2250,2026-02,75
2284,2026-01,97
5141,2026-01,60
2314,2026-01,157
3152,2026-01,20
8331,2026-01,45
5222,2026-01,735
2653,2026-02,4
8181,2026-02,8
9413,2026-02,38
8163,2026-02,25
7133,2026-03,3
7523,2026-02,29
2615,2026-02,68
2231,2026-01,117
2413,2026-02,44
1240,2026-02,10
7611,2026-02,21
2671,2026-02,14
2411,2026-02,27
3314,2026-02,47
2133,2026-02,29
3441,2026-02,36
1240,2026-01,12
2233,2026-01,58
5349,2026-02,22
3513,2026-02,124
2312,2026-02,75
8142,2026-02,44
7114,2026-01,103
4321,2026-02,74
7533,2026-02,4
2234,2026-02,12
4116,2026-02,15
3432,2026-02,19
3342,2026-02,32
2260,2026-01,115
2319,2026-02,47
2182,2026-02,64
3353,2026-02,21
5143,2026-01,31
7115,2026-02,3
5161,2026-02,16
1330,2026-02,42
2111,2026-01,24
3360,2026-02,24
3211,2026-01,9
7233,2026-01,233
7121,2026-02,16
3212,2026-01,78
3433,2026-02,26
3343,2026-02,29
8344,2026-01,231
8173,2026-01,11
2113,2026-02,48
2662,2026-02,189
1220,2026-02,53
1790,2026-02,10
9320,2026-02,21
6221,2026-03,1
2669,2026-02,11
2181,2026-02,38
3312,2026-02,63
4111,2026-02,242
3515,2026-02,11
4114,2026-02,51
3331,2026-02,47
5149,2026-01,37
7531,2026-02,8
8162,2026-02,26
2271,2026-02,10
2283,2026-02,55
6130,2026-02,7
2642,2026-02,20
1710,2026-02,11
7522,2026-02,36
7222,2026-02,9
5230,2026-02,61
7132,2026-01,69
2144,2026-01,236
7413,2026-01,24
7126,2026-02,41
7534,2026-02,3
6111,2026-02,7
2611,2026-02,5
9629,2026-02,42
2643,2026-02,43
2514,2026-02,157
1340,2026-02,12
2343,2026-02,199
2242,2026-02,11
7221,2026-02,5
7412,2026-01,109
7214,2026-01,44
2313,2026-02,142
5225,2026-02,56
7212,2026-01,194
8121,2026-02,17
2149,2026-02,96
1310,2026-02,47
7116,2026-02,16
2111,2026-02,28
1250,2026-01,159
3115,2026-02,61
3522,2026-02,21
8199,2026-02,11
9331,2026-02,14
2114,2026-02,19
2161,2026-02,5
3521,2026-02,16
7113,2026-01,115
8341,2026-02,16
3151,2026-02,10
3154,2026-02,6
1740,2026-02,25
7123,2026-02,7
3352,2026-02,34
2260,2026-02,104
2351,2026-01,174
7521,2026-02,5
5411,2026-02,25
2614,2026-01,31
3214,2026-02,5
4410,2026-02,36
5413,2026-01,267
2621,2026-02,14
2623,2026-02,42
7322,2026-02,11
5412,2026-01,100
2213,2026-02,45
3339,2026-01,174
3351,2026-02,7
5113,2026-01,61
5326,2026-02,16
2612,2026-02,42
8312,2026-02,3
2614,2026-02,63
9520,2026-02,16
3424,2026-02,15
7222,2026-01,9
2311,2026-02,9
3155,2026-02,11
1420,2026-02,11
3341,2026-02,34
8159,2026-02,8
2179,2026-02,37
2163,2026-02,13
2419,2026-02,42
4225,2026-01,191
3354,2026-01,163
2415,2026-02,12
3332,2026-02,9
1370,2026-01,109
7613,2026-01,4
4211,2026-02,33
8116,2026-02,6
8343,2026-02,10
8350,2026-01,13
3433,2026-01,38
2162,2026-02,5
4212,2026-02,20
8169,2026-02,24
2651,2026-02,7
7133,2026-02,5
8311,2026-02,4
2655,2026-02,8
7613,2026-02,3
2172,2026-02,14
5226,2026-02,25
8350,2026-02,5
6122,2026-01,8
7122,2026-02,30
8131,2026-02,24
2652,2026-02,16
6129,2026-02,13
2122,2026-02,13
2654,2026-02,17
7312,2026-02,3
2642,2026-01,49
8161,2026-02,14
2611,2026-01,3
0110,2026-01,32
2145,2026-02,29
5311,2026-01,226
6112,2026-01,77
4115,2026-01,35
8141,2026-02,7
1610,2026-02,6
8174,2026-02,5
8173,2026-02,20
7319,2026-02,11
2513,2026-02,11
7323,2026-02,1
7322,2026-01,13
1530,2026-01,69
8122,2026-02,4
2672,2026-02,6
5112,2026-02,5
8143,2026-02,6
3452,2026-02,7
3431,2026-02,18
8172,2026-02,13
8111,2026-02,15
2282,2026-01,38
2641,2026-02,6
2241,2026-01,168
7211,2026-02,5
2171,2026-02,10
9629,2026-01,20
2223,2026-01,56
6122,2026-02,16
2359,2026-01,100
3422,2026-01,164
5350,2026-01,175
7522,2026-01,16
3214,2026-01,12
2131,2026-01,71
3359,2026-01,178
3153,2026-02,5
2219,2026-01,132
1410,2026-01,97
3119,2026-01,59
2228,2026-01,75
1220,2026-01,44
1590,2026-01,79
3342,2026-01,12
3122,2026-01,38
8112,2026-02,2
2431,2026-01,176
2173,2026-01,24
8219,2026-02,10
7119,2026-01,12
5312,2026-01,208
2121,2026-02,3
9119,2026-01,349
8151,2026-01,14
9622,2026-01,48
3439,2026-01,10
3324,2026-01,79
2613,2026-02,10
1520,2026-01,118
2432,2026-01,157
2411,2026-01,19
8169,2026-01,17
8116,2026-01,7
2343,2026-01,222
2615,2026-01,70
2662,2026-01,128
8171,2026-02,5
3311,2026-02,2
7131,2026-01,43
2225,2026-01,94
8199,2026-01,9
1290,2026-01,92
2422,2026-01,427
5169,2026-02,5
1120,2026-01,54
4111,2026-01,184
1340,2026-01,10
7232,2026-02,4
1210,2026-01,69
1730,2026-01,128
2121,2026-01,3
3116,2026-01,24
7126,2026-01,27
3314,2026-01,52
7311,2026-01,22
3335,2026-01,64
2183,2026-01,83
5226,2026-01,16
8129,2026-01,57
5111,2026-02,1
3334,2026-02,2
7112,2026-01,29
1350,2026-01,26
8211,2026-01,77
3452,2026-01,11
8143,2026-01,14
1490,2026-02,1
1330,2026-01,28
4420,2026-01,54
3155,2026-01,14
3355,2026-01,50
8342,2026-01,53
7523,2026-01,18
8121,2026-01,13
3117,2026-01,32
4212,2026-01,6
2134,2026-01,26
4223,2026-01,17
3432,2026-01,16
7612,2026-01,50
3331,2026-01,30
7122,2026-01,10
5151,2026-01,34
2242,2026-01,12
2519,2026-01,87
2352,2026-01,46
4221,2026-01,35
7123,2026-01,10
2619,2026-01,28
5414,2026-01,20
3343,2026-01,28
3360,2026-01,12
2113,2026-01,45
2232,2026-01,60
2419,2026-01,35
2663,2026-01,78
2612,2026-01,26
2289,2026-02,1
5224,2026-02,1
9413,2026-01,34
4114,2026-01,72
2622,2026-01,90
5221,2026-01,75
2414,2026-02,2
8214,2026-01,21
3321,2026-01,33
2132,2026-01,9
1540,2026-02,1
3431,2026-01,10
8193,2026-01,19
5325,2026-02,5
3514,2026-01,70
2235,2026-01,35
2133,2026-01,21
3341,2026-01,31
2122,2026-01,14
7224,2026-01,8
2319,2026-01,18
2311,2026-01,6
2283,2026-01,35
3312,2026-01,29
2672,2026-01,10
2671,2026-01,15
2652,2026-01,15
9310,2026-01,70
3352,2026-01,28
2212,2026-01,75
5411,2026-01,32
7116,2026-01,11
3153,2026-01,5
4113,2026-01,67
4323,2026-01,93
6210,2026-01,22
2222,2026-01,58
8141,2026-01,8
5349,2026-01,23
3522,2026-01,19
9320,2026-01,10
5225,2026-01,43
2234,2026-01,5
2164,2026-01,13
3215,2026-01,40
2162,2026-01,12
3515,2026-01,6
9210,2026-01,17
8159,2026-01,8
8341,2026-01,17
8163,2026-01,16
2226,2026-01,72
8311,2026-01,6
2623,2026-01,25
2163,2026-01,10
3151,2026-01,4
4410,2026-01,18
8174,2026-01,14
9621,2026-01,27
1310,2026-01,35
2655,2026-01,5
2112,2026-01,4
2414,2026-01,5
2621,2026-01,9
1740,2026-01,13
0310,2026-01,17
5144,2026-01,12
2135,2026-01,23
4116,2026-01,21
8131,2026-01,33
5227,2026-01,17
2172,2026-01,18
2239,2026-01,25
5112,2026-01,6
8192,2026-01,15
1610,2026-01,3
2114,2026-01,4
1420,2026-01,6
3441,2026-01,54
7115,2026-01,3
3332,2026-01,5
9332,2026-01,54
1113,2026-01,8
7124,2026-01,12
2179,2026-01,21
2415,2026-01,5
8181,2026-01,6
8161,2026-01,17
7521,2026-01,4
8219,2026-01,12
5326,2026-01,12
2654,2026-01,13
2513,2026-01,15
4321,2026-01,24
8171,2026-01,5
2213,2026-01,22
2171,2026-01,5
3521,2026-01,11
7319,2026-01,8
2146,2026-01,22
2145,2026-01,21
1380,2026-01,3
6121,2026-01,20
7531,2026-01,11
2651,2026-01,6
7533,2026-01,5
6129,2026-01,12
3154,2026-01,5
8111,2026-01,6
2641,2026-01,3
2669,2026-01,10
7221,2026-01,8
8162,2026-01,14
1790,2026-01,5
8312,2026-01,1
4211,2026-01,28
3424,2026-01,12
5161,2026-01,8
2653,2026-01,1
5169,2026-01,13
1490,2026-01,4
2161,2026-01,7
3240,2026-01,16
3353,2026-01,8
7534,2026-01,2
6111,2026-01,14
2643,2026-01,18
3351,2026-01,10
1710,2026-01,7
9331,2026-01,5
8113,2026-01,10
6130,2026-01,6
8112,2026-01,2
7211,2026-01,4
5224,2026-01,2
1540,2026-01,1
9520,2026-01,57
3334,2026-01,3
7323,2026-01,2
2613,2026-01,3
7215,2026-01,9
5325,2026-01,2
8343,2026-01,7
1112,2026-01,4
8122,2026-01,1
7321,2026-01,5
7532,2026-01,3
7133,2026-01,1
8189,2026-01,1
5111,2026-01,1
8115,2026-01,1
3311,2026-01,1
3421,2026-01,2
6221,2026-01,1
7312,2026-01,1
3412,2026-01,1
8321,2026-06,176
2615,2026-06,41
3411,2026-06,351
2221,2026-06,2028
2233,2026-06,98
9111,2026-06,732
2421,2026-06,466
2432,2026-06,194
1410,2026-06,171
2515,2026-06,208
1510,2026-06,183
2422,2026-06,475
5321,2026-06,805
1290,2026-06,115
5343,2026-06,2069
3359,2026-06,213
7231,2026-06,673
2341,2026-06,2208
7223,2026-06,528
3112,2026-06,505
7111,2026-06,278
3323,2026-06,336
2621,2026-06,14
3449,2026-06,102
2342,2026-06,386
6113,2026-06,84
3431,2026-06,16
2330,2026-06,529
4116,2026-06,25
2359,2026-06,213
1520,2026-06,114
9412,2026-06,616
5131,2026-06,288
7111,2026-05,303
7233,2026-06,312
3313,2026-06,244
4222,2026-06,410
8212,2026-06,248
2411,2026-06,26
3111,2026-06,153
9622,2026-06,40
7212,2026-06,209
5350,2026-06,211
8332,2026-06,993
4322,2026-06,737
3114,2026-06,725
8173,2026-06,24
7412,2026-06,119
3433,2026-06,32
2661,2026-06,609
1250,2026-06,198
7114,2026-06,229
3152,2026-06,13
2141,2026-06,155
5120,2026-06,582
3511,2026-06,169
2319,2026-06,62
2281,2026-06,57
8344,2026-06,306
5312,2026-06,447
7126,2026-06,39
4222,2026-05,445
3339,2026-06,195
5342,2026-06,379
5223,2026-06,578
3513,2026-06,95
1790,2026-06,13
3113,2026-06,446
7231,2026-04,585
9331,2026-06,4
3339,2026-04,263
5311,2026-06,248
1230,2026-06,311
3116,2026-06,55
2211,2026-06,411
4225,2026-05,190
8213,2026-06,279
2431,2026-06,269
5132,2026-06,100
5222,2026-06,447
2512,2026-06,1324
9310,2026-06,88
8213,2026-05,197
9332,2026-06,54
2179,2026-06,23
2314,2026-06,230
8342,2026-06,151
2212,2026-06,83
3331,2026-06,78
5141,2026-06,64
2351,2026-06,454
2143,2026-06,313
9120,2026-06,111
2313,2026-06,165
9621,2026-06,27
2343,2026-06,262
7411,2026-06,230
5152,2026-06,271
3122,2026-06,36
4119,2026-06,403
3322,2026-06,1512
8211,2026-06,96
7121,2026-06,33
3121,2026-06,111
2142,2026-06,141
3333,2026-06,309
2272,2026-06,234
2224,2026-06,186
5323,2026-06,266
7420,2026-06,153
2511,2026-06,321
2423,2026-06,395
1360,2026-06,134
5143,2026-06,31
4112,2026-06,236
2514,2026-06,161
7134,2026-06,51
3355,2026-06,55
7231,2026-05,611
1120,2026-06,62
8329,2026-06,187
1790,2026-05,4
2182,2026-06,52
0210,2026-06,39
4225,2026-06,178
1111,2026-06,5
3422,2026-06,193
1740,2026-06,13
2320,2026-06,186
4111,2026-06,180
2622,2026-06,74
7413,2026-06,63
3341,2026-06,37
2422,2026-05,494
1210,2026-06,141
3522,2026-06,20
7112,2026-06,58
4224,2026-06,157
7125,2026-06,193
3441,2026-06,30
2662,2026-06,210
2234,2026-06,13
7214,2026-06,69
1730,2026-06,160
7531,2026-06,9
2519,2026-06,144
1113,2026-06,23
9119,2026-06,334
2144,2026-06,321
9629,2026-06,31
3212,2026-06,86
8331,2026-06,49
3115,2026-06,64
3423,2026-06,65
1350,2026-06,27
2663,2026-06,66
2183,2026-06,96
2516,2026-06,123
4114,2026-06,66
2225,2026-06,135
2273,2026-06,228
2283,2026-06,34
4113,2026-06,47
5414,2026-06,12
2513,2026-06,12
3335,2026-05,80
3250,2026-06,93
5149,2026-06,26
7131,2026-06,66
3354,2026-06,149
5142,2026-06,23
8131,2026-06,30
5419,2026-06,48
5330,2026-06,141
7113,2026-05,132
5221,2026-06,99
2282,2026-06,40
7224,2026-06,18
2412,2026-06,254
2221,2026-05,2396
2145,2026-06,42
2219,2026-06,210
8132,2026-05,10
2113,2026-06,36
1310,2026-06,53
2312,2026-06,115
2241,2026-06,269
5242,2026-06,420
1720,2026-06,112
2227,2026-06,48
8191,2026-06,46
2669,2026-06,14
4117,2026-06,149
3312,2026-06,48
0310,2026-06,40
3119,2026-06,57
2149,2026-06,84
2619,2026-06,33
7311,2026-06,28
3332,2026-06,13
4323,2026-06,137
8199,2026-06,9
2341,2026-05,2411
2352,2026-06,85
5413,2026-06,92
2132,2026-06,18
9411,2026-06,130
3215,2026-06,47
4111,2026-05,227
8132,2026-06,12
2181,2026-06,37
8121,2026-06,22
3512,2026-06,143
9320,2026-06,18
2146,2026-06,24
8129,2026-06,36
3113,2026-05,432
7119,2026-06,32
2224,2026-05,212
7113,2026-06,106
1112,2026-06,25
2273,2026-05,270
2311,2026-06,23
2272,2026-05,245
2614,2026-06,52
2134,2026-06,28
2163,2026-06,14
0110,2026-06,38
2284,2026-06,68
5343,2026-05,2154
2222,2026-06,132
6129,2026-06,11
3343,2026-06,28
2111,2026-06,30
1330,2026-06,63
1320,2026-06,106
4420,2026-06,54
3334,2026-06,2
2419,2026-06,46
3114,2026-05,544
2232,2026-06,75
3155,2026-06,5
2260,2026-06,122
7523,2026-06,33
1370,2026-06,131
8114,2026-06,32
9210,2026-06,10
1590,2026-06,63
7125,2026-05,145
2512,2026-05,1150
1250,2026-05,146
3342,2026-06,13
3321,2026-06,26
8214,2026-06,46
8122,2026-06,2
2173,2026-06,16
5341,2026-06,23
3323,2026-05,266
8212,2026-04,156
2669,2026-05,17
5225,2026-06,30
8311,2026-06,3
4115,2026-06,25
2654,2026-06,17
5151,2026-06,45
2164,2026-06,14
1730,2026-05,118
7222,2026-06,14
6130,2026-05,14
7132,2026-06,89
2642,2026-06,41
3514,2026-06,77
1220,2026-06,31
3153,2026-06,2
5343,2026-04,1894
8192,2026-06,29
8321,2026-05,184
2226,2026-06,144
2213,2026-06,4
3324,2026-06,85
2131,2026-06,60
4221,2026-06,18
2211,2026-05,368
2239,2026-06,43
7612,2026-06,44
3322,2026-05,1380
1420,2026-06,15
4226,2026-06,27
2114,2026-06,13
8159,2026-06,11
1290,2026-05,118
9520,2026-06,16
4410,2026-06,11
8142,2026-06,50
1530,2026-06,77
7122,2026-06,14
5241,2026-06,275
2231,2026-04,116
2231,2026-05,100
5349,2026-06,15
5113,2026-06,14
3335,2026-06,81
5330,2026-05,176
2250,2026-06,41
5226,2026-06,14
2413,2026-06,50
8151,2026-06,28
7224,2026-05,9
7125,2026-04,119
5411,2026-06,26
7132,2026-04,62
3352,2026-06,9
5321,2026-05,963
2653,2026-06,5
2623,2026-06,25
3432,2026-06,18
5230,2026-06,34
9610,2026-06,62
8169,2026-06,17
1340,2026-06,9
2112,2026-06,2
4321,2026-06,50
7522,2026-06,26
8341,2026-06,8
5222,2026-05,552
7533,2026-06,2
2231,2026-06,123
2314,2026-05,172
4211,2026-06,40
3214,2026-06,11
3314,2026-06,17
3213,2026-06,60
8193,2026-06,28
3360,2026-06,6
2330,2026-05,692
3451,2026-06,58
3521,2026-06,38
2652,2026-06,24
2431,2026-05,231
2223,2026-06,102
1290,2026-04,105
2133,2026-06,45
1240,2026-06,23
7521,2026-06,5
2320,2026-05,251
3121,2026-05,125
9111,2026-05,942
3240,2026-06,12
6210,2026-06,17
1540,2026-06,5
5242,2026-05,375
2671,2026-06,22
2242,2026-06,17
6121,2026-06,29
8181,2026-06,12
7411,2026-05,167
7223,2026-05,495
2359,2026-05,238
8344,2026-05,287
3313,2026-05,228
2655,2026-06,1
9412,2026-05,656
5223,2026-05,684
2235,2026-06,73
3439,2026-06,16
7223,2026-04,465
8174,2026-06,5
9119,2026-05,310
2282,2026-05,35
2144,2026-05,273
1360,2026-04,109
9119,2026-04,271
2161,2026-06,17
7319,2026-06,10
8162,2026-06,23
7124,2026-06,9
9413,2026-06,31
2519,2026-05,144
4223,2026-06,6
5132,2026-05,118
3211,2026-06,11
4212,2026-06,11
3452,2026-06,11
5227,2026-06,12
3213,2026-05,64
3117,2026-06,25
7322,2026-06,12
5161,2026-06,4
1210,2026-04,88
7112,2026-04,35
2622,2026-05,143
3322,2026-04,1346
2281,2026-04,47
5412,2026-06,9
2241,2026-05,220
3114,2026-04,493
3122,2026-05,41
7222,2026-05,15
7122,2026-05,18
8129,2026-05,47
8121,2026-04,22
8141,2026-05,20
3424,2026-06,7
7215,2026-06,9
7412,2026-04,109
2234,2026-05,10
8344,2026-04,267
7222,2026-04,13
7212,2026-05,218
7233,2026-05,256
7212,2026-04,167
8332,2026-05,1058
7214,2026-04,48
8163,2026-06,17
8141,2026-06,11
1610,2026-06,6
2172,2026-06,17
3333,2026-05,273
8343,2026-06,13
4211,2026-05,30
6122,2026-06,9
2122,2026-06,6
2415,2026-06,5
8342,2026-05,139
4113,2026-05,32
2135,2026-06,16
2612,2026-06,10
3513,2026-04,81
3514,2026-04,72
3511,2026-04,166
3512,2026-04,161
2423,2026-04,360
3111,2026-05,132
7611,2026-06,16
3441,2026-05,53
2611,2026-06,2
2260,2026-05,118
2514,2026-05,162
2643,2026-06,11
8114,2026-05,41
6111,2026-05,6
8321,2026-04,125
9610,2026-05,60
2281,2026-05,89
3112,2026-05,474
1710,2026-06,6
6112,2026-06,30
5152,2026-05,283
7211,2026-06,9
3512,2026-05,184
2423,2026-05,414
8219,2026-05,23
2228,2026-05,143
3117,2026-05,28
7115,2026-06,2
8211,2026-05,66
7322,2026-05,17
3151,2026-06,2
2219,2026-05,145
2228,2026-06,119
8172,2026-06,2
3514,2026-05,68
8189,2026-06,6
2223,2026-04,70
7312,2026-06,3
2672,2026-06,4
7123,2026-06,7
4322,2026-05,777
1250,2026-04,147
6130,2026-06,7
7413,2026-05,59
3354,2026-05,142
5144,2026-06,16
2432,2026-05,200
8161,2026-06,8
1380,2026-06,15
8350,2026-06,3
7213,2026-06,13
2222,2026-04,123
5169,2026-06,10
2226,2026-04,108
2143,2026-04,238
7613,2026-05,5
2519,2026-04,99
8219,2026-06,9
3422,2026-05,327
2414,2026-06,8
3351,2026-06,5
2171,2026-06,9
5323,2026-05,279
6111,2026-06,5
5131,2026-04,333
8111,2026-06,11
7221,2026-06,9
1510,2026-05,189
7121,2026-04,31
5350,2026-05,203
2271,2026-06,18
8116,2026-06,2
8113,2026-06,2
2212,2026-05,88
7211,2026-05,2
1320,2026-05,59
9310,2026-05,106
7532,2026-06,1
5143,2026-04,15
7134,2026-05,64
5120,2026-05,633
9332,2026-05,52
3339,2026-05,214
7233,2026-04,222
7114,2026-05,242
8174,2026-05,11
5242,2026-04,373
2225,2026-05,116
8342,2026-04,100
3354,2026-04,139
3215,2026-05,44
8173,2026-05,16
8122,2026-05,6
7116,2026-06,13
7113,2026-04,113
2143,2026-05,283
2515,2026-05,206
3353,2026-06,3
1370,2026-05,127
5325,2026-06,4
8162,2026-05,17
5224,2026-06,4
5143,2026-05,20
2343,2026-05,319
2233,2026-04,82
2662,2026-05,220
8211,2026-04,60
2142,2026-05,94
1360,2026-05,107
3515,2026-06,3
7531,2026-05,10
5131,2026-05,388
3359,2026-05,235
9411,2026-04,117
2413,2026-04,43
8142,2026-05,55
9411,2026-05,132
2183,2026-05,80
2619,2026-05,29
2319,2026-05,88
5151,2026-04,33
2651,2026-06,2
2225,2026-04,119
4117,2026-05,148
2661,2026-05,689
2227,2026-05,66
1120,2026-05,43
2351,2026-05,476
8341,2026-05,10
5342,2026-05,403
2511,2026-05,323
2516,2026-05,139
1210,2026-05,117
3449,2026-05,106
3113,2026-04,371
4221,2026-05,21
3513,2026-05,112
7613,2026-06,1
5326,2026-06,6
2232,2026-05,95
5312,2026-05,410
2121,2026-06,3
8192,2026-05,16
7119,2026-05,29
3411,2026-05,388
8331,2026-05,45
3122,2026-04,29
7522,2026-04,9
1520,2026-05,113
8212,2026-05,218
7612,2026-05,48
2233,2026-05,103
3451,2026-05,64
8169,2026-05,20
2313,2026-04,110
2313,2026-05,162
3324,2026-05,87
3511,2026-05,145
3324,2026-04,54
2222,2026-05,137
2432,2026-04,297
2642,2026-05,37
2421,2026-05,427
5221,2026-05,85
9622,2026-05,44
2239,2026-05,51
3212,2026-05,45
1720,2026-05,93
8112,2026-06,1
2412,2026-05,241
2352,2026-05,85
4321,2026-05,47
8171,2026-06,1
2162,2026-06,2
7411,2026-04,179
1490,2026-06,1
4323,2026-05,133
7133,2026-06,2
7420,2026-05,113
5241,2026-05,407
1230,2026-05,246
7321,2026-06,3
4115,2026-05,29
3115,2026-05,40
3112,2026-04,357
1350,2026-05,24
5413,2026-05,93
1530,2026-05,73
5311,2026-04,184
5311,2026-05,262
2235,2026-05,50
2419,2026-05,40
5419,2026-05,50
2663,2026-05,66
3451,2026-04,44
2164,2026-05,16
8161,2026-05,8
7131,2026-05,76
8191,2026-05,39
3331,2026-05,48
5230,2026-05,52
5326,2026-05,1
2226,2026-05,99
8151,2026-04,20
2614,2026-04,34
3151,2026-05,7
5412,2026-05,33
7523,2026-05,26
2283,2026-05,61
8143,2026-06,7
0110,2026-05,16
9120,2026-05,125
7132,2026-05,87
8329,2026-05,163
5350,2026-04,162
1410,2026-05,199
2163,2026-05,21
4119,2026-05,357
0310,2026-05,34
5151,2026-05,50
4222,2026-04,365
3433,2026-05,30
3335,2026-04,88
1590,2026-05,113
3250,2026-05,99
8214,2026-05,57
2284,2026-05,56
5224,2026-05,8
2284,2026-04,49
7111,2026-04,202
8312,2026-06,1
8115,2026-06,1
2342,2026-05,461
2113,2026-05,46
5149,2026-05,177
2172,2026-05,15
3521,2026-05,20
6113,2026-05,116
2242,2026-05,14
7214,2026-05,56
2223,2026-05,79
2227,2026-04,73
5161,2026-05,9
8219,2026-04,7
5323,2026-04,232
5141,2026-05,82
3119,2026-05,33
6221,2026-06,2
3522,2026-05,19
8142,2026-04,38
9629,2026-05,30
4114,2026-05,46
2641,2026-06,2
2343,2026-04,212
4112,2026-05,188
1112,2026-05,5
7323,2026-06,1
2182,2026-05,64
2641,2026-05,2
7412,2026-05,91
4115,2026-04,16
9210,2026-05,10
8163,2026-05,13
4224,2026-05,153
9413,2026-05,44
3240,2026-05,24
2612,2026-05,17
2149,2026-04,56
2132,2026-05,12
6121,2026-05,16
8193,2026-05,6
2250,2026-05,34
3311,2026-05,2
5132,2026-04,95
2614,2026-05,47
2122,2026-05,20
3432,2026-05,16
2320,2026-04,194
7312,2026-05,2
7126,2026-04,35
1310,2026-05,39
9621,2026-05,31
8131,2026-05,16
2615,2026-05,79
3230,2026-06,1
3424,2026-05,18
4119,2026-04,330
4226,2026-05,12
7112,2026-05,56
3423,2026-05,78
5113,2026-05,11
7522,2026-05,20
2144,2026-04,215
3116,2026-05,35
1420,2026-05,12
3352,2026-05,23
5144,2026-05,23
5142,2026-05,17
3341,2026-05,50
3515,2026-05,7
4420,2026-05,70
7121,2026-05,30
0210,2026-05,18
5341,2026-05,28
1720,2026-04,82
3360,2026-05,2
3214,2026-05,28
7116,2026-05,19
3431,2026-05,19
2141,2026-05,124
3355,2026-05,53
3323,2026-04,247
7215,2026-05,9
2145,2026-05,28
8111,2026-05,8
3312,2026-05,35
8171,2026-05,9
2149,2026-05,52
5411,2026-05,21
1380,2026-05,7
6113,2026-04,103
2133,2026-05,31
2135,2026-05,9
2623,2026-05,33
2131,2026-05,57
5226,2026-05,20
2121,2026-05,9
2134,2026-05,17
1220,2026-05,41
2173,2026-05,29
8121,2026-05,18
3314,2026-05,28
3353,2026-05,18
6112,2026-05,20
2431,2026-04,162
8151,2026-05,26
3115,2026-04,30
1340,2026-05,14
6221,2026-05,2
8172,2026-05,4
1240,2026-05,25
7126,2026-05,40
4116,2026-05,17
3332,2026-05,16
7311,2026-05,25
8143,2026-05,13
2181,2026-05,42
8159,2026-05,11
4323,2026-04,103
2146,2026-05,22
2271,2026-05,8
7232,2026-05,2
1330,2026-05,36
5169,2026-05,27
3343,2026-05,34
2411,2026-05,23
3411,2026-04,382
7611,2026-05,16
3215,2026-04,33
2413,2026-05,42
6210,2026-05,21
2112,2026-05,6
6122,2026-05,9
2312,2026-05,88
3152,2026-05,8
2162,2026-05,4
5225,2026-05,21
4410,2026-05,22
7521,2026-05,5
8112,2026-05,3
1740,2026-05,18
2653,2026-05,3
7534,2026-05,2
7420,2026-04,118
2113,2026-04,22
3333,2026-04,208
2111,2026-05,19
2621,2026-05,13
7133,2026-05,2
2643,2026-05,15
8129,2026-04,26
3211,2026-05,7
9111,2026-04,726
1113,2026-05,22
2161,2026-05,9
3153,2026-05,4
5227,2026-05,21
2513,2026-05,9
7213,2026-05,18
2671,2026-05,14
3439,2026-05,13
3121,2026-04,93
9331,2026-05,9
4223,2026-05,12
4212,2026-05,5
6129,2026-05,12
5414,2026-05,5
2179,2026-05,10
2312,2026-04,74
6122,2026-04,18
3154,2026-05,5
8141,2026-04,13
5325,2026-05,2
9320,2026-05,23
2415,2026-05,13
7119,2026-04,32
3351,2026-05,9
2654,2026-05,18
2655,2026-05,2
8199,2026-05,8
2652,2026-05,15
2311,2026-05,8
5142,2026-04,20
7321,2026-05,8
7533,2026-05,1
7134,2026-04,63
3240,2026-04,11
3342,2026-05,14
8181,2026-05,7
3250,2026-04,84
2213,2026-05,7
3155,2026-05,3
3441,2026-04,40
7319,2026-05,6
3119,2026-04,31
5419,2026-04,51
9413,2026-04,29
7114,2026-04,237
2414,2026-05,3
5221,2026-04,103
8213,2026-04,185
9622,2026-04,42
3334,2026-05,7
5241,2026-04,227
8214,2026-04,33
2114,2026-05,11
3522,2026-04,17
3449,2026-04,83
3452,2026-05,14
8169,2026-04,13
8189,2026-05,3
9520,2026-05,16
2651,2026-05,3
3155,2026-04,4
3321,2026-05,16
2671,2026-04,14
3433,2026-04,33
3331,2026-04,69
4321,2026-04,29
8173,2026-04,11
5349,2026-05,8
1370,2026-04,83
1320,2026-04,50
7532,2026-05,2
1710,2026-05,5
2642,2026-04,35
5149,2026-04,60
2142,2026-04,104
9629,2026-04,23
4225,2026-04,198
3355,2026-04,34
7123,2026-05,5
6222,2026-05,1
2183,2026-04,84
2514,2026-04,132
2131,2026-04,41
2319,2026-04,57
8343,2026-05,5
2171,2026-05,7
7124,2026-05,11
3334,2026-04,2
2672,2026-05,3
7413,2026-04,25
7115,2026-05,1
3111,2026-04,101
2232,2026-04,81
7221,2026-05,5
5111,2026-05,1
2654,2026-04,20
6121,2026-04,19
2141,2026-04,102
7531,2026-04,13
2613,2026-05,1
5112,2026-05,2
3439,2026-04,7
2622,2026-04,130
8311,2026-05,2
2662,2026-04,173
1111,2026-05,2
7116,2026-04,27
1420,2026-04,14
8174,2026-04,6
2182,2026-04,43
4211,2026-04,36
8113,2026-05,1
3230,2026-05,2
7612,2026-04,33
2181,2026-04,35
2234,2026-04,10
3211,2026-04,8
3353,2026-04,26
3359,2026-04,172
1330,2026-04,36
2359,2026-04,128
4112,2026-04,187
7321,2026-04,7
8343,2026-04,10
1410,2026-04,169
1790,2026-04,2
8192,2026-04,22
1490,2026-05,1
3342,2026-04,20
1730,2026-04,101
2163,2026-04,16
2250,2026-04,35
2111,2026-04,33
1310,2026-04,37
8331,2026-04,36
4420,2026-04,68
9332,2026-04,47
5226,2026-04,18
7319,2026-04,9
7613,2026-04,5
2612,2026-04,17
2179,2026-04,13
2619,2026-04,27
1610,2026-05,1
5161,2026-04,6
1120,2026-04,40
2419,2026-04,22
3321,2026-04,10
9610,2026-04,67
6111,2026-04,3
2162,2026-04,3
3314,2026-04,16
7523,2026-04,33
8161,2026-04,12
7131,2026-04,50
4224,2026-04,110
5413,2026-04,82
8162,2026-04,23
3151,2026-04,8
2146,2026-04,31
1540,2026-05,1
6129,2026-04,12
3332,2026-04,7
4113,2026-04,33
3343,2026-04,28
2164,2026-04,20
3432,2026-04,13
3431,2026-04,30
1220,2026-04,26
9310,2026-04,84
7311,2026-04,23
8350,2026-05,1
1740,2026-04,11
7122,2026-04,10
2621,2026-04,8
1240,2026-04,10
3212,2026-04,58
2663,2026-04,62
2121,2026-04,8
2161,2026-04,12
1380,2026-04,6
2171,2026-04,7
7611,2026-04,23
3117,2026-04,25
2651,2026-04,4
8114,2026-04,30
4116,2026-04,38
4114,2026-04,72
3452,2026-04,11
3312,2026-04,42
2643,2026-04,9
6221,2026-04,3
2282,2026-04,23
2414,2026-04,2
2135,2026-04,16
3352,2026-04,43
3422,2026-04,91
5225,2026-04,43
2132,2026-04,21
6210,2026-04,21
4410,2026-04,28
3116,2026-04,33
4221,2026-04,16
7521,2026-04,12
4223,2026-04,13
8350,2026-04,5
8131,2026-04,36
5414,2026-04,11
2239,2026-04,37
7215,2026-04,4
5412,2026-04,26
2669,2026-04,7
2145,2026-04,19
9320,2026-04,15
7221,2026-04,7
0310,2026-04,28
7322,2026-04,12
9621,2026-04,38
7213,2026-04,13
8159,2026-04,8
8163,2026-04,19
6112,2026-04,36
8122,2026-04,2
3424,2026-04,15
2173,2026-04,19
8193,2026-04,11
3341,2026-04,39
0110,2026-04,12
2242,2026-04,10
2133,2026-04,22
4226,2026-04,30
8341,2026-04,10
2172,2026-04,11
8112,2026-04,2
2415,2026-04,8
1111,2026-04,1
5224,2026-04,7
2652,2026-04,13
4212,2026-04,12
5113,2026-04,16
3515,2026-04,10
1350,2026-04,26
3213,2026-04,49
8199,2026-04,19
1340,2026-04,10
1112,2026-04,10
7224,2026-04,10
8143,2026-04,8
8311,2026-04,1
2611,2026-04,4
2411,2026-04,12
3521,2026-04,8
3351,2026-04,12
3152,2026-04,15
8181,2026-04,6
2213,2026-04,7
1113,2026-04,23
7123,2026-04,4
8172,2026-04,3
7124,2026-04,5
1710,2026-04,9
3360,2026-04,5
9520,2026-04,13
2641,2026-04,3
2655,2026-04,2
9210,2026-04,6
3230,2026-04,1
2672,2026-04,4
2513,2026-04,5
8116,2026-04,3
7211,2026-04,4
7323,2026-04,2
2114,2026-04,6
2122,2026-04,12
5227,2026-04,13
8189,2026-04,1
1540,2026-04,1
5349,2026-04,9
8171,2026-04,2
7533,2026-04,2
5112,2026-04,2
5326,2026-04,2
9331,2026-04,4
8111,2026-04,6
5144,2026-04,9
5169,2026-04,1
2289,2026-04,1
7534,2026-04,3
8115,2026-04,1
2653,2026-04,2
2271,2026-04,5
3153,2026-04,3
1610,2026-04,1
5325,2026-04,2
