year_month,age_group,exposure_quartile,n_emp,n_hires,n_separations,hire_rate,separation_rate
2019-01,22-25,1,93070,0,8828,0.0,0.09485333619856022
2019-01,22-25,2,153493,0,15031,0.0,0.09792628979823184
2019-01,22-25,3,35954,0,4014,0.0,0.11164265450297603
2019-01,22-25,4,44391,0,4929,0.0,0.11103602081503007
2019-01,26-30,1,126685,0,8164,0.0,0.06444330425859415
2019-01,26-30,2,199707,0,13571,0.0,0.06795455342076141
2019-01,26-30,3,84739,0,5449,0.0,0.06430333140584618
2019-01,26-30,4,134630,0,7510,0.0,0.0557825150412241
2019-01,31-34,1,88131,0,4834,0.0,0.05485016622981698
2019-01,31-34,2,138414,0,7366,0.0,0.053217160113861316
2019-01,31-34,3,77287,0,3791,0.0,0.04905094000284653
2019-01,31-34,4,122390,0,4933,0.0,0.04030558052128442
2019-01,35-40,1,117771,0,5480,0.0,0.04653097961297773
2019-01,35-40,2,183147,0,7863,0.0,0.042932726170780845
2019-01,35-40,3,123308,0,4638,0.0,0.037613131345898075
2019-01,35-40,4,190010,0,6280,0.0,0.03305089205831272
2019-01,41-49,1,184151,0,7224,0.0,0.03922867646659535
2019-01,41-49,2,276888,0,9774,0.0,0.035299471266360405
2019-01,41-49,3,214926,0,6974,0.0,0.032448377581120944
2019-01,41-49,4,313292,0,8934,0.0,0.028516527712166284
2019-01,50+,1,382536,0,14682,0.0,0.03838070142417969
2019-01,50+,2,520899,0,18546,0.0,0.035603831068978825
2019-01,50+,3,373251,0,12588,0.0,0.03372529477482981
2019-01,50+,4,475642,0,14829,0.0,0.031176809449123502
2019-02,22-25,1,90653,9386,6665,0.10353766560400648,0.07352211178890936
2019-02,22-25,2,149708,16706,12156,0.11159056296256713,0.08119806556763834
2019-02,22-25,3,35341,4734,3055,0.13395206700432924,0.08644350754081662
2019-02,22-25,4,43740,5695,3811,0.13020118884316415,0.08712848651120256
2019-02,26-30,1,125460,9883,6661,0.07877411127052447,0.053092619161485735
2019-02,26-30,2,198002,16916,11506,0.08543348046989424,0.058110524136119834
2019-02,26-30,3,84281,6838,4454,0.08113335152644131,0.052847023647085344
2019-02,26-30,4,134109,9144,6253,0.06818334339977183,0.04662625178026829
2019-02,31-34,1,87439,6014,3793,0.06877937762325735,0.04337881265796727
2019-02,31-34,2,138076,10026,6415,0.07261218459399171,0.04645992062342478
2019-02,31-34,3,76956,4820,3141,0.06263319299339883,0.04081553095275222
2019-02,31-34,4,122401,6609,4643,0.05399465690639783,0.03793269662829552
2019-02,35-40,1,117132,7150,4438,0.06104224293958952,0.037888877505720044
2019-02,35-40,2,182945,11038,6819,0.06033507338271065,0.03727349749924841
2019-02,35-40,3,122867,5961,3908,0.04851587488910773,0.03180675038863161
2019-02,35-40,4,189977,8608,5686,0.04531074814319628,0.029929938887338994
2019-02,41-49,1,183444,9679,6039,0.0527626959726129,0.032920128213514754
2019-02,41-49,2,276314,13348,8257,0.0483073604667154,0.02988266971633721
2019-02,41-49,3,213653,8246,5513,0.03859529236659443,0.025803522534202657
2019-02,41-49,4,312409,10996,7552,0.035197449497293615,0.02417343930552577
2019-02,50+,1,379270,17796,10807,0.04692171803728215,0.028494212566245684
2019-02,50+,2,516368,22174,13153,0.04294224274161063,0.025472143897375517
2019-02,50+,3,370285,14595,9041,0.0394155852924099,0.024416327963595608
2019-02,50+,4,472642,17321,11278,0.036647187511901186,0.023861611960003554
2019-03,22-25,1,90999,7728,6427,0.08492401015395773,0.07062714974889835
2019-03,22-25,2,149231,13523,11020,0.0906179011063385,0.07384524663106191
2019-03,22-25,3,35623,3624,2835,0.10173202706116835,0.07958341520927491
2019-03,22-25,4,43678,4185,3174,0.09581482668620359,0.07266816246165117
2019-03,26-30,1,125786,7792,6639,0.06194648053042469,0.0527801186141542
2019-03,26-30,2,197676,13074,10618,0.06613852971529169,0.05371415852202594
2019-03,26-30,3,84565,5155,4189,0.06095902560160823,0.0495358599893573
2019-03,26-30,4,134276,7054,5894,0.052533587536119634,0.043894664720426586
2019-03,31-34,1,88137,4920,4102,0.05582218591510943,0.04654118020808514
2019-03,31-34,2,138158,7513,6135,0.05437976809160527,0.04440568045281489
2019-03,31-34,3,77093,3689,3023,0.04785129648606229,0.03921237985290493
2019-03,31-34,4,122547,5342,4423,0.043591438386904616,0.03609227480068872
2019-03,35-40,1,117820,5676,4761,0.04817518248175182,0.04040909862502122
2019-03,35-40,2,183460,8504,6827,0.04635342854028126,0.03721247138340783
2019-03,35-40,3,123287,4831,4084,0.039184991118284974,0.03312595813021649
2019-03,35-40,4,190713,7008,6004,0.0367463151436976,0.03148186017733453
2019-03,41-49,1,184585,7853,6658,0.04254408538071891,0.03607010320448574
2019-03,41-49,2,277222,10354,8631,0.03734912813557366,0.03113389269249915
2019-03,41-49,3,214699,7089,5981,0.03301831866939296,0.027857605298580803
2019-03,41-49,4,313487,9332,8051,0.029768379550029186,0.025682085700523466
2019-03,50+,1,379872,13277,11106,0.03495124673574257,0.029236163760424563
2019-03,50+,2,518354,17341,14305,0.03345397161013516,0.027596970410183004
2019-03,50+,3,372521,12327,9937,0.033090751930763634,0.026675006241258882
2019-03,50+,4,475926,15790,13281,0.03317742674281296,0.027905598769556613
2019-04,22-25,1,93544,8588,7353,0.09180706405541778,0.07860472077311212
2019-04,22-25,2,152537,13663,11876,0.08957171047024656,0.07785652005742869
2019-04,22-25,3,36265,3429,3023,0.09455397766441473,0.08335861023024956
2019-04,22-25,4,44811,4182,3715,0.09332529959161813,0.08290375131106202
2019-04,26-30,1,128206,8637,7377,0.0673681418966351,0.05754020872658066
2019-04,26-30,2,200518,13061,11664,0.06513629699079385,0.058169341405759085
2019-04,26-30,3,85342,4976,4501,0.05830657823814769,0.05274073726887113
2019-04,26-30,4,135454,7051,6275,0.05205457203183368,0.04632568990210699
2019-04,31-34,1,89465,5132,4438,0.057363214664952776,0.04960599116973118
2019-04,31-34,2,139937,7581,6857,0.05417437847031164,0.04900062170834018
2019-04,31-34,3,77573,3467,3250,0.044693385585190724,0.041896020522604514
2019-04,31-34,4,123155,5038,4643,0.040907799114936465,0.03770045877146685
2019-04,35-40,1,119372,5923,5158,0.04961800087122608,0.04320946285561103
2019-04,35-40,2,185391,8275,7593,0.04463539222508105,0.040956680745019985
2019-04,35-40,3,123818,4484,4152,0.036214443780387344,0.03353308888852994
2019-04,35-40,4,191437,6722,6145,0.03511337933628295,0.03209933293981832
2019-04,41-49,1,186287,7938,6975,0.042611669091240936,0.03744222624230354
2019-04,41-49,2,278847,10062,9243,0.03608430429590421,0.033147209760191074
2019-04,41-49,3,215202,6403,6101,0.029753440953150995,0.028350108270369233
2019-04,41-49,4,314731,9236,8502,0.029345695212737225,0.027013544900248147
2019-04,50+,1,383262,13707,12541,0.03576404652691892,0.032721741263156794
2019-04,50+,2,520817,16177,16046,0.031060814067129145,0.03080928617921458
2019-04,50+,3,373637,11217,11033,0.030021116752355897,0.02952866017016516
2019-04,50+,4,477240,14831,14513,0.031076607157824156,0.030410275752242057
2019-05,22-25,1,95831,9791,7752,0.1021694441255961,0.08089240433680124
2019-05,22-25,2,155725,15515,12453,0.09963075935142078,0.07996789211751484
2019-05,22-25,3,36940,3811,3322,0.1031672983216026,0.08992961559285327
2019-05,22-25,4,45447,4414,3704,0.09712412260435233,0.08150152925385613
2019-05,26-30,1,129829,9203,7703,0.07088554945351193,0.05933189040969275
2019-05,26-30,2,203178,14504,12406,0.07138568152063708,0.061059760407130695
2019-05,26-30,3,86055,5203,4861,0.06046133286851432,0.05648713032363024
2019-05,26-30,4,136979,7874,6844,0.05748326385796363,0.04996386307390184
2019-05,31-34,1,90449,5503,4500,0.060840915875244615,0.04975179382856638
2019-05,31-34,2,141217,8201,6946,0.05807374466246982,0.04918671264791066
2019-05,31-34,3,78196,3868,3509,0.04946544580285436,0.04487441812880454
2019-05,31-34,4,124185,5619,4991,0.04524701050851552,0.04019003905463623
2019-05,35-40,1,120613,6347,5449,0.05262285159974464,0.045177551341895154
2019-05,35-40,2,186425,8873,7859,0.047595547807429264,0.042156363148719324
2019-05,35-40,3,124439,4789,4704,0.03848471942076037,0.03780165382235473
2019-05,35-40,4,192921,7483,6893,0.038787897636856535,0.03572965099704024
2019-05,41-49,1,187563,8325,7365,0.04438508661089874,0.03926680635306537
2019-05,41-49,2,280560,11048,10007,0.03937838608497291,0.0356679498146564
2019-05,41-49,3,216180,7165,7133,0.03314367656582477,0.032995651771671755
2019-05,41-49,4,316608,10468,10020,0.03306296745502325,0.03164796846573681
2019-05,50+,1,385372,14695,13816,0.038131986755654275,0.03585107376768421
2019-05,50+,2,521631,17509,17686,0.0335658731938861,0.03390519351802328
2019-05,50+,3,374797,12392,12831,0.03306323156268593,0.034234532293481536
2019-05,50+,4,479453,16864,17131,0.03517341637240772,0.035730300988835194
2019-06,22-25,1,101229,12586,8877,0.124331960209031,0.08769226209880568
2019-06,22-25,2,164500,20361,15171,0.12377507598784195,0.09222492401215805
2019-06,22-25,3,39502,5649,4067,0.14300541744721787,0.10295681231330059
2019-06,22-25,4,48620,6706,5013,0.13792677910324969,0.10310571781160016
2019-06,26-30,1,133480,10544,8535,0.07899310758166017,0.06394216362001798
2019-06,26-30,2,208851,17382,14519,0.08322679805219989,0.06951846052927685
2019-06,26-30,3,88470,6871,6072,0.07766474511133718,0.06863343506273313
2019-06,26-30,4,140378,9726,8533,0.06928436079727593,0.06078587812905156
2019-06,31-34,1,92342,5958,5238,0.06452101968768274,0.056723917610621385
2019-06,31-34,2,143749,9192,8063,0.0639447926594272,0.05609082497965203
2019-06,31-34,3,79415,4402,4344,0.0554303343197129,0.05469999370396021
2019-06,31-34,4,126296,6691,6348,0.05297871666561094,0.050262874517007665
2019-06,35-40,1,122029,6563,5918,0.053782297650558475,0.048496668824623654
2019-06,35-40,2,188926,9730,9207,0.051501646147168734,0.048733366503287
2019-06,35-40,3,125776,5659,5820,0.04499268540898105,0.04627273883729805
2019-06,35-40,4,194954,8594,8577,0.04408219374826882,0.04399499369081937
2019-06,41-49,1,189641,8787,8159,0.04633491702743605,0.04302339683929108
2019-06,41-49,2,283376,12087,11868,0.04265357687312969,0.04188075207498165
2019-06,41-49,3,218343,8655,9294,0.03963946634423819,0.04256605432736566
2019-06,41-49,4,319292,12364,13178,0.03872317502474224,0.04127256555128221
2019-06,50+,1,389374,16257,17122,0.04175163210692034,0.043973146640505015
2019-06,50+,2,526435,20345,22813,0.038646746511915055,0.04333488464862709
2019-06,50+,3,379922,16240,19147,0.042745616205431644,0.05039718679097288
2019-06,50+,4,485298,21560,24842,0.04442631125617662,0.051189166244245805
2019-07,22-25,1,103768,11583,7093,0.11162400740112559,0.06835440598257651
2019-07,22-25,2,170770,20906,12638,0.12242197107220237,0.07400597294606781
2019-07,22-25,3,40683,5475,3713,0.13457709608435955,0.09126662242214192
2019-07,22-25,4,49892,6478,4213,0.12984045538362865,0.08444239557444079
2019-07,26-30,1,132726,8446,6896,0.06363485677259918,0.0519566625981345
2019-07,26-30,2,208472,14532,11642,0.06970720288575924,0.05584442994742699
2019-07,26-30,3,86559,4826,4996,0.05575387885719567,0.05771785718411719
2019-07,26-30,4,137578,6368,6683,0.046286470220529445,0.0485760804779834
2019-07,31-34,1,90848,4368,4002,0.0480803099682987,0.044051602676998945
2019-07,31-34,2,141986,6984,6537,0.0491879481075599,0.04603975039792656
2019-07,31-34,3,76967,2673,3379,0.0347291696441332,0.04390193199682981
2019-07,31-34,4,122748,3600,4741,0.02932838009580604,0.038623847231726786
2019-07,35-40,1,120301,4904,4709,0.04076441592339216,0.03914348176656886
2019-07,35-40,2,186031,7392,7224,0.03973531293171568,0.03883223763781305
2019-07,35-40,3,122217,3307,4286,0.027058428860142206,0.03506877112022059
2019-07,35-40,4,189781,4517,6247,0.023801118130898247,0.032916888413487125
2019-07,41-49,1,186502,6148,6094,0.03296479394322849,0.03267525281230228
2019-07,41-49,2,278768,8574,8903,0.0307567583079837,0.03193695115651725
2019-07,41-49,3,212692,4797,6330,0.022553739679912737,0.029761345043537134
2019-07,41-49,4,311698,6473,8939,0.020766896162310956,0.02867840024639234
2019-07,50+,1,379540,9883,11777,0.026039416135321704,0.031029667492227433
2019-07,50+,2,514478,13621,15338,0.02647537892776756,0.029812742235819607
2019-07,50+,3,366955,8595,11307,0.023422490496109876,0.03081304247114769
2019-07,50+,4,469629,11166,15072,0.023776214841928416,0.03209341842177549
2019-08,22-25,1,101857,6427,7728,0.06309826521495823,0.07587107415297918
2019-08,22-25,2,165647,10518,12450,0.06349647141209923,0.0751598278266434
2019-08,22-25,3,39739,3751,3831,0.09439090062658849,0.09640403633709957
2019-08,22-25,4,49716,4810,4203,0.09674953737227451,0.08454018826937003
2019-08,26-30,1,130942,6267,6807,0.04786088497197232,0.051984848253425184
2019-08,26-30,2,204746,10227,11157,0.0499496937669112,0.05449190704580309
2019-08,26-30,3,86291,5375,4727,0.06228923062660069,0.05477975686919841
2019-08,26-30,4,137931,7650,6416,0.05546251386562847,0.04651601162900291
2019-08,31-34,1,89569,3625,3860,0.04047159173374717,0.04309526733579698
2019-08,31-34,2,139745,5761,6007,0.0412250885541522,0.04298543776163727
2019-08,31-34,3,77044,3814,3215,0.04950417942993614,0.04172940138102902
2019-08,31-34,4,122665,5198,4392,0.042375575755105366,0.035804834304813925
2019-08,35-40,1,118387,4143,4418,0.03499539645400255,0.03731828663620161
2019-08,35-40,2,183001,6516,6449,0.03560636280676062,0.03524024458882739
2019-08,35-40,3,122137,4842,3935,0.03964400632077094,0.03221791922185742
2019-08,35-40,4,189582,6662,5482,0.035140466921965166,0.028916247323058097
2019-08,41-49,1,183889,5448,5596,0.029626568201469364,0.030431401552023233
2019-08,41-49,2,274577,7787,7585,0.028359986451887812,0.027624309392265192
2019-08,41-49,3,211818,6812,5609,0.0321596842572397,0.0264802802405839
2019-08,41-49,4,309872,8704,7235,0.028089017400733204,0.02334835028656994
2019-08,50+,1,371876,8351,9749,0.022456410201249877,0.02621572782325291
2019-08,50+,2,504180,11135,12168,0.022085366337419175,0.024134237772224204
2019-08,50+,3,360443,9158,8671,0.02540762339676454,0.024056508241247575
2019-08,50+,4,460690,10008,9870,0.021723935835377368,0.02142438516138835
2019-09,22-25,1,102095,6785,13623,0.06645771095548264,0.1334345462559381
2019-09,22-25,2,166961,10874,23949,0.06512898221740407,0.1434406837524931
2019-09,22-25,3,40681,3608,6423,0.08869005186696492,0.15788697426316953
2019-09,22-25,4,51428,4877,7384,0.09483160924010267,0.1435793731041456
2019-09,26-30,1,132430,6864,10192,0.051831156082458654,0.07696141357698406
2019-09,26-30,2,207472,11204,17065,0.054002467802884244,0.08225206292897355
2019-09,26-30,3,87814,5112,6234,0.058213952217186324,0.07099095816156877
2019-09,26-30,4,140766,7931,8356,0.05634173024736087,0.05936092522342043
2019-09,31-34,1,90934,4018,4970,0.04418589306530011,0.054655024523280624
2019-09,31-34,2,142248,6630,8210,0.046608739665935546,0.05771610145661099
2019-09,31-34,3,78386,3544,3877,0.045212155231801596,0.04946036281989131
2019-09,31-34,4,124842,5342,5364,0.04279008666955031,0.042966309415100684
2019-09,35-40,1,120337,4645,5465,0.038599931858032024,0.04541412865535953
2019-09,35-40,2,186846,7320,8543,0.03917664814874282,0.045722145510206265
2019-09,35-40,3,124274,4538,4620,0.036516085424143425,0.037175917730176866
2019-09,35-40,4,192411,6604,6498,0.03432236202711903,0.03377145797277702
2019-09,41-49,1,187113,6020,6879,0.03217307188704152,0.0367638806496609
2019-09,41-49,2,279584,8654,9694,0.030953130365113882,0.03467294265766281
2019-09,41-49,3,214558,6145,6453,0.0286402744246311,0.030075783704173232
2019-09,41-49,4,313462,8230,8391,0.02625517606599843,0.02676879494165162
2019-09,50+,1,376835,9005,11255,0.02389640028129022,0.02986718324996351
2019-09,50+,2,512020,12654,14983,0.0247138783641264,0.02926252880746846
2019-09,50+,3,366560,9294,9570,0.02535464862505456,0.02610759493670886
2019-09,50+,4,466991,10739,11221,0.02299616052557758,0.024028300331269768
2019-10,22-25,1,95266,7965,8566,0.08360800285516344,0.08991665442025487
2019-10,22-25,2,154064,13064,13268,0.08479592896458614,0.086120054003531
2019-10,22-25,3,37571,3528,3370,0.09390221181230204,0.08969684064837241
2019-10,22-25,4,48062,4217,3762,0.08774083475510798,0.07827389621738588
2019-10,26-30,1,129632,7835,8195,0.060440323376943966,0.06321741545297457
2019-10,26-30,2,201652,12276,12373,0.06087715470216016,0.06135818142145875
2019-10,26-30,3,86071,4523,4369,0.052549639251315776,0.050760418724076634
2019-10,26-30,4,138378,6137,5887,0.04434953533076067,0.0425428897657142
2019-10,31-34,1,90341,4416,4525,0.04888146024507145,0.05008799991144663
2019-10,31-34,2,140843,7026,6855,0.04988533331439972,0.04867121546686736
2019-10,31-34,3,77781,3198,3055,0.04111543950322058,0.03927694424088145
2019-10,31-34,4,123821,4477,4328,0.03615703313654388,0.03495368313937054
2019-10,35-40,1,120213,5267,5401,0.04381389699949257,0.04492858509479008
2019-10,35-40,2,186084,7758,7474,0.04169084929386729,0.040164656821650435
2019-10,35-40,3,123857,4165,3976,0.033627489766424185,0.03210153644929233
2019-10,35-40,4,192102,6178,5851,0.03215999833421828,0.030457777638962635
2019-10,41-49,1,187067,6861,7154,0.036676698722917456,0.03824298246082954
2019-10,41-49,2,279017,9309,9042,0.03336355849285169,0.032406627553159845
2019-10,41-49,3,214545,6487,6025,0.030236081008646203,0.028082686615861475
2019-10,41-49,4,314472,9564,9214,0.030412882545981835,0.02929990587397288
2019-10,50+,1,377495,11553,12825,0.030604378865945244,0.03397395991999894
2019-10,50+,2,512432,15376,15368,0.0300059324944578,0.02999032066693727
2019-10,50+,3,368968,11808,10567,0.03200277530842783,0.028639339996964507
2019-10,50+,4,471377,15951,15035,0.03383915634407279,0.031895913462048425
2019-11,22-25,1,95351,7924,9265,0.08310348082348376,0.09716730815618085
2019-11,22-25,2,154406,13085,13463,0.08474411616128907,0.08719220755670117
2019-11,22-25,3,37716,3289,3400,0.08720436949835614,0.09014741754162689
2019-11,22-25,4,47712,3276,3491,0.06866197183098592,0.07316817572099263
2019-11,26-30,1,128766,7135,8384,0.055410589751953156,0.06511035521799233
2019-11,26-30,2,201677,11872,12698,0.05886640519246121,0.06296206310089897
2019-11,26-30,3,86125,4377,4608,0.050821480406386066,0.05350362844702467
2019-11,26-30,4,138084,5512,5523,0.03991773123605921,0.03999739289128357
2019-11,31-34,1,90064,4206,4869,0.0467001243560135,0.054061556226683245
2019-11,31-34,2,141195,6911,7224,0.04894649243953398,0.051163284818867526
2019-11,31-34,3,77801,3131,3235,0.04024369866711225,0.04158044241076593
2019-11,31-34,4,123676,4225,4104,0.03416184223293121,0.03318347941395258
2019-11,35-40,1,119679,4931,5489,0.04120188170021474,0.04586435381311675
2019-11,35-40,2,186023,7398,7719,0.03976927584223456,0.04149486891405901
2019-11,35-40,3,123905,4123,4100,0.033275493321496305,0.033089867236996084
2019-11,35-40,4,191683,5582,5269,0.02912099664550325,0.02748809231908933
2019-11,41-49,1,186353,6664,7445,0.035760089722193904,0.03995106062150864
2019-11,41-49,2,279590,9788,9771,0.035008405164705464,0.03494760184555957
2019-11,41-49,3,214862,6549,6319,0.03048002904189666,0.02940957451759734
2019-11,41-49,4,313606,8657,7938,0.02760470144066121,0.025312015713985066
2019-11,50+,1,375917,11617,14148,0.030903098290314086,0.03763596751410551
2019-11,50+,2,513236,16456,17328,0.032063222377229965,0.03376224582842981
2019-11,50+,3,370169,12370,11880,0.03341716891473894,0.032093449208334575
2019-11,50+,4,470553,15127,13794,0.03214728202774183,0.029314444919063314
2019-12,22-25,1,94355,7357,19527,0.07797149064702454,0.2069524667479201
2019-12,22-25,2,154815,12033,29417,0.07772502664470497,0.19001388754319673
2019-12,22-25,3,37797,3089,10260,0.08172606291504617,0.2714501150884991
2019-12,22-25,4,48083,3405,8881,0.0708150489778092,0.18470145373624774
2019-12,26-30,1,128376,7275,20312,0.056669470929145635,0.15822272075777405
2019-12,26-30,2,202037,11728,33119,0.05804877324450472,0.16392541960136015
2019-12,26-30,3,86738,4788,16279,0.05520071940787198,0.18768014019230325
2019-12,26-30,4,139765,6644,16996,0.0475369370013952,0.12160412120344864
2019-12,31-34,1,89993,4438,12067,0.049314946718078075,0.1340882068605336
2019-12,31-34,2,141434,6916,20769,0.0488991331645856,0.146845878643042
2019-12,31-34,3,78463,3703,12208,0.04719421893121599,0.15558925863145687
2019-12,31-34,4,125484,5418,13650,0.04317681935545568,0.1087788084536674
2019-12,35-40,1,119751,5181,14365,0.04326477440689431,0.11995724461591135
2019-12,35-40,2,187093,8103,25766,0.043310011598509834,0.13771760568273533
2019-12,35-40,3,125612,5458,17983,0.04345126261822119,0.14316307359169506
2019-12,35-40,4,195029,8097,19853,0.04151690261448297,0.10179511764917012
2019-12,41-49,1,187313,7839,19452,0.041849738138837134,0.10384757064378874
2019-12,41-49,2,282224,11301,32920,0.04004266114859119,0.11664493452009751
2019-12,41-49,3,218615,9365,28589,0.042837865654232324,0.13077327722251447
2019-12,41-49,4,319837,13391,30982,0.04186820161519774,0.09686809218445645
2019-12,50+,1,379548,16613,40158,0.04377048489255641,0.10580479939296215
2019-12,50+,2,519562,21713,64355,0.04179097008634196,0.12386394693992248
2019-12,50+,3,379723,19689,54665,0.05185095451157817,0.14396020256871456
2019-12,50+,4,484178,25384,59866,0.052426999987607865,0.12364461004010921
2020-01,22-25,1,88302,34120,8562,0.38640121401553756,0.09696269620167154
2020-01,22-25,2,149678,57678,14698,0.3853472120151258,0.09819746388914871
2020-01,22-25,3,33834,15879,3862,0.4693208015605604,0.11414553407814625
2020-01,22-25,4,42655,19198,4854,0.45007619270894383,0.11379674129644825
2020-01,26-30,1,131765,24265,8810,0.18415360679998483,0.06686145789853147
2020-01,26-30,2,208514,38595,14982,0.1850954851952387,0.07185129056082565
2020-01,26-30,3,87803,23578,5854,0.26853296584399167,0.0666719815951619
2020-01,26-30,4,142378,31726,8116,0.2228293697059939,0.057003188694882634
2020-01,31-34,1,95679,16331,5299,0.17068531234649192,0.05538310392040051
2020-01,31-34,2,149031,25158,8611,0.1688105159329267,0.057779924982050715
2020-01,31-34,3,82375,17697,4029,0.21483459787556905,0.048910470409711686
2020-01,31-34,4,132799,21908,5611,0.16497112177049525,0.04225182418542308
2020-01,35-40,1,126013,19313,5923,0.1532619650353535,0.04700308698308905
2020-01,35-40,2,191565,28445,8692,0.14848745856497794,0.04537363297053219
2020-01,35-40,3,127843,22813,4951,0.17844543698129736,0.03872718881753401
2020-01,35-40,4,199278,27155,6853,0.13626692359417497,0.034389144812774115
2020-01,41-49,1,188640,24739,7364,0.13114397794741306,0.039037319762510604
2020-01,41-49,2,281232,35245,10151,0.1253235762644365,0.036094754508733
2020-01,41-49,3,219612,32612,6936,0.14849826056863924,0.03158297360799956
2020-01,41-49,4,324275,36721,9209,0.1132403052964305,0.02839873564104541
2020-01,50+,1,397922,40767,14183,0.10244972632827538,0.03564266363759732
2020-01,50+,2,535281,54246,17487,0.10134116473403688,0.03266882254367332
2020-01,50+,3,388854,45044,12541,0.11583782087878741,0.03225117910578263
2020-01,50+,4,501731,49337,15106,0.09833356918348676,0.030107766910954275
2020-02,22-25,1,85334,7004,6742,0.08207748376965805,0.07900719525628706
2020-02,22-25,2,145023,12633,12205,0.08711032043193148,0.08415906442426374
2020-02,22-25,3,33007,3627,3141,0.10988578180385979,0.0951616323810101
2020-02,22-25,4,41563,4433,3761,0.10665736352043885,0.09048913697278829
2020-02,26-30,1,129726,7581,7441,0.05843855510845937,0.05735935741485901
2020-02,26-30,2,205769,13185,13298,0.06407670737574658,0.06462586687013107
2020-02,26-30,3,87220,5747,5138,0.06589085072231139,0.058908507223113964
2020-02,26-30,4,141651,7959,7385,0.05618739013490904,0.052135177301960454
2020-02,31-34,1,94896,4773,4697,0.05029716742539201,0.049496290676108584
2020-02,31-34,2,147892,7808,7779,0.05279528304438374,0.05259919400643713
2020-02,31-34,3,81981,3936,3670,0.04801112452885425,0.044766470279698954
2020-02,31-34,4,132486,5592,5583,0.04220823332276618,0.0421403016167746
2020-02,35-40,1,125249,5520,5468,0.04407220816134261,0.043657035185909666
2020-02,35-40,2,190834,8264,8194,0.04330465221082197,0.04293784126518335
2020-02,35-40,3,127335,4706,4484,0.0369576314446146,0.03521419876703184
2020-02,35-40,4,199018,6821,6625,0.03427328181370529,0.03328844627119155
2020-02,41-49,1,187838,6940,6895,0.036946730693469904,0.03670716255496758
2020-02,41-49,2,280177,9587,9684,0.03421765526791992,0.034563864985348546
2020-02,41-49,3,218664,6137,6318,0.0280658910474518,0.02889364504445176
2020-02,41-49,4,323046,8371,8592,0.025912718312562297,0.026596831411006484
2020-02,50+,1,395541,12094,13147,0.030575844223481256,0.03323802083728362
2020-02,50+,2,532401,14897,16239,0.027980788916624876,0.030501445339133473
2020-02,50+,3,386342,10015,10632,0.02592262813776395,0.02751965874794871
2020-02,50+,4,499160,12644,13351,0.025330555332959373,0.026746934850548923
2020-03,22-25,1,86302,7457,7999,0.08640587703645339,0.09268614864081945
2020-03,22-25,2,146490,13594,14461,0.0927981432179671,0.09871663594784627
2020-03,22-25,3,33594,3562,3708,0.10603083884026909,0.11037685300946598
2020-03,22-25,4,41885,4142,4027,0.09888981735704906,0.09614420436910588
2020-03,26-30,1,131290,8533,9202,0.06499352578261863,0.07008911569807297
2020-03,26-30,2,207002,14015,15196,0.06770465985835886,0.07340991874474642
2020-03,26-30,3,87846,5422,5427,0.061721649249823554,0.06177856703777065
2020-03,26-30,4,142166,7659,7219,0.053873640673578777,0.05077866719187429
2020-03,31-34,1,95704,5307,5650,0.05545222770208142,0.05903619493438101
2020-03,31-34,2,148453,8071,8858,0.054367375532996975,0.05966871669821425
2020-03,31-34,3,82425,3868,3963,0.04692750985744616,0.04808007279344859
2020-03,31-34,4,132700,5560,5411,0.041899020346646575,0.040776186887716656
2020-03,35-40,1,126290,6083,6632,0.04816691741230501,0.05251405495288621
2020-03,35-40,2,191741,8839,9624,0.04609864348261457,0.0501927078715559
2020-03,35-40,3,127804,4640,4801,0.036305592939188135,0.037565334418328065
2020-03,35-40,4,199666,6957,6743,0.03484318812416736,0.03377139823505254
2020-03,41-49,1,189586,7856,8764,0.04143765889886384,0.046227042081166334
2020-03,41-49,2,281532,10163,11767,0.03609891593140389,0.04179631445093275
2020-03,41-49,3,219776,6727,6890,0.030608437682003494,0.031350101921956905
2020-03,41-49,4,324944,9437,9315,0.029041927224383278,0.02866647791619479
2020-03,50+,1,397257,13330,15930,0.0335551041265478,0.040099985651605885
2020-03,50+,2,534511,16222,20502,0.03034923509525529,0.03835655393434373
2020-03,50+,3,389080,11090,12716,0.028503135601932763,0.03268222473527295
2020-03,50+,4,503700,15308,16385,0.030391105816954537,0.0325292833035537
2020-04,22-25,1,86501,7705,9139,0.08907411475011849,0.1056519577808349
2020-04,22-25,2,146084,13514,15262,0.09250841981325812,0.10447413816708195
2020-04,22-25,3,32895,2983,3710,0.09068247454020367,0.11278309773521812
2020-04,22-25,4,41739,3711,4287,0.08890965284266514,0.1027096959677999
2020-04,26-30,1,130899,8498,9859,0.06492028204951909,0.07531761128809235
2020-04,26-30,2,205594,13670,15468,0.06649026722569724,0.07523565862817008
2020-04,26-30,3,86972,4690,5465,0.05392540127857241,0.0628363151359058
2020-04,26-30,4,141482,6644,7398,0.046960037319234954,0.05228933715949732
2020-04,31-34,1,95600,5324,6100,0.05569037656903766,0.06380753138075314
2020-04,31-34,2,147661,8156,9034,0.055234625256499685,0.061180677362336705
2020-04,31-34,3,81938,3529,3913,0.04306914984500476,0.04775562010300471
2020-04,31-34,4,132289,5113,5347,0.0386502279101059,0.04041908246339454
2020-04,35-40,1,125765,6007,7115,0.047763686240209914,0.056573768536556275
2020-04,35-40,2,190824,8675,9837,0.04546073869114996,0.05155011948182619
2020-04,35-40,3,127415,4390,4986,0.034454342110426556,0.039131970333163284
2020-04,35-40,4,199387,6535,6827,0.03277545677501542,0.034239945432751384
2020-04,41-49,1,188640,7513,8950,0.03982718405428329,0.04744486853265479
2020-04,41-49,2,279962,10200,11704,0.03643351597716833,0.04180567362713511
2020-04,41-49,3,219143,6369,7167,0.029063214430759824,0.03270467229160868
2020-04,41-49,4,324226,8750,9342,0.02698734833110238,0.02881323521247525
2020-04,50+,1,395120,13174,17452,0.033341769588985624,0.04416886009313626
2020-04,50+,2,529893,15973,22583,0.030143821488489184,0.04261803798125282
2020-04,50+,3,386550,10889,14029,0.02816970637692407,0.03629284697969215
2020-04,50+,4,500293,13836,16371,0.027655793704888933,0.03272282442488702
2020-05,22-25,1,83051,7139,6620,0.08595922987080228,0.07971005767540428
2020-05,22-25,2,141689,13075,11374,0.09227957004425184,0.08027440379987155
2020-05,22-25,3,31406,2719,2522,0.08657581353881424,0.08030312679105904
2020-05,22-25,4,40319,3267,2994,0.0810287953570277,0.07425779409211539
2020-05,26-30,1,127526,7692,7574,0.0603171118046516,0.05939181029750796
2020-05,26-30,2,201357,13014,12307,0.0646314754391454,0.061120298772826376
2020-05,26-30,3,85340,4299,4299,0.05037497070541364,0.05037497070541364
2020-05,26-30,4,139978,6109,6230,0.04364257240423495,0.04450699395619312
2020-05,31-34,1,93297,4590,4511,0.04919772339946622,0.048350965197166036
2020-05,31-34,2,145296,7475,7340,0.05144670190507653,0.05051756414491796
2020-05,31-34,3,80797,3048,3276,0.03772417292721265,0.040546059878460834
2020-05,31-34,4,131517,4721,4728,0.03589650007223401,0.035949725130591484
2020-05,35-40,1,123308,5277,5236,0.04279527686768093,0.04246277613780128
2020-05,35-40,2,187952,7804,7726,0.04152123946539542,0.04110623989103601
2020-05,35-40,3,125992,3804,3877,0.03019239316782018,0.030771795034605372
2020-05,35-40,4,198247,5841,6129,0.029463245345452894,0.030915978552008352
2020-05,41-49,1,185173,6543,6750,0.03533452501174577,0.03645239856782576
2020-05,41-49,2,276171,9075,9293,0.03286007582258818,0.03364944183132914
2020-05,41-49,3,217006,5438,5910,0.025059214952581958,0.027234270020183773
2020-05,41-49,4,322583,7966,8334,0.024694419730735967,0.02583521140295676
2020-05,50+,1,387009,11639,12813,0.030074235999679594,0.03310775718394146
2020-05,50+,2,518800,14075,16628,0.027129915188897454,0.0320508866615266
2020-05,50+,3,381236,9389,10828,0.024627789610634884,0.028402354447114125
2020-05,50+,4,495838,12488,14320,0.025185645311573537,0.028880400453373884
2020-06,22-25,1,86970,9505,6662,0.1092905599632057,0.07660112682534208
2020-06,22-25,2,147719,16186,11172,0.10957290531346678,0.0756300814384067
2020-06,22-25,3,33759,4394,2942,0.13015788382357296,0.08714713113540093
2020-06,22-25,4,42933,5199,3602,0.12109566068059535,0.08389816691123378
2020-06,26-30,1,130479,9313,7637,0.0713754703822071,0.05853049149671595
2020-06,26-30,2,206149,15447,12852,0.07493123905524644,0.06234325657655385
2020-06,26-30,3,87651,5905,5121,0.06736945385677288,0.058424889619057396
2020-06,26-30,4,142634,8185,7345,0.05738463479955691,0.05149543587083023
2020-06,31-34,1,94870,5353,4924,0.056424581005586595,0.05190260356277011
2020-06,31-34,2,147595,8702,7860,0.05895863681019005,0.05325383651207697
2020-06,31-34,3,82010,3914,3967,0.047725887086940616,0.04837214973783685
2020-06,31-34,4,133550,6061,6242,0.04538375140396855,0.046739049045301385
2020-06,35-40,1,124798,6028,5881,0.048302056122694274,0.04712415263065113
2020-06,35-40,2,190554,9228,8999,0.04842721748165874,0.0472254584002435
2020-06,35-40,3,127639,4885,5281,0.03827200150424243,0.041374501523828926
2020-06,35-40,4,200792,7756,8612,0.03862703693374238,0.04289015498625443
2020-06,41-49,1,187063,7599,7732,0.040622677921342006,0.04133366833633589
2020-06,41-49,2,280145,11723,12341,0.04184618679612344,0.044052187260168844
2020-06,41-49,3,219929,7559,8642,0.034370183104547376,0.03929449958850356
2020-06,41-49,4,327800,12296,13961,0.03751067724222087,0.04258999389871873
2020-06,50+,1,392069,15178,17163,0.03871257355210435,0.043775457891340554
2020-06,50+,2,525693,20374,24297,0.038756460519733,0.0462189909319698
2020-06,50+,3,387611,14697,17616,0.03791688058388436,0.04544762661534373
2020-06,50+,4,505542,20899,24982,0.04133978977018724,0.049416270062625854
2020-07,22-25,1,90908,10045,5134,0.11049632595591147,0.056474677696132354
2020-07,22-25,2,156534,18127,8968,0.11580231770733515,0.05729106775524806
2020-07,22-25,3,34841,4181,2595,0.120002296145346,0.07448121466088803
2020-07,22-25,4,44532,5196,2922,0.1166801401239558,0.06561573699811371
2020-07,26-30,1,130926,8183,5970,0.06250095473779081,0.04559827688923514
2020-07,26-30,2,207549,13894,9926,0.06694322786426338,0.04782485099904119
2020-07,26-30,3,86202,4242,4158,0.049209995127723255,0.04823553977865943
2020-07,26-30,4,140389,5709,5452,0.040665579212046526,0.038834951456310676
2020-07,31-34,1,94088,4309,3684,0.04579755122863702,0.039154833772638384
2020-07,31-34,2,146527,7004,5981,0.04780006415199929,0.04081841571860476
2020-07,31-34,3,79970,2575,3077,0.03219957484056521,0.03847692884831812
2020-07,31-34,4,129976,3593,4264,0.027643564965839848,0.03280605650273897
2020-07,35-40,1,123362,4697,4370,0.03807493393427474,0.035424198699761676
2020-07,35-40,2,187976,6808,6366,0.03621738945397285,0.03386602545005746
2020-07,35-40,3,124324,2895,3770,0.02328593031112255,0.03032399214954474
2020-07,35-40,4,195171,4310,5584,0.022083198835892628,0.02861080795814952
2020-07,41-49,1,184905,5855,5524,0.03166490900732809,0.029874800573267354
2020-07,41-49,2,274927,7580,7518,0.027570955199016468,0.027345440789736913
2020-07,41-49,3,214208,4124,5318,0.019252315506423662,0.024826337018225276
2020-07,41-49,4,318344,5891,7461,0.01850513909481567,0.023436911014500038
2020-07,50+,1,383734,9833,11232,0.025624521152673465,0.029270275763940645
2020-07,50+,2,512782,12224,13646,0.023838590278129887,0.026611698538560245
2020-07,50+,3,376109,8056,10375,0.021419322589993857,0.027585088365340897
2020-07,50+,4,488502,10575,13545,0.021647813110284093,0.027727624451895794
2020-08,22-25,1,91491,6197,6577,0.06773343826168694,0.07188685225869211
2020-08,22-25,2,155531,9594,10903,0.06168545177488732,0.07010178035246993
2020-08,22-25,3,34756,3237,3155,0.09313499827367937,0.09077569340545517
2020-08,22-25,4,44967,3870,3516,0.0860631129494963,0.07819067316031757
2020-08,26-30,1,130953,6413,6628,0.04897176849709438,0.05061357891762693
2020-08,26-30,2,206625,10245,10649,0.049582577132486386,0.05153781004234725
2020-08,26-30,3,86783,5198,4318,0.05989652351266953,0.04975628867404906
2020-08,26-30,4,141715,7131,5875,0.050319302826094627,0.041456444271954274
2020-08,31-34,1,93948,3840,3870,0.04087367479882488,0.0411930003831907
2020-08,31-34,2,145623,5965,6010,0.040961935957918735,0.04127095307746716
2020-08,31-34,3,80317,3664,3081,0.04561923378612249,0.03836049653249001
2020-08,31-34,4,130533,4967,4247,0.038051680417978594,0.03253583385044395
2020-08,35-40,1,122740,4356,4307,0.03548965292488186,0.03509043506599316
2020-08,35-40,2,186761,6348,6290,0.03398996578514786,0.0336794084418053
2020-08,35-40,3,124581,4366,3572,0.03504547242356378,0.02867210890906318
2020-08,35-40,4,195249,6029,5162,0.03087851922417016,0.02643803553411285
2020-08,41-49,1,183859,5532,5166,0.03008827416661681,0.028097618283576
2020-08,41-49,2,272965,7194,6847,0.026355027201289544,0.02508380195263129
2020-08,41-49,3,213695,5756,4741,0.026935585764758182,0.02218582559255013
2020-08,41-49,4,317243,7489,6377,0.023606509836308444,0.020101310352001463
2020-08,50+,1,378184,8726,9422,0.023073424576396676,0.024913798574238994
2020-08,50+,2,506124,10586,11260,0.02091582299989726,0.022247512467300504
2020-08,50+,3,370128,7844,7670,0.021192668482254786,0.020722560843816195
2020-08,50+,4,480861,9219,9186,0.01917186047527248,0.019103233574775245
2020-09,22-25,1,92653,6974,12302,0.07527009379081087,0.13277497760461074
2020-09,22-25,2,157974,11118,22028,0.07037866990770633,0.13944066745160597
2020-09,22-25,3,35960,3382,5392,0.09404894327030033,0.149944382647386
2020-09,22-25,4,46322,4231,6109,0.09133888864902207,0.13188117956910322
2020-09,26-30,1,132479,7227,9788,0.054552042210463544,0.07388340793635217
2020-09,26-30,2,210267,12247,17074,0.05824499327046089,0.08120151997222579
2020-09,26-30,3,88667,5207,5933,0.05872534313780775,0.06691328228089367
2020-09,26-30,4,144135,7308,7867,0.050702466437714644,0.05458077496791203
2020-09,31-34,1,95494,4590,5268,0.0480658470689258,0.05516576957714621
2020-09,31-34,2,148492,7318,8708,0.04928211620828058,0.058642889852651994
2020-09,31-34,3,81706,3640,3562,0.04454997185029251,0.043595329596357674
2020-09,31-34,4,132422,5205,5190,0.039306157587107884,0.03919288335775022
2020-09,35-40,1,124478,4945,5180,0.03972589533893539,0.04161377914169572
2020-09,35-40,2,189630,7192,7770,0.03792648842482729,0.04097452934662237
2020-09,35-40,3,126349,4347,3951,0.03440470442979367,0.03127052845689321
2020-09,35-40,4,197458,6062,5721,0.03070019953610388,0.02897325000759655
2020-09,41-49,1,186543,6121,6360,0.03281280991514021,0.03409401585693379
2020-09,41-49,2,276977,8335,8727,0.030092751383688898,0.03150803135278381
2020-09,41-49,3,216482,5679,5350,0.026233127927495128,0.024713371088589352
2020-09,41-49,4,320543,7520,7269,0.02346019098841653,0.02267714472005316
2020-09,50+,1,383480,10307,10914,0.026877542505476165,0.028460415145509545
2020-09,50+,2,512577,12678,13298,0.02473384486623473,0.02594341923262261
2020-09,50+,3,376347,9368,8684,0.024891921551121705,0.023074449909259272
2020-09,50+,4,487159,10787,10491,0.022142667999564825,0.02153506350082827
2020-10,22-25,1,86138,7408,6882,0.08600153242471383,0.07989505212565882
2020-10,22-25,2,144986,12606,11350,0.08694632585215124,0.07828342046818314
2020-10,22-25,3,33451,3359,2727,0.10041553316791725,0.0815222265403127
2020-10,22-25,4,43854,3917,3013,0.08931910430063392,0.0687052492361016
2020-10,26-30,1,129525,7925,7573,0.06118509940165991,0.0584674773209805
2020-10,26-30,2,204177,13483,11798,0.06603584145128981,0.0577831979116159
2020-10,26-30,3,87129,4693,3941,0.05386266340713195,0.04523178275889773
2020-10,26-30,4,142280,6341,5391,0.04456705088557773,0.03789007590666292
2020-10,31-34,1,94504,4858,4344,0.05140523152459155,0.0459663083044104
2020-10,31-34,2,146401,7721,6720,0.05273871080115573,0.045901325810616046
2020-10,31-34,3,81308,3381,2796,0.04158262409602991,0.034387760122005215
2020-10,31-34,4,131681,4691,4066,0.035623970048830125,0.03087765129365664
2020-10,35-40,1,124708,5684,5143,0.04557847130897777,0.04124033742823235
2020-10,35-40,2,189281,8211,6912,0.04337994833078861,0.03651713589847898
2020-10,35-40,3,126522,4225,3494,0.03339340193800288,0.027615750620445457
2020-10,35-40,4,197790,6193,5147,0.03131098639971687,0.026022549168309823
2020-10,41-49,1,186850,7070,6470,0.03783783783783784,0.03462670591383463
2020-10,41-49,2,277178,9679,8091,0.03491979882963294,0.029190628404851756
2020-10,41-49,3,217111,6316,5169,0.029091110077333716,0.023808098161769785
2020-10,41-49,4,322121,9231,8101,0.02865693326420817,0.025148934717078367
2020-10,50+,1,383958,11885,11914,0.030953906416847678,0.0310294355111757
2020-10,50+,2,513713,15523,13558,0.03021726138914141,0.026392168389742912
2020-10,50+,3,378942,11656,9499,0.030759324645988042,0.025067160673665097
2020-10,50+,4,491641,15639,13656,0.03180979617241036,0.027776365274661798
2020-11,22-25,1,86121,6464,7580,0.07505718698110797,0.08801569884232649
2020-11,22-25,2,145119,11311,11376,0.0779429295957111,0.07839083786409774
2020-11,22-25,3,33427,2636,2796,0.07885840787387441,0.08364495766895025
2020-11,22-25,4,43783,2840,2865,0.06486535870086563,0.06543635657675353
2020-11,26-30,1,129475,7260,8093,0.05607260088820236,0.06250627534273026
2020-11,26-30,2,204223,11951,11971,0.058519363636808784,0.058617295799199894
2020-11,26-30,3,87390,4276,4239,0.04893008353358508,0.048506694129763134
2020-11,26-30,4,142346,5437,5447,0.03819566408610007,0.03826591544546387
2020-11,31-34,1,94621,4315,4991,0.045602984538316016,0.052747275974677925
2020-11,31-34,2,146714,7029,6850,0.04790953828537154,0.04668947748681108
2020-11,31-34,3,81592,3133,3044,0.038398372389449945,0.03730757917442887
2020-11,31-34,4,131889,4293,4275,0.03255009894684166,0.03241362054454883
2020-11,35-40,1,124715,5175,5683,0.0414946077055687,0.04556789480014433
2020-11,35-40,2,189815,7629,7490,0.04019176566657008,0.03945947369807444
2020-11,35-40,3,127000,4049,3966,0.03188188976377953,0.031228346456692913
2020-11,35-40,4,198239,5618,5456,0.02833952955775604,0.027522334152210212
2020-11,41-49,1,186956,6689,7514,0.035778471939921695,0.04019127495239522
2020-11,41-49,2,278006,9290,9154,0.033416544966655394,0.032927346891793705
2020-11,41-49,3,217692,6043,5949,0.027759403193502747,0.027327600463039524
2020-11,41-49,4,321887,8033,7673,0.024955962806823512,0.02383755790075399
2020-11,50+,1,383513,11782,14341,0.030721253256082583,0.03739377804663727
2020-11,50+,2,515214,15640,16061,0.030356317957198366,0.03117345413750403
2020-11,50+,3,380118,11188,11506,0.029432965552802025,0.03026954787723812
2020-11,50+,4,491672,14364,14184,0.02921459835011959,0.028848500626433883
2020-12,22-25,1,86579,6550,19121,0.07565344945079061,0.22085032167153698
2020-12,22-25,2,149522,11929,30143,0.07978090180709194,0.20159575179572237
2020-12,22-25,3,34328,2911,9759,0.08479958051736192,0.2842868795152645
2020-12,22-25,4,44545,3148,8152,0.07067010887866203,0.18300594904029632
2020-12,26-30,1,130467,7627,22100,0.058459227237539,0.16939149363440564
2020-12,26-30,2,209955,14120,36004,0.06725250648948584,0.17148436569741135
2020-12,26-30,3,88786,4891,17454,0.05508751379722028,0.19658504719212488
2020-12,26-30,4,144367,6763,17611,0.04684588583263488,0.12198771187321202
2020-12,31-34,1,95304,4855,13800,0.05094224796440863,0.14479979853941072
2020-12,31-34,2,150424,8685,22078,0.05773679731957666,0.14677179173536137
2020-12,31-34,3,83080,4055,13628,0.048808377467501204,0.1640346653827636
2020-12,31-34,4,133968,5800,14999,0.04329392093634301,0.1119595724352084
2020-12,35-40,1,125737,5890,16445,0.04684380890270962,0.13078886882938195
2020-12,35-40,2,193775,9712,25167,0.050119984518126694,0.12987743516965553
2020-12,35-40,3,129276,5724,18988,0.04427736006683375,0.14687954454036325
2020-12,35-40,4,201452,8075,21163,0.040083990230923496,0.10505232015566984
2020-12,41-49,1,188318,7929,20868,0.04210431291751187,0.11081256173068958
2020-12,41-49,2,282874,12095,32376,0.04275755283270997,0.11445378507745498
2020-12,41-49,3,221472,8812,29588,0.03978832538650484,0.1335970235515099
2020-12,41-49,4,327582,12492,32261,0.03813396340458267,0.09848221208735523
2020-12,50+,1,388587,17454,43098,0.04491658238695582,0.110909526052081
2020-12,50+,2,526826,23957,63062,0.045474217293755434,0.11970176111277728
2020-12,50+,3,389678,19143,57601,0.04912517514460657,0.1478169155045961
2020-12,50+,4,505072,25281,62042,0.050054249691133146,0.12283793201761332
2021-01,22-25,1,80923,32437,6742,0.40083783349603946,0.08331376740852416
2021-01,22-25,2,142443,56148,11750,0.39417872412122745,0.08248913600527931
2021-01,22-25,3,30039,14434,2971,0.4805086720596558,0.09890475714903958
2021-01,22-25,4,39668,17803,4027,0.44880004033477866,0.1015175960471917
2021-01,26-30,1,121856,18436,7155,0.15129332983193278,0.05871684611344538
2021-01,26-30,2,197059,28639,12041,0.14533210865781315,0.06110352736997549
2021-01,26-30,3,83025,20407,4882,0.2457934357121349,0.05880156579343571
2021-01,26-30,4,137128,26632,6823,0.19421270637652413,0.04975643194679424
2021-01,31-34,1,96585,12750,4691,0.13200807578816587,0.04856861831547342
2021-01,31-34,2,150921,19373,7516,0.12836517118227417,0.04980088920693608
2021-01,31-34,3,84007,15699,3598,0.18687728403585416,0.04282976418631781
2021-01,31-34,4,137402,18442,5007,0.13421929811793132,0.03644051760527503
2021-01,35-40,1,124486,14913,5323,0.1197966036341436,0.042759828414440176
2021-01,35-40,2,191658,22304,7670,0.11637395777896044,0.04001920086821317
2021-01,35-40,3,127828,20056,4269,0.1568983321338048,0.033396438964859027
2021-01,35-40,4,199995,22457,5766,0.11228780719517988,0.0288307207680192
2021-01,41-49,1,183164,18783,6513,0.10254744382083815,0.035558297482037954
2021-01,41-49,2,274679,27755,8646,0.10104522005686638,0.03147674194241278
2021-01,41-49,3,215785,28128,5618,0.1303519707115879,0.026035173899946706
2021-01,41-49,4,322237,29555,7904,0.09171820740634999,0.024528530243268152
2021-01,50+,1,390524,28682,12938,0.07344490991590785,0.03312984605299546
2021-01,50+,2,528075,40510,15234,0.0767125881740283,0.028848174975145576
2021-01,50+,3,388223,35731,10168,0.09203730845416165,0.026191132416162874
2021-01,50+,4,511353,37847,12766,0.0740134505908834,0.024965141497165364
2021-02,22-25,1,79145,6357,5502,0.08032092993872007,0.06951797334007202
2021-02,22-25,2,139505,10942,10103,0.07843446471452636,0.07242034335686894
2021-02,22-25,3,29451,3070,2349,0.10424094258259482,0.07975960069267597
2021-02,22-25,4,38562,3809,3012,0.09877599709558633,0.07810798195114362
2021-02,26-30,1,120731,6676,6058,0.055296485575370036,0.05017766770754819
2021-02,26-30,2,195912,10835,11054,0.05530544326023929,0.05642329209032627
2021-02,26-30,3,82656,4944,4060,0.05981416957026713,0.04911924119241192
2021-02,26-30,4,136736,7141,5832,0.05222472501755207,0.042651532880879944
2021-02,31-34,1,95940,4324,4065,0.045069835313737754,0.042370231394621635
2021-02,31-34,2,150525,6749,6992,0.0448364059126391,0.04645075568842385
2021-02,31-34,3,83616,3470,3133,0.041499234596249525,0.037468905472636815
2021-02,31-34,4,137210,5294,4624,0.03858319364477808,0.033700167626266306
2021-02,35-40,1,123840,4854,4632,0.03919573643410853,0.0374031007751938
2021-02,35-40,2,191754,7303,7234,0.038085255066387144,0.03772541902646099
2021-02,35-40,3,127613,4194,3854,0.03286499024394066,0.030200684883201556
2021-02,35-40,4,199985,6144,5433,0.03072230417281296,0.027167037527814585
2021-02,41-49,1,182221,5999,5626,0.03292156227877138,0.030874597329616234
2021-02,41-49,2,274493,8072,7900,0.02940694298215255,0.028780333196110647
2021-02,41-49,3,215322,5248,4840,0.024372799806800977,0.022477963236455168
2021-02,41-49,4,321565,7482,6696,0.023267457590222817,0.020823161724690186
2021-02,50+,1,387874,10459,11185,0.02696494222350557,0.028836684077819086
2021-02,50+,2,526769,12518,13427,0.023763737046029663,0.025489351119750783
2021-02,50+,3,386875,8508,8302,0.021991599353796448,0.02145912762520194
2021-02,50+,4,509653,11110,10625,0.02179914569324619,0.020847517820948763
2021-03,22-25,1,80127,6588,5371,0.08221947658092778,0.06703108814756574
2021-03,22-25,2,139819,11109,9581,0.07945272101788742,0.06852430642473484
2021-03,22-25,3,29996,2775,2305,0.09251233497799706,0.07684357914388586
2021-03,22-25,4,39079,3502,2769,0.08961334732209116,0.07085647022697612
2021-03,26-30,1,121472,6526,5942,0.05372431506849315,0.048916622760800846
2021-03,26-30,2,195760,11206,10457,0.05724356354720066,0.05341744993870045
2021-03,26-30,3,83264,4504,4003,0.05409300538047656,0.048075999231360494
2021-03,26-30,4,137660,6699,5608,0.048663373528984456,0.04073805026877815
2021-03,31-34,1,96340,4315,3967,0.04478928793855096,0.041177081170853225
2021-03,31-34,2,150276,6827,6489,0.04542974260693657,0.0431805477920626
2021-03,31-34,3,84126,3480,3060,0.04136652164610227,0.036374010412952
2021-03,31-34,4,137639,4894,4286,0.03555678259795552,0.03113942995807874
2021-03,35-40,1,124424,5034,4589,0.04045843245676076,0.036881952034977177
2021-03,35-40,2,192147,7699,6977,0.0400682810556501,0.036310741255393006
2021-03,35-40,3,128186,4227,3881,0.03297551994757618,0.030276317226530198
2021-03,35-40,4,200968,6067,5332,0.030188885792763027,0.0265315871183472
2021-03,41-49,1,183553,6322,5817,0.03444236814435068,0.03169111918628407
2021-03,41-49,2,275830,9061,8450,0.032849943805967445,0.030634811296813256
2021-03,41-49,3,216544,5577,5103,0.025754581055120438,0.0235656494753953
2021-03,41-49,4,323229,7703,6999,0.023831401266594273,0.021653378873801546
2021-03,50+,1,388190,10155,10439,0.02615987016667096,0.02689147067157835
2021-03,50+,2,529213,14622,14917,0.027629706753235464,0.02818713826002007
2021-03,50+,3,389463,9398,9192,0.024130661962753843,0.023601728533904374
2021-03,50+,4,513742,12618,12442,0.02456096639947678,0.02421838198940324
2021-04,22-25,1,82591,7462,5708,0.09034882735407006,0.06911164654744463
2021-04,22-25,2,142577,11669,9091,0.0818434950938791,0.06376203735525365
2021-04,22-25,3,30460,2671,2230,0.08768877216021011,0.0732107682206172
2021-04,22-25,4,40133,3699,2830,0.09216853960581067,0.07051553584332096
2021-04,26-30,1,124287,8461,6767,0.0680763072565916,0.05444656319647268
2021-04,26-30,2,197525,12189,10307,0.061708644475382865,0.05218073661561828
2021-04,26-30,3,83527,4449,3937,0.053264213966741296,0.047134459516084616
2021-04,26-30,4,138945,6990,5902,0.0503076756990176,0.04247723919536507
2021-04,31-34,1,98196,5690,4683,0.05794533382215161,0.04769033361847733
2021-04,31-34,2,151338,7630,6596,0.05041694749501117,0.043584559066460506
2021-04,31-34,3,84245,3439,3138,0.04082141373375275,0.03724850139474153
2021-04,31-34,4,138988,5723,5091,0.04117621665179728,0.03662906150171238
2021-04,35-40,1,126714,6632,5528,0.05233833672680209,0.04362580298940922
2021-04,35-40,2,193229,8058,6926,0.041701814944961675,0.03584348105098096
2021-04,35-40,3,128471,4289,3852,0.03338496625697628,0.029983420382810128
2021-04,35-40,4,202378,6927,6323,0.034228028738301594,0.031243514611271977
2021-04,41-49,1,186242,8428,7173,0.04525295046230174,0.03851440598790821
2021-04,41-49,2,276592,9144,7990,0.03305952449817782,0.028887314166714872
2021-04,41-49,3,217249,6034,5340,0.02777458124088028,0.024580090126997134
2021-04,41-49,4,325407,9417,8633,0.028939143902866258,0.026529853383608835
2021-04,50+,1,393368,15180,13777,0.038589819202375385,0.03502318439730735
2021-04,50+,2,529443,15382,14455,0.029053174751578547,0.027302278054483674
2021-04,50+,3,390222,10597,9871,0.027156336649394448,0.025295857229987034
2021-04,50+,4,515871,15433,14715,0.029916393827138954,0.028524573003716046
2021-05,22-25,1,85240,8340,6166,0.09784138901923979,0.07233693101830127
2021-05,22-25,2,146623,13175,10165,0.08985629812512362,0.06932745885706881
2021-05,22-25,3,31087,3013,2286,0.09692154276707306,0.07353556148872518
2021-05,22-25,4,41316,4060,2936,0.09826701519992255,0.07106205828250557
2021-05,26-30,1,126190,8765,6987,0.0694587526745384,0.05536888818448372
2021-05,26-30,2,201221,13728,11563,0.06822349555960859,0.057464181173933135
2021-05,26-30,3,84204,4710,3950,0.05593558500783811,0.0469098855161275
2021-05,26-30,4,140419,7506,6248,0.05345430461689658,0.04449540304374764
2021-05,31-34,1,99333,5777,4769,0.058157913281588196,0.04801022822224236
2021-05,31-34,2,153592,8553,7549,0.055686494088233764,0.04914969529663003
2021-05,31-34,3,85002,3822,3301,0.044963647914166724,0.038834380367520765
2021-05,31-34,4,139934,6147,5520,0.04392785170151643,0.03944716795060529
2021-05,35-40,1,127970,6737,5632,0.052645151207314216,0.0440103149175588
2021-05,35-40,2,196060,9370,8300,0.04779149240028563,0.04233397939406304
2021-05,35-40,3,129363,4787,4297,0.0370043984756074,0.03321660753074681
2021-05,35-40,4,203926,7900,7287,0.03873954277532046,0.035733550405539265
2021-05,41-49,1,187715,8386,7072,0.04467410702394588,0.03767413366006979
2021-05,41-49,2,280543,11673,10523,0.041608594760874446,0.03750940141083542
2021-05,41-49,3,218682,6727,6365,0.03076156245141347,0.029106190724430908
2021-05,41-49,4,328271,11723,11241,0.035711348245809106,0.03424304918801844
2021-05,50+,1,394808,15089,14284,0.03821857713116249,0.036179611355393
2021-05,50+,2,535874,20414,20156,0.03809477601077865,0.03761331954899846
2021-05,50+,3,392519,12502,12777,0.03185068748264415,0.03255129051077782
2021-05,50+,4,519619,19247,19566,0.0370406009018146,0.03765451224839738
2021-06,22-25,1,92094,12578,7206,0.13657784437639803,0.07824613981366864
2021-06,22-25,2,157505,20286,12217,0.128795911240913,0.07756579156217262
2021-06,22-25,3,34280,5141,3148,0.1499708284714119,0.09183197199533255
2021-06,22-25,4,45462,6735,4379,0.14814570410452685,0.09632220315868198
2021-06,26-30,1,131609,11692,8336,0.08883890919314029,0.0633391333419447
2021-06,26-30,2,208777,18129,13692,0.08683427772216289,0.06558193670758752
2021-06,26-30,3,88236,7090,5467,0.08035269051180924,0.061958837662632035
2021-06,26-30,4,145040,9977,8291,0.06878792057363486,0.05716354109211252
2021-06,31-34,1,101932,6914,5377,0.06782953341443315,0.05275085351018326
2021-06,31-34,2,157168,10599,8726,0.06743739183548814,0.05552020767586277
2021-06,31-34,3,87381,5046,4533,0.057747107494764305,0.05187626600748446
2021-06,31-34,4,142549,7298,6766,0.0511964307010221,0.04746438066910325
2021-06,35-40,1,130502,7668,6107,0.05875772018819635,0.04679621768248762
2021-06,35-40,2,199276,11118,9138,0.05579196692025131,0.045855998715349566
2021-06,35-40,3,131538,5816,5542,0.04421535981997598,0.04213231157536225
2021-06,35-40,4,206040,8560,8500,0.0415453310036886,0.041254125412541254
2021-06,41-49,1,190512,9426,7850,0.0494771982867221,0.041204753506340806
2021-06,41-49,2,283200,12531,10819,0.0442478813559322,0.03820268361581921
2021-06,41-49,3,220970,7986,8169,0.03614065257727293,0.036968819296737114
2021-06,41-49,4,329540,11392,12109,0.034569399769375495,0.03674515991988833
2021-06,50+,1,398906,16889,16267,0.04233829523747449,0.04077903064882454
2021-06,50+,2,538431,20959,21138,0.03892606480681833,0.0392585122327652
2021-06,50+,3,396879,15197,17042,0.03829126761557049,0.042940039659442805
2021-06,50+,4,522931,20091,22847,0.038419982751070406,0.04369027653743993
2021-07,22-25,1,97089,12348,5906,0.12718227605598986,0.0608307841259051
2021-07,22-25,2,167025,21616,10122,0.12941775183355786,0.06060170633138752
2021-07,22-25,3,35840,5012,2894,0.13984375,0.08074776785714285
2021-07,22-25,4,46758,5978,3571,0.1278497797168399,0.076371957739852
2021-07,26-30,1,132333,9651,6494,0.07292965473464669,0.04907317146894576
2021-07,26-30,2,210300,15989,10760,0.07602948169281978,0.05116500237755587
2021-07,26-30,3,86555,4901,4523,0.05662295650164635,0.05225579111547571
2021-07,26-30,4,142826,6913,6425,0.04840155153823533,0.04498480668785795
2021-07,31-34,1,101389,5488,4181,0.05412815985955084,0.04123721508250402
2021-07,31-34,2,156036,8453,6728,0.05417339588300136,0.04311825476172165
2021-07,31-34,3,84682,3014,3374,0.03559197940530455,0.039843178007132565
2021-07,31-34,4,139136,4406,4954,0.03166685832566697,0.03560545078196872
2021-07,35-40,1,129881,6096,4735,0.04693527151777396,0.03645644859525258
2021-07,35-40,2,197538,8503,7132,0.043044882503619555,0.03610444572689812
2021-07,35-40,3,128307,3555,4063,0.027706984030489372,0.03166623800727941
2021-07,35-40,4,201284,4988,5920,0.024780906579757955,0.02941118022296854
2021-07,41-49,1,189212,7342,5936,0.03880303574826121,0.031372217406929796
2021-07,41-49,2,280716,9528,8183,0.03394177745479417,0.029150458114250703
2021-07,41-49,3,216383,4706,5504,0.02174847377104486,0.02543637901313874
2021-07,41-49,4,322899,6900,7972,0.02136891102171267,0.024688834589143973
2021-07,50+,1,392228,11786,11500,0.030048849138766227,0.029319681409792263
2021-07,50+,2,530022,15217,14599,0.028710129013512647,0.027544139677220945
2021-07,50+,3,386553,9109,10568,0.023564685825747052,0.027339071226972756
2021-07,50+,4,509651,12061,14143,0.023665214038626432,0.027750362502967717
2021-08,22-25,1,97437,7029,7648,0.07213892053326765,0.07849174338290382
2021-08,22-25,2,165480,10854,12021,0.06559100797679478,0.072643219724438
2021-08,22-25,3,35356,3289,3303,0.09302522909831429,0.09342120149338161
2021-08,22-25,4,47267,4795,4064,0.10144498275752639,0.0859796475342205
2021-08,26-30,1,132265,7104,7115,0.05371035421313273,0.05379352058367671
2021-08,26-30,2,209445,11620,11725,0.05547995893910096,0.055981283869273556
2021-08,26-30,3,87172,5699,4641,0.06537649704033405,0.05323957233974212
2021-08,26-30,4,144644,8831,6982,0.06105334476369569,0.04827023588949421
2021-08,31-34,1,101139,4511,4404,0.04460198340897181,0.04354403345890309
2021-08,31-34,2,155308,7200,6944,0.046359492106008704,0.04471115460890617
2021-08,31-34,3,85452,4255,3293,0.04979403641810607,0.03853625427140383
2021-08,31-34,4,139995,6174,5094,0.04410157505625201,0.036387013821922214
2021-08,35-40,1,129354,5209,4767,0.04026933840468791,0.036852358643721876
2021-08,35-40,2,196357,7525,7151,0.038323054436561976,0.036418360435329526
2021-08,35-40,3,128585,4891,3963,0.03803709608430221,0.03082008010265583
2021-08,35-40,4,201938,7198,5818,0.03564460378928186,0.028810823123929127
2021-08,41-49,1,188455,6591,5778,0.034973866440264255,0.030659839218911678
2021-08,41-49,2,278867,8724,7779,0.0312837302369947,0.02789501805520194
2021-08,41-49,3,216201,6627,5056,0.030652032136761626,0.0233856457648207
2021-08,41-49,4,322495,9076,6995,0.02814307198561218,0.021690258763701762
2021-08,50+,1,386529,9869,9950,0.025532366264885687,0.025741923633155597
2021-08,50+,2,522363,12558,12431,0.02404075326927826,0.02379762732046489
2021-08,50+,3,381133,9300,8383,0.024400930908632944,0.0219949466459215
2021-08,50+,4,502047,11037,10244,0.02198399751417696,0.020404464123876847
2021-09,22-25,1,98001,7387,14495,0.07537678186957276,0.14790665401373457
2021-09,22-25,2,168162,12134,26252,0.07215661088712075,0.15611136879913418
2021-09,22-25,3,36578,3518,6148,0.0961780305101427,0.1680791732735524
2021-09,22-25,4,49073,4988,7386,0.10164448882277423,0.15051046400260837
2021-09,26-30,1,134102,7961,11351,0.05936525928024936,0.0846445243173107
2021-09,26-30,2,213004,13074,20391,0.061379129030440745,0.09573059660851439
2021-09,26-30,3,89058,5423,6969,0.060892901255361676,0.07825237485683487
2021-09,26-30,4,147984,9428,9546,0.06370959022597038,0.06450697372688939
2021-09,31-34,1,102891,5267,6221,0.051190094371713755,0.06046204235550243
2021-09,31-34,2,158602,8379,10779,0.05283035522881174,0.0679625729814252
2021-09,31-34,3,87275,4264,4661,0.04885706101403609,0.05340590088799771
2021-09,31-34,4,142607,6845,6563,0.04799904633012405,0.04602158379322193
2021-09,35-40,1,131769,5936,6467,0.04504853190052289,0.0490783112871768
2021-09,35-40,2,200042,8526,9977,0.04262104957958829,0.04987452634946661
2021-09,35-40,3,130684,4815,4982,0.036844602246640754,0.038122493954883534
2021-09,35-40,4,205155,7703,7074,0.03754722039433599,0.03448124588725598
2021-09,41-49,1,191621,7127,7517,0.03719320951252733,0.03922847704583527
2021-09,41-49,2,283482,9495,10719,0.0334941901073084,0.03781192456663915
2021-09,41-49,3,219271,6321,6218,0.028827341508909067,0.028357603148615185
2021-09,41-49,4,326920,9281,8635,0.028389208369019942,0.026413189771197845
2021-09,50+,1,392363,11039,12312,0.028134661015437237,0.03137910557315547
2021-09,50+,2,530140,14094,16520,0.026585430263703927,0.031161579960010562
2021-09,50+,3,387399,10081,9944,0.02602226644880343,0.025668625887005386
2021-09,50+,4,509348,12484,12118,0.024509765425602927,0.02379119972985071
2021-10,22-25,1,90824,8393,8177,0.09240949528758918,0.09003126926803488
2021-10,22-25,2,153782,14016,13653,0.09114200621659233,0.08878152189463007
2021-10,22-25,3,33559,3409,2979,0.10158228791084359,0.08876903364224202
2021-10,22-25,4,45579,4171,3580,0.09151144167270014,0.07854494394348274
2021-10,26-30,1,130669,8580,8358,0.06566209276875158,0.06396314351529436
2021-10,26-30,2,206222,14514,13808,0.07038046377205148,0.06695696870363006
2021-10,26-30,3,87048,5073,4743,0.058278191342707474,0.05448717948717949
2021-10,26-30,4,145456,7158,6605,0.049210757892421075,0.04540892091079089
2021-10,31-34,1,102102,5563,5343,0.054484730955319194,0.05233002291825821
2021-10,31-34,2,156647,9130,8447,0.0582839122357913,0.05392379043326716
2021-10,31-34,3,86512,3879,3578,0.044837710375439245,0.04135842426484187
2021-10,31-34,4,141385,5431,5017,0.03841284436114156,0.03548466951939739
2021-10,35-40,1,131496,6355,5925,0.04832846626513354,0.04505840481839752
2021-10,35-40,2,199223,9388,8377,0.04712307313914558,0.042048357870326215
2021-10,35-40,3,130636,4842,4152,0.037064821335619585,0.0317829694724272
2021-10,35-40,4,204991,6924,6335,0.03377709265284817,0.03090379577639994
2021-10,41-49,1,192061,8146,7258,0.042413608176568904,0.037790077110917884
2021-10,41-49,2,283518,10937,9935,0.03857603397315162,0.0350418668303247
2021-10,41-49,3,219879,6952,5955,0.03161738956426034,0.027083077510812764
2021-10,41-49,4,328611,10377,9323,0.03157837077882359,0.02837093097918207
2021-10,50+,1,393244,13197,12913,0.03355931686179573,0.03283711893887764
2021-10,50+,2,531406,17933,16652,0.03374632578480484,0.03133573952872192
2021-10,50+,3,390749,13259,11084,0.03393226854067445,0.02836603548569542
2021-10,50+,4,515524,18541,16340,0.035965347879051215,0.03169590552525198
2021-11,22-25,1,90814,7668,7955,0.08443632039112912,0.08759662607087013
2021-11,22-25,2,153805,13110,12421,0.0852378011117974,0.080758102792497
2021-11,22-25,3,33728,2945,2886,0.08731617647058823,0.0855668880455408
2021-11,22-25,4,45485,3359,3206,0.0738485214906013,0.0704847752006156
2021-11,26-30,1,131117,8467,8442,0.06457591311576684,0.06438524371362982
2021-11,26-30,2,206450,13836,13198,0.06701864858319205,0.06392831193993703
2021-11,26-30,3,87075,4625,4630,0.05311513063451048,0.0531725523973586
2021-11,26-30,4,145367,6345,5985,0.043648145727709864,0.04117165518996746
2021-11,31-34,1,102458,5545,5496,0.05411973686778973,0.053641492123601864
2021-11,31-34,2,156865,8561,8025,0.054575590475886906,0.05115863959455583
2021-11,31-34,3,86611,3658,3527,0.04223482005749847,0.040722310099179086
2021-11,31-34,4,141713,5242,4822,0.03699025495190984,0.034026518385751485
2021-11,35-40,1,132160,6514,6361,0.04928874092009685,0.048131053268765135
2021-11,35-40,2,200003,9153,8570,0.04576431353529697,0.042849357259641105
2021-11,35-40,3,131103,4721,4427,0.0360098548469524,0.033767343233945826
2021-11,35-40,4,205345,6742,6048,0.03283255009861453,0.029452871995909322
2021-11,41-49,1,192861,8031,7925,0.04164138939443433,0.04109177075717745
2021-11,41-49,2,284347,10882,10140,0.038270141763408795,0.03566065406000415
2021-11,41-49,3,220504,6723,6337,0.030489242825526973,0.028738707687842396
2021-11,41-49,4,328252,9472,8659,0.02885587901977749,0.02637912335644566
2021-11,50+,1,393988,14009,15124,0.03555692051534565,0.03838695594789689
2021-11,50+,2,532011,17959,17413,0.03375682081761467,0.03273052624851742
2021-11,50+,3,392113,13083,12447,0.03336538191796753,0.031743400499345854
2021-11,50+,4,514752,16719,15923,0.03247971838866095,0.03093334265821211
2021-12,22-25,1,91466,7667,21020,0.0838234972558109,0.22981217064264317
2021-12,22-25,2,156340,13362,32898,0.08546757067928873,0.2104259946270948
2021-12,22-25,3,34087,2896,10143,0.0849590753073019,0.297562120456479
2021-12,22-25,4,46129,3394,8930,0.0735762752281645,0.19358754796332026
2021-12,26-30,1,132085,8659,24178,0.06555627058333649,0.18304879433698
2021-12,26-30,2,208824,14002,38632,0.06705167988353829,0.18499789296249472
2021-12,26-30,3,88045,5105,18008,0.05798171389630303,0.20453177352490204
2021-12,26-30,4,147124,7218,18377,0.049060656317120255,0.12490824066773606
2021-12,31-34,1,103143,5811,16070,0.05633925714784328,0.15580310830594418
2021-12,31-34,2,158800,9211,24760,0.05800377833753149,0.15591939546599495
2021-12,31-34,3,87751,4369,14993,0.04978860639764789,0.17085845175553555
2021-12,31-34,4,143525,6223,15974,0.043358299947744296,0.11129768333043023
2021-12,35-40,1,133101,6876,18555,0.05166001758063426,0.13940541393377961
2021-12,35-40,2,202450,10062,28303,0.04970116078043962,0.13980242035070387
2021-12,35-40,3,133233,6100,20512,0.04578445280073255,0.1539558517784633
2021-12,35-40,4,208598,8723,22190,0.04181727533341643,0.10637685883853153
2021-12,41-49,1,194642,9122,23048,0.046865527481221934,0.11841226456777057
2021-12,41-49,2,287944,12801,34934,0.04445656099797183,0.12132220153918817
2021-12,41-49,3,225070,10138,31075,0.04504376416226063,0.13806815657351046
2021-12,41-49,4,334776,14122,33407,0.0421834301144646,0.0997891127201472
2021-12,50+,1,399281,18672,58836,0.04676405839496495,0.14735487037950717
2021-12,50+,2,542218,24709,90300,0.04557023189934676,0.1665381820596144
2021-12,50+,3,403668,21753,80860,0.05388834388656024,0.20031312861064043
2021-12,50+,4,530102,28264,90069,0.053318040678963674,0.16990881000260327
2022-01,22-25,1,89983,37891,8806,0.42109065045619726,0.09786292966449218
2022-01,22-25,2,154263,60973,14517,0.3952535604778852,0.09410552109060501
2022-01,22-25,3,33238,17555,3849,0.5281605391419459,0.11580119140742523
2022-01,22-25,4,43916,21268,4992,0.48428818653793604,0.11367155478641042
2022-01,26-30,1,124172,21216,8554,0.17085977515059755,0.0688883162065522
2022-01,26-30,2,195751,30548,13814,0.1560553969072955,0.070569243579854
2022-01,26-30,3,84093,22901,5756,0.272329444781373,0.06844802777876874
2022-01,26-30,4,143068,31027,8515,0.21686890150138396,0.05951715268264042
2022-01,31-34,1,104494,14956,5655,0.14312783509101001,0.05411793978601642
2022-01,31-34,2,159512,22153,8958,0.13887983349215105,0.056158784292090876
2022-01,31-34,3,89357,18232,4350,0.20403549805835022,0.04868113298342603
2022-01,31-34,4,149158,21922,6353,0.14697166762761635,0.04259241877740383
2022-01,35-40,1,133981,17854,6523,0.13325770071875864,0.048686007717512185
2022-01,35-40,2,202998,25523,9075,0.12573030276160357,0.04470487393964472
2022-01,35-40,3,133795,22748,5086,0.17002130124444112,0.0380133786763332
2022-01,35-40,4,210829,26016,7222,0.12339858368630502,0.03425524951500979
2022-01,41-49,1,190198,21893,7956,0.1151063628429321,0.04183009285060831
2022-01,41-49,2,279782,30043,9967,0.10738003159602834,0.03562416452809688
2022-01,41-49,3,219874,30642,6864,0.13936163439060553,0.03121787933088951
2022-01,41-49,4,329550,32248,9616,0.09785465028068578,0.029179183735396755
2022-01,50+,1,390532,32140,14210,0.08229799350629398,0.036386262841457295
2022-01,50+,2,521606,43137,16893,0.08270035237324724,0.03238651395881182
2022-01,50+,3,385203,41748,12459,0.10837921823038761,0.032343984859931
2022-01,50+,4,512908,41332,15173,0.08058365242889563,0.029582303259064004
2022-02,22-25,1,86765,7815,6347,0.09007088111565724,0.07315161643519852
2022-02,22-25,2,149804,13034,11846,0.0870070225094123,0.07907666016928787
2022-02,22-25,3,32231,3697,2816,0.1147032360150166,0.08736930284508702
2022-02,22-25,4,42783,4845,3746,0.1132459154337003,0.08755814225276395
2022-02,26-30,1,121886,7573,6668,0.06213182810166877,0.05470685722724513
2022-02,26-30,2,193563,12896,11821,0.06662430319844186,0.061070555839700766
2022-02,26-30,3,83165,5562,4595,0.06687909577346239,0.0552516082486623
2022-02,26-30,4,142151,8453,6971,0.05946493517456789,0.04903940176291408
2022-02,31-34,1,103253,5202,4534,0.05038110272825003,0.04391155704918986
2022-02,31-34,2,158688,8839,7822,0.055700494051220004,0.04929169187336156
2022-02,31-34,3,88874,4322,3639,0.04863064563314355,0.040945608389405225
2022-02,31-34,4,148911,6613,5828,0.044409076562510495,0.03913747137551961
2022-02,35-40,1,132617,5930,5211,0.04471523258707406,0.03929360489228379
2022-02,35-40,2,202344,9220,8294,0.045565966868303484,0.04098960186612897
2022-02,35-40,3,133052,4815,4281,0.03618885849141689,0.032175390073054144
2022-02,35-40,4,210658,7458,6539,0.035403355201321575,0.031040833958359045
2022-02,41-49,1,187830,6806,5986,0.03623489325453868,0.031869243464835224
2022-02,41-49,2,278963,9860,8856,0.0353451891469478,0.031746145546183546
2022-02,41-49,3,218667,6035,5615,0.02759904329414132,0.02567831451476446
2022-02,41-49,4,328018,8651,7756,0.02637355267089001,0.023645043869543744
2022-02,50+,1,385636,10776,10298,0.02794344926303561,0.026703938428984844
2022-02,50+,2,518341,14561,14149,0.028091545912825727,0.027296702363887867
2022-02,50+,3,381972,9844,9160,0.025771522519975287,0.023980815347721823
2022-02,50+,4,509335,12360,11760,0.024266936299292215,0.023088929682821717
2022-03,22-25,1,88482,7798,6674,0.08813091928301801,0.07542777062001312
2022-03,22-25,2,150806,13335,11550,0.08842486373221224,0.07658846464994762
2022-03,22-25,3,32818,3387,3039,0.10320555792552867,0.09260162106161253
2022-03,22-25,4,43251,4220,3644,0.0975699983815403,0.08425238722804097
2022-03,26-30,1,123919,8366,7409,0.06751184241318926,0.05978905575416199
2022-03,26-30,2,194067,12474,11365,0.06427677039373,0.05856224912014923
2022-03,26-30,3,83941,5239,4557,0.06241288524082391,0.05428813094911902
2022-03,26-30,4,143173,8027,7146,0.05606504019612636,0.04991164535212645
2022-03,31-34,1,105215,6218,5488,0.05909803735208858,0.052159863137385354
2022-03,31-34,2,159424,8494,7749,0.05327930549979928,0.04860623243677238
2022-03,31-34,3,89474,4203,3894,0.046974540089858505,0.043521022866978114
2022-03,31-34,4,149652,6568,5992,0.043888487958730925,0.040039558442252696
2022-03,35-40,1,135123,7348,6614,0.05438008333148317,0.048947995529998595
2022-03,35-40,2,203597,9362,8333,0.04598299582017417,0.04092889384421185
2022-03,35-40,3,134181,5251,4836,0.039133707454855754,0.03604087016790753
2022-03,35-40,4,212179,7858,7441,0.037034767813968396,0.035069446080903385
2022-03,41-49,1,191654,9077,8037,0.04736139083974245,0.04193494526594801
2022-03,41-49,2,281028,10416,9723,0.037063922456125366,0.03459797600239122
2022-03,41-49,3,220495,6888,6360,0.031238803600988685,0.028844191478264815
2022-03,41-49,4,331018,10106,9945,0.03053006180932759,0.03004368342507054
2022-03,50+,1,391535,14695,14224,0.03753176599793122,0.03632880840793288
2022-03,50+,2,520944,15649,15849,0.03003969716514635,0.0304236155901594
2022-03,50+,3,385913,11531,11246,0.029879791559237444,0.029141283138945824
2022-03,50+,4,515563,15475,16022,0.030015730376307066,0.03107670643548897
2022-04,22-25,1,91475,9111,7167,0.09960098387537579,0.07834927575840393
2022-04,22-25,2,153609,14074,11028,0.091622235676295,0.07179266839833603
2022-04,22-25,3,33160,3331,2755,0.10045235223160434,0.0830820265379976
2022-04,22-25,4,44118,4444,3450,0.10072986082778004,0.07819937440500475
2022-04,26-30,1,126496,9454,7495,0.07473754110801922,0.05925088540349102
2022-04,26-30,2,196740,13667,11210,0.06946731727152587,0.05697875368506659
2022-04,26-30,3,84583,5172,4375,0.061147039003109374,0.05172434177080501
2022-04,26-30,4,144265,8124,6924,0.05631303503968391,0.04799500918448688
2022-04,31-34,1,106636,6660,5509,0.06245545594358378,0.051661727746727185
2022-04,31-34,2,161392,9298,7673,0.05761128184792307,0.047542629126598596
2022-04,31-34,3,89876,4201,3524,0.04674217811206551,0.039209577640304416
2022-04,31-34,4,150702,6905,5679,0.045818900877227904,0.03768364056216905
2022-04,35-40,1,136582,7632,6298,0.05587851986352521,0.04611149346180317
2022-04,35-40,2,205637,10176,8471,0.04948525800318036,0.04119394855984088
2022-04,35-40,3,134481,5038,4466,0.03746254117682052,0.03320915222224701
2022-04,35-40,4,212971,8073,6795,0.037906569439031604,0.03190575242638669
2022-04,41-49,1,193543,9306,7629,0.04808233829174912,0.03941759712311993
2022-04,41-49,2,282965,11384,9517,0.04023112399059955,0.03363313483999788
2022-04,41-49,3,220943,6852,6174,0.03101252359205768,0.02794385882331642
2022-04,41-49,4,331599,10419,9134,0.031420480761401574,0.02754531829106843
2022-04,50+,1,393985,15932,14178,0.04043808774445728,0.0359861416043758
2022-04,50+,2,523399,17668,16528,0.033756273894294794,0.03157820324456103
2022-04,50+,3,387108,12564,11614,0.03245605877429555,0.030001963276398317
2022-04,50+,4,514982,15996,14843,0.031061279811721576,0.028822366606988205
2022-05,22-25,1,95014,10878,8422,0.11448839118445703,0.08863956890563496
2022-05,22-25,2,159481,16735,13149,0.10493413008446147,0.08244869294774926
2022-05,22-25,3,34252,3920,3127,0.11444587177391101,0.09129393904005606
2022-05,22-25,4,45557,5072,3989,0.11133305529336875,0.08756063832122396
2022-05,26-30,1,129281,10489,8317,0.08113334519380265,0.06433273257477896
2022-05,26-30,2,201615,15914,13010,0.07893261910076135,0.06452892889913944
2022-05,26-30,3,85948,5805,5035,0.06754083864662354,0.058581933261972356
2022-05,26-30,4,146063,8834,7469,0.060480751456563266,0.05113546894148415
2022-05,31-34,1,108301,7261,5929,0.06704462562672552,0.054745570216341494
2022-05,31-34,2,164306,10711,8875,0.06518934183779046,0.054015069443599135
2022-05,31-34,3,91288,4892,4351,0.05358864253790203,0.04766234335290509
2022-05,31-34,4,152761,7769,6859,0.05085722141122407,0.04490020358599381
2022-05,35-40,1,138839,8588,6998,0.06185581861004473,0.05040370501083989
2022-05,35-40,2,209303,11973,10012,0.05720414900885319,0.047834956976249746
2022-05,35-40,3,136063,5976,5442,0.04392083079161859,0.03999617824096191
2022-05,35-40,4,215916,9754,8844,0.04517497545341707,0.040960373478575
2022-05,41-49,1,196610,10784,8988,0.054849702456640045,0.045714866995575
2022-05,41-49,2,287075,13828,11929,0.04816859705651833,0.04155360097535487
2022-05,41-49,3,223441,8766,8273,0.039231833011846524,0.03702543400718758
2022-05,41-49,4,335979,13783,13114,0.041023397295664316,0.03903220141735049
2022-05,50+,1,399041,19559,17271,0.04901501349485391,0.04328126683724229
2022-05,50+,2,529227,22606,22034,0.0427151298025233,0.04163430815132259
2022-05,50+,3,391028,16150,16191,0.04130139018177727,0.041406242008244935
2022-05,50+,4,521573,22133,22861,0.042435095374952304,0.043830873147191286
2022-06,22-25,1,100364,13445,8872,0.1339623769479096,0.08839823044119405
2022-06,22-25,2,168876,21979,14870,0.13014874819394112,0.0880527724484237
2022-06,22-25,3,37220,5831,3928,0.15666308436324558,0.10553465878559914
2022-06,22-25,4,49253,7256,5173,0.14732097537205854,0.10502913528109963
2022-06,26-30,1,133642,11937,9094,0.08932072252734918,0.06804747010670298
2022-06,26-30,2,208672,19249,14719,0.09224524612789449,0.0705365358073915
2022-06,26-30,3,88624,7208,5952,0.08133237046398267,0.06716013720888248
2022-06,26-30,4,149715,10410,8968,0.06953211101092074,0.05990047757405738
2022-06,31-34,1,110695,7848,6366,0.07089751117936673,0.05750937260038846
2022-06,31-34,2,168011,12026,9898,0.07157864663623215,0.05891280928034474
2022-06,31-34,3,92720,5477,5032,0.05907031924072476,0.0542709232096635
2022-06,31-34,4,154639,8151,7359,0.052709859737841036,0.04758825393335446
2022-06,35-40,1,141126,8829,7283,0.06256111559882659,0.05160636594249111
2022-06,35-40,2,212857,12912,11308,0.06066044339627073,0.05312486786903884
2022-06,35-40,3,137462,6554,6429,0.047678631185345766,0.046769288967132734
2022-06,35-40,4,217363,9716,9477,0.04469941986446636,0.043599876703946855
2022-06,41-49,1,198675,10498,9270,0.05284006543349692,0.04665911664779162
2022-06,41-49,2,290254,14185,13552,0.04887098885803469,0.046690140359822774
2022-06,41-49,3,224546,8812,9338,0.03924362936770194,0.04158613379886526
2022-06,41-49,4,336949,12945,13735,0.038418276949924175,0.04076284541577509
2022-06,50+,1,401641,18198,18812,0.0453091193379162,0.04683784772968895
2022-06,50+,2,531851,22873,25047,0.04300640592948025,0.04709401693331403
2022-06,50+,3,394268,17483,19990,0.044342934247770555,0.05070155325818986
2022-06,50+,4,523421,22159,25481,0.042334946438908644,0.048681653964972746
2022-07,22-25,1,103509,12313,7341,0.11895583958882802,0.07092136915630524
2022-07,22-25,2,176086,22206,12377,0.12610883318378519,0.07028951762207103
2022-07,22-25,3,38278,5344,3362,0.1396102199696954,0.08783113015309055
2022-07,22-25,4,50431,6669,4330,0.13224009042057464,0.08585988776744463
2022-07,26-30,1,132961,9325,7138,0.07013334737253782,0.053684915125487925
2022-07,26-30,2,208913,16030,12138,0.076730505042769,0.05810074049963382
2022-07,26-30,3,86895,4977,4919,0.05727602278612118,0.05660855054951378
2022-07,26-30,4,146897,6942,7224,0.047257602265532994,0.049177314717114715
2022-07,31-34,1,109235,5694,5014,0.05212615004348423,0.04590103904426237
2022-07,31-34,2,166112,9217,7923,0.055486659603159315,0.04769673473319206
2022-07,31-34,3,90248,3407,4011,0.03775152911975889,0.0444441982093786
2022-07,31-34,4,150911,4640,5848,0.030746598988807973,0.03875131700141143
2022-07,35-40,1,139337,6442,5872,0.04623323309673669,0.04214243165849702
2022-07,35-40,2,209560,9498,8820,0.045323535025768275,0.04208818476808551
2022-07,35-40,3,133984,3967,4908,0.029608012897062337,0.036631239550991165
2022-07,35-40,4,211900,5263,7082,0.024837187352524777,0.033421425200566304
2022-07,41-49,1,196046,7719,7309,0.03937341236240474,0.03728206645379146
2022-07,41-49,2,285784,10571,10156,0.03698947456820536,0.03553732889175041
2022-07,41-49,3,219345,5240,6517,0.023889306799790285,0.02971118557523536
2022-07,41-49,4,328889,7095,9248,0.021572627847085187,0.02811890941928736
2022-07,50+,1,392460,12128,13491,0.030902512357947307,0.03437547775569485
2022-07,50+,2,519498,15852,17351,0.030514073201436773,0.03339955110510531
2022-07,50+,3,381862,10076,12920,0.026386495645023596,0.03383421235943875
2022-07,50+,4,507656,12366,15601,0.02435901476590447,0.030731440187843736
2022-08,22-25,1,101607,6673,8672,0.06567460903284222,0.08534845040203923
2022-08,22-25,2,171883,11053,13765,0.06430537051366336,0.08008354520225967
2022-08,22-25,3,37594,3662,3748,0.09740916103633558,0.09969676012129595
2022-08,22-25,4,50540,5194,4742,0.10277008310249308,0.09382667194301543
2022-08,26-30,1,131521,6711,8026,0.05102607188205686,0.061024475178868776
2022-08,26-30,2,205552,11197,12393,0.054472834124698374,0.06029131314703822
2022-08,26-30,3,87262,5964,5235,0.06834590085031285,0.05999174898581284
2022-08,26-30,4,148951,9682,7622,0.06500124201918751,0.051171190525743364
2022-08,31-34,1,108177,4650,5167,0.04298510774009263,0.04776431219205561
2022-08,31-34,2,163931,7484,7931,0.04565335415510184,0.04838011114432292
2022-08,31-34,3,90589,4805,3941,0.053041760037090595,0.04350417821148263
2022-08,31-34,4,151759,7250,5795,0.047773113950408216,0.03818554418518836
2022-08,35-40,1,137461,5262,5716,0.038279948494482074,0.041582703457708
2022-08,35-40,2,206588,8087,8070,0.03914554572385618,0.039063256336282846
2022-08,35-40,3,134159,5727,4596,0.042688153608777646,0.0342578582130159
2022-08,35-40,4,212494,8515,6692,0.04007171967208486,0.031492653910228055
2022-08,41-49,1,193224,6421,6652,0.03323086159069267,0.034426365254833766
2022-08,41-49,2,281621,9221,8945,0.03274258666789764,0.0317625461169444
2022-08,41-49,3,218616,7304,5852,0.033410180407655435,0.02676839755553116
2022-08,41-49,4,328277,10264,8016,0.031266278173615575,0.024418402751335
2022-08,50+,1,383304,9584,11156,0.02500365245340513,0.02910483584830839
2022-08,50+,2,507871,12651,13713,0.02490986884464756,0.027000951028903007
2022-08,50+,3,373972,10326,9740,0.02761169285401046,0.02604473062154386
2022-08,50+,4,499125,12129,11400,0.02430052592036063,0.022839969947407963
2022-09,22-25,1,102357,8100,15117,0.07913479293062517,0.14768897095460007
2022-09,22-25,2,174250,13159,27253,0.07551793400286944,0.15640172166427546
2022-09,22-25,3,38926,3972,6754,0.10203976776447618,0.17350870883214303
2022-09,22-25,4,52474,5679,7917,0.10822502572702672,0.15087471890841178
2022-09,26-30,1,132926,8100,11469,0.06093615996870439,0.08628108872605811
2022-09,26-30,2,209357,13755,20447,0.06570117072751329,0.09766570976848159
2022-09,26-30,3,89098,5942,7139,0.06669061033917709,0.08012525533682013
2022-09,26-30,4,152509,10134,10275,0.06644853746336282,0.06737307306454045
2022-09,31-34,1,109838,5775,7058,0.05257743221835794,0.0642582712722373
2022-09,31-34,2,167472,9333,11772,0.05572871883061049,0.07029234737747206
2022-09,31-34,3,92597,4824,5148,0.05209672019611866,0.055595753642126634
2022-09,31-34,4,154863,7706,7616,0.04976011054932424,0.04917895171861581
2022-09,35-40,1,139849,6539,7284,0.04675757424078828,0.05208474855022203
2022-09,35-40,2,211291,9983,11213,0.04724763477857552,0.05306899016048956
2022-09,35-40,3,136466,5620,5707,0.041182419064089225,0.0418199404979995
2022-09,35-40,4,216328,8953,8426,0.041386228319958585,0.0389501127916867
2022-09,41-49,1,196407,7640,8037,0.03889881725193094,0.040920130137927876
2022-09,41-49,2,287064,10700,11815,0.03727391801131455,0.04115806928071789
2022-09,41-49,3,221951,7034,7128,0.03169167969506783,0.03211519659744719
2022-09,41-49,4,332868,10224,9843,0.030714877969645626,0.029570280111035005
2022-09,50+,1,389809,11875,13828,0.030463637319815603,0.03547378331439243
2022-09,50+,2,517694,15930,18094,0.03077107325949306,0.03495114874810216
2022-09,50+,3,381830,11531,11459,0.030199303354896158,0.03001073776287877
2022-09,50+,4,507710,14059,13922,0.02769100470741171,0.027421165626046365
2022-10,22-25,1,95295,8738,9373,0.09169421270790702,0.09835773125557479
2022-10,22-25,2,160644,14983,15582,0.09326834491173029,0.09699708672592813
2022-10,22-25,3,36023,3820,3639,0.106043361185909,0.10101879354856619
2022-10,22-25,4,49145,4649,4386,0.09459761928985655,0.0892461084545732
2022-10,26-30,1,129874,8636,9074,0.06649521844249041,0.06986771794200533
2022-10,26-30,2,203159,14222,14684,0.07000428236012188,0.0722783632524279
2022-10,26-30,3,87696,5628,5403,0.06417624521072797,0.06161056376573618
2022-10,26-30,4,150086,7861,7564,0.05237663739456045,0.050397771944085394
2022-10,31-34,1,108767,5952,6085,0.054722480164020336,0.05594527751983598
2022-10,31-34,2,165789,9772,9597,0.05894239062905259,0.057886832057615405
2022-10,31-34,3,92139,4595,4344,0.04987030464841164,0.04714615960668121
2022-10,31-34,4,153939,6594,6543,0.04283514898758599,0.042503848927172454
2022-10,35-40,1,139743,7135,7005,0.051058013639323614,0.05012773448401709
2022-10,35-40,2,211067,10583,10237,0.05014047672066216,0.04850118682693173
2022-10,35-40,3,136625,5579,5247,0.04083440073193047,0.03840439158279963
2022-10,35-40,4,216678,8517,8135,0.03930717470163099,0.03754418999621558
2022-10,41-49,1,197444,8601,8434,0.043561718765827276,0.042715909321123964
2022-10,41-49,2,288043,12349,11688,0.04287207118381631,0.04057727492075836
2022-10,41-49,3,223213,8244,7479,0.03693333273599656,0.033506112995210856
2022-10,41-49,4,335638,12633,11827,0.03763876557481573,0.03523736883189627
2022-10,50+,1,391915,15077,15648,0.03847007641963181,0.03992702499266423
2022-10,50+,2,520832,20000,19557,0.03840009830425166,0.037549536126812486
2022-10,50+,3,387013,16139,14825,0.0417014415536429,0.03830620676824809
2022-10,50+,4,517557,23626,22205,0.04564907826577556,0.04290348695892433
2022-11,22-25,1,93414,7028,8224,0.07523497548547327,0.0880381955595521
2022-11,22-25,2,157469,12022,12386,0.0763451854015711,0.07865675148759438
2022-11,22-25,3,35331,2839,2932,0.08035436302397328,0.08298661232345532
2022-11,22-25,4,47782,3059,3142,0.06401992382068561,0.06575697961575488
2022-11,26-30,1,128892,7811,8446,0.0606011234211588,0.0655277286410328
2022-11,26-30,2,200937,12199,12404,0.06071057097498221,0.06173079124302642
2022-11,26-30,3,86603,4344,4361,0.05015992517580222,0.05035622322552336
2022-11,26-30,4,148118,5755,5642,0.038854156820913054,0.03809125156969443
2022-11,31-34,1,108306,5545,5809,0.05119753291599727,0.05363507100252987
2022-11,31-34,2,164494,8202,8335,0.04986200104563084,0.05067054117475409
2022-11,31-34,3,91439,3690,3746,0.04035477203381489,0.04096720217850151
2022-11,31-34,4,152555,5152,4992,0.03377142669856773,0.03272262462718364
2022-11,35-40,1,139323,6549,6867,0.04700587842639047,0.04928834435089684
2022-11,35-40,2,210185,9361,9263,0.04453695553916787,0.04407069962176178
2022-11,35-40,3,136113,4817,4614,0.03538971295908547,0.03389830508474576
2022-11,35-40,4,214935,6585,6314,0.030637169376788332,0.029376323074417846
2022-11,41-49,1,196571,7922,8299,0.04030095995848828,0.042218842046893995
2022-11,41-49,2,286786,10791,10575,0.03762735977348964,0.03687418493231887
2022-11,41-49,3,222247,6944,6659,0.03124451623643964,0.029962159219247053
2022-11,41-49,4,332776,9497,9020,0.028538716734379882,0.027105320095199174
2022-11,50+,1,389727,13906,15952,0.03568138722746948,0.04093121595373171
2022-11,50+,2,518303,17762,18209,0.03426952959948138,0.03513195949087696
2022-11,50+,3,385207,14038,13485,0.03644274377153063,0.03500715199879545
2022-11,50+,4,510825,16845,16268,0.03297606812509176,0.03184652278177458
2022-12,22-25,1,93282,7192,22742,0.07709954760832743,0.24379837482043695
2022-12,22-25,2,158793,12082,33506,0.07608647736361175,0.21100426341211515
2022-12,22-25,3,35629,2867,10825,0.08046815796121137,0.30382553537848384
2022-12,22-25,4,48438,3362,9246,0.06940831578512738,0.1908831908831909
2022-12,26-30,1,129028,7762,28141,0.0601574851970115,0.21809994729826085
2022-12,26-30,2,201761,12043,40440,0.0596894345289724,0.20043516834274216
2022-12,26-30,3,87723,4920,19057,0.056085633186279536,0.2172406324453108
2022-12,26-30,4,149801,6637,18656,0.04430544522399717,0.12453855448227982
2022-12,31-34,1,108344,5485,20510,0.050625784538137784,0.18930443771690172
2022-12,31-34,2,165559,8629,29138,0.05212039212606986,0.17599768058516904
2022-12,31-34,3,92558,4453,17570,0.048110374035739756,0.18982691933706433
2022-12,31-34,4,154350,6292,18301,0.04076449627470036,0.11856818918043407
2022-12,35-40,1,139651,6601,24030,0.047267831952510185,0.17207180757746096
2022-12,35-40,2,211222,9683,33168,0.04584276259101798,0.15702909734781414
2022-12,35-40,3,138292,6370,23893,0.04606195586151043,0.17277210540016777
2022-12,35-40,4,217811,8542,25723,0.039217486720138105,0.11809780038657368
2022-12,41-49,1,197656,8654,29579,0.043783138381835104,0.14964888493139597
2022-12,41-49,2,289445,12165,40885,0.04202871011763893,0.1412530878059735
2022-12,41-49,3,226549,10098,36377,0.04457313870288547,0.16057011948849917
2022-12,41-49,4,338798,13876,40612,0.040956558185113255,0.11987083749018589
2022-12,50+,1,393661,17974,61121,0.04565857425551426,0.15526303088190094
2022-12,50+,2,525840,23248,79389,0.044211166894872964,0.15097558192606117
2022-12,50+,3,397544,23066,77683,0.058021250477934515,0.19540730082707827
2022-12,50+,4,525709,27984,82078,0.05323096998529605,0.1561282002020129
2023-01,22-25,1,91867,38401,9130,0.4180064658691369,0.09938280340056821
2023-01,22-25,2,158981,62176,16096,0.3910907592731207,0.101244802838075
2023-01,22-25,3,34924,18414,4280,0.5272591913870118,0.1225518268239606
2023-01,22-25,4,46564,22316,5656,0.4792543595911004,0.12146722790138305
2023-01,26-30,1,115067,18937,8204,0.16457368315850765,0.07129759183779885
2023-01,26-30,2,187186,30682,13547,0.1639118310130031,0.07237186541728548
2023-01,26-30,3,82160,22399,5849,0.272626582278481,0.07119036027263875
2023-01,26-30,4,144359,30624,8616,0.21213779535740757,0.059684536468110755
2023-01,31-34,1,103084,14624,5937,0.14186488688836288,0.05759380699235575
2023-01,31-34,2,160443,23157,9029,0.14433163179446906,0.05627543738274652
2023-01,31-34,3,91590,19193,4576,0.20955344469920298,0.04996178622120319
2023-01,31-34,4,157957,23724,6798,0.1501927739827928,0.043037029064872084
2023-01,35-40,1,135294,17593,7010,0.13003533046550475,0.051813088533120465
2023-01,35-40,2,210320,27789,9903,0.1321272346899962,0.0470853936858121
2023-01,35-40,3,138173,24474,5563,0.17712577710551267,0.04026112192685981
2023-01,35-40,4,222077,28495,8050,0.12831135146818445,0.03624868851794648
2023-01,41-49,1,188087,21538,8370,0.11451083806961672,0.04450068319447915
2023-01,41-49,2,279459,31915,10713,0.11420279897945673,0.03833478256202162
2023-01,41-49,3,217597,31775,7353,0.14602682941400846,0.03379182617407409
2023-01,41-49,4,329108,34385,10215,0.10447938062885131,0.031038443307364147
2023-01,50+,1,384427,34752,14905,0.0903994776641599,0.038771990520957166
2023-01,50+,2,524424,51866,17817,0.09890088935670374,0.03397441764678962
2023-01,50+,3,386769,46225,12748,0.11951578332286196,0.032960242418601286
2023-01,50+,4,526028,50567,16613,0.09612986380953105,0.031581969020660496
2023-02,22-25,1,87990,7094,6410,0.08062279804523241,0.07284918740765996
2023-02,22-25,2,151760,12233,11583,0.08060753821823932,0.07632445967316816
2023-02,22-25,3,33318,3615,2759,0.10849990995858094,0.08280809172219221
2023-02,22-25,4,44533,4651,3633,0.10443940448656053,0.0815799519457481
2023-02,26-30,1,112793,6689,6138,0.059303325560983396,0.05441827063736225
2023-02,26-30,2,183473,11129,10583,0.06065742643331717,0.05768151172107067
2023-02,26-30,3,80750,5044,4334,0.06246439628482972,0.053671826625387
2023-02,26-30,4,142245,7224,6628,0.05078561636612886,0.046595662413441596
2023-02,31-34,1,101834,5192,4612,0.05098493626882966,0.0452893925408017
2023-02,31-34,2,158833,8074,7572,0.050833265127523876,0.04767271284934491
2023-02,31-34,3,90831,4081,3683,0.044929594521694136,0.04054783058647378
2023-02,31-34,4,156916,6304,5625,0.04017436080450687,0.0358472048739453
2023-02,35-40,1,133883,6056,5480,0.045233524794036584,0.04093126087703443
2023-02,35-40,2,208884,8929,8409,0.04274621320924532,0.0402567932440972
2023-02,35-40,3,137254,5004,4514,0.03645795386655398,0.03288793040639981
2023-02,35-40,4,220895,7317,6859,0.03312433509133299,0.031050951809683335
2023-02,41-49,1,186228,7150,6404,0.03839379685117168,0.03438795455033615
2023-02,41-49,2,278053,9749,9204,0.03506166090637396,0.03310160293181516
2023-02,41-49,3,216187,6201,5673,0.028683500858053445,0.026241170838209513
2023-02,41-49,4,327312,8802,8418,0.02689177298724153,0.025718580437014225
2023-02,50+,1,380613,11819,11137,0.031052538930619815,0.02926069261953743
2023-02,50+,2,521300,15348,15069,0.029441780164972186,0.02890657970458469
2023-02,50+,3,384194,10491,9787,0.027306517020047164,0.025474109434296215
2023-02,50+,4,522410,13404,12597,0.02565800807794644,0.024113244386592906
2023-03,22-25,1,88883,7304,6481,0.08217544412317317,0.07291608069034573
2023-03,22-25,2,153061,13220,11573,0.08637079334383024,0.07561037756188708
2023-03,22-25,3,33938,3294,2926,0.09705934350875126,0.0862160410159703
2023-03,22-25,4,44746,3933,3313,0.08789612479327762,0.07404013766593662
2023-03,26-30,1,113971,7374,6993,0.06470066946854902,0.061357713804388835
2023-03,26-30,2,184585,11531,10647,0.062469864831920255,0.05768074328899965
2023-03,26-30,3,81159,4647,4222,0.05725797508594241,0.0520213408248007
2023-03,26-30,4,142440,6797,6308,0.047718337545633246,0.04428531311429374
2023-03,31-34,1,102950,5622,5339,0.05460903351141331,0.05186012627489072
2023-03,31-34,2,159550,8189,7486,0.05132560325916641,0.04691946098401755
2023-03,31-34,3,91282,4024,3785,0.04408317083324204,0.04146491093534322
2023-03,31-34,4,157376,6043,5971,0.03839848515656771,0.03794098210654738
2023-03,35-40,1,134833,6344,6125,0.047050796170077056,0.045426564713386186
2023-03,35-40,2,209878,9426,8752,0.04491180590628842,0.04170041643240359
2023-03,35-40,3,138080,5071,4807,0.03672508690614137,0.03481315179606025
2023-03,35-40,4,221766,7562,7433,0.03409900525779425,0.03351731103956423
2023-03,41-49,1,188123,7947,7640,0.0422436384705751,0.04061172743364713
2023-03,41-49,2,279351,10343,9873,0.03702510461748839,0.03534263346112955
2023-03,41-49,3,217531,6504,6221,0.029899186782573518,0.028598222782040262
2023-03,41-49,4,328765,9355,9126,0.02845497543838304,0.027758429273189056
2023-03,50+,1,383279,12976,12975,0.03385523339395062,0.03385262432849178
2023-03,50+,2,523199,15950,15860,0.03048553227357086,0.03031351359616513
2023-03,50+,3,387143,11197,10839,0.028922129549029688,0.02799740664302338
2023-03,50+,4,526576,15025,15055,0.028533393090456077,0.02859036492358178
2023-04,22-25,1,91142,8276,7165,0.09080336178710145,0.07861359197735401
2023-04,22-25,2,156027,13824,11804,0.08860004999134766,0.07565357277907028
2023-04,22-25,3,34502,3319,3031,0.09619732189438293,0.08784997971132108
2023-04,22-25,4,45944,4302,3791,0.09363573045446631,0.08251349468918684
2023-04,26-30,1,115061,7656,6755,0.06653861864576181,0.058707989675041934
2023-04,26-30,2,186315,12188,10501,0.06541609639588869,0.0563615382551056
2023-04,26-30,3,81319,4384,4065,0.05391114007796456,0.049988317613349896
2023-04,26-30,4,142800,6590,6023,0.046148459383753504,0.04217787114845938
2023-04,31-34,1,103499,5712,5040,0.05518893902356545,0.048696122667851865
2023-04,31-34,2,160742,8719,7651,0.054242201789202575,0.047598014209105276
2023-04,31-34,3,91370,3891,3577,0.04258509357557185,0.039148517018715114
2023-04,31-34,4,157225,5759,5399,0.03662903482270631,0.034339322626808715
2023-04,35-40,1,135817,6765,6159,0.04980967036527092,0.045347784150732234
2023-04,35-40,2,210890,9713,8531,0.046057186210820805,0.040452368533358624
2023-04,35-40,3,138037,4831,4657,0.03499786289183335,0.03373733129523244
2023-04,35-40,4,221439,7189,6960,0.03246492261977339,0.03143077777627247
2023-04,41-49,1,188905,8116,7300,0.04296339429872158,0.03864376273788412
2023-04,41-49,2,280164,10617,9631,0.0378956611127768,0.034376293885010206
2023-04,41-49,3,217590,6382,6214,0.029330392021692173,0.02855829771588768
2023-04,41-49,4,328587,9071,8905,0.02760608301606576,0.027100889566537934
2023-04,50+,1,385095,14190,13129,0.03684805048105013,0.03409288617094483
2023-04,50+,2,524496,17062,16536,0.0325302766846649,0.03152740916994601
2023-04,50+,3,387539,11715,11854,0.03022921564023234,0.03058788921889152
2023-04,50+,4,526049,15129,15173,0.0287596782809206,0.028843320679252313
2023-05,22-25,1,93101,9234,7083,0.09918260813525097,0.0760786672538426
2023-05,22-25,2,158861,14806,11335,0.09320097443677176,0.07135168480621423
2023-05,22-25,3,34748,3428,2804,0.09865315989409462,0.08069529181535628
2023-05,22-25,4,46086,4156,3490,0.09017923013496507,0.07572798680727336
2023-05,26-30,1,117031,8774,7078,0.07497158872435508,0.06047970195930993
2023-05,26-30,2,189074,13335,11078,0.07052794144091731,0.05859081629414938
2023-05,26-30,3,82164,4902,4427,0.05966116547393019,0.05388004478847184
2023-05,26-30,4,144119,7419,6620,0.051478292244603416,0.04593426265794239
2023-05,31-34,1,105002,6463,5462,0.0615512085484086,0.05201805679891812
2023-05,31-34,2,162792,9770,8114,0.060015234163840976,0.049842744115189935
2023-05,31-34,3,92333,4462,4168,0.048325084206080164,0.04514095718757107
2023-05,31-34,4,158723,7045,6620,0.04438550178613056,0.04170788102543425
2023-05,35-40,1,137298,7702,6386,0.056096956984078426,0.04651196667103672
2023-05,35-40,2,213105,10858,9374,0.050951408929870254,0.04398770559114052
2023-05,35-40,3,139014,5553,5392,0.03994561698821701,0.03878746025580158
2023-05,35-40,4,223607,9070,8661,0.040562236423725556,0.0387331344725344
2023-05,41-49,1,190791,9296,8175,0.048723472281187265,0.042847933078604336
2023-05,41-49,2,283013,12515,11126,0.04422058350676471,0.039312681749601605
2023-05,41-49,3,219258,8034,8031,0.03664176449662042,0.036628081985606
2023-05,41-49,4,332205,12654,13066,0.038090937824536056,0.03933113589500459
2023-05,50+,1,389050,17389,15937,0.044696054491710574,0.040963886389924174
2023-05,50+,2,528832,21522,20770,0.04069723466053492,0.03927523296623502
2023-05,50+,3,390676,15241,15771,0.039011866610695306,0.040368489490012184
2023-05,50+,4,531967,21476,23037,0.040370925264161125,0.04330531781106723
2023-06,22-25,1,98435,12025,8081,0.12216183268146492,0.08209478335957739
2023-06,22-25,2,169331,20806,14110,0.12287177185512399,0.08332791987291163
2023-06,22-25,3,37706,5433,3666,0.1440884739829205,0.0972259056914019
2023-06,22-25,4,49980,6889,4949,0.13783513405362144,0.09901960784313725
2023-06,26-30,1,120567,10193,7774,0.08454220474922657,0.0644786716099762
2023-06,26-30,2,195705,16689,12986,0.08527630872997624,0.06635497304616643
2023-06,26-30,3,84319,6159,5180,0.07304403515221955,0.06143336614523417
2023-06,26-30,4,147111,9042,7604,0.061463792646369066,0.051688860792190934
2023-06,31-34,1,106845,6923,5737,0.06479479620010295,0.05369460433338013
2023-06,31-34,2,166618,11175,9561,0.06706958431862103,0.05738275576468329
2023-06,31-34,3,93365,4920,4640,0.05269640657634017,0.04969742408825577
2023-06,31-34,4,160037,7350,6790,0.04592687940913664,0.04242768859701194
2023-06,35-40,1,139489,8072,6955,0.05786836237982924,0.04986056248162937
2023-06,35-40,2,216937,12214,10534,0.05630206004508221,0.0485578762497868
2023-06,35-40,3,140018,6018,5898,0.04298018826150923,0.04212315559428074
2023-06,35-40,4,224597,8940,8715,0.03980462784453933,0.03880283351959287
2023-06,41-49,1,192591,9315,8246,0.04836674610963129,0.04281612328717334
2023-06,41-49,2,286284,13314,12304,0.04650626650458985,0.042978301267273054
2023-06,41-49,3,220406,8354,8828,0.03790277941616835,0.040053356079235596
2023-06,41-49,4,332142,11901,12377,0.03583106020918764,0.03726418218713683
2023-06,50+,1,391569,16626,16976,0.04245994958742903,0.0433537894981472
2023-06,50+,2,532420,21801,23422,0.040946996731903385,0.04399158559032343
2023-06,50+,3,393348,16617,18634,0.042245034930900885,0.04737280982743016
2023-06,50+,4,532809,21396,23493,0.040156979330304106,0.0440927236589472
2023-07,22-25,1,101051,11090,6596,0.10974656361639172,0.06527397056931648
2023-07,22-25,2,176117,21367,11648,0.12132275703083746,0.06613785154187274
2023-07,22-25,3,38837,5190,3403,0.133635450729974,0.08762262790637794
2023-07,22-25,4,50845,6142,4146,0.12079850526108762,0.08154194119382437
2023-07,26-30,1,119843,7697,6209,0.0642256952846641,0.05180945069799654
2023-07,26-30,2,195292,13793,10759,0.07062757307006944,0.0550918624418819
2023-07,26-30,3,82909,4417,4498,0.0532752777141203,0.054252252469575074
2023-07,26-30,4,144705,5994,6398,0.041422203793925576,0.04421409073632563
2023-07,31-34,1,105668,5163,4656,0.04886058220085551,0.04406253548851118
2023-07,31-34,2,164354,8374,7672,0.05095099602078441,0.046679727904401475
2023-07,31-34,3,91238,3224,3818,0.035336153795567635,0.04184659900480063
2023-07,31-34,4,156833,4387,5611,0.027972429271900683,0.035776909196406366
2023-07,35-40,1,137366,5732,5514,0.041727938500065516,0.040140937349853675
2023-07,35-40,2,213569,8772,8536,0.04107337675411694,0.03996834746615848
2023-07,35-40,3,137045,3811,4688,0.027808384107409975,0.03420774198256047
2023-07,35-40,4,219979,5133,6749,0.02333404552252715,0.030680201291941503
2023-07,41-49,1,190145,6826,6575,0.035898919245838705,0.0345788740171974
2023-07,41-49,2,281979,9699,9470,0.03439617843881991,0.03358406122441742
2023-07,41-49,3,215311,4861,6178,0.022576644946147667,0.028693378415408408
2023-07,41-49,4,325219,6936,8828,0.021327167231926795,0.027144785513761496
2023-07,50+,1,383110,10985,11947,0.02867322701051917,0.031184255174753987
2023-07,50+,2,520356,14877,16168,0.028590042201877178,0.031071035983057754
2023-07,50+,3,381910,9612,12347,0.02516823335340787,0.03232960645178183
2023-07,50+,4,518714,12111,15379,0.02334812632780299,0.02964832258238644
2023-08,22-25,1,99284,5979,7605,0.06022118367511382,0.07659844486523508
2023-08,22-25,2,171601,10190,12839,0.059381938333692694,0.07481891131170565
2023-08,22-25,3,37682,3344,3535,0.0887426357412027,0.09381136882331087
2023-08,22-25,4,50715,4900,4246,0.0966183574879227,0.08372276446810609
2023-08,26-30,1,117938,5412,6403,0.045888517695738436,0.05429123776899727
2023-08,26-30,2,191350,9037,10386,0.047227593415207735,0.054277501959759604
2023-08,26-30,3,82495,5029,4297,0.06096127038002303,0.05208800533365659
2023-08,26-30,4,145362,7853,6645,0.05402374760941649,0.04571346018904528
2023-08,31-34,1,104071,3955,4464,0.03800290186507288,0.042893793660097435
2023-08,31-34,2,161340,6463,6955,0.040058262055286974,0.04310772282137102
2023-08,31-34,3,90849,4153,3568,0.04571321643606424,0.039273960087617917
2023-08,31-34,4,156458,5938,5161,0.03795267739585064,0.03298648838665968
2023-08,35-40,1,135293,4754,5247,0.035138551144552936,0.03878249429017022
2023-08,35-40,2,209848,7467,7579,0.03558289809767069,0.0361166177423659
2023-08,35-40,3,136216,5006,4213,0.03675045515945263,0.03092881893463323
2023-08,35-40,4,219204,7193,6237,0.03281418222295213,0.028452947938906223
2023-08,41-49,1,187278,5828,6125,0.03111951216907485,0.03270538984824699
2023-08,41-49,2,277088,8129,8138,0.029337250259845248,0.02936973091581014
2023-08,41-49,3,213401,6220,5319,0.02914700493437238,0.024924906631177923
2023-08,41-49,4,323150,8587,7323,0.026572799009747794,0.022661302800557018
2023-08,50+,1,374571,8923,10324,0.023821918941936242,0.027562197820973862
2023-08,50+,2,508398,11718,12282,0.023048871159996695,0.02415823823067754
2023-08,50+,3,373194,9252,8986,0.02479139536005402,0.024078629345595053
2023-08,50+,4,509573,11142,11069,0.021865365708151726,0.021722108510458756
2023-09,22-25,1,99660,6731,14075,0.0675396347581778,0.1412301826209111
2023-09,22-25,2,172929,11211,26026,0.06483007477057058,0.15050107269457408
2023-09,22-25,3,38773,3462,6490,0.08928893817862946,0.1673845201557785
2023-09,22-25,4,52996,5428,7696,0.10242282436410295,0.14521850705713638
2023-09,26-30,1,119028,6221,9982,0.05226501327418759,0.08386262055986826
2023-09,26-30,2,194131,10819,17497,0.05573040884763381,0.0901298607641232
2023-09,26-30,3,84337,4942,6219,0.05859824276414859,0.07373987692234725
2023-09,26-30,4,148246,8453,8751,0.05702008823172295,0.059030260512931206
2023-09,31-34,1,105360,4669,6334,0.04431473044798785,0.060117691723614274
2023-09,31-34,2,164422,7910,10818,0.048107917431973825,0.06579411514274246
2023-09,31-34,3,92496,4235,4732,0.04578576370870092,0.05115896903649888
2023-09,31-34,4,158890,6550,6764,0.04122348794763673,0.042570331676002264
2023-09,35-40,1,137365,5667,7059,0.0412550504131329,0.05138863611545882
2023-09,35-40,2,214224,8843,11363,0.041279221749197105,0.053042609604899545
2023-09,35-40,3,138555,5125,5412,0.03698892136696619,0.039060300963516294
2023-09,35-40,4,222144,7670,7766,0.034527153558052436,0.03495930567559781
2023-09,41-49,1,190370,6707,8129,0.035231391500761676,0.042701055838630035
2023-09,41-49,2,282670,9739,11754,0.03445360314147239,0.041582056815367745
2023-09,41-49,3,216812,6486,6701,0.029915318340313267,0.030906960869324575
2023-09,41-49,4,327279,9045,9224,0.02763697029140275,0.028183904252946264
2023-09,50+,1,381438,10988,13432,0.028806778559031875,0.03521411081224209
2023-09,50+,2,518848,14389,18244,0.027732592204267915,0.035162513876896506
2023-09,50+,3,380966,10497,10971,0.027553639957371524,0.028797845477024197
2023-09,50+,4,517516,13100,13322,0.025313227030661856,0.02574219927499826
2023-10,22-25,1,92793,7630,8478,0.08222602998070976,0.09136465035078077
2023-10,22-25,2,158685,12896,14109,0.08126792072344582,0.08891199546270914
2023-10,22-25,3,35918,3466,3306,0.09649757781613676,0.09204298680327412
2023-10,22-25,4,49110,3807,3719,0.0775198533903482,0.07572795764610059
2023-10,26-30,1,116171,7175,7728,0.06176240197639686,0.06652262612872403
2023-10,26-30,2,188287,11875,12591,0.0630686133402731,0.06687131878462135
2023-10,26-30,3,82807,4528,4429,0.05468136751723888,0.05348581641648653
2023-10,26-30,4,145651,5938,6141,0.04076868679240101,0.04216242936883372
2023-10,31-34,1,104359,5325,5599,0.05102578598875037,0.05365133816920438
2023-10,31-34,2,162378,8641,8628,0.05321533705304906,0.05313527694638436
2023-10,31-34,3,91867,3844,3730,0.041843099263065085,0.04060217488325514
2023-10,31-34,4,157841,5377,5519,0.03406592710385768,0.03496556661450447
2023-10,35-40,1,136680,6207,6493,0.0454126426690079,0.0475051214515657
2023-10,35-40,2,213053,9722,9743,0.04563183808723651,0.04573040511046547
2023-10,35-40,3,138323,4874,4621,0.03523636705392451,0.033407314763271474
2023-10,35-40,4,221720,6815,6713,0.030736965542125204,0.030276925852426483
2023-10,41-49,1,190000,7495,7723,0.039447368421052634,0.04064736842105263
2023-10,41-49,2,282150,10840,10706,0.03841928052454368,0.03794435583909268
2023-10,41-49,3,217411,7023,6419,0.03230287335967361,0.029524725059909572
2023-10,41-49,4,327993,9726,9304,0.02965307186433857,0.028366459040284397
2023-10,50+,1,381878,12924,13681,0.03384326931637853,0.03582557780233478
2023-10,50+,2,518938,17215,17348,0.03317351976536696,0.03342981242460564
2023-10,50+,3,383318,12888,11405,0.03362221445379554,0.029753364047605382
2023-10,50+,4,521679,17475,15996,0.033497610599621606,0.03066253385702702
2023-11,22-25,1,90551,6345,7254,0.0700710097072368,0.08010955152345087
2023-11,22-25,2,155934,11131,11269,0.07138276450293073,0.07226775430630908
2023-11,22-25,3,35171,2650,2602,0.07534616587529498,0.07398140513491229
2023-11,22-25,4,48181,2851,2844,0.05917270293269131,0.05902741744671136
2023-11,26-30,1,114621,6326,6909,0.05519058462236414,0.060276912607637345
2023-11,26-30,2,186208,10314,10661,0.05538967176490806,0.05725317924041932
2023-11,26-30,3,82015,3728,3711,0.04545509967688838,0.045247820520636466
2023-11,26-30,4,144477,5098,5251,0.035285893256366066,0.03634488534507223
2023-11,31-34,1,103467,4848,5285,0.04685551915103366,0.051079088018402004
2023-11,31-34,2,161116,7385,7727,0.045836540132575286,0.047959234340475186
2023-11,31-34,3,91292,3316,3329,0.036323007492441835,0.03646540770275599
2023-11,31-34,4,156721,4675,4912,0.02983008020622635,0.031342321705451086
2023-11,35-40,1,135863,5763,6315,0.04241772962469546,0.046480645944812056
2023-11,35-40,2,211853,8565,8842,0.04042897669610532,0.04173648709246506
2023-11,35-40,3,138012,4451,4401,0.03225081876938237,0.03188853143204939
2023-11,35-40,4,220709,6014,6003,0.02724854899437721,0.027198709613110477
2023-11,41-49,1,189085,7154,7790,0.03783483618478462,0.04119840283470397
2023-11,41-49,2,281005,9898,9951,0.035223572534296546,0.03541218127791321
2023-11,41-49,3,216942,6394,6115,0.02947331544836869,0.028187257423643187
2023-11,41-49,4,326593,8383,8216,0.025668033301387352,0.0251566934992483
2023-11,50+,1,380015,12426,14962,0.03269870926147652,0.03937213004749812
2023-11,50+,2,518122,16904,17749,0.03262552063027627,0.03425641065231741
2023-11,50+,3,383775,12792,12319,0.03333203048661325,0.03209953748941437
2023-11,50+,4,520109,15548,15140,0.029893733813489094,0.029109282861861648
2023-12,22-25,1,90366,6585,7923,0.07287032733550229,0.08767678109023305
2023-12,22-25,2,156715,11455,12259,0.0730944708547363,0.07822480298631274
2023-12,22-25,3,35329,2711,2984,0.07673582609187919,0.0844631888816553
2023-12,22-25,4,48551,3057,3540,0.06296471751354246,0.07291301929929353
2023-12,26-30,1,114339,6280,7552,0.05492439150246198,0.06604920455837465
2023-12,26-30,2,186306,10432,11799,0.05599390250448187,0.06333129367814241
2023-12,26-30,3,82688,4194,4961,0.05072078173374613,0.059996613777089786
2023-12,26-30,4,145726,6051,7166,0.041523132454057615,0.04917447813018953
2023-12,31-34,1,103331,4912,5984,0.04753655727709981,0.05791098508676002
2023-12,31-34,2,161318,7673,8954,0.04756443794244908,0.05550527529475942
2023-12,31-34,3,92313,4097,4784,0.044381614723820045,0.051823686804675397
2023-12,31-34,4,158227,5905,7019,0.03731980003412818,0.044360317771303254
2023-12,35-40,1,135745,6052,7456,0.0445835942391985,0.054926516630446794
2023-12,35-40,2,212308,9099,10349,0.04285754658326582,0.04874521920982723
2023-12,35-40,3,139385,5519,6403,0.03959536535495211,0.04593751120995803
2023-12,35-40,4,223455,8209,9587,0.03673670313933454,0.04290349287328545
2023-12,41-49,1,189438,7744,9346,0.04087880995365238,0.049335402611936356
2023-12,41-49,2,282768,11137,12608,0.03938564476885645,0.044587789283087195
2023-12,41-49,3,220178,8818,9926,0.04004941456457957,0.04508170661918993
2023-12,41-49,4,332163,12962,14562,0.039023009787363436,0.0438399219660227
2023-12,50+,1,381880,16069,25184,0.042078663454488324,0.06594741803707971
2023-12,50+,2,522994,21307,33663,0.04074042914450261,0.0643659391885949
2023-12,50+,3,393853,20863,29720,0.05297154014314986,0.0754596257994734
2023-12,50+,4,533587,26483,36123,0.04963201877107201,0.06769842593616411
2024-01,22-25,1,89356,27034,8452,0.30254263843502394,0.0945879403733381
2024-01,22-25,2,154963,45223,14773,0.29183095319527885,0.09533243419396888
2024-01,22-25,3,30702,8479,3263,0.2761709334896749,0.1062797211908019
2024-01,22-25,4,36507,8460,3577,0.2317363793245131,0.09798120908318952
2024-01,26-30,1,109995,6289,7474,0.05717532615118869,0.06794854311559616
2024-01,26-30,2,184348,11197,12962,0.06073838609586217,0.07031266951634951
2024-01,26-30,3,72825,4127,4370,0.056670099553724686,0.060006865774116035
2024-01,26-30,4,127248,5663,6030,0.04450364642273356,0.04738777819690683
2024-01,31-34,1,101173,4532,5493,0.04479455981338895,0.054293141450782324
2024-01,31-34,2,160173,7798,8600,0.04868485949567031,0.053691945583837476
2024-01,31-34,3,88040,3934,3814,0.04468423443889141,0.04332121762835075
2024-01,31-34,4,152242,5553,5461,0.03647482297920416,0.03587052193218691
2024-01,35-40,1,137236,5525,6386,0.04025911568393133,0.046532979684630854
2024-01,35-40,2,216032,8834,9519,0.040892090060731745,0.04406291660494741
2024-01,35-40,3,138060,4944,4995,0.03581051716644937,0.03617992177314211
2024-01,35-40,4,224332,7324,6842,0.03264803951286486,0.030499438332471516
2024-01,41-49,1,184047,6144,7607,0.033382777225382645,0.04133183371638766
2024-01,41-49,2,278753,9110,10088,0.03268126262318253,0.03618974504310268
2024-01,41-49,3,212303,6654,6441,0.03134199705138411,0.030338714007809593
2024-01,41-49,4,322405,9478,8786,0.0293978071059692,0.02725143840821327
2024-01,50+,1,386878,10911,14138,0.028202689219857423,0.036543820015612155
2024-01,50+,2,532415,14779,17402,0.027758421532075542,0.032685029535230975
2024-01,50+,3,399718,12411,12675,0.031049389819822974,0.03170985544809091
2024-01,50+,4,547828,15724,15634,0.02870243945179874,0.028538154311207167
2024-02,22-25,1,86073,6590,6511,0.07656291752349749,0.07564509195682735
2024-02,22-25,2,148429,11049,11616,0.07443963106940019,0.07825963928881823
2024-02,22-25,3,29448,2425,2333,0.08234854659060038,0.07922439554468895
2024-02,22-25,4,35197,2625,2621,0.07458021990510555,0.07446657385572635
2024-02,26-30,1,107580,5519,5694,0.051301357129577986,0.052928053541550474
2024-02,26-30,2,180352,9640,10435,0.05345102909865153,0.05785907558552165
2024-02,26-30,3,71481,3136,3335,0.04387179810019446,0.046655754676067765
2024-02,26-30,4,125450,4354,4896,0.03470705460342766,0.03902750099641291
2024-02,31-34,1,99833,4257,4354,0.04264121082207286,0.04361283343183116
2024-02,31-34,2,158257,6961,7494,0.043985416126932776,0.04735335561776098
2024-02,31-34,3,87184,2994,3372,0.03434116351624151,0.03867682143512571
2024-02,31-34,4,151160,4406,4861,0.029147922730881185,0.03215797830113787
2024-02,35-40,1,135626,5086,5248,0.03750018433043811,0.03869464556943359
2024-02,35-40,2,214317,7840,8257,0.036581325793100875,0.03852704171857575
2024-02,35-40,3,136970,3912,4062,0.028560998758852305,0.029656129079360445
2024-02,35-40,4,223210,5670,5988,0.025402087720084225,0.026826755073697413
2024-02,41-49,1,182026,5841,6280,0.03208882247591004,0.03450056585322976
2024-02,41-49,2,276539,8135,8673,0.02941718889559881,0.03136266494056896
2024-02,41-49,3,210740,4886,5197,0.023184967258232894,0.02466071936983961
2024-02,41-49,4,320338,6732,7108,0.02101530258664286,0.02218906280241495
2024-02,50+,1,382727,10188,11548,0.026619496403441616,0.030172943116111486
2024-02,50+,2,528426,13273,14875,0.02511799192318319,0.02814963684602953
2024-02,50+,3,396009,8914,9523,0.02250958942852309,0.024047433265405583
2024-02,50+,4,544000,11582,12190,0.02129044117647059,0.022408088235294117
2024-03,22-25,1,86040,6419,5983,0.0746048349604835,0.06953742445374245
2024-03,22-25,2,148524,11802,11125,0.07946190514664296,0.07490371926422666
2024-03,22-25,3,29839,2592,2476,0.08686618184255504,0.08297865209960119
2024-03,22-25,4,35041,2385,2380,0.06806312605233869,0.06792043606061471
2024-03,26-30,1,108593,6506,6459,0.05991178068567955,0.059478971941101175
2024-03,26-30,2,180756,10595,10333,0.058614928411781626,0.05716546062094757
2024-03,26-30,3,71857,3420,3471,0.047594528020930456,0.048304270982646086
2024-03,26-30,4,125261,4494,4759,0.03587708863892193,0.03799267130232076
2024-03,31-34,1,100748,5128,5087,0.05089927343470838,0.050492317465359114
2024-03,31-34,2,158386,7444,7304,0.04699910345611354,0.046115186948341394
2024-03,31-34,3,87195,3171,3095,0.03636676414932049,0.03549515453867768
2024-03,31-34,4,151107,4668,4960,0.030892016915166073,0.03282442242913962
2024-03,35-40,1,136748,6056,6145,0.04428583964664931,0.04493667183432299
2024-03,35-40,2,214915,8602,8536,0.040025126212688736,0.03971802805760417
2024-03,35-40,3,137649,4287,4376,0.03114443257851492,0.03179100465677193
2024-03,35-40,4,223805,6331,6588,0.02828801858760975,0.02943633967069547
2024-03,41-49,1,183448,7312,7331,0.03985870655444595,0.039962278138764115
2024-03,41-49,2,277791,9250,9133,0.03329841499544622,0.032877235043611924
2024-03,41-49,3,211859,5606,5727,0.026460995284599664,0.027032129859954027
2024-03,41-49,4,321664,7709,8132,0.02396600179068842,0.025281038599283726
2024-03,50+,1,384591,12143,12619,0.03157380177903279,0.03281148024784771
2024-03,50+,2,529547,14616,15437,0.027600949490791185,0.02915133123216636
2024-03,50+,3,398781,10271,10593,0.025755991383741954,0.026563452120336725
2024-03,50+,4,547685,13696,14319,0.025007075234852152,0.026144590412372076
2024-04,22-25,1,87847,7157,6355,0.08147119423543206,0.07234168497501338
2024-04,22-25,2,149550,11475,10355,0.07673019057171515,0.06924105650284186
2024-04,22-25,3,29936,2436,2253,0.08137359700694816,0.0752605558524853
2024-04,22-25,4,35350,2495,2471,0.07057991513437058,0.06990099009900991
2024-04,26-30,1,109201,6739,6202,0.06171188908526479,0.056794351700076004
2024-04,26-30,2,181604,10846,9897,0.05972335411114293,0.05449769828858395
2024-04,26-30,3,71674,3309,3272,0.04616736892038954,0.04565114267377292
2024-04,26-30,4,125376,4782,4945,0.03814127105666156,0.03944136038795304
2024-04,31-34,1,100866,5063,4726,0.05019530862728769,0.04685424226201099
2024-04,31-34,2,158804,7593,6981,0.047813657086723256,0.04395984987783683
2024-04,31-34,3,87379,3293,3206,0.037686400622575215,0.03669073804918802
2024-04,31-34,4,150763,4643,4722,0.03079668088324058,0.03132068213023089
2024-04,35-40,1,137076,6262,5774,0.04568268697656774,0.042122618109661794
2024-04,35-40,2,215044,8658,8183,0.04026152787336545,0.03805267759156266
2024-04,35-40,3,137490,4312,4340,0.03136228089315587,0.031565932067786746
2024-04,35-40,4,223791,6439,6454,0.028772381373692417,0.02883940819782744
2024-04,41-49,1,183731,7293,6914,0.03969390032166591,0.03763110199149844
2024-04,41-49,2,278306,9492,9286,0.03410634337743347,0.03336615092739646
2024-04,41-49,3,211826,5817,5744,0.027461218169629792,0.027116595696467856
2024-04,41-49,4,321712,8237,8337,0.025603645496593226,0.025914482518525888
2024-04,50+,1,386241,13578,12640,0.03515421718564316,0.03272568163400571
2024-04,50+,2,530126,15894,15817,0.0299815515556679,0.029836303067572616
2024-04,50+,3,399026,11400,11439,0.028569566895390277,0.02866730488740082
2024-04,50+,4,547672,14788,15221,0.02700156297930148,0.027792182182035965
2024-05,22-25,1,89583,8464,6593,0.09448221202683545,0.0735965529174062
2024-05,22-25,2,152562,13767,11032,0.09023872261768985,0.07231158479831151
2024-05,22-25,3,30233,2668,2215,0.08824794099163166,0.07326431382925942
2024-05,22-25,4,35238,2626,2281,0.07452182303195413,0.06473125603042171
2024-05,26-30,1,110655,7838,6713,0.07083276851475306,0.06066603406985676
2024-05,26-30,2,183951,12540,10772,0.06817032796777403,0.058559072796559954
2024-05,26-30,3,72125,3875,3496,0.053726169844020795,0.048471403812824956
2024-05,26-30,4,125626,5471,5150,0.04354990209033162,0.04099469854966328
2024-05,31-34,1,101891,5789,5188,0.056815616688421944,0.05091715656927501
2024-05,31-34,2,160638,8957,7854,0.05575891134102765,0.04889254099279124
2024-05,31-34,3,87705,3666,3598,0.041799213271763294,0.04102388689356365
2024-05,31-34,4,151712,6012,5980,0.0396277156717992,0.03941678970681291
2024-05,35-40,1,138345,7035,6372,0.050851133036972786,0.04605876612815787
2024-05,35-40,2,217203,10325,9335,0.04753617583550872,0.04297822774086914
2024-05,35-40,3,138298,5150,4931,0.03723842716452877,0.03565489016471677
2024-05,35-40,4,225353,8301,8324,0.036835542460051565,0.036937604558182055
2024-05,41-49,1,185366,8506,7678,0.04588759535189841,0.04142075677308676
2024-05,41-49,2,280675,11669,10522,0.04157477509575131,0.03748819809388082
2024-05,41-49,3,213472,7399,7412,0.0346602833158447,0.03472118123219907
2024-05,41-49,4,324935,11711,11994,0.0360410543647191,0.03691199778417222
2024-05,50+,1,390073,16475,15802,0.042235684089901124,0.04051036600841381
2024-05,50+,2,535099,20628,20336,0.03854987581737211,0.03800418240362998
2024-05,50+,3,402755,15264,15616,0.03789897083835086,0.03877295129793547
2024-05,50+,4,553673,21792,22648,0.03935897181188174,0.0409050107193235
2024-06,22-25,1,95531,11853,8340,0.12407490762160973,0.08730150422375983
2024-06,22-25,2,162776,19914,13955,0.12233990268835701,0.08573131174128865
2024-06,22-25,3,32578,4330,3247,0.13291178095647369,0.09966848793664436
2024-06,22-25,4,37840,4580,3537,0.12103594080338266,0.09347251585623678
2024-06,26-30,1,114017,9224,7686,0.08090021663436155,0.06741100011401809
2024-06,26-30,2,190434,15946,12976,0.08373504731297983,0.06813909280905721
2024-06,26-30,3,74175,5048,4585,0.06805527468823727,0.061813279406808225
2024-06,26-30,4,128099,7047,6642,0.055012139048704514,0.05185052186199736
2024-06,31-34,1,103638,6334,5841,0.061116578861035525,0.05635963642679326
2024-06,31-34,2,163974,10490,9088,0.06397355678339249,0.055423420786222206
2024-06,31-34,3,89433,4782,4513,0.053470195565395326,0.0504623572954055
2024-06,31-34,4,153389,6904,6911,0.04500974646161068,0.04505538206781451
2024-06,35-40,1,140089,7497,7186,0.053515979127554625,0.05129596185282213
2024-06,35-40,2,220550,11729,10897,0.05318068465200635,0.04940829743822263
2024-06,35-40,3,140247,6282,6445,0.044792401976512866,0.045954637175839766
2024-06,35-40,4,226955,9121,9568,0.04018858363992862,0.042158137075631735
2024-06,41-49,1,187054,8631,8611,0.04614175585659756,0.04603483486052156
2024-06,41-49,2,283499,12444,12424,0.04389433472428474,0.043823787738228356
2024-06,41-49,3,215062,8271,9031,0.03845867703266965,0.04199254168565344
2024-06,41-49,4,325996,12183,13129,0.03737162419170787,0.04027350028834709
2024-06,50+,1,392142,16229,18005,0.041385518511151576,0.045914490159177035
2024-06,50+,2,539116,22355,24775,0.041466029574340216,0.04595485943655911
2024-06,50+,3,406808,17663,20215,0.04341851684332658,0.04969174647499557
2024-06,50+,4,557234,23783,26426,0.04268045381294035,0.04742352404914273
2024-07,22-25,1,97779,10892,6771,0.11139406211967805,0.06924799803638818
2024-07,22-25,2,167982,19616,11521,0.11677441630650903,0.06858472931623627
2024-07,22-25,3,33293,4319,2822,0.12972696963325625,0.08476256270086804
2024-07,22-25,4,38370,4315,2900,0.11245764920510816,0.07557988011467293
2024-07,26-30,1,112701,7217,5949,0.06403669887578638,0.05278568956797189
2024-07,26-30,2,188921,12514,10243,0.06623932754961068,0.05421842992573615
2024-07,26-30,3,72394,3527,3738,0.04871950714147581,0.051634113324308645
2024-07,26-30,4,125472,4613,5134,0.03676517470033155,0.040917495536852845
2024-07,31-34,1,101430,4395,4216,0.043330375628512274,0.04156561175194715
2024-07,31-34,2,160896,7243,7139,0.04501665672235481,0.04437027645186953
2024-07,31-34,3,86841,2966,3493,0.034154374085973216,0.04022293617070278
2024-07,31-34,4,149485,3968,5143,0.02654446934475031,0.03440478977823862
2024-07,35-40,1,137190,5314,5296,0.03873460164735039,0.03860339674903419
2024-07,35-40,2,215752,7880,8300,0.03652341577366606,0.0384700952945975
2024-07,35-40,3,136143,3577,4613,0.026273844413594528,0.03388349015373541
2024-07,35-40,4,221152,5094,6750,0.023033931413688324,0.030521993922731878
2024-07,41-49,1,183353,6106,6219,0.033301882161731744,0.03391817968617912
2024-07,41-49,2,277772,8490,8842,0.030564635744423484,0.031831862102731735
2024-07,41-49,3,209792,5079,6318,0.02420969341061623,0.030115543014032947
2024-07,41-49,4,318372,6909,9027,0.02170102898496099,0.028353624062417548
2024-07,50+,1,382294,10754,12552,0.028130182529676112,0.032833369082433936
2024-07,50+,2,524878,14130,16433,0.026920541535366313,0.031308227816749794
2024-07,50+,3,394675,10834,13398,0.027450433901311206,0.03394691835054158
2024-07,50+,4,542543,14456,18245,0.026644892662885708,0.033628670907190766
2024-08,22-25,1,95577,5701,7085,0.0596482417317974,0.0741287129748789
2024-08,22-25,2,163598,9765,11972,0.05968899375297987,0.07317937872101125
2024-08,22-25,3,31996,2514,2993,0.07857232154019253,0.09354294286785848
2024-08,22-25,4,37498,2645,3079,0.07053709531174995,0.0821110459224492
2024-08,26-30,1,110973,5115,5909,0.046092292719850776,0.053247186252511874
2024-08,26-30,2,185688,9038,9990,0.048673042953771915,0.05379992245056223
2024-08,26-30,3,71494,3679,3505,0.05145886368086833,0.049025093014798446
2024-08,26-30,4,124517,4899,5021,0.03934402531381257,0.04032381120650192
2024-08,31-34,1,99900,3527,4052,0.035305305305305304,0.04056056056056056
2024-08,31-34,2,158386,6039,6700,0.03812836993168588,0.042301718586238685
2024-08,31-34,3,85963,3180,2919,0.036992659632632645,0.03395646964391657
2024-08,31-34,4,148352,4660,4691,0.03141177739430544,0.03162073986194996
2024-08,35-40,1,134870,4321,4740,0.032038259064284126,0.03514495440053385
2024-08,35-40,2,212101,6907,7309,0.03256467437682991,0.03445999783122192
2024-08,35-40,3,134821,4267,3785,0.031649372130454455,0.0280742614281158
2024-08,35-40,4,219159,5878,5779,0.026820710078071172,0.02636898324960417
2024-08,41-49,1,180205,5086,5514,0.02822341222496601,0.030598485058683168
2024-08,41-49,2,273484,7605,7789,0.027807842506325783,0.02848064237761624
2024-08,41-49,3,207299,5548,4919,0.026763274304265817,0.023729009787794443
2024-08,41-49,4,314990,7278,6737,0.02310549541255278,0.02138798057081177
2024-08,50+,1,373007,8482,10027,0.022739519633679796,0.026881533054339463
2024-08,50+,2,513109,11129,12505,0.021689348656913052,0.02437104007140783
2024-08,50+,3,384588,8813,8770,0.022915431578728405,0.022803623618001603
2024-08,50+,4,529952,10709,10953,0.020207490489704726,0.02066790954652497
2024-09,22-25,1,96257,6337,13840,0.06583417309909928,0.14378175093759415
2024-09,22-25,2,166056,11175,27104,0.06729657464951583,0.16322204557498676
2024-09,22-25,3,32854,2643,5636,0.0804468253485116,0.171546843611128
2024-09,22-25,4,38162,2870,5875,0.07520570200723233,0.15394895445731355
2024-09,26-30,1,112309,5901,9421,0.052542538888245824,0.08388463969940076
2024-09,26-30,2,188855,10538,17845,0.055799422837626754,0.09449048211590903
2024-09,26-30,3,73031,3835,5368,0.05251194698141885,0.07350303295860662
2024-09,26-30,4,125874,5436,6879,0.04318604318604319,0.05464988798322132
2024-09,31-34,1,101366,4387,6012,0.04327881143578715,0.05930982775289545
2024-09,31-34,2,161252,7321,10499,0.04540098727457644,0.0651092699625431
2024-09,31-34,3,87667,3562,4280,0.04063102421663796,0.0488211071440793
2024-09,31-34,4,149936,5188,5955,0.034601429943442535,0.03971694589691602
2024-09,35-40,1,137245,5233,6709,0.03812889358446574,0.04888338372982622
2024-09,35-40,2,216665,8523,11415,0.0393372256709667,0.05268502065400503
2024-09,35-40,3,137168,4618,5094,0.0336667444301878,0.03713694156071387
2024-09,35-40,4,221653,6430,7123,0.02900930734075334,0.0321358158924084
2024-09,41-49,1,183385,6130,7606,0.03342694331597459,0.041475584153556726
2024-09,41-49,2,278406,8872,11657,0.031867129300374275,0.041870505664389414
2024-09,41-49,3,210486,5745,6375,0.02729397679655654,0.030287049970069268
2024-09,41-49,4,318454,7763,8326,0.024377147091887683,0.02614506333724808
2024-09,50+,1,378962,9727,13363,0.025667481172254737,0.03526211071294747
2024-09,50+,2,521956,13468,17669,0.02580294124408954,0.03385151238801738
2024-09,50+,3,392278,10132,11151,0.025828621538806662,0.028426269125467144
2024-09,50+,4,537346,12215,13251,0.02273209440472247,0.024660088657959676
2024-10,22-25,1,88075,6814,7255,0.0773658813511212,0.08237297757592961
2024-10,22-25,2,149050,11696,12260,0.07847031197584703,0.08225427708822543
2024-10,22-25,3,29681,2609,2545,0.08790135103264715,0.08574508945116405
2024-10,22-25,4,34598,2610,2487,0.07543788658303949,0.07188276779004567
2024-10,26-30,1,108655,6105,6458,0.056187013943214764,0.059435829000046014
2024-10,26-30,2,181552,10808,11276,0.059531153608883405,0.06210892746981581
2024-10,26-30,3,71310,3501,3581,0.04909549852755574,0.05021736081895947
2024-10,26-30,4,123781,4725,4915,0.038172255838941356,0.03970722485680355
2024-10,31-34,1,99906,4570,4818,0.045742998418513404,0.04822533181190319
2024-10,31-34,2,158515,7763,7804,0.04897328328549349,0.04923193388638299
2024-10,31-34,3,86953,3293,3279,0.037871033776867964,0.037710027256103874
2024-10,31-34,4,148983,4719,4743,0.03167475483780029,0.03183584704295121
2024-10,35-40,1,136291,5649,5872,0.04144807800955309,0.04308428289468857
2024-10,35-40,2,214113,8690,8766,0.040586045686156376,0.04094099844474647
2024-10,35-40,3,136893,4463,4282,0.03260210529391568,0.03127990474312054
2024-10,35-40,4,221278,6414,6377,0.028986162203201403,0.02881895172588328
2024-10,41-49,1,182863,6788,6996,0.037120685978027264,0.03825814954364743
2024-10,41-49,2,276866,9818,9621,0.03546119783577615,0.03474966229150564
2024-10,41-49,3,210807,6473,5896,0.03070581147684849,0.02796871071643731
2024-10,41-49,4,319656,9256,8563,0.02895612783742523,0.026788172285206597
2024-10,50+,1,378200,11939,12905,0.03156795346377578,0.03412215758857747
2024-10,50+,2,521975,16775,17011,0.03213755448057857,0.032589683413956606
2024-10,50+,3,394855,12999,11519,0.03292094566359803,0.029172734294867737
2024-10,50+,4,542254,17879,16188,0.032971633219856376,0.02985316844135774
2024-11,22-25,1,86961,6015,6329,0.06916893779970332,0.0727797518427801
2024-11,22-25,2,146866,10245,9760,0.06975746598940531,0.0664551359742895
2024-11,22-25,3,29274,2207,2058,0.07539113206258113,0.0703012912482066
2024-11,22-25,4,34262,2221,2035,0.06482400326892768,0.05939524838012959
2024-11,26-30,1,107803,5658,6150,0.05248462473215031,0.05704850514364164
2024-11,26-30,2,179276,9471,9351,0.05282915727704768,0.0521597982998282
2024-11,26-30,3,70709,3219,3081,0.04552461497122007,0.04357295393797112
2024-11,26-30,4,122929,4321,4257,0.03515037135256937,0.03462974562552368
2024-11,31-34,1,99196,4240,4623,0.04274365901850881,0.046604701802492036
2024-11,31-34,2,156987,6666,6748,0.042462114697395324,0.04298445094179773
2024-11,31-34,3,86442,3077,3015,0.03559612225538512,0.03487887832303741
2024-11,31-34,4,148082,4259,4103,0.02876109182750098,0.027707621452978753
2024-11,35-40,1,135322,5195,5751,0.038389914426331266,0.0424986328904391
2024-11,35-40,2,212655,7929,7850,0.03728574451576497,0.0369142507817827
2024-11,35-40,3,136528,4253,3992,0.03115111918434314,0.029239423414977147
2024-11,35-40,4,220342,5844,5556,0.026522406077824474,0.025215347051401913
2024-11,41-49,1,181719,6272,6854,0.03451482783858595,0.037717574937128205
2024-11,41-49,2,275919,9223,9055,0.033426476610889426,0.03281760226733208
2024-11,41-49,3,210588,6215,5703,0.029512602807377438,0.027081315174653828
2024-11,41-49,4,318535,8150,7639,0.025585885381512234,0.023981666064953614
2024-11,50+,1,376399,11915,14394,0.03165523819138733,0.03824133432873095
2024-11,50+,2,520137,16232,16365,0.031207162728281203,0.03146286459144418
2024-11,50+,3,395127,12903,11769,0.03265532347827407,0.029785360150027713
2024-11,50+,4,540508,15998,15013,0.029598081804524633,0.02777572209847033
2024-12,22-25,1,87402,6227,7500,0.0712455092560811,0.08581039335484314
2024-12,22-25,2,147791,10141,10909,0.0686171688397805,0.0738136963685204
2024-12,22-25,3,29544,2238,2500,0.07575142160844842,0.08461955050094774
2024-12,22-25,4,34726,2297,2525,0.06614640327132408,0.07271208892472499
2024-12,26-30,1,107662,5725,6905,0.05317567944121417,0.06413590681949063
2024-12,26-30,2,179751,9357,10971,0.0520553432247943,0.06103443096283192
2024-12,26-30,3,71235,3428,4267,0.048122411735804026,0.059900329894012776
2024-12,26-30,4,123945,4993,5840,0.04028399693412401,0.047117673161482916
2024-12,31-34,1,99409,4525,5465,0.0455190173927914,0.05497490166886298
2024-12,31-34,2,157754,7083,8580,0.0448990199931539,0.054388478263625646
2024-12,31-34,3,87323,3625,4546,0.041512545377506496,0.052059594837557115
2024-12,31-34,4,149887,5555,6403,0.03706125281045054,0.04271884819897656
2024-12,35-40,1,135373,5616,7071,0.041485377438632516,0.052233458666056005
2024-12,35-40,2,214113,8750,10617,0.04086627154820118,0.049585966288828796
2024-12,35-40,3,137968,5243,6565,0.038001565580424446,0.04758349762263713
2024-12,35-40,4,223318,8153,9407,0.03650847670138547,0.04212378760332799
2024-12,41-49,1,182293,7140,9261,0.039167713516152565,0.050802828413597886
2024-12,41-49,2,277562,10160,12561,0.03660443432458334,0.04525475389282395
2024-12,41-49,3,213845,8511,10253,0.03979985503518904,0.047945942154364145
2024-12,41-49,4,323345,11875,13791,0.03672547897756267,0.04265103836459509
2024-12,50+,1,378579,15519,26633,0.04099276505035937,0.07034991375644185
2024-12,50+,2,525955,20845,36277,0.03963266819404702,0.06897358139004288
2024-12,50+,3,405451,20685,31855,0.05101726225857132,0.07856683051712784
2024-12,50+,4,554298,26756,38909,0.048270064117135546,0.07019509361390443
2025-01,22-25,1,84012,25321,7368,0.30139741941627385,0.0877017568918726
2025-01,22-25,2,143850,44245,12481,0.3075773375043448,0.08676399026763991
2025-01,22-25,3,26247,7640,2579,0.29108088543452587,0.09825884863031965
2025-01,22-25,4,26560,6716,2450,0.2528614457831325,0.09224397590361445
2025-01,26-30,1,107668,7122,6863,0.06614778764349667,0.06374224467808448
2025-01,26-30,2,186255,13928,11879,0.07477920055837427,0.06377815360661458
2025-01,26-30,3,62431,4021,3415,0.06440710544441063,0.0547003892297096
2025-01,26-30,4,105395,5469,4734,0.05189050713980739,0.0449167417809194
2025-01,31-34,1,96397,4888,4760,0.050706972208678695,0.049379130055914607
2025-01,31-34,2,156251,9529,7665,0.060985209694657955,0.04905568604360932
2025-01,31-34,3,81325,4295,3534,0.052812788195511835,0.043455272056563174
2025-01,31-34,4,141798,5993,4756,0.04226434787514634,0.0335406705313192
2025-01,35-40,1,138561,6203,6057,0.04476728661022943,0.04371359906467188
2025-01,35-40,2,221773,11160,8965,0.05032172536783107,0.040424217555789024
2025-01,35-40,3,138184,6123,4634,0.044310484571296244,0.03353499681583975
2025-01,35-40,4,226249,8517,6573,0.03764436527896256,0.029052062108561805
2025-01,41-49,1,179287,6835,6912,0.038123232582395826,0.03855271157417994
2025-01,41-49,2,278006,11507,9442,0.04139119299583462,0.0339632957562067
2025-01,41-49,3,208349,8037,6226,0.038574699182621464,0.02988255283202703
2025-01,41-49,4,317680,10524,8183,0.033127675648451274,0.025758625031478216
2025-01,50+,1,383467,13456,13786,0.035090372835211374,0.03595094232358977
2025-01,50+,2,536039,18715,17009,0.03491350442784947,0.031730900177039355
2025-01,50+,3,410244,14875,12619,0.036258909332007296,0.030759742982225214
2025-01,50+,4,566544,18485,15752,0.03262765116213392,0.02780366573470022
2025-02,22-25,1,81800,6057,5972,0.07404645476772616,0.07300733496332518
2025-02,22-25,2,140006,10303,10232,0.07358970329843006,0.07308258217504963
2025-02,22-25,3,25706,2279,2107,0.0886563448222205,0.08196529992997743
2025-02,22-25,4,26119,2143,2048,0.08204755159079598,0.07841035261686895
2025-02,26-30,1,105806,5228,5776,0.049411186511161935,0.05459047691057218
2025-02,26-30,2,183668,9571,9951,0.05211032950758978,0.05417928000522682
2025-02,26-30,3,61914,2816,3017,0.0454824433892173,0.04872888199760959
2025-02,26-30,4,104440,3806,4339,0.03644197625430869,0.04154538490999617
2025-02,31-34,1,95158,3617,4144,0.038010466802580974,0.04354862439311461
2025-02,31-34,2,154996,6401,6741,0.04129783994425663,0.043491444940514594
2025-02,31-34,3,80581,2669,2992,0.03312195182487187,0.03713034089921942
2025-02,31-34,4,141073,3929,4932,0.02785082900342376,0.03496062322343751
2025-02,35-40,1,137608,5023,5477,0.03650223824196268,0.039801465031102844
2025-02,35-40,2,220442,7510,7780,0.03406791809183368,0.03529273006051478
2025-02,35-40,3,137370,3757,4131,0.027349494067118004,0.03007206813714785
2025-02,35-40,4,225174,5441,6380,0.02416353575457202,0.028333644204037767
2025-02,41-49,1,177944,5603,5856,0.03148743424897721,0.032909229870071485
2025-02,41-49,2,276571,7930,8079,0.02867256509178475,0.029211305596031398
2025-02,41-49,3,207047,4734,5158,0.02286437378952605,0.024912217998811863
2025-02,41-49,4,316218,6612,7307,0.020909625638009223,0.023107476487739472
2025-02,50+,1,380153,10201,11407,0.026833932653431643,0.03000633955275902
2025-02,50+,2,532503,12861,13755,0.02415197660858249,0.02583084038963161
2025-02,50+,3,407418,9258,9669,0.022723591004815694,0.023732382958043093
2025-02,50+,4,562924,11790,12667,0.02094421271788021,0.022502149490872658
2025-03,22-25,1,81727,5934,5338,0.07260758378504044,0.06531501217467911
2025-03,22-25,2,140119,10578,9745,0.07549297382938788,0.06954802703416382
2025-03,22-25,3,25998,2333,2216,0.08973767212862528,0.08523732594814985
2025-03,22-25,4,26008,1917,1843,0.07370808981851738,0.07086281144263304
2025-03,26-30,1,106163,5877,5802,0.05535826983035521,0.05465180901067227
2025-03,26-30,2,184086,10109,10014,0.054914550807774624,0.054398487663374726
2025-03,26-30,3,61986,2903,3037,0.04683315587390701,0.04899493434001226
2025-03,26-30,4,104019,3835,4032,0.036868264451686714,0.03876214922273816
2025-03,31-34,1,95592,4359,4411,0.04560005021340698,0.04614402878902
2025-03,31-34,2,155237,6703,6650,0.04317913899392542,0.04283772554223542
2025-03,31-34,3,80705,2934,3012,0.03635462486834769,0.037321107738058364
2025-03,31-34,4,140536,4338,4607,0.030867535720384812,0.03278163602208687
2025-03,35-40,1,137965,5675,5764,0.041133620845866706,0.04177871199217193
2025-03,35-40,2,220683,7729,7833,0.03502308741497986,0.035494351626541236
2025-03,35-40,3,137624,4076,4306,0.02961692728012556,0.03128814741614835
2025-03,35-40,4,225094,6001,6631,0.026659973166765886,0.029458803877491183
2025-03,41-49,1,179044,6405,6635,0.03577332946091463,0.03705792989432765
2025-03,41-49,2,277362,8193,8571,0.029539013996149437,0.0309018538949099
2025-03,41-49,3,207774,5268,5721,0.02535447168558145,0.027534725230298304
2025-03,41-49,4,316974,7396,8284,0.023333144043360024,0.026134635648349707
2025-03,50+,1,381042,11255,12268,0.029537426320458113,0.03219592590843004
2025-03,50+,2,534279,13756,15096,0.025746847620812346,0.028254900529498632
2025-03,50+,3,409578,10058,10967,0.02455698304108131,0.026776340526102477
2025-03,50+,4,566862,14110,15486,0.024891419781181312,0.027318818336738042
2025-04,22-25,1,83672,6804,6174,0.0813175255760589,0.07378812505975715
2025-04,22-25,2,141381,10698,10061,0.07566787616440682,0.07116232025519695
2025-04,22-25,3,26022,2224,2118,0.08546614403197295,0.08139266774267927
2025-04,22-25,4,26331,2122,2058,0.08058941931563557,0.07815882419961262
2025-04,26-30,1,107044,6448,6088,0.06023691192406861,0.056873808901012665
2025-04,26-30,2,184522,10348,10259,0.05608003381710582,0.05559770650654122
2025-04,26-30,3,61816,2891,2950,0.046767827099779995,0.04772227255079591
2025-04,26-30,4,104076,4029,4285,0.03871209500749452,0.041171835966024826
2025-04,31-34,1,96032,4757,4472,0.04953557147617461,0.04656781072975675
2025-04,31-34,2,155368,6784,6807,0.043664074970392874,0.043812110601925754
2025-04,31-34,3,80565,2869,3034,0.03561099733134736,0.037659033078880404
2025-04,31-34,4,140371,4320,4643,0.030775587550135,0.033076632637795554
2025-04,35-40,1,138453,5950,5881,0.042974872339349816,0.042476508273565756
2025-04,35-40,2,221293,8389,8198,0.037909016552715176,0.03704590746205257
2025-04,35-40,3,137508,4140,4427,0.030107339209355093,0.03219449050237077
2025-04,35-40,4,224598,6068,6515,0.02701715954728003,0.029007382078201943
2025-04,41-49,1,179620,7031,6631,0.03914374791225921,0.03691682440708162
2025-04,41-49,2,277829,9121,9231,0.03282954623167488,0.03322547322273773
2025-04,41-49,3,207510,5583,5929,0.026904727483012866,0.02857211700640933
2025-04,41-49,4,316731,7984,8545,0.025207510474187875,0.026978729584410745
2025-04,50+,1,382132,12832,13194,0.033580019469712036,0.034527336103754726
2025-04,50+,2,534944,15823,17071,0.029578797032960458,0.03191175151043848
2025-04,50+,3,409898,11786,12817,0.028753494771870076,0.03126875466579491
2025-04,50+,4,565867,15202,16912,0.026864970037128864,0.029886881546370436
2025-05,22-25,1,85445,7575,7544,0.08865351980806367,0.0882907133243607
2025-05,22-25,2,144616,12284,12693,0.08494219173535432,0.08777037118990982
2025-05,22-25,3,26547,2487,2628,0.09368290202282743,0.09899423663690812
2025-05,22-25,4,26564,2183,2290,0.08217888872157808,0.08620689655172414
2025-05,26-30,1,108275,6929,7109,0.06399445855460632,0.06565689217270838
2025-05,26-30,2,186563,11618,12373,0.062273869952777346,0.06632076027936944
2025-05,26-30,3,62178,3166,3632,0.050918331242561676,0.05841294348483386
2025-05,26-30,4,104267,4374,4981,0.041949993766004584,0.04777158640797184
2025-05,31-34,1,96687,4869,5210,0.050358372893977474,0.05388521724740658
2025-05,31-34,2,156509,7651,8455,0.04888536761464197,0.054022452382930054
2025-05,31-34,3,80884,3184,3819,0.03936501656693536,0.04721576578804213
2025-05,31-34,4,140802,4942,5776,0.03509893325378901,0.04102214457181006
2025-05,35-40,1,139035,6105,6847,0.04390980688315892,0.049246592584601
2025-05,35-40,2,222698,9209,10298,0.0413519654419887,0.046241995886806345
2025-05,35-40,3,137805,4475,5525,0.03247342258989151,0.04009288487355321
2025-05,35-40,4,225402,7023,8359,0.03115766497191684,0.03708485284070239
2025-05,41-49,1,180724,7126,8260,0.03943029149421217,0.04570505300900821
2025-05,41-49,2,279125,9920,11517,0.03553963278101209,0.04126108374384237
2025-05,41-49,3,208075,6090,7529,0.02926829268292683,0.036184068244623335
2025-05,41-49,4,317292,8822,10635,0.027804041702910884,0.03351802125486933
2025-05,50+,1,383571,13396,17059,0.03492443380756105,0.044474165148043
2025-05,50+,2,535626,16923,21887,0.03159480682416462,0.040862467467972056
2025-05,50+,3,411091,13218,16973,0.03215346480462963,0.041287695425100523
2025-05,50+,4,567203,17507,22140,0.03086549260141431,0.03903364403925931
2025-06,22-25,1,90847,10605,0,0.11673472982046738,0.0
2025-06,22-25,2,154588,17975,0,0.1162768132067172,0.0
2025-06,22-25,3,28913,3945,0,0.13644381420122437,0.0
2025-06,22-25,4,28846,3745,0,0.12982735907924842,0.0
2025-06,26-30,1,111828,8432,0,0.0754015094609579,0.0
2025-06,26-30,2,194168,15336,0,0.07898314861357175,0.0
2025-06,26-30,3,64057,4222,0,0.06591004886273163,0.0
2025-06,26-30,4,106522,5777,0,0.05423292840915492,0.0
2025-06,31-34,1,98811,5669,0,0.05737215492202285,0.0
2025-06,31-34,2,160998,9691,0,0.0601932943266376,0.0
2025-06,31-34,3,82327,3944,0,0.04790651912495293,0.0
2025-06,31-34,4,142897,6112,0,0.042772066593420435,0.0
2025-06,35-40,1,141314,6904,0,0.04885573970024201,0.0
2025-06,35-40,2,227636,11288,0,0.049587938638879614,0.0
2025-06,35-40,3,139938,5838,0,0.04171847532478669,0.0
2025-06,35-40,4,227945,8491,0,0.03725021386738029,0.0
2025-06,41-49,1,182812,7830,0,0.042830886375073846,0.0
2025-06,41-49,2,283708,11932,0,0.04205732654701313,0.0
2025-06,41-49,3,210513,7612,0,0.03615928707490749,0.0
2025-06,41-49,4,320480,10943,0,0.034145656515227156,0.0
2025-06,50+,1,394668,22174,0,0.05618393181104118,0.0
2025-06,50+,2,552638,30266,0,0.054766411285506966,0.0
2025-06,50+,3,420806,20838,0,0.049519255904145854,0.0
2025-06,50+,4,578350,26431,0,0.045700700268003804,0.0
